NO_MUNICIPIO,TP_DEPENDENCIA,QT_DOC_BAS,QT_MAT_BAS,QT_MAT_FUND_AI,QT_MAT_FUND_AF,QT_MAT_BAS_0_3,QT_MAT_BAS_4_5,QT_MAT_BAS_6_10,QT_MAT_BAS_11_14,QT_MAT_BAS_15_17,QT_MAT_BAS_18_MAIS,IN_BIBLIOTECA,IN_LABORATORIO_INFORMATICA,IN_INTERNET,IN_QUADRA_ESPORTES,IN_REFEITORIO,ANO
São Paulo,2,26.0,544.0,0.0,544.0,0.0,0.0,0.0,523.0,21.0,0.0,0.0,1.0,1.0,1.0,1.0,2023
São Paulo,2,114.0,2489.0,408.0,451.0,0.0,0.0,390.0,445.0,941.0,713.0,0.0,1.0,1.0,1.0,1.0,2023
São Paulo,2,94.0,2198.0,0.0,797.0,0.0,0.0,0.0,747.0,1273.0,178.0,0.0,1.0,1.0,1.0,1.0,2023
São Paulo,2,63.0,1541.0,0.0,0.0,0.0,0.0,0.0,4.0,1432.0,105.0,0.0,1.0,1.0,1.0,0.0,2023
São Paulo,2,47.0,1147.0,0.0,0.0,0.0,0.0,0.0,4.0,985.0,158.0,0.0,1.0,1.0,1.0,0.0,2023
São Paulo,2,40.0,865.0,865.0,0.0,0.0,0.0,842.0,23.0,0.0,0.0,0.0,1.0,1.0,1.0,1.0,2023
São Paulo,2,19.0,328.0,328.0,0.0,0.0,0.0,318.0,10.0,0.0,0.0,0.0,1.0,1.0,1.0,0.0,2023
São Paulo,2,29.0,603.0,603.0,0.0,0.0,0.0,577.0,26.0,0.0,0.0,0.0,0.0,1.0,1.0,0.0,2023
São Paulo,2,27.0,296.0,0.0,0.0,0.0,0.0,0.0,1.0,275.0,20.0,0.0,1.0,1.0,1.0,1.0,2023
São Paulo,2,42.0,1047.0,1047.0,0.0,0.0,0.0,1018.0,29.0,0.0,0.0,0.0,0.0,1.0,1.0,1.0,2023
São Paulo,2,35.0,819.0,819.0,0.0,0.0,0.0,776.0,43.0,0.0,0.0,0.0,0.0,1.0,1.0,0.0,2023
São Paulo,2,30.0,646.0,646.0,0.0,0.0,0.0,623.0,23.0,0.0,0.0,0.0,1.0,1.0,1.0,0.0,2023
São Paulo,2,70.0,1728.0,0.0,267.0,0.0,0.0,1.0,234.0,1066.0,427.0,0.0,1.0,1.0,1.0,0.0,2023
São Paulo,2,31.0,472.0,0.0,218.0,0.0,0.0,1.0,198.0,253.0,20.0,0.0,1.0,1.0,1.0,0.0,2023
São Paulo,2,18.0,278.0,278.0,0.0,0.0,0.0,272.0,6.0,0.0,0.0,0.0,1.0,1.0,1.0,1.0,2023
São Paulo,2,54.0,736.0,0.0,166.0,0.0,0.0,0.0,145.0,425.0,166.0,0.0,1.0,1.0,1.0,1.0,2023
São Paulo,2,32.0,646.0,0.0,367.0,0.0,0.0,1.0,345.0,281.0,19.0,0.0,1.0,1.0,1.0,1.0,2023
São Paulo,2,41.0,741.0,0.0,347.0,0.0,0.0,0.0,319.0,396.0,26.0,0.0,1.0,1.0,1.0,0.0,2023
São Paulo,2,50.0,931.0,0.0,214.0,0.0,0.0,0.0,198.0,529.0,204.0,0.0,1.0,1.0,1.0,0.0,2023
São Paulo,2,30.0,539.0,539.0,0.0,0.0,0.0,511.0,28.0,0.0,0.0,0.0,1.0,1.0,1.0,1.0,2023
São Paulo,2,40.0,942.0,0.0,0.0,0.0,0.0,0.0,5.0,726.0,211.0,0.0,1.0,1.0,1.0,1.0,2023
São Paulo,2,58.0,1245.0,0.0,402.0,0.0,0.0,1.0,354.0,600.0,290.0,0.0,1.0,1.0,1.0,1.0,2023
São Paulo,2,47.0,912.0,912.0,0.0,0.0,0.0,877.0,35.0,0.0,0.0,0.0,1.0,1.0,1.0,1.0,2023
São Paulo,2,24.0,420.0,420.0,0.0,0.0,0.0,400.0,20.0,0.0,0.0,0.0,0.0,1.0,1.0,0.0,2023
São Paulo,2,25.0,428.0,0.0,359.0,0.0,0.0,0.0,344.0,81.0,3.0,0.0,1.0,1.0,1.0,0.0,2023
São Paulo,2,63.0,1519.0,0.0,440.0,0.0,0.0,2.0,411.0,962.0,144.0,0.0,1.0,1.0,1.0,1.0,2023
São Paulo,2,48.0,930.0,930.0,0.0,0.0,0.0,884.0,46.0,0.0,0.0,0.0,1.0,1.0,1.0,1.0,2023
São Paulo,2,79.0,2650.0,0.0,962.0,0.0,0.0,2.0,901.0,1479.0,268.0,0.0,1.0,1.0,1.0,1.0,2023
São Paulo,2,22.0,468.0,468.0,0.0,0.0,0.0,444.0,24.0,0.0,0.0,0.0,1.0,1.0,1.0,0.0,2023
São Paulo,2,19.0,268.0,0.0,192.0,0.0,0.0,1.0,179.0,82.0,6.0,0.0,1.0,1.0,1.0,1.0,2023
São Paulo,2,24.0,429.0,429.0,0.0,0.0,0.0,413.0,16.0,0.0,0.0,0.0,1.0,1.0,1.0,1.0,2023
São Paulo,2,41.0,678.0,0.0,291.0,0.0,0.0,0.0,253.0,387.0,38.0,0.0,1.0,1.0,0.0,1.0,2023
São Paulo,2,33.0,870.0,0.0,382.0,0.0,0.0,1.0,361.0,466.0,42.0,0.0,1.0,1.0,1.0,1.0,2023
São Paulo,2,26.0,654.0,654.0,0.0,0.0,0.0,624.0,30.0,0.0,0.0,0.0,0.0,1.0,1.0,1.0,2023
São Paulo,2,30.0,545.0,303.0,242.0,0.0,0.0,295.0,229.0,21.0,0.0,0.0,1.0,1.0,1.0,0.0,2023
São Paulo,2,28.0,547.0,547.0,0.0,0.0,0.0,525.0,21.0,1.0,0.0,0.0,1.0,1.0,1.0,1.0,2023
São Paulo,2,64.0,1499.0,0.0,267.0,0.0,0.0,0.0,253.0,1091.0,155.0,0.0,1.0,1.0,1.0,0.0,2023
São Paulo,2,43.0,1102.0,0.0,534.0,0.0,0.0,1.0,504.0,555.0,42.0,0.0,1.0,1.0,1.0,0.0,2023
São Paulo,2,59.0,1353.0,0.0,343.0,0.0,0.0,0.0,313.0,664.0,376.0,0.0,0.0,1.0,1.0,0.0,2023
São Paulo,2,38.0,188.0,0.0,162.0,0.0,0.0,0.0,131.0,54.0,3.0,0.0,1.0,1.0,1.0,1.0,2023
São Paulo,2,24.0,441.0,0.0,308.0,0.0,0.0,3.0,299.0,137.0,2.0,0.0,1.0,1.0,1.0,0.0,2023
São Paulo,2,31.0,749.0,749.0,0.0,0.0,0.0,718.0,31.0,0.0,0.0,0.0,1.0,1.0,1.0,0.0,2023
São Paulo,2,36.0,617.0,617.0,0.0,0.0,0.0,592.0,25.0,0.0,0.0,0.0,1.0,1.0,1.0,1.0,2023
São Paulo,2,25.0,468.0,468.0,0.0,0.0,0.0,445.0,23.0,0.0,0.0,0.0,1.0,1.0,1.0,0.0,2023
São Paulo,2,77.0,1716.0,0.0,520.0,0.0,0.0,1.0,481.0,1000.0,234.0,0.0,1.0,1.0,1.0,1.0,2023
São Paulo,2,25.0,409.0,0.0,265.0,0.0,0.0,0.0,253.0,146.0,10.0,0.0,1.0,1.0,1.0,1.0,2023
São Paulo,2,19.0,335.0,335.0,0.0,0.0,0.0,314.0,21.0,0.0,0.0,0.0,0.0,1.0,1.0,1.0,2023
São Paulo,2,77.0,1712.0,0.0,0.0,0.0,0.0,0.0,23.0,1227.0,462.0,1.0,1.0,1.0,1.0,0.0,2023
São Paulo,2,33.0,457.0,0.0,269.0,0.0,0.0,1.0,246.0,199.0,11.0,0.0,1.0,1.0,1.0,1.0,2023
São Paulo,2,37.0,816.0,816.0,0.0,0.0,0.0,793.0,23.0,0.0,0.0,0.0,1.0,1.0,1.0,1.0,2023
São Paulo,2,22.0,486.0,486.0,0.0,0.0,0.0,465.0,21.0,0.0,0.0,0.0,1.0,1.0,1.0,0.0,2023
São Paulo,2,41.0,750.0,0.0,294.0,0.0,0.0,0.0,273.0,439.0,38.0,0.0,1.0,1.0,1.0,1.0,2023
São Paulo,2,55.0,1448.0,0.0,402.0,0.0,0.0,2.0,360.0,762.0,324.0,0.0,1.0,1.0,1.0,1.0,2023
São Paulo,2,33.0,758.0,758.0,0.0,0.0,0.0,720.0,38.0,0.0,0.0,0.0,1.0,1.0,1.0,0.0,2023
São Paulo,2,56.0,1180.0,0.0,645.0,0.0,0.0,4.0,579.0,558.0,39.0,0.0,1.0,1.0,1.0,0.0,2023
São Paulo,2,32.0,503.0,503.0,0.0,0.0,0.0,477.0,26.0,0.0,0.0,1.0,1.0,1.0,1.0,1.0,2023
São Paulo,2,17.0,321.0,0.0,321.0,0.0,0.0,1.0,307.0,13.0,0.0,0.0,1.0,1.0,1.0,1.0,2023
São Paulo,2,25.0,452.0,0.0,297.0,0.0,0.0,1.0,282.0,164.0,5.0,0.0,1.0,1.0,1.0,0.0,2023
São Paulo,2,28.0,593.0,593.0,0.0,0.0,0.0,560.0,33.0,0.0,0.0,0.0,1.0,1.0,1.0,1.0,2023
São Paulo,2,67.0,1673.0,0.0,537.0,0.0,0.0,1.0,498.0,828.0,346.0,0.0,1.0,1.0,1.0,1.0,2023
São Paulo,2,24.0,471.0,471.0,0.0,0.0,0.0,449.0,22.0,0.0,0.0,0.0,1.0,1.0,1.0,0.0,2023
São Paulo,2,29.0,445.0,0.0,318.0,0.0,0.0,0.0,290.0,145.0,10.0,0.0,1.0,1.0,1.0,0.0,2023
São Paulo,2,21.0,381.0,381.0,0.0,0.0,0.0,373.0,8.0,0.0,0.0,0.0,1.0,1.0,1.0,0.0,2023
São Paulo,2,17.0,305.0,305.0,0.0,0.0,0.0,293.0,12.0,0.0,0.0,0.0,1.0,1.0,1.0,1.0,2023
São Paulo,2,15.0,260.0,0.0,260.0,0.0,0.0,4.0,247.0,9.0,0.0,0.0,1.0,1.0,1.0,1.0,2023
São Paulo,2,28.0,534.0,0.0,313.0,0.0,0.0,2.0,308.0,213.0,11.0,0.0,1.0,1.0,1.0,1.0,2023
São Paulo,2,59.0,1230.0,0.0,614.0,0.0,0.0,2.0,565.0,605.0,58.0,0.0,1.0,1.0,1.0,1.0,2023
São Paulo,2,38.0,719.0,425.0,294.0,0.0,0.0,392.0,297.0,29.0,1.0,0.0,1.0,1.0,1.0,0.0,2023
São Paulo,2,58.0,1013.0,499.0,340.0,0.0,0.0,478.0,325.0,200.0,10.0,0.0,1.0,1.0,1.0,0.0,2023
São Paulo,2,34.0,854.0,854.0,0.0,0.0,0.0,815.0,39.0,0.0,0.0,0.0,1.0,1.0,1.0,0.0,2023
São Paulo,2,25.0,370.0,0.0,230.0,0.0,0.0,3.0,206.0,148.0,13.0,0.0,1.0,1.0,1.0,1.0,2023
São Paulo,2,21.0,318.0,0.0,204.0,0.0,0.0,1.0,192.0,115.0,10.0,1.0,1.0,1.0,1.0,1.0,2023
São Paulo,2,50.0,1183.0,0.0,263.0,0.0,0.0,0.0,244.0,628.0,311.0,0.0,1.0,1.0,1.0,1.0,2023
São Paulo,2,34.0,682.0,0.0,296.0,0.0,0.0,1.0,273.0,377.0,31.0,0.0,1.0,1.0,1.0,0.0,2023
São Paulo,2,34.0,718.0,718.0,0.0,0.0,0.0,683.0,35.0,0.0,0.0,0.0,1.0,1.0,1.0,1.0,2023
São Paulo,2,34.0,663.0,0.0,277.0,0.0,0.0,1.0,234.0,387.0,41.0,0.0,1.0,1.0,1.0,1.0,2023
São Paulo,2,25.0,426.0,426.0,0.0,0.0,0.0,406.0,20.0,0.0,0.0,0.0,0.0,1.0,1.0,1.0,2023
São Paulo,2,16.0,297.0,297.0,0.0,0.0,0.0,274.0,23.0,0.0,0.0,0.0,1.0,1.0,1.0,1.0,2023
São Paulo,2,63.0,1218.0,0.0,448.0,0.0,0.0,0.0,412.0,596.0,210.0,0.0,1.0,1.0,1.0,1.0,2023
São Paulo,2,28.0,454.0,0.0,311.0,0.0,0.0,0.0,289.0,162.0,3.0,0.0,0.0,1.0,1.0,1.0,2023
São Paulo,2,32.0,626.0,0.0,334.0,0.0,0.0,1.0,304.0,291.0,30.0,0.0,1.0,1.0,1.0,0.0,2023
São Paulo,2,61.0,1537.0,0.0,465.0,0.0,0.0,3.0,428.0,794.0,312.0,0.0,1.0,1.0,1.0,1.0,2023
São Paulo,2,63.0,1230.0,0.0,473.0,0.0,0.0,1.0,439.0,578.0,212.0,0.0,1.0,1.0,1.0,1.0,2023
São Paulo,2,25.0,552.0,552.0,0.0,0.0,0.0,525.0,27.0,0.0,0.0,0.0,1.0,1.0,1.0,0.0,2023
São Paulo,2,22.0,371.0,371.0,0.0,0.0,0.0,360.0,11.0,0.0,0.0,0.0,1.0,1.0,1.0,1.0,2023
São Paulo,2,42.0,744.0,0.0,315.0,0.0,0.0,0.0,282.0,423.0,39.0,0.0,1.0,1.0,1.0,1.0,2023
São Paulo,2,17.0,297.0,297.0,0.0,0.0,0.0,285.0,12.0,0.0,0.0,0.0,0.0,1.0,1.0,0.0,2023
São Paulo,2,23.0,327.0,0.0,233.0,0.0,0.0,1.0,216.0,104.0,6.0,0.0,1.0,1.0,0.0,1.0,2023
São Paulo,2,34.0,480.0,0.0,143.0,0.0,0.0,0.0,122.0,238.0,120.0,0.0,1.0,1.0,1.0,0.0,2023
São Paulo,2,27.0,595.0,0.0,0.0,0.0,0.0,0.0,1.0,541.0,53.0,0.0,1.0,1.0,1.0,0.0,2023
São Paulo,2,18.0,273.0,0.0,195.0,0.0,0.0,1.0,179.0,88.0,5.0,0.0,1.0,1.0,1.0,0.0,2023
São Paulo,2,25.0,457.0,0.0,0.0,0.0,0.0,0.0,4.0,422.0,31.0,0.0,1.0,1.0,1.0,1.0,2023
São Paulo,2,126.0,1976.0,0.0,0.0,0.0,0.0,0.0,7.0,1049.0,920.0,1.0,1.0,1.0,1.0,1.0,2023
São Paulo,2,20.0,439.0,0.0,127.0,0.0,0.0,0.0,109.0,301.0,29.0,0.0,1.0,1.0,1.0,1.0,2023
São Paulo,2,29.0,508.0,0.0,277.0,0.0,0.0,0.0,267.0,227.0,14.0,0.0,1.0,1.0,1.0,1.0,2023
São Paulo,2,28.0,598.0,598.0,0.0,0.0,0.0,571.0,27.0,0.0,0.0,0.0,1.0,1.0,1.0,0.0,2023
São Paulo,2,30.0,527.0,0.0,339.0,0.0,0.0,0.0,315.0,206.0,6.0,0.0,1.0,1.0,1.0,1.0,2023
São Paulo,2,72.0,2046.0,0.0,547.0,0.0,0.0,0.0,515.0,1281.0,250.0,0.0,1.0,1.0,1.0,1.0,2023
São Paulo,2,56.0,1486.0,0.0,455.0,0.0,0.0,0.0,427.0,881.0,178.0,0.0,1.0,1.0,1.0,1.0,2023
São Paulo,2,25.0,453.0,0.0,295.0,0.0,0.0,0.0,277.0,172.0,4.0,0.0,1.0,1.0,1.0,1.0,2023
São Paulo,2,29.0,431.0,0.0,309.0,0.0,0.0,0.0,300.0,124.0,7.0,1.0,1.0,1.0,1.0,1.0,2023
São Paulo,2,31.0,564.0,564.0,0.0,0.0,0.0,542.0,22.0,0.0,0.0,0.0,1.0,1.0,1.0,1.0,2023
São Paulo,2,36.0,772.0,772.0,0.0,0.0,0.0,740.0,32.0,0.0,0.0,0.0,1.0,1.0,1.0,1.0,2023
São Paulo,2,45.0,1010.0,1010.0,0.0,0.0,0.0,975.0,35.0,0.0,0.0,0.0,1.0,1.0,1.0,1.0,2023
São Paulo,2,28.0,567.0,286.0,281.0,0.0,0.0,267.0,277.0,23.0,0.0,0.0,1.0,1.0,1.0,1.0,2023
São Paulo,2,36.0,605.0,605.0,0.0,0.0,0.0,580.0,25.0,0.0,0.0,0.0,0.0,1.0,1.0,1.0,2023
São Paulo,2,30.0,628.0,628.0,0.0,0.0,0.0,598.0,30.0,0.0,0.0,0.0,1.0,1.0,1.0,1.0,2023
São Paulo,2,26.0,603.0,603.0,0.0,0.0,0.0,581.0,22.0,0.0,0.0,1.0,1.0,1.0,1.0,1.0,2023
São Paulo,2,47.0,931.0,0.0,427.0,0.0,0.0,1.0,397.0,488.0,45.0,0.0,1.0,1.0,1.0,0.0,2023
São Paulo,2,56.0,1631.0,0.0,504.0,0.0,0.0,2.0,464.0,977.0,188.0,0.0,0.0,1.0,1.0,0.0,2023
São Paulo,2,67.0,1648.0,0.0,536.0,0.0,0.0,1.0,517.0,708.0,422.0,0.0,1.0,1.0,1.0,0.0,2023
São Paulo,2,39.0,743.0,0.0,260.0,0.0,0.0,1.0,240.0,466.0,36.0,0.0,1.0,1.0,1.0,1.0,2023
São Paulo,2,71.0,1627.0,0.0,405.0,0.0,0.0,1.0,365.0,1158.0,103.0,0.0,1.0,1.0,1.0,1.0,2023
São Paulo,2,37.0,748.0,748.0,0.0,0.0,0.0,710.0,38.0,0.0,0.0,0.0,1.0,1.0,1.0,1.0,2023
São Paulo,2,46.0,1102.0,449.0,363.0,0.0,0.0,424.0,353.0,301.0,24.0,0.0,1.0,1.0,1.0,0.0,2023
São Paulo,2,36.0,969.0,969.0,0.0,0.0,0.0,939.0,30.0,0.0,0.0,0.0,1.0,1.0,0.0,0.0,2023
São Paulo,2,18.0,319.0,319.0,0.0,0.0,0.0,309.0,10.0,0.0,0.0,0.0,0.0,1.0,1.0,0.0,2023
São Paulo,2,18.0,420.0,420.0,0.0,0.0,0.0,411.0,9.0,0.0,0.0,0.0,0.0,1.0,1.0,1.0,2023
São Paulo,2,40.0,765.0,0.0,242.0,0.0,0.0,0.0,230.0,357.0,178.0,0.0,1.0,1.0,1.0,0.0,2023
São Paulo,2,33.0,532.0,0.0,218.0,0.0,0.0,0.0,210.0,289.0,33.0,0.0,1.0,1.0,1.0,0.0,2023
São Paulo,2,25.0,424.0,0.0,268.0,0.0,0.0,1.0,250.0,164.0,9.0,0.0,1.0,1.0,1.0,1.0,2023
São Paulo,2,30.0,510.0,0.0,356.0,0.0,0.0,1.0,339.0,165.0,5.0,1.0,1.0,1.0,1.0,1.0,2023
São Paulo,2,25.0,399.0,0.0,285.0,0.0,0.0,1.0,272.0,124.0,2.0,0.0,1.0,1.0,1.0,1.0,2023
São Paulo,2,38.0,999.0,0.0,486.0,0.0,0.0,0.0,461.0,490.0,48.0,0.0,1.0,1.0,1.0,0.0,2023
São Paulo,2,30.0,535.0,52.0,209.0,0.0,0.0,53.0,186.0,269.0,27.0,0.0,1.0,1.0,1.0,0.0,2023
São Paulo,2,26.0,634.0,634.0,0.0,0.0,0.0,604.0,29.0,1.0,0.0,0.0,0.0,1.0,1.0,0.0,2023
São Paulo,2,49.0,1212.0,0.0,521.0,0.0,0.0,1.0,469.0,509.0,233.0,0.0,1.0,1.0,1.0,1.0,2023
São Paulo,2,33.0,615.0,615.0,0.0,0.0,0.0,588.0,27.0,0.0,0.0,1.0,1.0,1.0,1.0,1.0,2023
São Paulo,2,56.0,1282.0,592.0,424.0,0.0,0.0,560.0,407.0,278.0,37.0,0.0,0.0,1.0,1.0,0.0,2023
São Paulo,2,30.0,696.0,696.0,0.0,0.0,0.0,667.0,29.0,0.0,0.0,0.0,1.0,1.0,1.0,1.0,2023
São Paulo,2,12.0,159.0,0.0,0.0,0.0,0.0,0.0,1.0,150.0,8.0,0.0,1.0,1.0,1.0,1.0,2023
São Paulo,2,16.0,162.0,0.0,89.0,0.0,0.0,0.0,90.0,67.0,5.0,0.0,1.0,1.0,1.0,0.0,2023
São Paulo,2,18.0,294.0,294.0,0.0,0.0,0.0,287.0,7.0,0.0,0.0,0.0,1.0,1.0,1.0,1.0,2023
São Paulo,2,18.0,285.0,285.0,0.0,0.0,0.0,277.0,8.0,0.0,0.0,0.0,0.0,1.0,1.0,0.0,2023
São Paulo,2,38.0,907.0,907.0,0.0,0.0,0.0,852.0,54.0,1.0,0.0,0.0,1.0,1.0,0.0,1.0,2023
São Paulo,2,25.0,428.0,0.0,279.0,0.0,0.0,0.0,273.0,149.0,6.0,0.0,1.0,1.0,1.0,1.0,2023
São Paulo,2,19.0,469.0,469.0,0.0,0.0,0.0,445.0,24.0,0.0,0.0,0.0,1.0,1.0,1.0,1.0,2023
São Paulo,2,34.0,650.0,221.0,180.0,0.0,0.0,210.0,173.0,235.0,32.0,0.0,1.0,1.0,1.0,1.0,2023
São Paulo,2,37.0,673.0,0.0,392.0,0.0,0.0,1.0,370.0,275.0,27.0,1.0,1.0,1.0,1.0,1.0,2023
São Paulo,2,45.0,966.0,0.0,518.0,0.0,0.0,2.0,474.0,444.0,46.0,0.0,1.0,1.0,1.0,1.0,2023
São Paulo,2,45.0,1111.0,528.0,583.0,0.0,0.0,509.0,565.0,37.0,0.0,0.0,1.0,1.0,1.0,1.0,2023
São Paulo,2,16.0,307.0,307.0,0.0,0.0,0.0,290.0,17.0,0.0,0.0,0.0,1.0,1.0,1.0,1.0,2023
São Paulo,2,21.0,358.0,0.0,358.0,0.0,0.0,0.0,343.0,15.0,0.0,0.0,1.0,1.0,1.0,1.0,2023
São Paulo,2,25.0,425.0,425.0,0.0,0.0,0.0,410.0,14.0,1.0,0.0,0.0,1.0,1.0,1.0,1.0,2023
São Paulo,2,31.0,583.0,283.0,300.0,0.0,0.0,271.0,295.0,17.0,0.0,0.0,0.0,1.0,1.0,1.0,2023
São Paulo,2,38.0,860.0,487.0,373.0,0.0,0.0,452.0,375.0,33.0,0.0,0.0,1.0,1.0,1.0,0.0,2023
São Paulo,2,21.0,381.0,381.0,0.0,0.0,0.0,371.0,10.0,0.0,0.0,0.0,1.0,1.0,1.0,1.0,2023
São José dos Campos,2,48.0,888.0,0.0,389.0,0.0,0.0,0.0,353.0,504.0,31.0,0.0,1.0,1.0,1.0,1.0,2023
São Paulo,2,38.0,930.0,303.0,304.0,0.0,0.0,293.0,292.0,324.0,21.0,0.0,1.0,1.0,1.0,1.0,2023
São Paulo,2,58.0,1481.0,397.0,563.0,0.0,0.0,363.0,538.0,521.0,59.0,0.0,1.0,1.0,1.0,1.0,2023
São Paulo,2,35.0,849.0,849.0,0.0,0.0,0.0,801.0,47.0,0.0,1.0,0.0,1.0,1.0,1.0,1.0,2023
São Paulo,2,131.0,1501.0,0.0,0.0,0.0,0.0,0.0,7.0,696.0,798.0,1.0,1.0,1.0,1.0,1.0,2023
São Paulo,2,29.0,465.0,0.0,326.0,0.0,0.0,3.0,295.0,158.0,9.0,0.0,1.0,1.0,1.0,1.0,2023
São Paulo,2,57.0,1249.0,0.0,561.0,0.0,0.0,1.0,509.0,689.0,50.0,0.0,1.0,1.0,1.0,1.0,2023
São Paulo,2,95.0,1828.0,0.0,0.0,0.0,0.0,0.0,18.0,1385.0,425.0,1.0,1.0,1.0,0.0,1.0,2023
São Paulo,2,53.0,1170.0,0.0,577.0,0.0,0.0,2.0,512.0,598.0,58.0,1.0,1.0,1.0,1.0,1.0,2023
São Paulo,2,29.0,551.0,0.0,326.0,0.0,0.0,2.0,312.0,228.0,9.0,0.0,1.0,1.0,1.0,1.0,2023
São Paulo,2,50.0,1286.0,0.0,365.0,0.0,0.0,2.0,328.0,746.0,210.0,0.0,1.0,1.0,1.0,1.0,2023
São Paulo,2,13.0,147.0,0.0,89.0,0.0,0.0,0.0,88.0,53.0,6.0,0.0,1.0,1.0,1.0,1.0,2023
São Paulo,2,52.0,1098.0,561.0,537.0,0.0,0.0,533.0,521.0,44.0,0.0,0.0,1.0,1.0,1.0,1.0,2023
São Paulo,2,67.0,1722.0,0.0,0.0,0.0,0.0,0.0,14.0,1413.0,295.0,0.0,1.0,1.0,1.0,1.0,2023
São Paulo,2,52.0,1028.0,0.0,393.0,0.0,0.0,0.0,349.0,504.0,175.0,0.0,1.0,1.0,1.0,1.0,2023
São Paulo,2,16.0,305.0,305.0,0.0,0.0,0.0,299.0,6.0,0.0,0.0,0.0,1.0,1.0,1.0,1.0,2023
São Paulo,2,23.0,412.0,0.0,276.0,0.0,0.0,0.0,263.0,140.0,9.0,0.0,1.0,1.0,1.0,1.0,2023
São Paulo,2,80.0,2023.0,0.0,552.0,0.0,0.0,1.0,524.0,1173.0,325.0,0.0,1.0,1.0,1.0,1.0,2023
São Paulo,2,23.0,387.0,387.0,0.0,0.0,0.0,372.0,15.0,0.0,0.0,0.0,1.0,1.0,1.0,1.0,2023
São Paulo,2,38.0,692.0,265.0,252.0,0.0,0.0,251.0,248.0,173.0,20.0,0.0,1.0,1.0,1.0,0.0,2023
São Paulo,2,17.0,292.0,0.0,292.0,0.0,0.0,1.0,276.0,15.0,0.0,0.0,1.0,1.0,1.0,1.0,2023
São Paulo,2,22.0,387.0,0.0,387.0,0.0,0.0,0.0,370.0,17.0,0.0,1.0,0.0,1.0,1.0,0.0,2023
São Paulo,2,20.0,326.0,326.0,0.0,0.0,0.0,318.0,8.0,0.0,0.0,0.0,1.0,1.0,1.0,1.0,2023
São Paulo,2,41.0,684.0,684.0,0.0,0.0,0.0,658.0,26.0,0.0,0.0,0.0,1.0,1.0,0.0,0.0,2023
São Paulo,2,21.0,367.0,0.0,93.0,0.0,0.0,0.0,86.0,254.0,27.0,0.0,1.0,1.0,1.0,0.0,2023
São Paulo,2,49.0,986.0,0.0,143.0,0.0,0.0,0.0,133.0,598.0,255.0,0.0,1.0,1.0,1.0,0.0,2023
São Paulo,2,16.0,280.0,0.0,0.0,0.0,0.0,0.0,2.0,264.0,14.0,0.0,1.0,1.0,1.0,1.0,2023
São Paulo,2,52.0,929.0,283.0,282.0,0.0,0.0,269.0,277.0,334.0,49.0,1.0,1.0,1.0,1.0,1.0,2023
São Paulo,2,22.0,379.0,379.0,0.0,0.0,0.0,366.0,13.0,0.0,0.0,0.0,1.0,1.0,1.0,1.0,2023
São Paulo,2,64.0,1783.0,0.0,564.0,0.0,0.0,2.0,534.0,987.0,260.0,0.0,1.0,1.0,1.0,1.0,2023
São Paulo,2,28.0,503.0,237.0,266.0,0.0,0.0,231.0,261.0,11.0,0.0,0.0,1.0,1.0,1.0,1.0,2023
São Paulo,2,23.0,416.0,194.0,222.0,0.0,0.0,182.0,214.0,20.0,0.0,0.0,1.0,1.0,1.0,0.0,2023
São Paulo,2,15.0,155.0,0.0,90.0,0.0,0.0,1.0,79.0,73.0,2.0,0.0,1.0,1.0,1.0,1.0,2023
São Paulo,2,24.0,384.0,384.0,0.0,0.0,0.0,378.0,6.0,0.0,0.0,1.0,1.0,1.0,1.0,1.0,2023
São Paulo,2,38.0,558.0,0.0,227.0,0.0,0.0,0.0,211.0,322.0,25.0,0.0,1.0,1.0,1.0,0.0,2023
São Paulo,2,89.0,1419.0,0.0,0.0,0.0,0.0,0.0,15.0,710.0,694.0,1.0,1.0,1.0,1.0,1.0,2023
São Paulo,2,48.0,849.0,199.0,232.0,0.0,0.0,186.0,229.0,395.0,39.0,0.0,0.0,1.0,1.0,1.0,2023
São Paulo,2,13.0,161.0,0.0,0.0,0.0,0.0,0.0,0.0,150.0,11.0,0.0,1.0,1.0,1.0,0.0,2023
São Paulo,2,88.0,1919.0,0.0,555.0,0.0,0.0,2.0,473.0,1112.0,332.0,1.0,1.0,1.0,1.0,1.0,2023
São Paulo,2,23.0,398.0,398.0,0.0,0.0,0.0,383.0,15.0,0.0,0.0,0.0,1.0,1.0,1.0,1.0,2023
São Paulo,2,24.0,510.0,0.0,0.0,0.0,0.0,0.0,3.0,464.0,43.0,0.0,1.0,1.0,1.0,0.0,2023
São Paulo,2,20.0,362.0,362.0,0.0,0.0,0.0,343.0,19.0,0.0,0.0,0.0,1.0,1.0,1.0,0.0,2023
São Paulo,2,22.0,412.0,412.0,0.0,0.0,0.0,398.0,14.0,0.0,0.0,0.0,1.0,1.0,1.0,1.0,2023
São Paulo,2,22.0,396.0,396.0,0.0,0.0,0.0,375.0,21.0,0.0,0.0,0.0,1.0,1.0,1.0,1.0,2023
São Paulo,2,42.0,945.0,0.0,429.0,0.0,0.0,0.0,391.0,518.0,36.0,0.0,1.0,1.0,1.0,0.0,2023
São Paulo,2,43.0,789.0,0.0,369.0,0.0,0.0,0.0,339.0,410.0,40.0,0.0,1.0,1.0,1.0,0.0,2023
São Paulo,2,23.0,408.0,408.0,0.0,0.0,0.0,393.0,15.0,0.0,0.0,0.0,1.0,1.0,1.0,0.0,2023
São Paulo,2,38.0,866.0,866.0,0.0,0.0,0.0,845.0,21.0,0.0,0.0,0.0,1.0,1.0,1.0,1.0,2023
São Paulo,2,20.0,355.0,355.0,0.0,0.0,0.0,344.0,11.0,0.0,0.0,0.0,1.0,1.0,1.0,1.0,2023
São Paulo,2,27.0,519.0,519.0,0.0,0.0,0.0,503.0,16.0,0.0,0.0,0.0,1.0,1.0,1.0,1.0,2023
São Paulo,2,28.0,488.0,0.0,488.0,0.0,0.0,0.0,445.0,43.0,0.0,0.0,1.0,1.0,1.0,1.0,2023
São Paulo,2,18.0,349.0,349.0,0.0,0.0,0.0,326.0,23.0,0.0,0.0,0.0,1.0,1.0,1.0,1.0,2023
São Paulo,2,23.0,420.0,0.0,312.0,0.0,0.0,0.0,291.0,123.0,6.0,0.0,1.0,1.0,1.0,0.0,2023
São Paulo,2,15.0,258.0,0.0,258.0,0.0,0.0,1.0,236.0,21.0,0.0,0.0,1.0,1.0,1.0,1.0,2023
São Paulo,2,17.0,323.0,0.0,144.0,0.0,0.0,1.0,135.0,184.0,3.0,0.0,1.0,1.0,1.0,0.0,2023
São Paulo,2,14.0,229.0,0.0,229.0,0.0,0.0,0.0,204.0,25.0,0.0,0.0,1.0,1.0,1.0,1.0,2023
São Paulo,2,53.0,1207.0,0.0,571.0,0.0,0.0,6.0,549.0,611.0,41.0,0.0,1.0,1.0,1.0,1.0,2023
São Paulo,2,98.0,1373.0,0.0,0.0,0.0,0.0,0.0,6.0,607.0,760.0,0.0,1.0,1.0,1.0,1.0,2023
São Paulo,2,52.0,1038.0,0.0,412.0,0.0,0.0,4.0,378.0,595.0,61.0,0.0,1.0,1.0,1.0,0.0,2023
São Paulo,2,26.0,467.0,0.0,0.0,0.0,0.0,0.0,6.0,439.0,22.0,1.0,1.0,1.0,1.0,1.0,2023
São Paulo,2,20.0,410.0,0.0,410.0,0.0,0.0,2.0,390.0,18.0,0.0,0.0,1.0,1.0,1.0,0.0,2023
São Paulo,2,19.0,296.0,0.0,248.0,0.0,0.0,2.0,233.0,61.0,0.0,0.0,1.0,1.0,1.0,0.0,2023
São Paulo,2,18.0,337.0,0.0,337.0,0.0,0.0,2.0,308.0,27.0,0.0,0.0,1.0,1.0,1.0,1.0,2023
São Paulo,2,68.0,1508.0,0.0,0.0,0.0,0.0,0.0,8.0,1343.0,157.0,0.0,1.0,1.0,1.0,0.0,2023
São Paulo,2,84.0,2103.0,0.0,0.0,0.0,0.0,0.0,13.0,1617.0,473.0,0.0,1.0,1.0,1.0,0.0,2023
São Paulo,2,25.0,433.0,433.0,0.0,0.0,0.0,418.0,15.0,0.0,0.0,0.0,1.0,1.0,1.0,1.0,2023
São Paulo,2,49.0,989.0,0.0,250.0,0.0,0.0,1.0,228.0,534.0,226.0,0.0,1.0,1.0,1.0,1.0,2023
São Paulo,2,89.0,2030.0,0.0,748.0,0.0,0.0,3.0,695.0,1112.0,220.0,1.0,1.0,1.0,1.0,0.0,2023
São Paulo,2,55.0,1198.0,0.0,720.0,0.0,0.0,2.0,664.0,501.0,31.0,0.0,1.0,1.0,1.0,1.0,2023
São Paulo,2,38.0,663.0,350.0,313.0,0.0,0.0,331.0,307.0,25.0,0.0,0.0,0.0,1.0,1.0,0.0,2023
São Paulo,2,26.0,465.0,215.0,250.0,0.0,0.0,208.0,257.0,0.0,0.0,0.0,0.0,1.0,1.0,1.0,2023
São Paulo,2,27.0,481.0,481.0,0.0,0.0,0.0,456.0,25.0,0.0,0.0,1.0,1.0,1.0,1.0,1.0,2023
São Paulo,2,16.0,337.0,337.0,0.0,0.0,0.0,325.0,12.0,0.0,0.0,0.0,1.0,1.0,1.0,1.0,2023
São Paulo,2,41.0,896.0,896.0,0.0,0.0,0.0,866.0,30.0,0.0,0.0,0.0,1.0,1.0,0.0,1.0,2023
São Paulo,2,28.0,581.0,581.0,0.0,0.0,0.0,562.0,19.0,0.0,0.0,0.0,1.0,1.0,1.0,1.0,2023
São Paulo,2,13.0,181.0,0.0,0.0,0.0,0.0,0.0,4.0,163.0,14.0,0.0,1.0,1.0,1.0,1.0,2023
São Paulo,2,28.0,619.0,619.0,0.0,0.0,0.0,596.0,23.0,0.0,0.0,0.0,1.0,1.0,1.0,1.0,2023
São Paulo,2,84.0,2219.0,0.0,0.0,0.0,0.0,0.0,4.0,1909.0,306.0,0.0,1.0,1.0,1.0,1.0,2023
São Paulo,2,35.0,712.0,0.0,435.0,0.0,0.0,0.0,415.0,288.0,9.0,1.0,1.0,1.0,1.0,0.0,2023
São Paulo,2,27.0,651.0,651.0,0.0,0.0,0.0,624.0,27.0,0.0,0.0,0.0,1.0,1.0,0.0,1.0,2023
São Paulo,2,26.0,492.0,492.0,0.0,0.0,0.0,471.0,21.0,0.0,0.0,0.0,1.0,1.0,1.0,0.0,2023
São Paulo,2,29.0,434.0,0.0,183.0,0.0,0.0,0.0,166.0,239.0,29.0,0.0,1.0,1.0,1.0,1.0,2023
São Paulo,2,36.0,513.0,0.0,87.0,0.0,0.0,0.0,76.0,396.0,41.0,0.0,1.0,1.0,1.0,1.0,2023
São Paulo,2,15.0,292.0,0.0,292.0,0.0,0.0,0.0,279.0,12.0,1.0,0.0,1.0,1.0,1.0,1.0,2023
São Paulo,2,79.0,1536.0,0.0,0.0,0.0,0.0,0.0,6.0,1358.0,172.0,0.0,1.0,1.0,1.0,1.0,2023
São Paulo,2,65.0,843.0,0.0,385.0,0.0,0.0,3.0,341.0,333.0,166.0,0.0,1.0,1.0,1.0,1.0,2023
São Paulo,2,27.0,503.0,503.0,0.0,0.0,0.0,483.0,20.0,0.0,0.0,0.0,1.0,1.0,1.0,1.0,2023
São Paulo,2,28.0,452.0,0.0,278.0,0.0,0.0,0.0,261.0,173.0,18.0,0.0,0.0,1.0,1.0,0.0,2023
São Paulo,2,25.0,484.0,0.0,0.0,0.0,0.0,0.0,6.0,453.0,25.0,0.0,0.0,1.0,1.0,1.0,2023
São Paulo,2,19.0,419.0,0.0,419.0,0.0,0.0,3.0,390.0,26.0,0.0,1.0,1.0,1.0,1.0,1.0,2023
São Paulo,2,41.0,728.0,0.0,728.0,0.0,0.0,2.0,669.0,57.0,0.0,0.0,1.0,1.0,1.0,1.0,2023
São Paulo,2,52.0,1201.0,0.0,525.0,0.0,0.0,1.0,482.0,618.0,100.0,0.0,1.0,1.0,1.0,1.0,2023
São Paulo,2,26.0,449.0,0.0,286.0,0.0,0.0,2.0,262.0,173.0,12.0,0.0,1.0,1.0,1.0,0.0,2023
São Paulo,2,30.0,500.0,0.0,238.0,0.0,0.0,0.0,221.0,252.0,27.0,0.0,1.0,1.0,1.0,1.0,2023
São Paulo,2,110.0,1448.0,0.0,0.0,0.0,0.0,0.0,11.0,773.0,664.0,0.0,0.0,1.0,1.0,1.0,2023
São Paulo,2,48.0,847.0,0.0,182.0,0.0,0.0,2.0,167.0,623.0,55.0,0.0,0.0,1.0,1.0,0.0,2023
São Paulo,2,33.0,651.0,0.0,0.0,0.0,0.0,0.0,4.0,617.0,30.0,0.0,1.0,1.0,1.0,0.0,2023
São Paulo,2,21.0,370.0,0.0,269.0,0.0,0.0,1.0,252.0,112.0,5.0,0.0,1.0,1.0,0.0,0.0,2023
São Paulo,2,32.0,697.0,697.0,0.0,0.0,0.0,652.0,45.0,0.0,0.0,0.0,1.0,1.0,1.0,1.0,2023
São Paulo,2,24.0,327.0,0.0,176.0,0.0,0.0,1.0,161.0,140.0,25.0,0.0,1.0,1.0,0.0,0.0,2023
São Paulo,2,29.0,566.0,0.0,0.0,0.0,0.0,0.0,5.0,485.0,76.0,0.0,0.0,1.0,1.0,0.0,2023
São Paulo,2,33.0,698.0,0.0,423.0,0.0,0.0,0.0,382.0,296.0,20.0,0.0,1.0,1.0,1.0,1.0,2023
São Paulo,2,78.0,1716.0,0.0,672.0,0.0,0.0,1.0,607.0,833.0,275.0,0.0,1.0,1.0,1.0,1.0,2023
São Paulo,2,52.0,1067.0,0.0,298.0,0.0,0.0,0.0,261.0,683.0,123.0,0.0,1.0,1.0,1.0,1.0,2023
São Paulo,2,34.0,833.0,833.0,0.0,0.0,0.0,779.0,53.0,1.0,0.0,0.0,1.0,1.0,1.0,1.0,2023
São Paulo,2,27.0,562.0,0.0,348.0,0.0,0.0,2.0,328.0,216.0,16.0,0.0,1.0,1.0,1.0,1.0,2023
São Paulo,2,23.0,445.0,0.0,0.0,0.0,0.0,0.0,3.0,425.0,17.0,0.0,1.0,1.0,1.0,1.0,2023
São Paulo,2,35.0,816.0,816.0,0.0,0.0,0.0,784.0,31.0,1.0,0.0,0.0,1.0,1.0,0.0,1.0,2023
São Paulo,2,35.0,761.0,402.0,359.0,0.0,0.0,381.0,347.0,33.0,0.0,0.0,0.0,1.0,1.0,0.0,2023
São Paulo,2,60.0,1682.0,0.0,787.0,0.0,0.0,2.0,708.0,842.0,130.0,0.0,1.0,1.0,1.0,1.0,2023
São Paulo,2,34.0,801.0,801.0,0.0,0.0,0.0,766.0,35.0,0.0,0.0,0.0,1.0,1.0,0.0,1.0,2023
São Paulo,2,33.0,537.0,0.0,537.0,0.0,0.0,1.0,496.0,40.0,0.0,0.0,0.0,1.0,1.0,1.0,2023
São Paulo,2,44.0,662.0,0.0,240.0,0.0,0.0,0.0,227.0,280.0,155.0,0.0,1.0,1.0,1.0,1.0,2023
São Paulo,2,42.0,902.0,0.0,551.0,0.0,0.0,2.0,528.0,351.0,21.0,0.0,1.0,1.0,1.0,1.0,2023
São Paulo,2,27.0,557.0,557.0,0.0,0.0,0.0,528.0,29.0,0.0,0.0,0.0,1.0,1.0,1.0,1.0,2023
São Paulo,2,66.0,1373.0,0.0,497.0,0.0,0.0,0.0,441.0,682.0,250.0,0.0,1.0,1.0,1.0,1.0,2023
São Paulo,2,68.0,1756.0,0.0,454.0,0.0,0.0,0.0,434.0,1219.0,103.0,0.0,1.0,1.0,1.0,0.0,2023
São Paulo,2,93.0,2523.0,647.0,665.0,0.0,0.0,618.0,631.0,1078.0,196.0,0.0,1.0,1.0,1.0,1.0,2023
São Paulo,2,63.0,1434.0,454.0,0.0,0.0,0.0,429.0,27.0,678.0,300.0,0.0,1.0,1.0,1.0,0.0,2023
São Paulo,2,28.0,644.0,644.0,0.0,0.0,0.0,616.0,28.0,0.0,0.0,0.0,1.0,1.0,1.0,1.0,2023
São Paulo,2,23.0,467.0,0.0,467.0,0.0,0.0,0.0,439.0,28.0,0.0,0.0,1.0,1.0,1.0,1.0,2023
São Paulo,2,33.0,792.0,792.0,0.0,0.0,0.0,751.0,41.0,0.0,0.0,0.0,0.0,1.0,1.0,1.0,2023
São Paulo,2,59.0,1344.0,0.0,711.0,0.0,0.0,0.0,656.0,655.0,33.0,1.0,1.0,1.0,1.0,1.0,2023
São Paulo,2,76.0,1464.0,0.0,0.0,0.0,0.0,0.0,3.0,1313.0,148.0,0.0,1.0,1.0,1.0,1.0,2023
São Paulo,2,73.0,1231.0,0.0,373.0,0.0,0.0,2.0,342.0,603.0,284.0,0.0,0.0,1.0,1.0,0.0,2023
São Paulo,2,32.0,650.0,650.0,0.0,0.0,0.0,610.0,39.0,1.0,0.0,0.0,1.0,1.0,1.0,1.0,2023
São Paulo,2,35.0,918.0,918.0,0.0,0.0,0.0,874.0,44.0,0.0,0.0,0.0,1.0,1.0,1.0,0.0,2023
São Paulo,2,15.0,296.0,0.0,296.0,0.0,0.0,0.0,278.0,18.0,0.0,0.0,0.0,1.0,1.0,1.0,2023
São Paulo,2,40.0,840.0,0.0,564.0,0.0,0.0,1.0,536.0,279.0,24.0,0.0,1.0,1.0,1.0,1.0,2023
São Paulo,2,29.0,553.0,0.0,253.0,0.0,0.0,1.0,253.0,273.0,26.0,0.0,0.0,1.0,1.0,0.0,2023
São Paulo,2,31.0,641.0,641.0,0.0,0.0,0.0,613.0,28.0,0.0,0.0,0.0,1.0,1.0,1.0,1.0,2023
São Paulo,2,54.0,1051.0,219.0,319.0,0.0,0.0,203.0,319.0,490.0,39.0,0.0,1.0,1.0,1.0,1.0,2023
São Paulo,2,19.0,298.0,0.0,150.0,0.0,0.0,0.0,137.0,152.0,9.0,0.0,1.0,1.0,1.0,1.0,2023
São Paulo,2,48.0,1079.0,1079.0,0.0,0.0,0.0,1023.0,55.0,1.0,0.0,1.0,1.0,1.0,1.0,1.0,2023
São Paulo,2,35.0,940.0,0.0,73.0,0.0,0.0,0.0,68.0,613.0,259.0,0.0,1.0,1.0,1.0,1.0,2023
São Paulo,2,39.0,938.0,938.0,0.0,0.0,0.0,905.0,33.0,0.0,0.0,0.0,1.0,1.0,1.0,1.0,2023
São Paulo,2,59.0,1931.0,0.0,532.0,0.0,0.0,0.0,489.0,955.0,487.0,0.0,1.0,1.0,0.0,1.0,2023
São Paulo,2,67.0,1866.0,0.0,559.0,0.0,0.0,0.0,488.0,1140.0,238.0,0.0,1.0,1.0,1.0,0.0,2023
São Paulo,2,29.0,575.0,575.0,0.0,0.0,0.0,544.0,31.0,0.0,0.0,0.0,1.0,1.0,1.0,1.0,2023
São Paulo,2,39.0,681.0,0.0,452.0,0.0,0.0,1.0,427.0,241.0,12.0,0.0,1.0,1.0,1.0,1.0,2023
São Paulo,2,30.0,536.0,536.0,0.0,0.0,0.0,493.0,43.0,0.0,0.0,0.0,1.0,1.0,0.0,0.0,2023
São Paulo,2,58.0,1265.0,0.0,673.0,0.0,0.0,1.0,622.0,578.0,64.0,0.0,1.0,1.0,1.0,1.0,2023
São Paulo,2,45.0,1220.0,0.0,549.0,0.0,0.0,1.0,507.0,619.0,93.0,0.0,1.0,1.0,1.0,1.0,2023
São Paulo,2,84.0,2107.0,389.0,427.0,0.0,0.0,348.0,419.0,768.0,572.0,1.0,1.0,1.0,1.0,0.0,2023
São Paulo,2,23.0,444.0,444.0,0.0,0.0,0.0,420.0,24.0,0.0,0.0,0.0,1.0,1.0,1.0,0.0,2023
São Paulo,2,46.0,1043.0,0.0,378.0,0.0,0.0,0.0,347.0,648.0,48.0,0.0,0.0,1.0,1.0,0.0,2023
São Paulo,2,32.0,680.0,0.0,499.0,0.0,0.0,1.0,469.0,193.0,17.0,0.0,1.0,1.0,1.0,0.0,2023
São Paulo,2,35.0,684.0,684.0,0.0,0.0,0.0,657.0,27.0,0.0,0.0,0.0,1.0,1.0,1.0,1.0,2023
São Paulo,2,33.0,850.0,850.0,0.0,0.0,0.0,823.0,27.0,0.0,0.0,0.0,1.0,1.0,1.0,1.0,2023
São Paulo,2,41.0,943.0,943.0,0.0,0.0,0.0,909.0,34.0,0.0,0.0,0.0,0.0,1.0,1.0,1.0,2023
São Paulo,2,29.0,547.0,547.0,0.0,0.0,0.0,520.0,27.0,0.0,0.0,0.0,1.0,1.0,1.0,1.0,2023
São Paulo,2,25.0,516.0,516.0,0.0,0.0,0.0,487.0,29.0,0.0,0.0,0.0,1.0,1.0,1.0,1.0,2023
São Paulo,2,26.0,680.0,680.0,0.0,0.0,0.0,665.0,15.0,0.0,0.0,0.0,1.0,1.0,1.0,0.0,2023
São Paulo,2,86.0,2780.0,0.0,835.0,0.0,0.0,2.0,740.0,1731.0,307.0,0.0,1.0,1.0,1.0,1.0,2023
São Paulo,2,22.0,282.0,0.0,186.0,0.0,0.0,0.0,175.0,101.0,6.0,0.0,1.0,1.0,1.0,1.0,2023
São Paulo,2,36.0,688.0,0.0,470.0,0.0,0.0,2.0,424.0,245.0,17.0,0.0,1.0,1.0,1.0,0.0,2023
São Paulo,2,57.0,1187.0,0.0,388.0,0.0,0.0,0.0,350.0,563.0,274.0,0.0,1.0,1.0,1.0,0.0,2023
São Paulo,2,29.0,559.0,0.0,331.0,0.0,0.0,1.0,319.0,218.0,21.0,0.0,1.0,1.0,1.0,0.0,2023
São Paulo,2,66.0,1457.0,267.0,368.0,0.0,0.0,259.0,350.0,603.0,245.0,0.0,1.0,1.0,1.0,0.0,2023
São Paulo,2,42.0,1137.0,1137.0,0.0,0.0,0.0,1090.0,47.0,0.0,0.0,0.0,1.0,1.0,1.0,0.0,2023
São Paulo,2,26.0,614.0,614.0,0.0,0.0,0.0,575.0,39.0,0.0,0.0,0.0,1.0,1.0,1.0,0.0,2023
São Paulo,2,44.0,1005.0,1005.0,0.0,0.0,0.0,969.0,36.0,0.0,0.0,0.0,1.0,1.0,1.0,0.0,2023
São Paulo,2,31.0,668.0,668.0,0.0,0.0,0.0,639.0,29.0,0.0,0.0,0.0,0.0,1.0,1.0,0.0,2023
São Paulo,2,37.0,929.0,929.0,0.0,0.0,0.0,889.0,40.0,0.0,0.0,1.0,1.0,1.0,1.0,1.0,2023
São Paulo,2,25.0,534.0,534.0,0.0,0.0,0.0,508.0,26.0,0.0,0.0,0.0,1.0,1.0,1.0,0.0,2023
São Paulo,2,25.0,365.0,365.0,0.0,0.0,0.0,352.0,13.0,0.0,0.0,0.0,1.0,1.0,1.0,0.0,2023
São Paulo,2,20.0,375.0,375.0,0.0,0.0,0.0,360.0,15.0,0.0,0.0,0.0,1.0,1.0,1.0,1.0,2023
São Paulo,2,23.0,397.0,0.0,228.0,0.0,0.0,1.0,201.0,172.0,23.0,0.0,1.0,1.0,1.0,1.0,2023
São Paulo,2,36.0,834.0,0.0,0.0,0.0,0.0,0.0,4.0,676.0,154.0,0.0,1.0,1.0,1.0,0.0,2023
São Paulo,2,18.0,303.0,0.0,0.0,0.0,0.0,0.0,2.0,279.0,22.0,0.0,1.0,1.0,1.0,1.0,2023
São Paulo,2,32.0,695.0,695.0,0.0,0.0,0.0,647.0,47.0,1.0,0.0,0.0,0.0,1.0,1.0,1.0,2023
São Paulo,2,36.0,746.0,0.0,419.0,0.0,0.0,0.0,375.0,329.0,42.0,0.0,1.0,1.0,1.0,1.0,2023
São Paulo,2,20.0,280.0,280.0,0.0,0.0,0.0,262.0,18.0,0.0,0.0,0.0,1.0,1.0,1.0,1.0,2023
São Paulo,2,52.0,1065.0,0.0,759.0,0.0,0.0,1.0,678.0,329.0,57.0,0.0,1.0,1.0,1.0,1.0,2023
São Paulo,2,18.0,345.0,0.0,345.0,0.0,0.0,1.0,325.0,19.0,0.0,0.0,1.0,1.0,1.0,1.0,2023
São Paulo,2,17.0,289.0,0.0,289.0,0.0,0.0,1.0,265.0,23.0,0.0,0.0,1.0,1.0,1.0,1.0,2023
São Paulo,2,28.0,533.0,533.0,0.0,0.0,0.0,521.0,12.0,0.0,0.0,0.0,1.0,1.0,0.0,1.0,2023
São Paulo,2,20.0,304.0,0.0,0.0,0.0,0.0,0.0,2.0,261.0,41.0,0.0,1.0,1.0,1.0,1.0,2023
São Paulo,2,35.0,793.0,793.0,0.0,0.0,0.0,736.0,57.0,0.0,0.0,1.0,1.0,1.0,1.0,1.0,2023
São Paulo,2,13.0,207.0,207.0,0.0,0.0,0.0,194.0,13.0,0.0,0.0,1.0,0.0,1.0,1.0,1.0,2023
São Paulo,2,15.0,128.0,0.0,87.0,0.0,0.0,0.0,76.0,52.0,0.0,0.0,1.0,1.0,1.0,1.0,2023
São Paulo,2,31.0,558.0,0.0,192.0,0.0,0.0,0.0,176.0,335.0,47.0,0.0,1.0,1.0,1.0,1.0,2023
São Paulo,2,15.0,219.0,0.0,0.0,0.0,0.0,0.0,0.0,205.0,14.0,0.0,1.0,1.0,1.0,1.0,2023
São Paulo,2,14.0,239.0,0.0,170.0,0.0,0.0,1.0,155.0,78.0,5.0,1.0,1.0,1.0,1.0,0.0,2023
São Paulo,2,22.0,462.0,0.0,0.0,0.0,0.0,0.0,3.0,421.0,38.0,0.0,1.0,1.0,1.0,1.0,2023
São Paulo,2,19.0,349.0,349.0,0.0,0.0,0.0,336.0,12.0,1.0,0.0,0.0,1.0,1.0,1.0,1.0,2023
São Paulo,2,110.0,1931.0,0.0,0.0,0.0,0.0,0.0,13.0,1156.0,762.0,1.0,1.0,1.0,1.0,1.0,2023
São Paulo,2,20.0,323.0,323.0,0.0,0.0,0.0,313.0,10.0,0.0,0.0,0.0,1.0,1.0,1.0,1.0,2023
São Paulo,2,60.0,1320.0,1320.0,0.0,0.0,0.0,1227.0,91.0,2.0,0.0,0.0,1.0,1.0,1.0,1.0,2023
São Paulo,2,20.0,295.0,295.0,0.0,0.0,0.0,276.0,19.0,0.0,0.0,0.0,0.0,1.0,1.0,1.0,2023
São Paulo,2,15.0,229.0,0.0,138.0,0.0,0.0,1.0,131.0,91.0,6.0,0.0,1.0,1.0,1.0,0.0,2023
São Paulo,2,22.0,429.0,0.0,0.0,0.0,0.0,0.0,5.0,404.0,20.0,0.0,1.0,1.0,1.0,1.0,2023
São Paulo,2,68.0,1388.0,0.0,590.0,0.0,0.0,1.0,541.0,573.0,273.0,0.0,1.0,1.0,1.0,0.0,2023
São Paulo,2,36.0,814.0,0.0,0.0,0.0,0.0,0.0,1.0,701.0,112.0,0.0,1.0,1.0,1.0,1.0,2023
São Paulo,2,82.0,1093.0,0.0,0.0,0.0,0.0,0.0,7.0,698.0,388.0,1.0,1.0,1.0,1.0,1.0,2023
São Paulo,2,14.0,193.0,0.0,0.0,0.0,0.0,0.0,1.0,181.0,11.0,0.0,1.0,1.0,1.0,0.0,2023
São Paulo,2,50.0,1099.0,537.0,562.0,0.0,0.0,503.0,547.0,49.0,0.0,0.0,1.0,1.0,1.0,1.0,2023
São Paulo,2,38.0,651.0,0.0,101.0,0.0,0.0,0.0,90.0,326.0,235.0,0.0,1.0,1.0,1.0,1.0,2023
São Paulo,2,20.0,396.0,396.0,0.0,0.0,0.0,378.0,18.0,0.0,0.0,0.0,1.0,1.0,1.0,1.0,2023
São Paulo,2,15.0,298.0,0.0,184.0,0.0,0.0,2.0,180.0,112.0,4.0,0.0,1.0,1.0,1.0,1.0,2023
São Paulo,2,58.0,1307.0,355.0,315.0,0.0,0.0,328.0,314.0,535.0,130.0,0.0,1.0,1.0,1.0,0.0,2023
São Paulo,2,18.0,308.0,0.0,0.0,0.0,0.0,0.0,1.0,277.0,30.0,0.0,1.0,1.0,1.0,1.0,2023
São Paulo,2,33.0,782.0,0.0,235.0,0.0,0.0,1.0,215.0,505.0,61.0,0.0,1.0,1.0,1.0,0.0,2023
São Paulo,2,18.0,234.0,234.0,0.0,0.0,0.0,225.0,9.0,0.0,0.0,0.0,1.0,1.0,1.0,1.0,2023
São Paulo,2,21.0,351.0,351.0,0.0,0.0,0.0,337.0,14.0,0.0,0.0,0.0,1.0,1.0,1.0,1.0,2023
São Paulo,2,60.0,1219.0,368.0,441.0,0.0,0.0,339.0,421.0,49.0,410.0,0.0,1.0,1.0,1.0,1.0,2023
São Paulo,2,24.0,383.0,0.0,289.0,0.0,0.0,0.0,265.0,113.0,5.0,0.0,1.0,1.0,1.0,0.0,2023
São Paulo,2,20.0,406.0,0.0,406.0,0.0,0.0,1.0,382.0,23.0,0.0,0.0,1.0,1.0,1.0,1.0,2023
São Paulo,2,30.0,558.0,0.0,270.0,0.0,0.0,2.0,250.0,291.0,15.0,0.0,1.0,1.0,1.0,1.0,2023
São Paulo,2,30.0,548.0,548.0,0.0,0.0,0.0,532.0,16.0,0.0,0.0,0.0,1.0,1.0,1.0,1.0,2023
São Paulo,2,18.0,289.0,289.0,0.0,0.0,0.0,280.0,9.0,0.0,0.0,0.0,1.0,1.0,1.0,1.0,2023
São Paulo,2,26.0,648.0,0.0,153.0,0.0,0.0,0.0,144.0,455.0,49.0,0.0,1.0,1.0,1.0,1.0,2023
São Paulo,2,17.0,199.0,199.0,0.0,0.0,0.0,192.0,7.0,0.0,0.0,0.0,1.0,1.0,1.0,1.0,2023
São Paulo,2,18.0,310.0,0.0,310.0,0.0,0.0,0.0,290.0,20.0,0.0,0.0,1.0,1.0,0.0,1.0,2023
São Paulo,2,27.0,662.0,0.0,109.0,0.0,0.0,0.0,104.0,513.0,45.0,0.0,1.0,1.0,1.0,0.0,2023
São Paulo,2,32.0,568.0,0.0,328.0,0.0,0.0,0.0,312.0,241.0,15.0,0.0,1.0,1.0,1.0,1.0,2023
São Paulo,2,33.0,618.0,618.0,0.0,0.0,0.0,602.0,16.0,0.0,0.0,0.0,1.0,1.0,1.0,0.0,2023
São Paulo,2,48.0,605.0,183.0,327.0,0.0,0.0,172.0,311.0,27.0,95.0,0.0,1.0,1.0,1.0,1.0,2023
São Paulo,2,30.0,567.0,0.0,567.0,0.0,0.0,2.0,530.0,35.0,0.0,0.0,1.0,1.0,1.0,1.0,2023
São Paulo,2,15.0,329.0,0.0,329.0,0.0,0.0,2.0,317.0,10.0,0.0,0.0,1.0,1.0,1.0,1.0,2023
São Paulo,2,26.0,519.0,519.0,0.0,0.0,0.0,499.0,20.0,0.0,0.0,0.0,1.0,1.0,1.0,1.0,2023
São Paulo,2,40.0,1197.0,0.0,324.0,0.0,0.0,0.0,293.0,683.0,221.0,0.0,1.0,1.0,1.0,0.0,2023
São Paulo,2,22.0,280.0,140.0,140.0,0.0,0.0,136.0,140.0,4.0,0.0,0.0,1.0,1.0,1.0,1.0,2023
São Paulo,2,29.0,323.0,0.0,112.0,0.0,0.0,0.0,108.0,201.0,14.0,0.0,1.0,1.0,1.0,1.0,2023
Itatinga,2,6.0,112.0,0.0,0.0,0.0,0.0,0.0,0.0,0.0,112.0,0.0,0.0,1.0,0.0,1.0,2023
Votorantim,2,21.0,223.0,0.0,156.0,0.0,0.0,3.0,144.0,74.0,2.0,0.0,0.0,1.0,1.0,1.0,2023
São Paulo,2,41.0,937.0,937.0,0.0,0.0,0.0,888.0,49.0,0.0,0.0,0.0,1.0,1.0,1.0,1.0,2023
Campinas,2,13.0,42.0,0.0,0.0,42.0,0.0,0.0,0.0,0.0,0.0,0.0,0.0,0.0,0.0,1.0,2023
Campinas,2,32.0,171.0,0.0,0.0,89.0,77.0,5.0,0.0,0.0,0.0,0.0,0.0,1.0,0.0,1.0,2023
Campinas,2,31.0,94.0,0.0,0.0,64.0,27.0,3.0,0.0,0.0,0.0,1.0,0.0,1.0,0.0,1.0,2023
Santa Gertrudes,2,24.0,486.0,0.0,0.0,0.0,0.0,0.0,11.0,454.0,21.0,0.0,1.0,1.0,1.0,1.0,2023
São Paulo,2,28.0,434.0,0.0,268.0,0.0,0.0,0.0,250.0,173.0,11.0,0.0,1.0,1.0,1.0,1.0,2023
São Paulo,2,22.0,333.0,333.0,0.0,0.0,0.0,320.0,13.0,0.0,0.0,0.0,0.0,1.0,1.0,0.0,2023
São Paulo,2,19.0,335.0,335.0,0.0,0.0,0.0,320.0,15.0,0.0,0.0,0.0,1.0,1.0,1.0,1.0,2023
São Paulo,2,20.0,372.0,0.0,372.0,0.0,0.0,1.0,356.0,15.0,0.0,0.0,1.0,1.0,1.0,1.0,2023
Araraquara,2,22.0,328.0,0.0,233.0,0.0,0.0,1.0,217.0,105.0,5.0,0.0,1.0,1.0,1.0,1.0,2023
Ouroeste,2,,,,,,,,,,,,,,,,2023
Presidente Prudente,2,22.0,253.0,0.0,169.0,0.0,0.0,0.0,158.0,85.0,10.0,0.0,1.0,1.0,1.0,1.0,2023
São Paulo,2,26.0,525.0,525.0,0.0,0.0,0.0,512.0,13.0,0.0,0.0,0.0,0.0,1.0,1.0,0.0,2023
Ilhabela,2,32.0,493.0,0.0,0.0,0.0,0.0,0.0,2.0,382.0,109.0,0.0,1.0,1.0,0.0,1.0,2023
São Paulo,2,62.0,1246.0,0.0,421.0,0.0,0.0,0.0,357.0,765.0,124.0,0.0,1.0,1.0,1.0,1.0,2023
São Paulo,2,34.0,569.0,195.0,374.0,0.0,0.0,183.0,353.0,33.0,0.0,0.0,1.0,1.0,1.0,1.0,2023
São Paulo,2,26.0,539.0,0.0,0.0,0.0,0.0,0.0,1.0,325.0,213.0,0.0,1.0,1.0,1.0,0.0,2023
São Paulo,2,19.0,387.0,0.0,0.0,0.0,0.0,0.0,3.0,367.0,17.0,0.0,1.0,1.0,1.0,1.0,2023
São Paulo,2,36.0,878.0,0.0,407.0,0.0,0.0,0.0,382.0,452.0,44.0,0.0,1.0,1.0,1.0,0.0,2023
São Paulo,2,25.0,421.0,0.0,0.0,0.0,0.0,0.0,1.0,403.0,17.0,0.0,1.0,1.0,1.0,0.0,2023
Carapicuíba,2,44.0,925.0,0.0,622.0,0.0,0.0,4.0,560.0,341.0,20.0,0.0,0.0,1.0,1.0,1.0,2023
São Paulo,2,24.0,511.0,511.0,0.0,0.0,0.0,464.0,47.0,0.0,0.0,1.0,1.0,1.0,1.0,1.0,2023
São Paulo,2,30.0,634.0,634.0,0.0,0.0,1.0,613.0,20.0,0.0,0.0,0.0,1.0,1.0,1.0,1.0,2023
São Paulo,2,34.0,687.0,0.0,77.0,0.0,0.0,0.0,69.0,429.0,189.0,0.0,1.0,1.0,1.0,1.0,2023
São Paulo,2,17.0,286.0,0.0,0.0,0.0,0.0,0.0,4.0,261.0,21.0,0.0,1.0,0.0,1.0,1.0,2023
São Paulo,2,22.0,423.0,0.0,242.0,0.0,0.0,0.0,225.0,183.0,15.0,0.0,1.0,1.0,1.0,0.0,2023
São Paulo,2,17.0,249.0,0.0,249.0,0.0,0.0,2.0,239.0,8.0,0.0,0.0,1.0,1.0,1.0,1.0,2023
São Paulo,2,29.0,535.0,535.0,0.0,0.0,1.0,501.0,33.0,0.0,0.0,0.0,1.0,1.0,1.0,1.0,2023
São Paulo,2,34.0,799.0,799.0,0.0,0.0,0.0,776.0,23.0,0.0,0.0,0.0,1.0,1.0,1.0,0.0,2023
São Paulo,2,29.0,675.0,298.0,377.0,0.0,0.0,290.0,371.0,14.0,0.0,0.0,1.0,1.0,1.0,0.0,2023
São Paulo,2,19.0,338.0,0.0,230.0,0.0,0.0,1.0,191.0,133.0,13.0,0.0,1.0,1.0,1.0,0.0,2023
São Paulo,2,29.0,652.0,652.0,0.0,0.0,0.0,599.0,53.0,0.0,0.0,0.0,1.0,1.0,0.0,0.0,2023
São Paulo,2,23.0,417.0,223.0,194.0,0.0,0.0,212.0,181.0,24.0,0.0,0.0,0.0,1.0,1.0,0.0,2023
São Paulo,2,56.0,1502.0,675.0,827.0,0.0,0.0,658.0,772.0,71.0,1.0,0.0,1.0,1.0,1.0,1.0,2023
São Paulo,2,58.0,1588.0,0.0,0.0,0.0,0.0,0.0,2.0,1342.0,244.0,0.0,1.0,1.0,1.0,1.0,2023
São Paulo,2,40.0,985.0,306.0,259.0,0.0,0.0,292.0,243.0,401.0,49.0,1.0,1.0,1.0,1.0,1.0,2023
São Paulo,2,193.0,3098.0,0.0,0.0,0.0,0.0,0.0,11.0,1633.0,1454.0,1.0,1.0,1.0,1.0,1.0,2023
São Paulo,2,32.0,641.0,356.0,285.0,0.0,0.0,336.0,287.0,18.0,0.0,0.0,1.0,1.0,1.0,0.0,2023
São Paulo,2,5.0,24.0,0.0,7.0,0.0,0.0,0.0,0.0,13.0,11.0,0.0,0.0,0.0,0.0,0.0,2023
São Paulo,2,64.0,1400.0,603.0,797.0,0.0,0.0,575.0,767.0,58.0,0.0,0.0,1.0,1.0,1.0,1.0,2023
São Paulo,2,26.0,617.0,617.0,0.0,0.0,0.0,595.0,22.0,0.0,0.0,0.0,1.0,1.0,1.0,1.0,2023
São Paulo,2,13.0,199.0,199.0,0.0,0.0,0.0,189.0,10.0,0.0,0.0,0.0,1.0,1.0,1.0,0.0,2023
São Paulo,2,59.0,1402.0,288.0,349.0,0.0,0.0,275.0,314.0,613.0,200.0,0.0,0.0,1.0,1.0,1.0,2023
São Paulo,2,25.0,519.0,519.0,0.0,0.0,0.0,494.0,25.0,0.0,0.0,0.0,1.0,1.0,1.0,1.0,2023
São Paulo,2,60.0,1322.0,0.0,489.0,0.0,0.0,0.0,434.0,561.0,327.0,0.0,1.0,1.0,1.0,0.0,2023
São Paulo,2,15.0,282.0,0.0,282.0,0.0,0.0,1.0,268.0,13.0,0.0,0.0,1.0,1.0,1.0,1.0,2023
São Paulo,2,6.0,35.0,0.0,0.0,0.0,0.0,0.0,0.0,0.0,35.0,0.0,0.0,0.0,0.0,0.0,2023
São Paulo,2,11.0,110.0,0.0,0.0,0.0,0.0,0.0,0.0,0.0,110.0,0.0,0.0,0.0,0.0,0.0,2023
São Paulo,2,15.0,319.0,0.0,319.0,0.0,0.0,0.0,298.0,21.0,0.0,0.0,1.0,1.0,1.0,1.0,2023
São Paulo,2,19.0,328.0,328.0,0.0,0.0,0.0,306.0,22.0,0.0,0.0,0.0,0.0,1.0,1.0,0.0,2023
São Paulo,2,41.0,1089.0,0.0,0.0,0.0,0.0,0.0,7.0,945.0,137.0,0.0,1.0,1.0,1.0,0.0,2023
São Paulo,2,16.0,312.0,0.0,190.0,0.0,0.0,2.0,179.0,123.0,8.0,0.0,1.0,1.0,1.0,0.0,2023
Votorantim,2,7.0,109.0,0.0,0.0,0.0,0.0,0.0,0.0,0.0,109.0,0.0,1.0,0.0,0.0,0.0,2023
São Paulo,2,21.0,289.0,0.0,166.0,0.0,0.0,1.0,155.0,125.0,8.0,0.0,1.0,1.0,1.0,1.0,2023
Campinas,2,,,,,,,,,,,,,,,,2023
São Paulo,2,22.0,414.0,414.0,0.0,0.0,0.0,394.0,20.0,0.0,0.0,0.0,1.0,1.0,1.0,1.0,2023
São Paulo,2,22.0,374.0,0.0,251.0,0.0,0.0,1.0,238.0,132.0,3.0,0.0,1.0,1.0,1.0,1.0,2023
São Paulo,2,36.0,615.0,0.0,382.0,0.0,0.0,2.0,343.0,258.0,12.0,0.0,1.0,1.0,1.0,0.0,2023
São Paulo,2,32.0,784.0,784.0,0.0,0.0,0.0,752.0,32.0,0.0,0.0,0.0,1.0,1.0,1.0,1.0,2023
São Paulo,2,,,,,,,,,,,,,,,,2023
Lins,2,,,,,,,,,,,,,,,,2023
Lins,2,,,,,,,,,,,,,,,,2023
São Paulo,2,39.0,874.0,0.0,366.0,0.0,0.0,0.0,336.0,494.0,44.0,0.0,1.0,1.0,1.0,0.0,2023
São Paulo,2,25.0,567.0,567.0,0.0,0.0,0.0,531.0,36.0,0.0,0.0,0.0,1.0,1.0,1.0,0.0,2023
São Paulo,2,33.0,529.0,529.0,0.0,0.0,0.0,493.0,35.0,0.0,1.0,0.0,1.0,1.0,1.0,1.0,2023
São Paulo,2,44.0,814.0,218.0,596.0,0.0,0.0,211.0,560.0,43.0,0.0,0.0,1.0,1.0,1.0,1.0,2023
São Paulo,2,20.0,417.0,0.0,417.0,0.0,0.0,0.0,345.0,71.0,1.0,0.0,1.0,1.0,1.0,0.0,2023
São Paulo,2,16.0,213.0,0.0,139.0,0.0,0.0,0.0,133.0,76.0,4.0,0.0,1.0,1.0,1.0,1.0,2023
São Paulo,2,26.0,581.0,581.0,0.0,0.0,0.0,548.0,33.0,0.0,0.0,0.0,1.0,1.0,1.0,0.0,2023
São Paulo,2,62.0,1630.0,0.0,653.0,0.0,0.0,1.0,584.0,808.0,237.0,0.0,1.0,1.0,1.0,1.0,2023
São Paulo,2,28.0,477.0,0.0,283.0,0.0,0.0,1.0,270.0,197.0,9.0,0.0,1.0,1.0,1.0,1.0,2023
Porto Feliz,2,32.0,452.0,0.0,0.0,0.0,0.0,0.0,10.0,256.0,186.0,0.0,1.0,1.0,1.0,0.0,2023
Sumaré,2,14.0,250.0,0.0,250.0,0.0,0.0,6.0,233.0,11.0,0.0,0.0,1.0,1.0,1.0,0.0,2023
São Paulo,2,38.0,847.0,847.0,0.0,0.0,0.0,794.0,53.0,0.0,0.0,0.0,1.0,1.0,1.0,0.0,2023
São Paulo,2,20.0,389.0,389.0,0.0,0.0,0.0,369.0,20.0,0.0,0.0,0.0,1.0,1.0,1.0,1.0,2023
Icém,2,9.0,57.0,0.0,0.0,0.0,0.0,0.0,0.0,0.0,57.0,1.0,0.0,0.0,0.0,0.0,2023
São Paulo,2,57.0,1307.0,0.0,574.0,0.0,0.0,1.0,506.0,462.0,338.0,0.0,1.0,1.0,1.0,1.0,2023
São Paulo,2,25.0,348.0,0.0,265.0,0.0,0.0,0.0,254.0,91.0,3.0,0.0,1.0,1.0,1.0,0.0,2023
São Paulo,2,18.0,299.0,0.0,0.0,0.0,0.0,0.0,7.0,273.0,19.0,0.0,1.0,1.0,1.0,1.0,2023
São Paulo,2,63.0,2042.0,0.0,0.0,0.0,0.0,0.0,3.0,1763.0,276.0,1.0,1.0,1.0,1.0,0.0,2023
Araraquara,2,22.0,302.0,0.0,129.0,0.0,0.0,0.0,119.0,170.0,13.0,0.0,1.0,1.0,1.0,1.0,2023
São Paulo,2,20.0,323.0,323.0,0.0,0.0,0.0,307.0,15.0,1.0,0.0,1.0,1.0,1.0,1.0,1.0,2023
São Paulo,2,30.0,678.0,678.0,0.0,0.0,0.0,645.0,33.0,0.0,0.0,0.0,1.0,1.0,1.0,0.0,2023
São Paulo,2,63.0,1834.0,0.0,625.0,0.0,0.0,1.0,574.0,1055.0,204.0,0.0,1.0,1.0,1.0,1.0,2023
São Paulo,2,18.0,256.0,0.0,0.0,0.0,0.0,0.0,1.0,227.0,28.0,0.0,1.0,1.0,1.0,1.0,2023
São Paulo,2,24.0,531.0,531.0,0.0,0.0,0.0,511.0,20.0,0.0,0.0,0.0,1.0,1.0,1.0,0.0,2023
São Paulo,2,24.0,412.0,412.0,0.0,0.0,0.0,398.0,14.0,0.0,0.0,0.0,1.0,1.0,1.0,1.0,2023
Campinas,2,29.0,367.0,0.0,291.0,0.0,0.0,0.0,278.0,85.0,4.0,0.0,0.0,1.0,0.0,0.0,2023
São Paulo,2,45.0,1359.0,0.0,187.0,0.0,0.0,2.0,170.0,832.0,355.0,0.0,1.0,1.0,1.0,1.0,2023
São Paulo,2,18.0,300.0,300.0,0.0,0.0,0.0,287.0,13.0,0.0,0.0,0.0,1.0,1.0,1.0,1.0,2023
São Paulo,2,14.0,208.0,0.0,0.0,0.0,0.0,0.0,2.0,187.0,19.0,0.0,1.0,1.0,1.0,1.0,2023
São Paulo,2,64.0,1288.0,0.0,423.0,0.0,0.0,2.0,385.0,583.0,318.0,0.0,1.0,1.0,1.0,1.0,2023
São Paulo,2,24.0,445.0,445.0,0.0,0.0,0.0,440.0,5.0,0.0,0.0,0.0,1.0,1.0,1.0,1.0,2023
São Paulo,2,15.0,240.0,0.0,0.0,0.0,0.0,0.0,1.0,220.0,19.0,0.0,1.0,1.0,1.0,1.0,2023
São Paulo,2,32.0,630.0,0.0,0.0,0.0,0.0,0.0,7.0,591.0,32.0,0.0,1.0,1.0,1.0,0.0,2023
São Paulo,2,18.0,316.0,316.0,0.0,0.0,0.0,301.0,15.0,0.0,0.0,0.0,1.0,1.0,1.0,1.0,2023
São Paulo,2,18.0,281.0,281.0,0.0,0.0,0.0,267.0,14.0,0.0,0.0,0.0,1.0,1.0,1.0,1.0,2023
Osasco,2,12.0,2520.0,0.0,0.0,0.0,0.0,0.0,0.0,0.0,2520.0,0.0,1.0,1.0,1.0,1.0,2023
São Paulo,2,51.0,1826.0,0.0,743.0,0.0,0.0,1.0,665.0,991.0,169.0,0.0,1.0,1.0,1.0,1.0,2023
São Paulo,2,17.0,362.0,0.0,362.0,0.0,0.0,0.0,353.0,9.0,0.0,0.0,1.0,1.0,1.0,1.0,2023
São Paulo,2,37.0,778.0,778.0,0.0,0.0,0.0,733.0,45.0,0.0,0.0,0.0,0.0,1.0,1.0,1.0,2023
São Paulo,2,17.0,348.0,0.0,348.0,0.0,0.0,0.0,331.0,17.0,0.0,0.0,1.0,1.0,1.0,1.0,2023
São Paulo,2,45.0,1082.0,1082.0,0.0,0.0,0.0,1028.0,53.0,1.0,0.0,0.0,1.0,1.0,1.0,1.0,2023
São Paulo,2,29.0,475.0,0.0,338.0,0.0,0.0,5.0,314.0,150.0,6.0,0.0,1.0,1.0,1.0,0.0,2023
Carapicuíba,2,11.0,818.0,0.0,0.0,0.0,0.0,0.0,0.0,0.0,818.0,0.0,0.0,1.0,0.0,0.0,2023
São Paulo,2,79.0,2143.0,0.0,956.0,0.0,0.0,0.0,870.0,1096.0,177.0,0.0,1.0,1.0,1.0,1.0,2023
São Paulo,2,18.0,334.0,334.0,0.0,0.0,0.0,314.0,20.0,0.0,0.0,0.0,1.0,1.0,1.0,1.0,2023
São Paulo,2,58.0,1408.0,446.0,523.0,0.0,0.0,418.0,482.0,460.0,48.0,0.0,1.0,1.0,1.0,1.0,2023
Peruíbe,2,6.0,712.0,0.0,0.0,0.0,0.0,0.0,0.0,0.0,712.0,0.0,0.0,1.0,0.0,0.0,2023
São Paulo,2,28.0,763.0,763.0,0.0,0.0,1.0,735.0,27.0,0.0,0.0,0.0,0.0,1.0,1.0,0.0,2023
São Paulo,2,43.0,1140.0,1140.0,0.0,0.0,0.0,1077.0,63.0,0.0,0.0,0.0,1.0,1.0,1.0,1.0,2023
São Paulo,2,7.0,853.0,0.0,0.0,0.0,0.0,0.0,0.0,0.0,853.0,0.0,0.0,1.0,0.0,0.0,2023
São Paulo,2,21.0,463.0,463.0,0.0,0.0,0.0,442.0,21.0,0.0,0.0,1.0,1.0,1.0,1.0,0.0,2023
São Paulo,2,52.0,1165.0,0.0,559.0,0.0,0.0,1.0,518.0,585.0,61.0,0.0,1.0,1.0,1.0,0.0,2023
Santo Anastácio,2,,,,,,,,,,,,,,,,2023
São Paulo,2,29.0,441.0,251.0,190.0,0.0,0.0,236.0,195.0,10.0,0.0,0.0,1.0,1.0,1.0,1.0,2023
São Paulo,2,73.0,1734.0,0.0,506.0,0.0,0.0,0.0,471.0,1145.0,118.0,0.0,1.0,1.0,1.0,0.0,2023
São Paulo,2,76.0,1893.0,0.0,0.0,0.0,0.0,0.0,8.0,1633.0,252.0,0.0,1.0,1.0,1.0,0.0,2023
São Paulo,2,31.0,808.0,808.0,0.0,0.0,1.0,780.0,27.0,0.0,0.0,0.0,1.0,1.0,0.0,0.0,2023
São Paulo,2,,,,,,,,,,,0.0,0.0,1.0,1.0,0.0,2023
São Paulo,2,73.0,1273.0,0.0,759.0,0.0,0.0,3.0,713.0,509.0,48.0,0.0,1.0,1.0,1.0,1.0,2023
São Paulo,2,41.0,1044.0,1044.0,0.0,0.0,0.0,994.0,49.0,1.0,0.0,0.0,1.0,1.0,1.0,0.0,2023
São Paulo,2,31.0,506.0,0.0,281.0,0.0,0.0,1.0,252.0,226.0,27.0,0.0,1.0,1.0,1.0,1.0,2023
São Paulo,2,39.0,758.0,310.0,330.0,0.0,0.0,279.0,323.0,143.0,13.0,0.0,0.0,1.0,1.0,1.0,2023
São Paulo,2,47.0,1160.0,0.0,309.0,0.0,0.0,1.0,281.0,522.0,356.0,0.0,1.0,1.0,1.0,1.0,2023
São Paulo,2,45.0,812.0,0.0,297.0,0.0,0.0,1.0,264.0,477.0,70.0,1.0,1.0,1.0,1.0,1.0,2023
São Paulo,2,34.0,656.0,0.0,397.0,0.0,0.0,0.0,368.0,264.0,24.0,0.0,1.0,1.0,1.0,1.0,2023
São Paulo,2,45.0,990.0,0.0,603.0,0.0,0.0,3.0,555.0,394.0,38.0,0.0,0.0,1.0,1.0,0.0,2023
São Paulo,2,23.0,453.0,453.0,0.0,0.0,0.0,432.0,21.0,0.0,0.0,0.0,1.0,1.0,1.0,0.0,2023
São Paulo,2,62.0,1997.0,0.0,708.0,0.0,0.0,1.0,635.0,1113.0,248.0,0.0,1.0,1.0,1.0,1.0,2023
São Paulo,2,53.0,1203.0,0.0,678.0,0.0,0.0,1.0,634.0,536.0,32.0,0.0,1.0,1.0,1.0,1.0,2023
São Paulo,2,26.0,576.0,576.0,0.0,0.0,0.0,556.0,20.0,0.0,0.0,0.0,0.0,1.0,1.0,0.0,2023
São Paulo,2,69.0,1754.0,0.0,0.0,0.0,0.0,0.0,9.0,1488.0,257.0,1.0,1.0,1.0,1.0,0.0,2023
Rio Claro,2,3.0,21.0,0.0,0.0,17.0,4.0,0.0,0.0,0.0,0.0,0.0,0.0,1.0,0.0,1.0,2023
São Paulo,2,21.0,373.0,373.0,0.0,0.0,0.0,359.0,14.0,0.0,0.0,0.0,0.0,1.0,1.0,0.0,2023
São Paulo,2,37.0,743.0,0.0,504.0,0.0,0.0,3.0,443.0,275.0,22.0,0.0,1.0,1.0,1.0,1.0,2023
São Paulo,2,57.0,1018.0,0.0,245.0,0.0,0.0,1.0,220.0,570.0,227.0,1.0,1.0,1.0,1.0,1.0,2023
São Paulo,2,61.0,1683.0,0.0,0.0,0.0,0.0,0.0,6.0,1310.0,367.0,0.0,1.0,1.0,1.0,0.0,2023
São Paulo,2,42.0,1157.0,0.0,0.0,0.0,0.0,0.0,5.0,948.0,204.0,0.0,1.0,1.0,1.0,0.0,2023
São Paulo,2,16.0,175.0,0.0,52.0,0.0,0.0,1.0,51.0,108.0,15.0,0.0,1.0,1.0,1.0,0.0,2023
São Paulo,2,48.0,956.0,514.0,442.0,0.0,0.0,498.0,417.0,41.0,0.0,0.0,1.0,1.0,1.0,0.0,2023
São Paulo,2,72.0,1766.0,651.0,453.0,0.0,0.0,618.0,445.0,630.0,73.0,0.0,1.0,1.0,1.0,0.0,2023
São Paulo,2,40.0,809.0,809.0,0.0,0.0,1.0,774.0,34.0,0.0,0.0,0.0,0.0,1.0,0.0,1.0,2023
São Paulo,2,53.0,1700.0,0.0,504.0,0.0,0.0,1.0,473.0,1035.0,191.0,0.0,1.0,1.0,1.0,1.0,2023
São Paulo,2,38.0,850.0,0.0,0.0,0.0,0.0,0.0,2.0,460.0,388.0,0.0,1.0,1.0,1.0,0.0,2023
São Paulo,2,65.0,1229.0,0.0,0.0,0.0,0.0,0.0,7.0,1155.0,67.0,1.0,1.0,1.0,1.0,1.0,2023
São Paulo,2,62.0,1312.0,0.0,550.0,0.0,0.0,2.0,491.0,614.0,205.0,0.0,1.0,1.0,1.0,1.0,2023
São Paulo,2,67.0,1483.0,0.0,690.0,0.0,0.0,0.0,640.0,538.0,305.0,0.0,1.0,1.0,1.0,1.0,2023
São Paulo,2,34.0,794.0,794.0,0.0,0.0,0.0,760.0,34.0,0.0,0.0,0.0,1.0,1.0,1.0,0.0,2023
São Paulo,2,45.0,1241.0,0.0,0.0,0.0,0.0,0.0,3.0,747.0,491.0,0.0,1.0,1.0,1.0,0.0,2023
São Paulo,2,23.0,560.0,560.0,0.0,0.0,0.0,534.0,26.0,0.0,0.0,0.0,1.0,1.0,1.0,0.0,2023
São Paulo,2,44.0,1135.0,446.0,394.0,0.0,0.0,435.0,371.0,311.0,18.0,0.0,1.0,1.0,1.0,1.0,2023
São Paulo,2,35.0,805.0,0.0,227.0,0.0,0.0,0.0,208.0,536.0,61.0,0.0,1.0,1.0,1.0,0.0,2023
Taboão da Serra,2,23.0,338.0,0.0,0.0,0.0,0.0,0.0,3.0,246.0,89.0,1.0,1.0,1.0,1.0,1.0,2023
São Paulo,2,49.0,1239.0,0.0,0.0,0.0,0.0,0.0,7.0,1149.0,83.0,0.0,1.0,1.0,1.0,1.0,2023
São Paulo,2,28.0,516.0,0.0,349.0,0.0,0.0,1.0,333.0,174.0,8.0,0.0,1.0,1.0,1.0,0.0,2023
São Paulo,2,62.0,1179.0,0.0,488.0,0.0,0.0,0.0,425.0,512.0,242.0,0.0,1.0,1.0,1.0,1.0,2023
São Paulo,2,62.0,1717.0,562.0,521.0,0.0,0.0,536.0,472.0,615.0,94.0,0.0,1.0,1.0,1.0,1.0,2023
São Paulo,2,76.0,1865.0,488.0,501.0,0.0,0.0,457.0,503.0,726.0,179.0,0.0,1.0,1.0,1.0,0.0,2023
São Paulo,2,104.0,2673.0,197.0,1107.0,0.0,0.0,199.0,1002.0,1169.0,303.0,0.0,1.0,1.0,1.0,1.0,2023
São Paulo,2,23.0,495.0,495.0,0.0,0.0,0.0,477.0,18.0,0.0,0.0,0.0,1.0,1.0,0.0,0.0,2023
São Paulo,2,37.0,764.0,0.0,516.0,0.0,0.0,1.0,467.0,276.0,20.0,0.0,1.0,1.0,1.0,0.0,2023
São Paulo,2,34.0,764.0,36.0,253.0,0.0,0.0,31.0,227.0,450.0,56.0,0.0,1.0,1.0,1.0,0.0,2023
São Paulo,2,64.0,1754.0,639.0,488.0,0.0,0.0,606.0,474.0,575.0,99.0,0.0,1.0,1.0,1.0,0.0,2023
São Paulo,2,26.0,486.0,486.0,0.0,0.0,0.0,450.0,36.0,0.0,0.0,0.0,1.0,1.0,1.0,0.0,2023
São Paulo,2,34.0,478.0,230.0,95.0,0.0,0.0,215.0,100.0,145.0,18.0,0.0,1.0,1.0,1.0,1.0,2023
Limeira,2,6.0,166.0,0.0,0.0,0.0,0.0,0.0,0.0,0.0,166.0,0.0,0.0,0.0,0.0,0.0,2023
Guariba,2,13.0,187.0,0.0,0.0,0.0,0.0,0.0,0.0,0.0,187.0,0.0,0.0,0.0,0.0,0.0,2023
São Paulo,2,52.0,1284.0,189.0,244.0,0.0,0.0,173.0,242.0,650.0,219.0,0.0,1.0,1.0,1.0,1.0,2023
Francisco Morato,2,37.0,848.0,0.0,459.0,0.0,0.0,18.0,437.0,378.0,15.0,0.0,1.0,1.0,1.0,0.0,2023
Cajamar,2,39.0,918.0,0.0,186.0,0.0,0.0,0.0,176.0,639.0,103.0,0.0,1.0,1.0,1.0,1.0,2023
Cajamar,2,27.0,394.0,0.0,0.0,0.0,0.0,0.0,12.0,373.0,9.0,0.0,1.0,1.0,1.0,0.0,2023
Cajamar,2,20.0,390.0,0.0,0.0,0.0,0.0,0.0,8.0,370.0,12.0,0.0,0.0,1.0,1.0,0.0,2023
Caieiras,2,38.0,1144.0,0.0,427.0,0.0,0.0,6.0,414.0,671.0,53.0,0.0,1.0,1.0,1.0,1.0,2023
Caieiras,2,15.0,280.0,0.0,280.0,0.0,0.0,6.0,265.0,9.0,0.0,0.0,1.0,1.0,1.0,1.0,2023
Caieiras,2,19.0,535.0,0.0,149.0,0.0,0.0,1.0,155.0,355.0,24.0,0.0,1.0,1.0,1.0,0.0,2023
Caieiras,2,32.0,575.0,0.0,420.0,0.0,0.0,10.0,396.0,155.0,14.0,0.0,1.0,1.0,1.0,0.0,2023
Caieiras,2,,,,,,,,,,,,,,,,2023
Caieiras,2,29.0,822.0,0.0,312.0,0.0,0.0,4.0,320.0,483.0,15.0,0.0,0.0,1.0,1.0,0.0,2023
Caieiras,2,13.0,235.0,0.0,0.0,0.0,0.0,0.0,4.0,224.0,7.0,0.0,0.0,1.0,1.0,1.0,2023
Mairiporã,2,36.0,808.0,0.0,371.0,0.0,0.0,11.0,353.0,424.0,20.0,0.0,1.0,1.0,1.0,1.0,2023
Franco da Rocha,2,,,,,,,,,,,,,,,,2023
Franco da Rocha,2,29.0,509.0,0.0,317.0,0.0,0.0,2.0,309.0,195.0,3.0,0.0,1.0,1.0,1.0,1.0,2023
Piracicaba,2,2.0,3.0,0.0,0.0,3.0,0.0,0.0,0.0,0.0,0.0,0.0,0.0,1.0,0.0,1.0,2023
Franco da Rocha,2,35.0,655.0,0.0,459.0,0.0,0.0,11.0,437.0,203.0,4.0,0.0,1.0,1.0,1.0,0.0,2023
Mairiporã,2,50.0,1078.0,0.0,416.0,0.0,0.0,4.0,388.0,521.0,165.0,0.0,1.0,1.0,1.0,0.0,2023
Franco da Rocha,2,37.0,1160.0,0.0,534.0,0.0,0.0,11.0,526.0,613.0,10.0,0.0,0.0,1.0,1.0,0.0,2023
Iporanga,2,6.0,5.0,0.0,1.0,0.0,0.0,0.0,1.0,2.0,2.0,0.0,0.0,0.0,0.0,0.0,2023
Franco da Rocha,2,36.0,842.0,0.0,489.0,0.0,0.0,10.0,472.0,7.0,353.0,0.0,0.0,1.0,1.0,0.0,2023
Franco da Rocha,2,40.0,832.0,0.0,0.0,0.0,0.0,0.0,17.0,786.0,29.0,0.0,1.0,1.0,1.0,0.0,2023
Mairiporã,2,32.0,508.0,0.0,221.0,0.0,0.0,3.0,211.0,261.0,33.0,0.0,0.0,1.0,1.0,0.0,2023
Mairiporã,2,22.0,326.0,0.0,188.0,0.0,0.0,5.0,179.0,132.0,10.0,0.0,1.0,1.0,0.0,0.0,2023
Mairiporã,2,40.0,1256.0,0.0,464.0,0.0,0.0,10.0,437.0,751.0,58.0,0.0,1.0,1.0,1.0,0.0,2023
Franco da Rocha,2,37.0,747.0,0.0,524.0,0.0,0.0,9.0,504.0,225.0,9.0,0.0,1.0,1.0,1.0,1.0,2023
Francisco Morato,2,34.0,840.0,0.0,603.0,0.0,0.0,11.0,581.0,11.0,237.0,0.0,1.0,1.0,1.0,1.0,2023
Guarulhos,2,22.0,281.0,0.0,152.0,0.0,0.0,0.0,142.0,134.0,5.0,0.0,1.0,1.0,1.0,0.0,2023
Guarulhos,2,22.0,465.0,465.0,0.0,0.0,1.0,456.0,8.0,0.0,0.0,0.0,0.0,1.0,0.0,1.0,2023
Guarulhos,2,25.0,403.0,403.0,0.0,0.0,0.0,387.0,16.0,0.0,0.0,0.0,1.0,1.0,1.0,0.0,2023
Guarulhos,2,22.0,479.0,479.0,0.0,0.0,0.0,462.0,17.0,0.0,0.0,0.0,0.0,1.0,0.0,0.0,2023
Guarulhos,2,60.0,1364.0,0.0,787.0,0.0,0.0,3.0,752.0,564.0,45.0,0.0,1.0,1.0,1.0,1.0,2023
Guarulhos,2,44.0,869.0,0.0,510.0,0.0,0.0,2.0,478.0,371.0,18.0,0.0,0.0,1.0,1.0,1.0,2023
Guarulhos,2,30.0,564.0,0.0,0.0,0.0,0.0,0.0,1.0,393.0,170.0,1.0,1.0,1.0,1.0,1.0,2023
Guarulhos,2,17.0,280.0,280.0,0.0,0.0,0.0,250.0,30.0,0.0,0.0,0.0,1.0,1.0,1.0,0.0,2023
Guarulhos,2,70.0,2015.0,0.0,540.0,0.0,0.0,1.0,497.0,1381.0,136.0,0.0,1.0,1.0,0.0,1.0,2023
Guarulhos,2,29.0,445.0,0.0,250.0,0.0,0.0,1.0,232.0,197.0,15.0,0.0,1.0,1.0,1.0,0.0,2023
Santa Isabel,2,7.0,518.0,0.0,0.0,0.0,0.0,0.0,0.0,0.0,518.0,0.0,0.0,1.0,0.0,0.0,2023
Guarulhos,2,57.0,1340.0,0.0,301.0,0.0,0.0,0.0,277.0,720.0,343.0,0.0,1.0,1.0,1.0,1.0,2023
Guarulhos,2,40.0,618.0,0.0,110.0,0.0,0.0,0.0,104.0,369.0,145.0,0.0,1.0,1.0,1.0,1.0,2023
Guarulhos,2,18.0,268.0,0.0,268.0,0.0,0.0,2.0,252.0,14.0,0.0,0.0,0.0,1.0,1.0,1.0,2023
Bauru,2,27.0,501.0,0.0,384.0,0.0,0.0,8.0,365.0,126.0,2.0,0.0,1.0,1.0,1.0,1.0,2023
Guarulhos,2,46.0,948.0,0.0,608.0,0.0,0.0,0.0,567.0,353.0,28.0,0.0,1.0,1.0,1.0,0.0,2023
Pirassununga,2,7.0,457.0,0.0,0.0,0.0,0.0,0.0,0.0,0.0,457.0,0.0,0.0,1.0,0.0,0.0,2023
Votuporanga,2,8.0,537.0,0.0,0.0,0.0,0.0,0.0,0.0,0.0,537.0,0.0,0.0,1.0,0.0,1.0,2023
Guarulhos,2,47.0,958.0,0.0,517.0,0.0,0.0,0.0,500.0,445.0,13.0,0.0,1.0,1.0,1.0,1.0,2023
Guarulhos,2,29.0,489.0,0.0,443.0,0.0,0.0,0.0,421.0,22.0,46.0,0.0,1.0,1.0,1.0,1.0,2023
São Paulo,2,15.0,277.0,0.0,277.0,0.0,0.0,3.0,262.0,12.0,0.0,0.0,0.0,1.0,1.0,0.0,2023
Pindamonhangaba,2,21.0,347.0,0.0,347.0,0.0,0.0,3.0,323.0,19.0,2.0,0.0,1.0,1.0,0.0,0.0,2023
Guarulhos,2,17.0,317.0,0.0,317.0,0.0,0.0,0.0,305.0,12.0,0.0,0.0,0.0,1.0,1.0,1.0,2023
Guarulhos,2,14.0,193.0,193.0,0.0,0.0,0.0,189.0,4.0,0.0,0.0,0.0,0.0,1.0,0.0,1.0,2023
Guarulhos,2,,,,,,,,,,,,,,,,2023
Guarulhos,2,20.0,403.0,403.0,0.0,0.0,0.0,388.0,15.0,0.0,0.0,0.0,0.0,1.0,0.0,0.0,2023
Guarulhos,2,48.0,869.0,0.0,581.0,0.0,0.0,0.0,542.0,311.0,16.0,0.0,1.0,1.0,0.0,1.0,2023
Guarulhos,2,51.0,1218.0,0.0,409.0,0.0,0.0,0.0,379.0,620.0,219.0,0.0,1.0,1.0,0.0,0.0,2023
Guarulhos,2,16.0,237.0,0.0,0.0,0.0,0.0,0.0,3.0,227.0,7.0,0.0,1.0,1.0,1.0,0.0,2023
Guarulhos,2,24.0,430.0,430.0,0.0,0.0,0.0,420.0,10.0,0.0,0.0,0.0,0.0,1.0,1.0,0.0,2023
Guarulhos,2,27.0,397.0,330.0,67.0,0.0,0.0,322.0,55.0,20.0,0.0,0.0,1.0,1.0,1.0,0.0,2023
Guarulhos,2,45.0,950.0,0.0,415.0,0.0,0.0,3.0,394.0,519.0,34.0,0.0,1.0,1.0,1.0,1.0,2023
Guarulhos,2,29.0,346.0,0.0,204.0,0.0,0.0,0.0,186.0,147.0,13.0,0.0,1.0,1.0,1.0,1.0,2023
Embu-Guaçu,2,,,,,,,,,,,,,,,,2023
Guarulhos,2,31.0,549.0,33.0,316.0,0.0,0.0,29.0,300.0,211.0,9.0,0.0,1.0,1.0,1.0,1.0,2023
Guarulhos,2,73.0,1878.0,96.0,598.0,0.0,0.0,85.0,581.0,1087.0,125.0,0.0,0.0,1.0,1.0,1.0,2023
Guarulhos,2,35.0,666.0,0.0,377.0,0.0,0.0,1.0,347.0,275.0,43.0,0.0,1.0,1.0,1.0,0.0,2023
Guarulhos,2,43.0,766.0,0.0,496.0,0.0,0.0,0.0,460.0,287.0,19.0,0.0,1.0,1.0,1.0,1.0,2023
Guarulhos,2,36.0,528.0,0.0,355.0,0.0,0.0,0.0,332.0,178.0,18.0,0.0,1.0,1.0,1.0,1.0,2023
Guarulhos,2,20.0,297.0,0.0,297.0,0.0,0.0,2.0,263.0,32.0,0.0,0.0,1.0,1.0,1.0,0.0,2023
Guarulhos,2,43.0,898.0,0.0,399.0,0.0,0.0,0.0,390.0,487.0,21.0,0.0,1.0,1.0,1.0,1.0,2023
Guarulhos,2,23.0,382.0,382.0,0.0,0.0,0.0,370.0,12.0,0.0,0.0,0.0,1.0,1.0,0.0,0.0,2023
Guarulhos,2,31.0,599.0,599.0,0.0,0.0,0.0,577.0,22.0,0.0,0.0,0.0,1.0,1.0,1.0,1.0,2023
Guarulhos,2,28.0,335.0,0.0,0.0,0.0,0.0,0.0,0.0,318.0,17.0,0.0,1.0,1.0,1.0,1.0,2023
Guarulhos,2,47.0,859.0,0.0,415.0,0.0,0.0,0.0,390.0,450.0,19.0,0.0,1.0,1.0,1.0,1.0,2023
Guarulhos,2,35.0,655.0,0.0,422.0,0.0,0.0,3.0,395.0,245.0,12.0,0.0,1.0,1.0,1.0,1.0,2023
Guarulhos,2,46.0,1091.0,0.0,390.0,0.0,0.0,2.0,359.0,472.0,258.0,0.0,1.0,1.0,1.0,1.0,2023
Guarulhos,2,20.0,352.0,0.0,279.0,0.0,0.0,0.0,263.0,89.0,0.0,0.0,1.0,1.0,1.0,0.0,2023
Guarulhos,2,47.0,981.0,0.0,618.0,0.0,0.0,0.0,594.0,351.0,36.0,0.0,0.0,1.0,1.0,1.0,2023
Guarulhos,2,23.0,464.0,464.0,0.0,0.0,0.0,449.0,15.0,0.0,0.0,0.0,1.0,1.0,1.0,1.0,2023
Guarulhos,2,53.0,1135.0,0.0,646.0,0.0,0.0,4.0,601.0,372.0,158.0,1.0,0.0,1.0,1.0,0.0,2023
Guarulhos,2,21.0,438.0,438.0,0.0,0.0,0.0,414.0,24.0,0.0,0.0,0.0,1.0,1.0,1.0,1.0,2023
Guarulhos,2,29.0,315.0,315.0,0.0,0.0,0.0,307.0,8.0,0.0,0.0,0.0,1.0,1.0,0.0,1.0,2023
Guarulhos,2,46.0,852.0,0.0,527.0,0.0,0.0,2.0,484.0,317.0,49.0,0.0,1.0,1.0,1.0,1.0,2023
Guarulhos,2,21.0,438.0,0.0,0.0,0.0,0.0,0.0,7.0,405.0,26.0,0.0,1.0,1.0,1.0,0.0,2023
Guarulhos,2,92.0,2595.0,138.0,1110.0,0.0,0.0,123.0,1029.0,1171.0,272.0,0.0,1.0,1.0,1.0,1.0,2023
Cristais Paulista,2,,,,,,,,,,,0.0,1.0,1.0,1.0,0.0,2023
Guarulhos,2,38.0,603.0,0.0,342.0,0.0,0.0,0.0,304.0,275.0,24.0,0.0,1.0,1.0,1.0,1.0,2023
Iporanga,2,5.0,13.0,0.0,5.0,0.0,0.0,0.0,5.0,6.0,2.0,0.0,0.0,0.0,0.0,0.0,2023
Guarulhos,2,32.0,710.0,0.0,332.0,0.0,0.0,0.0,317.0,368.0,25.0,0.0,0.0,1.0,1.0,0.0,2023
Guarulhos,2,36.0,693.0,197.0,496.0,0.0,0.0,197.0,493.0,3.0,0.0,0.0,0.0,1.0,1.0,1.0,2023
Guarulhos,2,66.0,2033.0,0.0,918.0,0.0,0.0,0.0,865.0,1099.0,69.0,0.0,1.0,1.0,1.0,0.0,2023
Nova Independência,2,6.0,73.0,0.0,0.0,0.0,0.0,0.0,0.0,0.0,73.0,0.0,0.0,0.0,0.0,0.0,2023
Guarulhos,2,35.0,857.0,857.0,0.0,0.0,0.0,830.0,27.0,0.0,0.0,0.0,0.0,1.0,1.0,1.0,2023
Guarulhos,2,38.0,768.0,768.0,0.0,0.0,0.0,732.0,36.0,0.0,0.0,0.0,1.0,1.0,1.0,1.0,2023
Guarulhos,2,31.0,495.0,0.0,357.0,0.0,0.0,2.0,330.0,155.0,8.0,0.0,1.0,1.0,1.0,1.0,2023
Guarulhos,2,32.0,498.0,429.0,0.0,0.0,0.0,382.0,44.0,3.0,69.0,0.0,1.0,1.0,1.0,1.0,2023
Guarulhos,2,20.0,292.0,292.0,0.0,0.0,0.0,282.0,10.0,0.0,0.0,0.0,1.0,1.0,1.0,0.0,2023
Guarulhos,2,41.0,947.0,0.0,466.0,0.0,0.0,0.0,435.0,453.0,59.0,0.0,1.0,1.0,1.0,1.0,2023
Arujá,2,47.0,879.0,0.0,300.0,0.0,0.0,3.0,291.0,435.0,150.0,0.0,1.0,1.0,1.0,0.0,2023
Guarulhos,2,45.0,1169.0,0.0,506.0,0.0,0.0,2.0,479.0,638.0,50.0,0.0,0.0,1.0,1.0,0.0,2023
Arujá,2,50.0,1140.0,0.0,353.0,0.0,0.0,2.0,338.0,591.0,209.0,1.0,0.0,1.0,1.0,1.0,2023
Arujá,2,64.0,2053.0,0.0,1080.0,0.0,0.0,12.0,1019.0,976.0,46.0,0.0,1.0,1.0,1.0,0.0,2023
Juquitiba,2,,,,,,,,,,,,,,,,2023
Guarulhos,2,76.0,2102.0,65.0,787.0,0.0,0.0,59.0,747.0,1157.0,139.0,0.0,1.0,1.0,1.0,0.0,2023
Guarulhos,2,38.0,527.0,0.0,338.0,0.0,0.0,0.0,312.0,201.0,14.0,0.0,1.0,1.0,1.0,1.0,2023
Guarulhos,2,30.0,426.0,44.0,279.0,0.0,0.0,31.0,278.0,104.0,13.0,0.0,1.0,1.0,1.0,0.0,2023
Barretos,2,,,,,,,,,,,,,,,,2023
Guarulhos,2,30.0,471.0,0.0,339.0,0.0,0.0,1.0,323.0,141.0,6.0,0.0,1.0,1.0,1.0,0.0,2023
Guarulhos,2,53.0,920.0,0.0,523.0,0.0,0.0,0.0,483.0,335.0,102.0,0.0,1.0,1.0,1.0,1.0,2023
Arujá,2,17.0,243.0,0.0,145.0,0.0,0.0,2.0,139.0,97.0,5.0,0.0,1.0,1.0,1.0,0.0,2023
Guarulhos,2,22.0,549.0,549.0,0.0,0.0,0.0,533.0,16.0,0.0,0.0,0.0,1.0,1.0,0.0,0.0,2023
Guarulhos,2,19.0,292.0,292.0,0.0,0.0,0.0,284.0,8.0,0.0,0.0,1.0,1.0,1.0,1.0,1.0,2023
Guarulhos,2,33.0,414.0,0.0,240.0,0.0,0.0,0.0,205.0,187.0,22.0,0.0,1.0,1.0,1.0,1.0,2023
Santa Isabel,2,35.0,702.0,0.0,554.0,0.0,0.0,4.0,536.0,39.0,123.0,0.0,0.0,1.0,1.0,0.0,2023
Santa Isabel,2,29.0,553.0,0.0,436.0,0.0,0.0,10.0,409.0,125.0,9.0,0.0,1.0,1.0,1.0,1.0,2023
Santa Isabel,2,47.0,1036.0,0.0,274.0,0.0,0.0,4.0,262.0,728.0,42.0,0.0,1.0,1.0,1.0,1.0,2023
Santa Isabel,2,34.0,691.0,0.0,319.0,0.0,0.0,4.0,303.0,362.0,22.0,0.0,1.0,1.0,1.0,0.0,2023
Mogi das Cruzes,2,34.0,538.0,0.0,538.0,0.0,0.0,1.0,482.0,54.0,1.0,0.0,1.0,1.0,1.0,0.0,2023
Biritiba Mirim,2,48.0,1040.0,0.0,644.0,0.0,0.0,13.0,601.0,411.0,15.0,0.0,1.0,1.0,1.0,0.0,2023
Mogi das Cruzes,2,103.0,1903.0,0.0,0.0,0.0,0.0,0.0,11.0,1154.0,738.0,1.0,1.0,1.0,1.0,1.0,2023
Mogi das Cruzes,2,24.0,439.0,0.0,254.0,0.0,0.0,2.0,245.0,178.0,14.0,0.0,1.0,1.0,1.0,1.0,2023
Mogi das Cruzes,2,25.0,524.0,0.0,0.0,0.0,0.0,0.0,3.0,492.0,29.0,0.0,1.0,1.0,1.0,0.0,2023
Mogi das Cruzes,2,,,,,,,,,,,,,,,,2023
Mogi das Cruzes,2,34.0,812.0,0.0,282.0,0.0,0.0,0.0,255.0,519.0,38.0,0.0,1.0,1.0,1.0,1.0,2023
Mogi das Cruzes,2,21.0,416.0,0.0,416.0,0.0,0.0,1.0,383.0,32.0,0.0,0.0,0.0,1.0,1.0,0.0,2023
Mogi das Cruzes,2,87.0,1994.0,0.0,524.0,0.0,0.0,0.0,487.0,1365.0,142.0,0.0,1.0,1.0,1.0,1.0,2023
Mogi das Cruzes,2,27.0,398.0,0.0,214.0,0.0,0.0,2.0,192.0,186.0,18.0,0.0,0.0,1.0,1.0,0.0,2023
Guarulhos,2,,,,,,,,,,,,,,,,2023
Mogi das Cruzes,2,31.0,424.0,0.0,254.0,0.0,0.0,0.0,237.0,183.0,4.0,0.0,1.0,1.0,1.0,1.0,2023
Mogi das Cruzes,2,28.0,379.0,0.0,139.0,0.0,0.0,0.0,130.0,235.0,14.0,0.0,1.0,1.0,1.0,0.0,2023
Mogi das Cruzes,2,40.0,833.0,0.0,517.0,0.0,0.0,0.0,487.0,325.0,21.0,0.0,1.0,1.0,1.0,0.0,2023
Mogi das Cruzes,2,46.0,888.0,0.0,0.0,0.0,0.0,0.0,7.0,830.0,51.0,0.0,1.0,1.0,1.0,0.0,2023
Mogi das Cruzes,2,40.0,624.0,0.0,446.0,0.0,0.0,0.0,436.0,178.0,10.0,0.0,0.0,1.0,1.0,1.0,2023
Salesópolis,2,47.0,863.0,0.0,399.0,0.0,0.0,13.0,361.0,413.0,76.0,0.0,1.0,1.0,1.0,1.0,2023
Salesópolis,2,26.0,508.0,0.0,321.0,0.0,0.0,7.0,293.0,198.0,10.0,0.0,1.0,1.0,1.0,1.0,2023
Guararema,2,44.0,926.0,0.0,450.0,0.0,0.0,4.0,416.0,393.0,113.0,0.0,1.0,1.0,1.0,0.0,2023
Guararema,2,18.0,416.0,0.0,258.0,0.0,0.0,7.0,241.0,161.0,7.0,0.0,1.0,1.0,1.0,1.0,2023
Guararema,2,,,,,,,,,,,,,,,,2023
Bragança Paulista,2,14.0,237.0,0.0,237.0,0.0,0.0,5.0,220.0,12.0,0.0,0.0,1.0,1.0,1.0,1.0,2023
Mogi das Cruzes,2,21.0,251.0,0.0,162.0,0.0,0.0,0.0,155.0,91.0,5.0,0.0,1.0,1.0,1.0,0.0,2023
Mogi das Cruzes,2,13.0,140.0,0.0,112.0,0.0,0.0,1.0,104.0,35.0,0.0,0.0,0.0,1.0,1.0,0.0,2023
Mogi das Cruzes,2,30.0,443.0,0.0,220.0,0.0,0.0,0.0,208.0,207.0,28.0,0.0,1.0,1.0,1.0,0.0,2023
Mogi das Cruzes,2,,,,,,,,,,,,,,,,2023
Mogi das Cruzes,2,42.0,637.0,0.0,377.0,0.0,0.0,0.0,355.0,267.0,15.0,0.0,1.0,1.0,1.0,0.0,2023
Mogi das Cruzes,2,27.0,469.0,0.0,280.0,0.0,0.0,4.0,263.0,195.0,7.0,0.0,1.0,1.0,1.0,1.0,2023
Mogi das Cruzes,2,,,,,,,,,,,,,,,,2023
Mogi das Cruzes,2,51.0,922.0,0.0,244.0,0.0,0.0,0.0,232.0,473.0,217.0,0.0,1.0,1.0,1.0,1.0,2023
Ipeúna,2,13.0,242.0,0.0,143.0,0.0,0.0,3.0,144.0,91.0,4.0,0.0,1.0,1.0,1.0,1.0,2023
Mogi das Cruzes,2,,,,,,,,,,,,,,,,2023
Mogi das Cruzes,2,30.0,547.0,0.0,235.0,0.0,0.0,0.0,215.0,314.0,18.0,0.0,1.0,1.0,1.0,1.0,2023
Mogi das Cruzes,2,30.0,452.0,0.0,452.0,0.0,0.0,1.0,451.0,0.0,0.0,0.0,0.0,1.0,1.0,0.0,2023
Itapira,2,22.0,306.0,0.0,265.0,0.0,0.0,2.0,229.0,70.0,5.0,0.0,0.0,1.0,1.0,1.0,2023
Mogi das Cruzes,2,41.0,682.0,0.0,573.0,0.0,0.0,0.0,532.0,41.0,109.0,0.0,1.0,1.0,1.0,0.0,2023
Mogi das Cruzes,2,52.0,852.0,29.0,372.0,0.0,0.0,25.0,349.0,455.0,23.0,0.0,1.0,1.0,1.0,0.0,2023
Mogi das Cruzes,2,29.0,539.0,0.0,129.0,0.0,0.0,2.0,131.0,381.0,25.0,0.0,1.0,1.0,1.0,1.0,2023
Suzano,2,37.0,803.0,803.0,0.0,0.0,0.0,777.0,26.0,0.0,0.0,0.0,1.0,1.0,1.0,0.0,2023
Suzano,2,29.0,616.0,616.0,0.0,0.0,0.0,574.0,41.0,1.0,0.0,0.0,1.0,1.0,1.0,0.0,2023
Itaquaquecetuba,2,,,,,,,,,,,,,,,,2023
Suzano,2,46.0,1367.0,0.0,179.0,0.0,0.0,0.0,162.0,1086.0,119.0,0.0,1.0,1.0,1.0,0.0,2023
Suzano,2,35.0,703.0,0.0,140.0,0.0,0.0,0.0,130.0,560.0,13.0,0.0,1.0,1.0,1.0,1.0,2023
Suzano,2,40.0,746.0,222.0,319.0,0.0,0.0,215.0,290.0,220.0,21.0,0.0,1.0,1.0,1.0,1.0,2023
Pacaembu,2,9.0,66.0,0.0,0.0,0.0,0.0,0.0,0.0,0.0,66.0,0.0,0.0,0.0,0.0,0.0,2023
Pacaembu,2,13.0,92.0,0.0,0.0,0.0,0.0,0.0,0.0,0.0,92.0,0.0,0.0,0.0,0.0,0.0,2023
Poá,2,35.0,633.0,0.0,421.0,0.0,0.0,6.0,395.0,220.0,12.0,0.0,1.0,1.0,1.0,1.0,2023
Poá,2,57.0,995.0,0.0,388.0,0.0,0.0,11.0,359.0,570.0,55.0,0.0,1.0,1.0,1.0,1.0,2023
Suzano,2,32.0,599.0,599.0,0.0,0.0,0.0,561.0,38.0,0.0,0.0,0.0,1.0,1.0,1.0,0.0,2023
Poá,2,17.0,270.0,0.0,158.0,0.0,0.0,3.0,146.0,115.0,6.0,0.0,1.0,1.0,1.0,1.0,2023
Suzano,2,28.0,544.0,544.0,0.0,0.0,0.0,519.0,24.0,1.0,0.0,0.0,1.0,1.0,1.0,1.0,2023
Suzano,2,40.0,629.0,0.0,297.0,0.0,0.0,1.0,281.0,331.0,16.0,0.0,1.0,1.0,1.0,0.0,2023
Suzano,2,25.0,396.0,0.0,259.0,0.0,0.0,1.0,247.0,141.0,7.0,0.0,1.0,1.0,1.0,1.0,2023
Itaquaquecetuba,2,43.0,731.0,0.0,358.0,0.0,0.0,5.0,332.0,198.0,196.0,0.0,1.0,1.0,1.0,1.0,2023
Itaquaquecetuba,2,86.0,1409.0,0.0,729.0,0.0,0.0,12.0,673.0,623.0,101.0,0.0,1.0,1.0,1.0,0.0,2023
Paulo de Faria,2,9.0,62.0,0.0,0.0,0.0,0.0,0.0,0.0,0.0,62.0,0.0,0.0,0.0,0.0,0.0,2023
Itaquaquecetuba,2,,,,,,,,,,,,,,,,2023
Itaquaquecetuba,2,50.0,905.0,0.0,612.0,0.0,0.0,16.0,553.0,304.0,32.0,0.0,1.0,1.0,1.0,0.0,2023
Itaquaquecetuba,2,,,,,,,,,,,,,,,,2023
Lavínia,2,8.0,70.0,0.0,0.0,0.0,0.0,0.0,0.0,0.0,70.0,0.0,0.0,0.0,0.0,0.0,2023
Itaquaquecetuba,2,85.0,1272.0,0.0,683.0,0.0,0.0,11.0,631.0,556.0,74.0,0.0,1.0,1.0,1.0,0.0,2023
Itaquaquecetuba,2,25.0,476.0,0.0,245.0,0.0,0.0,11.0,229.0,222.0,14.0,0.0,1.0,1.0,1.0,0.0,2023
São José dos Campos,2,,,,,,,,,,,,,,,,2023
Suzano,2,30.0,641.0,641.0,0.0,0.0,0.0,606.0,35.0,0.0,0.0,0.0,1.0,1.0,1.0,1.0,2023
Suzano,2,30.0,522.0,203.0,195.0,0.0,0.0,194.0,196.0,122.0,10.0,0.0,1.0,1.0,1.0,0.0,2023
Suzano,2,31.0,478.0,0.0,325.0,0.0,0.0,1.0,319.0,155.0,3.0,0.0,1.0,1.0,1.0,1.0,2023
Suzano,2,56.0,966.0,0.0,426.0,0.0,0.0,1.0,391.0,526.0,48.0,0.0,1.0,1.0,1.0,1.0,2023
Suzano,2,62.0,1114.0,0.0,427.0,0.0,0.0,2.0,406.0,665.0,41.0,0.0,1.0,1.0,1.0,1.0,2023
Ferraz de Vasconcelos,2,35.0,726.0,0.0,417.0,0.0,0.0,1.0,395.0,304.0,26.0,0.0,1.0,1.0,1.0,0.0,2023
Ferraz de Vasconcelos,2,,,,,,,,,,,,,,,,2023
Ferraz de Vasconcelos,2,68.0,1123.0,0.0,492.0,0.0,0.0,3.0,434.0,412.0,274.0,0.0,1.0,1.0,1.0,0.0,2023
Ferraz de Vasconcelos,2,39.0,772.0,0.0,553.0,0.0,0.0,0.0,516.0,244.0,12.0,0.0,1.0,1.0,1.0,0.0,2023
Ferraz de Vasconcelos,2,,,,,,,,,,,,,,,,2023
Ferraz de Vasconcelos,2,42.0,1149.0,0.0,439.0,0.0,0.0,1.0,417.0,642.0,89.0,0.0,1.0,1.0,1.0,1.0,2023
Ferraz de Vasconcelos,2,31.0,579.0,0.0,358.0,0.0,0.0,0.0,329.0,240.0,10.0,0.0,1.0,1.0,1.0,1.0,2023
Itaquaquecetuba,2,43.0,1081.0,0.0,358.0,0.0,0.0,7.0,339.0,339.0,396.0,0.0,1.0,1.0,1.0,0.0,2023
Poá,2,62.0,1166.0,0.0,489.0,0.0,0.0,15.0,461.0,671.0,19.0,0.0,1.0,1.0,1.0,1.0,2023
Poá,2,23.0,399.0,0.0,271.0,0.0,0.0,7.0,248.0,139.0,5.0,0.0,1.0,1.0,1.0,0.0,2023
Poá,2,44.0,713.0,0.0,151.0,0.0,0.0,3.0,138.0,321.0,251.0,0.0,1.0,1.0,1.0,1.0,2023
Diadema,2,43.0,937.0,731.0,0.0,0.0,5.0,717.0,9.0,0.0,206.0,0.0,1.0,1.0,1.0,0.0,2023
Diadema,2,37.0,714.0,0.0,439.0,0.0,0.0,11.0,413.0,270.0,20.0,0.0,1.0,1.0,1.0,1.0,2023
Diadema,2,,,,,,,,,,,,,,,,2023
Diadema,2,47.0,910.0,811.0,0.0,0.0,5.0,794.0,12.0,0.0,99.0,0.0,1.0,1.0,1.0,1.0,2023
Diadema,2,52.0,1408.0,0.0,542.0,0.0,0.0,7.0,515.0,796.0,90.0,0.0,1.0,1.0,1.0,1.0,2023
Diadema,2,69.0,2547.0,0.0,1043.0,0.0,0.0,10.0,996.0,1376.0,165.0,0.0,1.0,1.0,1.0,1.0,2023
Diadema,2,51.0,1095.0,0.0,600.0,0.0,0.0,7.0,594.0,471.0,23.0,0.0,0.0,1.0,1.0,1.0,2023
Caiuá,2,7.0,133.0,0.0,0.0,0.0,0.0,0.0,0.0,0.0,133.0,0.0,0.0,1.0,0.0,0.0,2023
Diadema,2,51.0,1079.0,309.0,313.0,0.0,0.0,293.0,304.0,430.0,52.0,0.0,1.0,1.0,1.0,1.0,2023
Diadema,2,17.0,290.0,290.0,0.0,0.0,1.0,287.0,2.0,0.0,0.0,0.0,1.0,1.0,1.0,0.0,2023
Diadema,2,24.0,514.0,514.0,0.0,0.0,3.0,510.0,1.0,0.0,0.0,0.0,1.0,1.0,0.0,0.0,2023
Diadema,2,21.0,353.0,353.0,0.0,0.0,3.0,348.0,2.0,0.0,0.0,0.0,0.0,1.0,0.0,1.0,2023
Diadema,2,31.0,552.0,0.0,373.0,0.0,0.0,6.0,360.0,179.0,7.0,0.0,1.0,1.0,1.0,1.0,2023
Diadema,2,43.0,960.0,0.0,563.0,0.0,0.0,5.0,545.0,378.0,32.0,0.0,1.0,1.0,1.0,1.0,2023
Diadema,2,21.0,413.0,413.0,0.0,0.0,5.0,407.0,1.0,0.0,0.0,0.0,1.0,1.0,1.0,0.0,2023
Diadema,2,21.0,450.0,450.0,0.0,0.0,5.0,434.0,11.0,0.0,0.0,0.0,0.0,1.0,1.0,1.0,2023
Diadema,2,,,,,,,,,,,,,,,,2023
Diadema,2,21.0,394.0,0.0,0.0,0.0,0.0,0.0,4.0,359.0,31.0,0.0,1.0,1.0,1.0,1.0,2023
Diadema,2,34.0,722.0,0.0,380.0,0.0,0.0,9.0,359.0,337.0,17.0,0.0,1.0,1.0,1.0,1.0,2023
Diadema,2,22.0,477.0,477.0,0.0,0.0,2.0,472.0,3.0,0.0,0.0,0.0,1.0,1.0,1.0,1.0,2023
Diadema,2,52.0,1533.0,0.0,699.0,0.0,0.0,17.0,676.0,744.0,96.0,0.0,1.0,1.0,0.0,1.0,2023
Diadema,2,52.0,1798.0,0.0,818.0,0.0,0.0,17.0,790.0,902.0,89.0,0.0,1.0,1.0,1.0,1.0,2023
Diadema,2,35.0,650.0,0.0,308.0,0.0,0.0,6.0,281.0,325.0,38.0,0.0,1.0,1.0,0.0,1.0,2023
Mauá,2,18.0,399.0,399.0,0.0,0.0,2.0,387.0,10.0,0.0,0.0,0.0,0.0,1.0,1.0,0.0,2023
Mauá,2,44.0,1434.0,0.0,587.0,0.0,0.0,17.0,577.0,824.0,16.0,0.0,0.0,1.0,1.0,1.0,2023
Mauá,2,25.0,449.0,449.0,0.0,0.0,1.0,440.0,8.0,0.0,0.0,0.0,0.0,1.0,0.0,0.0,2023
Mauá,2,19.0,310.0,0.0,184.0,0.0,0.0,2.0,186.0,119.0,3.0,0.0,1.0,1.0,1.0,1.0,2023
Mauá,2,48.0,1034.0,0.0,646.0,0.0,0.0,17.0,616.0,384.0,17.0,0.0,0.0,1.0,1.0,1.0,2023
Mauá,2,40.0,867.0,90.0,289.0,0.0,0.0,88.0,275.0,460.0,44.0,0.0,1.0,1.0,1.0,0.0,2023
Mauá,2,43.0,949.0,949.0,0.0,0.0,0.0,925.0,24.0,0.0,0.0,0.0,0.0,1.0,1.0,1.0,2023
Ribeirão Pires,2,19.0,328.0,328.0,0.0,0.0,2.0,322.0,4.0,0.0,0.0,0.0,0.0,1.0,1.0,1.0,2023
Ribeirão Pires,2,41.0,909.0,0.0,284.0,0.0,0.0,8.0,279.0,581.0,41.0,0.0,1.0,1.0,1.0,0.0,2023
Mauá,2,23.0,342.0,160.0,102.0,0.0,0.0,161.0,97.0,82.0,2.0,0.0,1.0,1.0,1.0,1.0,2023
Ribeirão Pires,2,9.0,133.0,133.0,0.0,0.0,0.0,131.0,2.0,0.0,0.0,0.0,0.0,1.0,1.0,1.0,2023
Mauá,2,40.0,727.0,661.0,0.0,0.0,1.0,648.0,12.0,0.0,66.0,0.0,1.0,1.0,0.0,0.0,2023
Mauá,2,24.0,502.0,262.0,240.0,0.0,3.0,261.0,226.0,12.0,0.0,1.0,1.0,1.0,1.0,1.0,2023
Mauá,2,46.0,960.0,324.0,431.0,0.0,1.0,327.0,410.0,44.0,178.0,0.0,1.0,1.0,1.0,0.0,2023
Mauá,2,32.0,597.0,597.0,0.0,0.0,0.0,591.0,6.0,0.0,0.0,0.0,1.0,1.0,0.0,1.0,2023
Mauá,2,31.0,701.0,701.0,0.0,0.0,1.0,690.0,10.0,0.0,0.0,0.0,0.0,1.0,1.0,1.0,2023
Mauá,2,36.0,925.0,925.0,0.0,0.0,1.0,923.0,1.0,0.0,0.0,0.0,1.0,1.0,1.0,1.0,2023
Mauá,2,51.0,1493.0,0.0,556.0,0.0,0.0,6.0,531.0,910.0,46.0,0.0,1.0,1.0,1.0,1.0,2023
Mauá,2,29.0,517.0,517.0,0.0,0.0,3.0,511.0,3.0,0.0,0.0,0.0,1.0,1.0,1.0,1.0,2023
São Bernardo do Campo,2,8.0,67.0,18.0,19.0,0.0,0.0,17.0,4.0,13.0,33.0,0.0,0.0,0.0,0.0,0.0,2023
Mauá,2,31.0,525.0,0.0,384.0,0.0,0.0,5.0,367.0,147.0,6.0,1.0,1.0,1.0,1.0,0.0,2023
Mauá,2,23.0,475.0,475.0,0.0,0.0,0.0,469.0,6.0,0.0,0.0,0.0,0.0,1.0,1.0,0.0,2023
Mauá,2,35.0,778.0,0.0,459.0,0.0,0.0,9.0,424.0,332.0,13.0,0.0,1.0,1.0,1.0,0.0,2023
Mauá,2,34.0,803.0,803.0,0.0,0.0,0.0,794.0,9.0,0.0,0.0,0.0,1.0,1.0,1.0,1.0,2023
Mauá,2,36.0,839.0,839.0,0.0,0.0,1.0,835.0,3.0,0.0,0.0,0.0,1.0,1.0,1.0,1.0,2023
Mauá,2,45.0,1032.0,0.0,468.0,0.0,0.0,10.0,451.0,404.0,167.0,0.0,1.0,1.0,1.0,1.0,2023
Mauá,2,49.0,698.0,314.0,277.0,0.0,0.0,310.0,275.0,109.0,4.0,0.0,1.0,1.0,1.0,1.0,2023
Mauá,2,29.0,581.0,581.0,0.0,0.0,3.0,573.0,5.0,0.0,0.0,0.0,1.0,1.0,1.0,0.0,2023
Mauá,2,64.0,1711.0,0.0,598.0,0.0,0.0,9.0,569.0,1055.0,78.0,0.0,1.0,1.0,1.0,1.0,2023
Mauá,2,50.0,1550.0,0.0,965.0,0.0,0.0,22.0,932.0,584.0,12.0,0.0,1.0,1.0,1.0,1.0,2023
Mauá,2,31.0,544.0,0.0,396.0,0.0,0.0,2.0,378.0,143.0,21.0,0.0,1.0,1.0,1.0,0.0,2023
Registro,2,10.0,168.0,0.0,0.0,0.0,0.0,0.0,0.0,0.0,168.0,0.0,0.0,0.0,0.0,0.0,2023
Rio Grande da Serra,2,32.0,558.0,244.0,196.0,0.0,0.0,246.0,190.0,118.0,4.0,0.0,1.0,1.0,1.0,0.0,2023
Rio Grande da Serra,2,22.0,297.0,146.0,151.0,0.0,2.0,147.0,139.0,9.0,0.0,0.0,1.0,1.0,1.0,0.0,2023
Ribeirão Pires,2,31.0,558.0,0.0,237.0,0.0,0.0,1.0,234.0,309.0,14.0,0.0,1.0,1.0,1.0,1.0,2023
Ribeirão Pires,2,19.0,275.0,0.0,111.0,0.0,0.0,6.0,98.0,157.0,14.0,0.0,1.0,1.0,1.0,1.0,2023
Ribeirão Pires,2,8.0,123.0,123.0,0.0,0.0,1.0,122.0,0.0,0.0,0.0,0.0,0.0,1.0,1.0,1.0,2023
Ribeirão Pires,2,16.0,278.0,278.0,0.0,0.0,3.0,273.0,2.0,0.0,0.0,0.0,0.0,1.0,1.0,0.0,2023
Ribeirão Pires,2,14.0,236.0,236.0,0.0,0.0,0.0,236.0,0.0,0.0,0.0,0.0,1.0,1.0,1.0,1.0,2023
Ribeirão Pires,2,39.0,616.0,138.0,215.0,0.0,0.0,136.0,211.0,257.0,12.0,0.0,1.0,1.0,1.0,1.0,2023
Rio Grande da Serra,2,31.0,625.0,233.0,232.0,0.0,0.0,231.0,225.0,160.0,9.0,0.0,1.0,1.0,1.0,0.0,2023
Ribeirão Pires,2,22.0,345.0,0.0,210.0,0.0,0.0,3.0,202.0,135.0,5.0,0.0,1.0,1.0,1.0,1.0,2023
Ribeirão Pires,2,25.0,320.0,0.0,191.0,0.0,0.0,2.0,185.0,127.0,6.0,1.0,1.0,1.0,1.0,1.0,2023
Ribeirão Pires,2,19.0,297.0,0.0,159.0,0.0,0.0,3.0,155.0,131.0,8.0,0.0,1.0,1.0,1.0,1.0,2023
Ribeirão Pires,2,11.0,237.0,237.0,0.0,0.0,4.0,231.0,2.0,0.0,0.0,0.0,1.0,1.0,1.0,0.0,2023
Ribeirão Pires,2,30.0,451.0,0.0,228.0,0.0,0.0,0.0,218.0,227.0,6.0,0.0,1.0,1.0,1.0,0.0,2023
Álvaro de Carvalho,2,11.0,173.0,0.0,0.0,0.0,0.0,0.0,0.0,0.0,173.0,0.0,0.0,1.0,0.0,0.0,2023
Agudos,2,19.0,273.0,0.0,221.0,0.0,0.0,7.0,206.0,57.0,3.0,0.0,1.0,1.0,1.0,1.0,2023
Santo André,2,36.0,687.0,0.0,475.0,0.0,0.0,9.0,421.0,238.0,19.0,0.0,1.0,1.0,1.0,0.0,2023
Santo André,2,36.0,696.0,0.0,437.0,0.0,0.0,4.0,430.0,256.0,6.0,0.0,1.0,1.0,1.0,0.0,2023
Santo André,2,,,,,,,,,,,,,,,,2023
Santo André,2,13.0,230.0,230.0,0.0,0.0,1.0,228.0,1.0,0.0,0.0,0.0,1.0,1.0,1.0,1.0,2023
Santo André,2,25.0,514.0,0.0,247.0,0.0,0.0,2.0,246.0,255.0,11.0,0.0,1.0,1.0,1.0,1.0,2023
Santo André,2,35.0,897.0,0.0,401.0,0.0,0.0,4.0,386.0,485.0,22.0,0.0,1.0,1.0,1.0,0.0,2023
Santo André,2,18.0,360.0,0.0,360.0,0.0,0.0,3.0,348.0,9.0,0.0,0.0,1.0,1.0,1.0,1.0,2023
Santo André,2,36.0,642.0,0.0,209.0,0.0,0.0,4.0,192.0,348.0,98.0,0.0,1.0,1.0,1.0,0.0,2023
Mirassol,2,,,,,,,,,,,,,,,,2023
Santo André,2,17.0,244.0,0.0,0.0,0.0,0.0,0.0,6.0,232.0,6.0,0.0,1.0,1.0,1.0,1.0,2023
Santo André,2,18.0,294.0,294.0,0.0,0.0,1.0,288.0,5.0,0.0,0.0,0.0,1.0,1.0,1.0,1.0,2023
Santo André,2,34.0,586.0,0.0,441.0,0.0,0.0,8.0,424.0,148.0,6.0,0.0,1.0,1.0,1.0,0.0,2023
Santo André,2,59.0,1660.0,0.0,668.0,0.0,0.0,7.0,643.0,918.0,92.0,0.0,1.0,1.0,1.0,1.0,2023
Santo André,2,22.0,298.0,0.0,220.0,0.0,0.0,3.0,214.0,75.0,6.0,0.0,0.0,1.0,1.0,1.0,2023
Santo André,2,68.0,1870.0,0.0,608.0,0.0,0.0,10.0,569.0,1158.0,133.0,0.0,1.0,1.0,1.0,1.0,2023
Santo André,2,38.0,845.0,0.0,453.0,0.0,0.0,5.0,438.0,386.0,16.0,0.0,1.0,1.0,1.0,0.0,2023
Santo André,2,29.0,427.0,0.0,345.0,0.0,0.0,7.0,331.0,84.0,5.0,0.0,1.0,1.0,1.0,1.0,2023
Santo André,2,23.0,377.0,0.0,305.0,0.0,0.0,4.0,273.0,95.0,5.0,0.0,1.0,1.0,1.0,1.0,2023
Santo André,2,28.0,336.0,0.0,235.0,0.0,0.0,4.0,220.0,103.0,9.0,0.0,1.0,1.0,1.0,0.0,2023
Sorocaba,2,,,,,,,,,,,,,,,,2023
Santo André,2,25.0,394.0,0.0,280.0,0.0,0.0,7.0,266.0,119.0,2.0,0.0,1.0,1.0,1.0,1.0,2023
Santo André,2,78.0,1809.0,0.0,273.0,0.0,0.0,3.0,250.0,1102.0,454.0,0.0,1.0,1.0,1.0,1.0,2023
Santo André,2,144.0,2286.0,0.0,0.0,0.0,0.0,0.0,21.0,1300.0,965.0,0.0,1.0,1.0,0.0,0.0,2023
Santo André,2,18.0,410.0,0.0,410.0,0.0,0.0,9.0,396.0,5.0,0.0,0.0,1.0,1.0,1.0,1.0,2023
Santo André,2,31.0,545.0,0.0,453.0,0.0,0.0,10.0,429.0,104.0,2.0,0.0,1.0,1.0,1.0,1.0,2023
Santo André,2,18.0,248.0,0.0,176.0,0.0,0.0,5.0,154.0,86.0,3.0,0.0,0.0,1.0,1.0,1.0,2023
Santo André,2,52.0,1245.0,331.0,373.0,0.0,0.0,328.0,366.0,517.0,34.0,0.0,1.0,1.0,1.0,1.0,2023
Santo André,2,36.0,643.0,0.0,418.0,0.0,0.0,6.0,375.0,236.0,26.0,0.0,1.0,1.0,1.0,1.0,2023
Santo André,2,18.0,319.0,319.0,0.0,0.0,1.0,317.0,1.0,0.0,0.0,0.0,1.0,1.0,1.0,1.0,2023
Santo André,2,50.0,1209.0,0.0,511.0,0.0,0.0,7.0,501.0,672.0,29.0,0.0,1.0,1.0,1.0,1.0,2023
Santo André,2,65.0,1262.0,237.0,570.0,0.0,0.0,251.0,532.0,366.0,113.0,0.0,1.0,1.0,1.0,0.0,2023
Santo André,2,38.0,965.0,0.0,361.0,0.0,0.0,5.0,350.0,559.0,51.0,0.0,1.0,1.0,1.0,1.0,2023
Santo André,2,,,,,,,,,,,,,,,,2023
Santo André,2,19.0,355.0,355.0,0.0,0.0,3.0,351.0,1.0,0.0,0.0,0.0,1.0,1.0,1.0,1.0,2023
Santo André,2,61.0,1496.0,524.0,460.0,0.0,1.0,508.0,435.0,410.0,142.0,0.0,1.0,1.0,1.0,1.0,2023
Santo André,2,58.0,1400.0,0.0,572.0,0.0,0.0,11.0,544.0,782.0,63.0,0.0,1.0,1.0,1.0,0.0,2023
Santo André,2,47.0,1137.0,0.0,429.0,0.0,0.0,7.0,397.0,548.0,185.0,0.0,1.0,1.0,1.0,1.0,2023
Santo André,2,52.0,1237.0,252.0,486.0,0.0,1.0,232.0,483.0,457.0,64.0,0.0,1.0,1.0,1.0,1.0,2023
Santo André,2,20.0,375.0,0.0,375.0,0.0,0.0,4.0,359.0,12.0,0.0,0.0,1.0,1.0,1.0,1.0,2023
Santo André,2,59.0,1213.0,242.0,391.0,0.0,1.0,241.0,379.0,468.0,124.0,0.0,1.0,1.0,1.0,0.0,2023
Santo André,2,48.0,1138.0,0.0,583.0,0.0,0.0,4.0,548.0,544.0,42.0,0.0,1.0,1.0,1.0,0.0,2023
Santo André,2,33.0,592.0,0.0,296.0,0.0,0.0,0.0,292.0,268.0,32.0,0.0,1.0,1.0,1.0,0.0,2023
Santo André,2,,,,,,,,,,,,,,,,2023
Santo André,2,41.0,1116.0,0.0,0.0,0.0,0.0,0.0,14.0,1018.0,84.0,0.0,1.0,1.0,1.0,0.0,2023
Santo André,2,35.0,628.0,0.0,334.0,0.0,0.0,2.0,323.0,289.0,14.0,0.0,1.0,1.0,1.0,1.0,2023
Santo André,2,30.0,428.0,0.0,341.0,0.0,0.0,4.0,320.0,99.0,5.0,0.0,1.0,1.0,1.0,1.0,2023
Santo André,2,13.0,100.0,0.0,55.0,0.0,0.0,0.0,53.0,42.0,5.0,0.0,1.0,1.0,1.0,1.0,2023
Santo André,2,38.0,826.0,0.0,390.0,0.0,0.0,6.0,382.0,349.0,89.0,0.0,1.0,1.0,1.0,0.0,2023
Santo André,2,25.0,459.0,459.0,0.0,0.0,3.0,454.0,2.0,0.0,0.0,0.0,1.0,1.0,1.0,0.0,2023
Santo André,2,24.0,451.0,451.0,0.0,0.0,1.0,443.0,7.0,0.0,0.0,0.0,1.0,1.0,1.0,1.0,2023
Santo André,2,21.0,379.0,379.0,0.0,0.0,4.0,375.0,0.0,0.0,0.0,0.0,1.0,1.0,1.0,1.0,2023
Santo André,2,39.0,795.0,0.0,414.0,0.0,0.0,9.0,391.0,375.0,20.0,0.0,1.0,1.0,1.0,1.0,2023
Santo André,2,43.0,757.0,0.0,757.0,0.0,0.0,7.0,731.0,19.0,0.0,0.0,1.0,1.0,1.0,0.0,2023
Santo André,2,45.0,954.0,0.0,489.0,0.0,0.0,10.0,459.0,443.0,42.0,0.0,1.0,1.0,1.0,1.0,2023
Santo André,2,31.0,539.0,0.0,375.0,0.0,0.0,12.0,345.0,172.0,10.0,0.0,1.0,1.0,1.0,1.0,2023
Santo André,2,,,,,,,,,,,,,,,,2023
Santo André,2,31.0,441.0,0.0,329.0,0.0,0.0,2.0,321.0,111.0,7.0,0.0,1.0,1.0,1.0,1.0,2023
Santo André,2,42.0,992.0,0.0,297.0,0.0,0.0,3.0,283.0,637.0,69.0,0.0,1.0,1.0,1.0,0.0,2023
Santo André,2,21.0,351.0,351.0,0.0,0.0,2.0,345.0,4.0,0.0,0.0,0.0,1.0,1.0,1.0,0.0,2023
Santo André,2,58.0,1372.0,0.0,512.0,0.0,0.0,8.0,474.0,740.0,150.0,0.0,1.0,1.0,1.0,1.0,2023
São Bernardo do Campo,2,35.0,702.0,0.0,436.0,0.0,0.0,0.0,401.0,280.0,21.0,0.0,1.0,1.0,1.0,1.0,2023
São Bernardo do Campo,2,38.0,1149.0,0.0,518.0,0.0,0.0,1.0,463.0,542.0,143.0,0.0,1.0,1.0,1.0,1.0,2023
São Bernardo do Campo,2,,,,,,,,,,,,,,,,2023
São Bernardo do Campo,2,49.0,1351.0,0.0,570.0,0.0,0.0,5.0,521.0,732.0,93.0,0.0,1.0,1.0,1.0,1.0,2023
Barão de Antonina,2,5.0,7.0,3.0,3.0,0.0,1.0,3.0,3.0,0.0,0.0,0.0,0.0,0.0,0.0,1.0,2023
São Bernardo do Campo,2,52.0,1232.0,0.0,523.0,0.0,0.0,0.0,473.0,585.0,174.0,0.0,0.0,1.0,1.0,1.0,2023
São Bernardo do Campo,2,33.0,691.0,0.0,574.0,0.0,0.0,2.0,545.0,131.0,13.0,0.0,1.0,1.0,1.0,1.0,2023
São Bernardo do Campo,2,47.0,963.0,0.0,514.0,0.0,0.0,1.0,464.0,454.0,44.0,0.0,1.0,1.0,1.0,1.0,2023
São Bernardo do Campo,2,40.0,1066.0,0.0,403.0,0.0,0.0,1.0,367.0,582.0,116.0,0.0,1.0,1.0,1.0,1.0,2023
São Bernardo do Campo,2,25.0,504.0,0.0,300.0,0.0,0.0,0.0,269.0,226.0,9.0,0.0,1.0,1.0,1.0,1.0,2023
São Bernardo do Campo,2,44.0,919.0,0.0,474.0,0.0,0.0,0.0,448.0,421.0,50.0,0.0,1.0,1.0,1.0,1.0,2023
Itapevi,2,30.0,381.0,0.0,0.0,0.0,0.0,0.0,8.0,177.0,196.0,1.0,1.0,1.0,1.0,1.0,2023
São Bernardo do Campo,2,37.0,1186.0,0.0,550.0,0.0,0.0,0.0,488.0,630.0,68.0,0.0,1.0,1.0,0.0,1.0,2023
São Bernardo do Campo,2,41.0,962.0,0.0,625.0,0.0,0.0,1.0,576.0,347.0,38.0,0.0,1.0,1.0,1.0,0.0,2023
São Bernardo do Campo,2,26.0,578.0,0.0,216.0,0.0,0.0,0.0,193.0,233.0,152.0,0.0,0.0,1.0,1.0,1.0,2023
São Bernardo do Campo,2,37.0,781.0,0.0,389.0,0.0,0.0,0.0,355.0,392.0,34.0,0.0,1.0,1.0,1.0,0.0,2023
São Bernardo do Campo,2,36.0,766.0,0.0,458.0,0.0,0.0,2.0,434.0,304.0,26.0,0.0,1.0,1.0,1.0,1.0,2023
São Bernardo do Campo,2,32.0,672.0,0.0,435.0,0.0,0.0,0.0,404.0,247.0,21.0,0.0,1.0,1.0,1.0,0.0,2023
São Bernardo do Campo,2,38.0,713.0,0.0,490.0,0.0,0.0,3.0,450.0,239.0,21.0,0.0,1.0,1.0,1.0,0.0,2023
São Vicente,2,10.0,31.0,0.0,0.0,0.0,0.0,0.0,0.0,0.0,31.0,0.0,0.0,0.0,0.0,0.0,2023
São Bernardo do Campo,2,30.0,504.0,0.0,374.0,0.0,0.0,0.0,335.0,160.0,9.0,0.0,1.0,1.0,1.0,1.0,2023
São Bernardo do Campo,2,69.0,1554.0,0.0,723.0,0.0,0.0,4.0,665.0,695.0,190.0,0.0,1.0,1.0,1.0,1.0,2023
São Bernardo do Campo,2,26.0,454.0,0.0,302.0,0.0,0.0,0.0,267.0,173.0,14.0,0.0,1.0,1.0,1.0,0.0,2023
São Bernardo do Campo,2,29.0,455.0,0.0,339.0,0.0,0.0,1.0,313.0,134.0,7.0,0.0,1.0,1.0,1.0,1.0,2023
São Bernardo do Campo,2,29.0,526.0,0.0,362.0,0.0,0.0,3.0,329.0,191.0,3.0,0.0,1.0,1.0,1.0,1.0,2023
São Bernardo do Campo,2,26.0,672.0,0.0,320.0,0.0,0.0,0.0,300.0,328.0,44.0,0.0,1.0,1.0,1.0,0.0,2023
São Bernardo do Campo,2,17.0,378.0,0.0,378.0,0.0,0.0,0.0,338.0,40.0,0.0,0.0,1.0,1.0,1.0,1.0,2023
São Bernardo do Campo,2,35.0,717.0,0.0,478.0,0.0,0.0,0.0,436.0,252.0,29.0,0.0,1.0,1.0,1.0,1.0,2023
São Bernardo do Campo,2,36.0,688.0,0.0,377.0,0.0,0.0,0.0,340.0,316.0,32.0,0.0,1.0,1.0,1.0,1.0,2023
São Bernardo do Campo,2,27.0,431.0,0.0,308.0,0.0,0.0,1.0,275.0,145.0,10.0,0.0,1.0,1.0,1.0,1.0,2023
São Bernardo do Campo,2,55.0,1394.0,0.0,449.0,0.0,0.0,0.0,412.0,858.0,124.0,0.0,1.0,1.0,1.0,0.0,2023
São Bernardo do Campo,2,18.0,296.0,0.0,0.0,0.0,0.0,0.0,1.0,274.0,21.0,0.0,1.0,1.0,1.0,1.0,2023
São Bernardo do Campo,2,33.0,720.0,0.0,361.0,0.0,0.0,0.0,322.0,371.0,27.0,0.0,1.0,1.0,1.0,0.0,2023
São Bernardo do Campo,2,20.0,436.0,0.0,436.0,0.0,0.0,1.0,412.0,23.0,0.0,0.0,1.0,1.0,1.0,1.0,2023
São Bernardo do Campo,2,45.0,741.0,0.0,399.0,0.0,0.0,0.0,345.0,373.0,23.0,0.0,1.0,1.0,1.0,1.0,2023
São Bernardo do Campo,2,30.0,549.0,0.0,549.0,0.0,0.0,0.0,524.0,25.0,0.0,0.0,1.0,1.0,0.0,1.0,2023
São Bernardo do Campo,2,61.0,1482.0,0.0,620.0,0.0,0.0,0.0,581.0,787.0,114.0,0.0,1.0,1.0,1.0,1.0,2023
São Paulo,2,,,,,,,,,,,,,,,,2023
São Bernardo do Campo,2,28.0,551.0,0.0,295.0,0.0,0.0,0.0,268.0,266.0,17.0,1.0,1.0,1.0,1.0,1.0,2023
São Bernardo do Campo,2,34.0,816.0,0.0,367.0,0.0,0.0,3.0,342.0,424.0,47.0,0.0,1.0,1.0,1.0,0.0,2023
São Bernardo do Campo,2,14.0,260.0,0.0,260.0,0.0,0.0,2.0,246.0,12.0,0.0,0.0,0.0,1.0,1.0,1.0,2023
São Bernardo do Campo,2,26.0,517.0,0.0,385.0,0.0,0.0,2.0,359.0,137.0,19.0,0.0,1.0,1.0,1.0,1.0,2023
São Bernardo do Campo,2,31.0,557.0,0.0,310.0,0.0,0.0,4.0,293.0,241.0,19.0,0.0,1.0,1.0,1.0,0.0,2023
São Caetano do Sul,2,,,,,,,,,,,,,,,,2023
São Caetano do Sul,2,29.0,441.0,0.0,290.0,0.0,0.0,1.0,271.0,160.0,9.0,0.0,1.0,1.0,1.0,1.0,2023
São Caetano do Sul,2,,,,,,,,,,,,,,,,2023
São Caetano do Sul,2,,,,,,,,,,,,,,,,2023
São Caetano do Sul,2,16.0,291.0,0.0,178.0,0.0,0.0,1.0,175.0,112.0,3.0,0.0,1.0,1.0,1.0,1.0,2023
São Caetano do Sul,2,,,,,,,,,,,,,,,,2023
São Caetano do Sul,2,,,,,,,,,,,,,,,,2023
São Caetano do Sul,2,15.0,190.0,0.0,108.0,0.0,0.0,0.0,104.0,82.0,4.0,0.0,1.0,1.0,1.0,1.0,2023
São Caetano do Sul,2,28.0,350.0,0.0,155.0,0.0,0.0,2.0,149.0,190.0,9.0,0.0,1.0,1.0,1.0,1.0,2023
São Caetano do Sul,2,31.0,341.0,0.0,141.0,0.0,0.0,3.0,132.0,191.0,15.0,0.0,1.0,1.0,1.0,1.0,2023
Arujá,2,,,,,,,,,,,0.0,0.0,1.0,0.0,0.0,2023
São Paulo,2,3.0,20.0,0.0,0.0,0.0,0.0,0.0,0.0,0.0,20.0,0.0,0.0,0.0,0.0,0.0,2023
São Caetano do Sul,2,23.0,426.0,0.0,130.0,0.0,0.0,0.0,120.0,288.0,18.0,0.0,1.0,1.0,1.0,1.0,2023
São Caetano do Sul,2,21.0,321.0,0.0,237.0,0.0,0.0,4.0,217.0,96.0,4.0,0.0,1.0,1.0,1.0,1.0,2023
São Caetano do Sul,2,,,,,,,,,,,,,,,,2023
São Caetano do Sul,2,,,,,,,,,,,,,,,,2023
São Caetano do Sul,2,,,,,,,,,,,,,,,,2023
Osasco,2,,,,,,,,,,,0.0,0.0,1.0,0.0,0.0,2023
Osasco,2,,,,,,,,,,,0.0,0.0,1.0,0.0,0.0,2023
Igaraçu do Tietê,2,13.0,143.0,0.0,121.0,0.0,0.0,1.0,117.0,25.0,0.0,0.0,1.0,1.0,1.0,1.0,2023
São Caetano do Sul,2,,,,,,,,,,,,,,,,2023
São Caetano do Sul,2,,,,,,,,,,,,,,,,2023
São Caetano do Sul,2,32.0,881.0,0.0,0.0,0.0,0.0,0.0,4.0,525.0,352.0,0.0,0.0,1.0,1.0,1.0,2023
São Caetano do Sul,2,34.0,673.0,0.0,239.0,0.0,0.0,4.0,228.0,420.0,21.0,0.0,1.0,1.0,1.0,1.0,2023
São Caetano do Sul,2,,,,,,,,,,,,,,,,2023
Carapicuíba,2,83.0,1294.0,594.0,613.0,0.0,3.0,600.0,577.0,32.0,82.0,0.0,1.0,1.0,1.0,1.0,2023
Carapicuíba,2,38.0,855.0,855.0,0.0,0.0,5.0,841.0,9.0,0.0,0.0,0.0,0.0,1.0,1.0,1.0,2023
Carapicuíba,2,31.0,708.0,0.0,446.0,0.0,0.0,11.0,409.0,268.0,20.0,0.0,1.0,1.0,1.0,1.0,2023
Carapicuíba,2,38.0,1120.0,320.0,320.0,0.0,1.0,316.0,285.0,476.0,42.0,0.0,0.0,1.0,1.0,0.0,2023
Carapicuíba,2,29.0,463.0,233.0,230.0,0.0,0.0,232.0,215.0,16.0,0.0,0.0,1.0,1.0,1.0,0.0,2023
São Bernardo do Campo,2,,,,,,,,,,,,,,,,2023
Carapicuíba,2,42.0,921.0,921.0,0.0,0.0,3.0,910.0,8.0,0.0,0.0,0.0,0.0,1.0,0.0,0.0,2023
Carapicuíba,2,41.0,797.0,444.0,353.0,0.0,0.0,445.0,333.0,19.0,0.0,0.0,1.0,1.0,1.0,0.0,2023
Carapicuíba,2,24.0,581.0,581.0,0.0,0.0,2.0,576.0,3.0,0.0,0.0,0.0,1.0,1.0,0.0,1.0,2023
Carapicuíba,2,24.0,556.0,556.0,0.0,0.0,2.0,549.0,5.0,0.0,0.0,0.0,0.0,1.0,0.0,0.0,2023
Carapicuíba,2,78.0,2016.0,492.0,557.0,0.0,1.0,491.0,528.0,742.0,254.0,0.0,1.0,1.0,0.0,0.0,2023
Carapicuíba,2,57.0,1392.0,0.0,830.0,0.0,0.0,13.0,774.0,576.0,29.0,0.0,0.0,1.0,1.0,1.0,2023
Carapicuíba,2,25.0,491.0,491.0,0.0,0.0,2.0,481.0,8.0,0.0,0.0,0.0,1.0,1.0,1.0,0.0,2023
Carapicuíba,2,46.0,911.0,0.0,196.0,0.0,0.0,0.0,192.0,704.0,15.0,0.0,1.0,1.0,1.0,1.0,2023
Carapicuíba,2,40.0,1086.0,0.0,375.0,0.0,0.0,7.0,350.0,690.0,39.0,0.0,1.0,1.0,1.0,1.0,2023
Barueri,2,15.0,277.0,0.0,0.0,0.0,0.0,0.0,2.0,266.0,9.0,1.0,1.0,1.0,1.0,1.0,2023
Barueri,2,35.0,1045.0,0.0,0.0,0.0,0.0,0.0,1.0,792.0,252.0,0.0,1.0,1.0,1.0,1.0,2023
Carapicuíba,2,54.0,1179.0,331.0,416.0,0.0,0.0,337.0,388.0,425.0,29.0,0.0,1.0,1.0,1.0,1.0,2023
Barueri,2,29.0,509.0,0.0,0.0,0.0,0.0,0.0,0.0,328.0,181.0,0.0,1.0,1.0,1.0,0.0,2023
Carapicuíba,2,23.0,474.0,134.0,0.0,0.0,0.0,134.0,2.0,325.0,13.0,0.0,1.0,1.0,1.0,1.0,2023
Carapicuíba,2,19.0,431.0,0.0,0.0,0.0,0.0,0.0,1.0,420.0,10.0,0.0,1.0,1.0,1.0,1.0,2023
Barueri,2,16.0,247.0,0.0,0.0,0.0,0.0,0.0,3.0,216.0,28.0,0.0,1.0,1.0,0.0,1.0,2023
Carapicuíba,2,21.0,448.0,0.0,448.0,0.0,0.0,6.0,421.0,21.0,0.0,0.0,0.0,1.0,1.0,1.0,2023
Barueri,2,12.0,188.0,0.0,0.0,0.0,0.0,0.0,2.0,163.0,23.0,0.0,1.0,1.0,1.0,1.0,2023
Barueri,2,24.0,409.0,0.0,0.0,0.0,0.0,0.0,0.0,378.0,31.0,0.0,1.0,1.0,1.0,1.0,2023
Barueri,2,21.0,384.0,0.0,0.0,0.0,0.0,0.0,0.0,310.0,74.0,0.0,1.0,1.0,1.0,1.0,2023
Itapecerica da Serra,2,14.0,191.0,0.0,191.0,0.0,0.0,1.0,183.0,7.0,0.0,0.0,0.0,1.0,1.0,1.0,2023
Itapecerica da Serra,2,35.0,767.0,0.0,444.0,0.0,0.0,13.0,412.0,329.0,13.0,1.0,1.0,1.0,1.0,1.0,2023
Itapecerica da Serra,2,34.0,558.0,0.0,355.0,0.0,0.0,8.0,331.0,206.0,13.0,0.0,0.0,1.0,1.0,1.0,2023
Itapecerica da Serra,2,25.0,338.0,0.0,231.0,0.0,0.0,2.0,218.0,106.0,12.0,0.0,1.0,1.0,1.0,1.0,2023
Itapecerica da Serra,2,51.0,963.0,0.0,419.0,0.0,0.0,5.0,404.0,350.0,204.0,0.0,1.0,1.0,1.0,0.0,2023
Itapecerica da Serra,2,70.0,1216.0,0.0,403.0,0.0,0.0,11.0,389.0,570.0,246.0,0.0,0.0,1.0,1.0,1.0,2023
São Lourenço da Serra,2,47.0,802.0,0.0,372.0,0.0,0.0,4.0,358.0,372.0,68.0,0.0,0.0,1.0,1.0,0.0,2023
Itapecerica da Serra,2,22.0,374.0,0.0,243.0,0.0,0.0,0.0,236.0,132.0,6.0,0.0,0.0,1.0,1.0,0.0,2023
Embu das Artes,2,26.0,540.0,0.0,261.0,0.0,0.0,3.0,240.0,281.0,16.0,0.0,1.0,1.0,1.0,0.0,2023
Embu das Artes,2,27.0,594.0,594.0,0.0,0.0,0.0,567.0,27.0,0.0,0.0,0.0,0.0,1.0,1.0,0.0,2023
Embu das Artes,2,29.0,725.0,0.0,415.0,0.0,0.0,3.0,390.0,307.0,25.0,0.0,1.0,1.0,1.0,1.0,2023
Embu das Artes,2,28.0,462.0,0.0,284.0,0.0,0.0,2.0,276.0,176.0,8.0,0.0,1.0,1.0,1.0,0.0,2023
Embu das Artes,2,26.0,511.0,511.0,0.0,0.0,0.0,489.0,22.0,0.0,0.0,0.0,0.0,1.0,1.0,1.0,2023
Embu das Artes,2,46.0,1009.0,0.0,459.0,0.0,0.0,1.0,431.0,479.0,98.0,1.0,1.0,1.0,1.0,0.0,2023
Embu das Artes,2,37.0,831.0,0.0,415.0,0.0,0.0,1.0,401.0,413.0,16.0,1.0,1.0,1.0,1.0,1.0,2023
Embu das Artes,2,49.0,1183.0,0.0,393.0,0.0,0.0,1.0,358.0,664.0,160.0,0.0,1.0,1.0,1.0,0.0,2023
Embu das Artes,2,58.0,1526.0,366.0,390.0,0.0,0.0,354.0,378.0,692.0,102.0,0.0,1.0,1.0,1.0,1.0,2023
Juquitiba,2,55.0,1087.0,0.0,436.0,0.0,0.0,5.0,420.0,553.0,109.0,0.0,0.0,1.0,1.0,1.0,2023
Taboão da Serra,2,40.0,975.0,0.0,466.0,0.0,0.0,6.0,439.0,461.0,69.0,0.0,0.0,1.0,1.0,0.0,2023
Taboão da Serra,2,14.0,240.0,0.0,240.0,0.0,0.0,0.0,221.0,19.0,0.0,0.0,1.0,1.0,1.0,0.0,2023
Taboão da Serra,2,55.0,1480.0,0.0,761.0,0.0,0.0,5.0,735.0,697.0,43.0,1.0,0.0,1.0,1.0,0.0,2023
Taboão da Serra,2,53.0,1292.0,0.0,360.0,0.0,0.0,1.0,339.0,756.0,196.0,1.0,1.0,1.0,1.0,1.0,2023
Taboão da Serra,2,33.0,719.0,0.0,356.0,0.0,0.0,3.0,341.0,318.0,57.0,0.0,1.0,1.0,1.0,1.0,2023
Taboão da Serra,2,36.0,638.0,121.0,334.0,0.0,0.0,123.0,314.0,185.0,16.0,0.0,1.0,1.0,1.0,1.0,2023
Taboão da Serra,2,45.0,851.0,200.0,383.0,0.0,0.0,201.0,364.0,263.0,23.0,1.0,1.0,1.0,1.0,1.0,2023
Taboão da Serra,2,59.0,2028.0,0.0,772.0,0.0,0.0,12.0,736.0,1145.0,135.0,1.0,1.0,1.0,1.0,1.0,2023
Embu-Guaçu,2,37.0,764.0,0.0,436.0,0.0,0.0,11.0,419.0,321.0,13.0,0.0,1.0,1.0,1.0,0.0,2023
Embu-Guaçu,2,66.0,1267.0,0.0,296.0,0.0,0.0,5.0,297.0,735.0,230.0,0.0,0.0,1.0,1.0,1.0,2023
Taboão da Serra,2,39.0,1044.0,0.0,391.0,0.0,0.0,7.0,371.0,602.0,64.0,0.0,1.0,1.0,1.0,0.0,2023
Embu das Artes,2,33.0,618.0,243.0,219.0,0.0,0.0,238.0,209.0,164.0,7.0,0.0,1.0,1.0,1.0,1.0,2023
Itapecerica da Serra,2,50.0,1007.0,0.0,667.0,0.0,0.0,13.0,609.0,346.0,39.0,0.0,0.0,1.0,1.0,1.0,2023
Taboão da Serra,2,27.0,548.0,0.0,323.0,0.0,0.0,8.0,303.0,220.0,17.0,0.0,1.0,1.0,1.0,0.0,2023
Jandira,2,35.0,735.0,0.0,494.0,0.0,0.0,11.0,475.0,243.0,6.0,0.0,1.0,1.0,1.0,1.0,2023
Jandira,2,33.0,535.0,0.0,301.0,0.0,0.0,5.0,277.0,240.0,13.0,0.0,1.0,1.0,1.0,1.0,2023
Itapevi,2,45.0,1094.0,0.0,587.0,0.0,0.0,11.0,566.0,485.0,32.0,0.0,1.0,0.0,1.0,0.0,2023
Jandira,2,22.0,431.0,0.0,258.0,0.0,0.0,3.0,250.0,175.0,3.0,0.0,1.0,1.0,1.0,1.0,2023
Vargem Grande Paulista,2,25.0,473.0,0.0,288.0,0.0,0.0,5.0,274.0,183.0,11.0,0.0,1.0,1.0,1.0,1.0,2023
Itapevi,2,77.0,2344.0,0.0,1053.0,0.0,0.0,18.0,993.0,1229.0,104.0,0.0,1.0,1.0,1.0,0.0,2023
Itapevi,2,39.0,891.0,0.0,574.0,0.0,0.0,16.0,556.0,304.0,15.0,0.0,1.0,1.0,1.0,1.0,2023
Itapevi,2,26.0,503.0,0.0,332.0,0.0,0.0,6.0,328.0,160.0,9.0,0.0,1.0,1.0,1.0,1.0,2023
Itapevi,2,58.0,1242.0,0.0,358.0,0.0,0.0,6.0,336.0,484.0,416.0,0.0,0.0,1.0,1.0,1.0,2023
Itapevi,2,36.0,1002.0,0.0,460.0,0.0,0.0,9.0,447.0,500.0,46.0,0.0,0.0,1.0,1.0,1.0,2023
Itapevi,2,35.0,754.0,0.0,485.0,0.0,0.0,14.0,469.0,257.0,14.0,0.0,1.0,1.0,1.0,1.0,2023
Cotia,2,22.0,380.0,0.0,0.0,0.0,0.0,0.0,9.0,350.0,21.0,0.0,1.0,1.0,1.0,1.0,2023
Cotia,2,12.0,260.0,0.0,260.0,0.0,0.0,5.0,250.0,5.0,0.0,0.0,0.0,1.0,1.0,1.0,2023
Cotia,2,28.0,437.0,0.0,237.0,0.0,0.0,1.0,216.0,205.0,15.0,0.0,1.0,1.0,1.0,0.0,2023
Cotia,2,28.0,399.0,0.0,204.0,0.0,0.0,3.0,185.0,197.0,14.0,0.0,1.0,1.0,1.0,1.0,2023
Vargem Grande Paulista,2,29.0,493.0,0.0,332.0,0.0,0.0,3.0,311.0,170.0,9.0,0.0,1.0,1.0,1.0,0.0,2023
Cotia,2,29.0,705.0,78.0,255.0,0.0,0.0,75.0,244.0,336.0,50.0,0.0,1.0,1.0,1.0,1.0,2023
Cotia,2,46.0,1294.0,0.0,456.0,0.0,0.0,5.0,416.0,613.0,260.0,0.0,0.0,1.0,1.0,1.0,2023
Cotia,2,55.0,1855.0,0.0,723.0,0.0,0.0,6.0,674.0,1109.0,66.0,0.0,1.0,1.0,1.0,0.0,2023
Cotia,2,18.0,360.0,0.0,222.0,0.0,0.0,11.0,197.0,143.0,9.0,0.0,1.0,1.0,1.0,1.0,2023
Cotia,2,49.0,1559.0,0.0,624.0,0.0,0.0,11.0,547.0,908.0,93.0,0.0,1.0,1.0,1.0,0.0,2023
Cotia,2,77.0,2549.0,0.0,1021.0,0.0,0.0,16.0,927.0,1442.0,164.0,0.0,1.0,1.0,1.0,1.0,2023
Cotia,2,45.0,986.0,0.0,567.0,0.0,0.0,5.0,509.0,447.0,25.0,0.0,0.0,1.0,1.0,0.0,2023
Itapevi,2,48.0,1539.0,0.0,668.0,0.0,0.0,12.0,625.0,799.0,103.0,0.0,1.0,1.0,1.0,0.0,2023
Cotia,2,19.0,382.0,0.0,188.0,0.0,0.0,2.0,171.0,193.0,16.0,0.0,1.0,1.0,1.0,0.0,2023
Vargem Grande Paulista,2,31.0,598.0,0.0,408.0,0.0,0.0,6.0,365.0,219.0,8.0,0.0,0.0,1.0,1.0,1.0,2023
Jandira,2,37.0,660.0,0.0,380.0,0.0,0.0,6.0,354.0,287.0,13.0,0.0,1.0,1.0,1.0,0.0,2023
Itapevi,2,78.0,1803.0,0.0,859.0,0.0,0.0,11.0,824.0,898.0,70.0,0.0,1.0,1.0,1.0,1.0,2023
Jandira,2,22.0,356.0,0.0,275.0,0.0,0.0,2.0,258.0,93.0,3.0,0.0,1.0,1.0,1.0,1.0,2023
Osasco,2,44.0,846.0,0.0,357.0,0.0,0.0,0.0,329.0,332.0,185.0,0.0,1.0,1.0,1.0,0.0,2023
Osasco,2,60.0,1736.0,0.0,755.0,0.0,0.0,2.0,689.0,970.0,75.0,0.0,1.0,1.0,1.0,1.0,2023
Osasco,2,43.0,776.0,0.0,565.0,0.0,0.0,3.0,517.0,244.0,12.0,0.0,1.0,1.0,1.0,0.0,2023
Osasco,2,40.0,787.0,0.0,506.0,0.0,0.0,1.0,468.0,283.0,35.0,0.0,1.0,1.0,1.0,0.0,2023
Osasco,2,36.0,714.0,0.0,512.0,0.0,0.0,1.0,492.0,210.0,11.0,0.0,1.0,1.0,1.0,1.0,2023
Osasco,2,58.0,1752.0,0.0,590.0,0.0,0.0,2.0,561.0,1103.0,86.0,0.0,0.0,1.0,1.0,1.0,2023
Osasco,2,25.0,461.0,0.0,461.0,0.0,0.0,0.0,449.0,12.0,0.0,0.0,1.0,1.0,1.0,0.0,2023
Osasco,2,25.0,403.0,0.0,312.0,0.0,0.0,4.0,287.0,108.0,4.0,0.0,1.0,1.0,1.0,0.0,2023
Osasco,2,51.0,1062.0,0.0,495.0,0.0,0.0,1.0,448.0,562.0,51.0,0.0,0.0,1.0,1.0,1.0,2023
Osasco,2,22.0,380.0,0.0,0.0,0.0,0.0,0.0,2.0,362.0,16.0,0.0,1.0,1.0,1.0,1.0,2023
Osasco,2,75.0,2284.0,0.0,1150.0,0.0,0.0,2.0,1058.0,1041.0,183.0,0.0,1.0,1.0,1.0,0.0,2023
Osasco,2,20.0,414.0,0.0,414.0,0.0,0.0,3.0,391.0,20.0,0.0,0.0,1.0,1.0,1.0,1.0,2023
Osasco,2,61.0,1278.0,0.0,594.0,0.0,0.0,1.0,544.0,670.0,63.0,0.0,1.0,1.0,1.0,0.0,2023
Osasco,2,69.0,1738.0,0.0,705.0,0.0,0.0,2.0,654.0,955.0,127.0,0.0,1.0,1.0,1.0,0.0,2023
Osasco,2,32.0,711.0,0.0,482.0,0.0,0.0,1.0,452.0,243.0,15.0,0.0,1.0,1.0,1.0,0.0,2023
Osasco,2,37.0,896.0,0.0,511.0,0.0,0.0,3.0,472.0,393.0,28.0,0.0,1.0,1.0,1.0,1.0,2023
Osasco,2,29.0,484.0,0.0,332.0,0.0,0.0,0.0,310.0,162.0,12.0,0.0,1.0,1.0,1.0,1.0,2023
Osasco,2,74.0,2257.0,0.0,1009.0,0.0,0.0,1.0,938.0,1238.0,80.0,0.0,0.0,1.0,1.0,1.0,2023
Osasco,2,28.0,426.0,0.0,263.0,0.0,0.0,0.0,234.0,181.0,11.0,1.0,1.0,1.0,1.0,1.0,2023
Osasco,2,28.0,578.0,0.0,374.0,0.0,0.0,0.0,359.0,207.0,12.0,0.0,1.0,1.0,1.0,0.0,2023
Osasco,2,55.0,1438.0,0.0,563.0,0.0,0.0,2.0,501.0,808.0,127.0,0.0,0.0,1.0,1.0,1.0,2023
Osasco,2,,,,,,,,,,,,,,,,2023
Osasco,2,70.0,2321.0,0.0,786.0,0.0,0.0,2.0,756.0,1494.0,69.0,0.0,0.0,1.0,1.0,1.0,2023
Osasco,2,25.0,260.0,0.0,0.0,0.0,0.0,0.0,1.0,247.0,12.0,0.0,1.0,1.0,1.0,0.0,2023
Osasco,2,48.0,816.0,0.0,537.0,0.0,0.0,1.0,499.0,296.0,20.0,0.0,1.0,1.0,1.0,1.0,2023
Osasco,2,31.0,503.0,0.0,362.0,0.0,0.0,2.0,341.0,152.0,8.0,0.0,1.0,1.0,1.0,0.0,2023
Osasco,2,88.0,2415.0,0.0,633.0,0.0,0.0,1.0,576.0,1663.0,175.0,0.0,1.0,1.0,1.0,1.0,2023
Osasco,2,32.0,522.0,0.0,387.0,0.0,0.0,0.0,355.0,159.0,8.0,0.0,1.0,1.0,1.0,1.0,2023
Osasco,2,63.0,2138.0,0.0,850.0,0.0,0.0,2.0,783.0,1220.0,133.0,0.0,0.0,1.0,1.0,0.0,2023
Osasco,2,20.0,416.0,0.0,416.0,0.0,0.0,2.0,397.0,17.0,0.0,0.0,1.0,1.0,1.0,1.0,2023
Ubatuba,2,19.0,258.0,0.0,258.0,0.0,0.0,0.0,245.0,13.0,0.0,0.0,1.0,1.0,1.0,0.0,2023
Ubatuba,2,22.0,348.0,0.0,233.0,0.0,0.0,1.0,224.0,120.0,3.0,0.0,0.0,1.0,1.0,0.0,2023
Ubatuba,2,28.0,523.0,0.0,291.0,0.0,0.0,0.0,283.0,234.0,6.0,0.0,0.0,1.0,1.0,1.0,2023
Ubatuba,2,32.0,932.0,0.0,461.0,0.0,0.0,3.0,431.0,463.0,35.0,0.0,1.0,1.0,1.0,0.0,2023
São Sebastião,2,21.0,366.0,0.0,0.0,0.0,0.0,0.0,5.0,251.0,110.0,0.0,1.0,1.0,0.0,1.0,2023
Ubatuba,2,42.0,744.0,0.0,0.0,0.0,0.0,0.0,14.0,540.0,190.0,0.0,1.0,1.0,1.0,1.0,2023
Ilhabela,2,17.0,260.0,0.0,0.0,0.0,0.0,0.0,2.0,245.0,13.0,0.0,1.0,1.0,1.0,1.0,2023
Ilhabela,2,,,,,,,,,,,,,,,,2023
Ubatuba,2,39.0,568.0,0.0,471.0,0.0,0.0,0.0,454.0,53.0,61.0,0.0,1.0,1.0,1.0,0.0,2023
São Sebastião,2,31.0,852.0,0.0,0.0,0.0,0.0,0.0,14.0,713.0,125.0,0.0,0.0,1.0,1.0,1.0,2023
São Sebastião,2,23.0,412.0,0.0,0.0,0.0,0.0,0.0,8.0,382.0,22.0,0.0,1.0,1.0,1.0,1.0,2023
Caraguatatuba,2,16.0,283.0,0.0,0.0,0.0,0.0,0.0,3.0,268.0,12.0,0.0,1.0,1.0,1.0,1.0,2023
Caraguatatuba,2,26.0,622.0,0.0,0.0,0.0,0.0,0.0,2.0,497.0,123.0,0.0,0.0,1.0,1.0,1.0,2023
Caraguatatuba,2,26.0,553.0,0.0,0.0,0.0,0.0,0.0,3.0,514.0,36.0,0.0,1.0,1.0,1.0,1.0,2023
São Sebastião,2,23.0,347.0,0.0,0.0,0.0,0.0,0.0,8.0,330.0,9.0,0.0,1.0,1.0,1.0,1.0,2023
São Sebastião,2,16.0,196.0,0.0,0.0,0.0,0.0,0.0,4.0,179.0,13.0,1.0,1.0,1.0,1.0,0.0,2023
Caraguatatuba,2,21.0,354.0,0.0,0.0,0.0,0.0,0.0,3.0,338.0,13.0,0.0,0.0,1.0,1.0,1.0,2023
Caraguatatuba,2,32.0,696.0,0.0,0.0,0.0,0.0,0.0,7.0,501.0,188.0,0.0,1.0,1.0,1.0,1.0,2023
Caraguatatuba,2,33.0,550.0,0.0,386.0,0.0,0.0,6.0,352.0,186.0,6.0,0.0,0.0,1.0,1.0,1.0,2023
Cubatão,2,65.0,1549.0,0.0,414.0,0.0,0.0,0.0,364.0,966.0,219.0,1.0,1.0,1.0,1.0,1.0,2023
Cubatão,2,22.0,316.0,0.0,136.0,0.0,0.0,0.0,123.0,182.0,11.0,0.0,1.0,1.0,1.0,1.0,2023
Guarujá,2,42.0,914.0,560.0,354.0,0.0,0.0,524.0,361.0,29.0,0.0,0.0,1.0,1.0,1.0,1.0,2023
Guarujá,2,,,,,,,,,,,,,,,,2023
Guarujá,2,16.0,244.0,0.0,244.0,0.0,0.0,0.0,228.0,16.0,0.0,0.0,1.0,1.0,1.0,1.0,2023
Cubatão,2,,,,,,,,,,,,,,,,2023
Guarujá,2,67.0,1970.0,0.0,631.0,0.0,0.0,0.0,588.0,1220.0,162.0,0.0,1.0,1.0,1.0,0.0,2023
Guarujá,2,33.0,719.0,300.0,220.0,0.0,0.0,280.0,212.0,193.0,34.0,0.0,1.0,1.0,1.0,0.0,2023
Guarujá,2,36.0,826.0,0.0,0.0,0.0,0.0,0.0,2.0,702.0,122.0,0.0,1.0,1.0,1.0,0.0,2023
Guarujá,2,50.0,1262.0,0.0,226.0,0.0,0.0,0.0,196.0,944.0,122.0,0.0,1.0,1.0,1.0,1.0,2023
Guarujá,2,27.0,592.0,592.0,0.0,0.0,0.0,578.0,14.0,0.0,0.0,0.0,1.0,1.0,1.0,1.0,2023
Guarujá,2,24.0,358.0,0.0,358.0,0.0,0.0,1.0,315.0,42.0,0.0,0.0,1.0,1.0,1.0,0.0,2023
Guarujá,2,38.0,1093.0,0.0,0.0,0.0,0.0,0.0,6.0,931.0,156.0,0.0,1.0,1.0,0.0,0.0,2023
Guarujá,2,26.0,506.0,506.0,0.0,0.0,0.0,468.0,38.0,0.0,0.0,0.0,1.0,1.0,1.0,0.0,2023
Guarujá,2,33.0,733.0,733.0,0.0,0.0,0.0,700.0,33.0,0.0,0.0,0.0,1.0,1.0,1.0,0.0,2023
Guarujá,2,58.0,904.0,0.0,144.0,0.0,0.0,0.0,125.0,602.0,177.0,0.0,1.0,1.0,1.0,1.0,2023
Guarujá,2,24.0,432.0,0.0,215.0,0.0,0.0,0.0,197.0,217.0,18.0,0.0,1.0,1.0,0.0,0.0,2023
Bertioga,2,42.0,1170.0,0.0,499.0,0.0,0.0,2.0,445.0,621.0,102.0,0.0,1.0,1.0,0.0,0.0,2023
Bertioga,2,54.0,1381.0,0.0,730.0,0.0,0.0,3.0,660.0,464.0,254.0,0.0,1.0,1.0,1.0,0.0,2023
Cubatão,2,12.0,183.0,0.0,183.0,0.0,0.0,1.0,167.0,15.0,0.0,0.0,1.0,1.0,1.0,0.0,2023
Cubatão,2,32.0,552.0,124.0,428.0,0.0,0.0,107.0,407.0,38.0,0.0,0.0,0.0,1.0,0.0,1.0,2023
Cubatão,2,29.0,350.0,0.0,177.0,0.0,0.0,0.0,156.0,173.0,21.0,0.0,1.0,1.0,1.0,0.0,2023
Guarujá,2,64.0,1864.0,396.0,482.0,0.0,0.0,384.0,481.0,936.0,63.0,0.0,1.0,1.0,1.0,1.0,2023
Guarujá,2,33.0,664.0,329.0,335.0,0.0,0.0,321.0,322.0,21.0,0.0,0.0,1.0,1.0,1.0,0.0,2023
Cubatão,2,60.0,1408.0,0.0,0.0,0.0,0.0,0.0,4.0,1094.0,310.0,0.0,1.0,1.0,1.0,1.0,2023
Cubatão,2,18.0,257.0,101.0,93.0,0.0,0.0,96.0,88.0,67.0,6.0,0.0,1.0,1.0,0.0,1.0,2023
Santos,2,24.0,497.0,0.0,497.0,0.0,0.0,2.0,456.0,38.0,1.0,0.0,1.0,1.0,1.0,1.0,2023
Santos,2,16.0,273.0,0.0,273.0,0.0,0.0,0.0,251.0,22.0,0.0,0.0,0.0,1.0,1.0,0.0,2023
Santos,2,70.0,1400.0,0.0,0.0,0.0,0.0,0.0,6.0,756.0,638.0,1.0,1.0,1.0,0.0,1.0,2023
Santos,2,34.0,754.0,0.0,241.0,0.0,0.0,1.0,231.0,434.0,88.0,1.0,1.0,1.0,1.0,1.0,2023
Santos,2,49.0,1172.0,0.0,421.0,0.0,0.0,1.0,385.0,677.0,109.0,0.0,1.0,1.0,1.0,0.0,2023
Santos,2,17.0,348.0,0.0,348.0,0.0,0.0,0.0,332.0,16.0,0.0,0.0,1.0,1.0,1.0,1.0,2023
Santos,2,43.0,654.0,0.0,202.0,0.0,0.0,1.0,188.0,409.0,56.0,0.0,1.0,1.0,1.0,1.0,2023
Santos,2,48.0,1382.0,0.0,521.0,0.0,0.0,0.0,497.0,808.0,77.0,0.0,1.0,1.0,1.0,1.0,2023
Santos,2,68.0,1757.0,0.0,0.0,0.0,0.0,0.0,8.0,1449.0,300.0,0.0,1.0,1.0,1.0,1.0,2023
Santos,2,41.0,839.0,0.0,224.0,0.0,0.0,3.0,202.0,543.0,91.0,0.0,1.0,1.0,1.0,0.0,2023
Santos,2,,,,,,,,,,,,,,,,2023
Santos,2,36.0,538.0,0.0,452.0,0.0,0.0,0.0,423.0,29.0,86.0,0.0,1.0,1.0,1.0,0.0,2023
Americana,2,15.0,256.0,256.0,0.0,0.0,1.0,254.0,1.0,0.0,0.0,0.0,1.0,1.0,0.0,1.0,2023
Santos,2,40.0,979.0,0.0,404.0,0.0,0.0,0.0,357.0,517.0,105.0,0.0,1.0,1.0,1.0,1.0,2023
Santos,2,18.0,366.0,0.0,0.0,0.0,0.0,0.0,7.0,335.0,24.0,0.0,1.0,1.0,1.0,1.0,2023
Santos,2,43.0,750.0,0.0,213.0,0.0,0.0,0.0,187.0,497.0,66.0,0.0,1.0,1.0,1.0,1.0,2023
Santos,2,54.0,994.0,0.0,0.0,0.0,0.0,0.0,1.0,761.0,232.0,0.0,1.0,1.0,1.0,1.0,2023
Santos,2,35.0,684.0,0.0,368.0,0.0,0.0,1.0,329.0,327.0,27.0,0.0,1.0,1.0,1.0,1.0,2023
Santos,2,41.0,1253.0,0.0,509.0,0.0,0.0,2.0,442.0,703.0,106.0,0.0,1.0,1.0,1.0,0.0,2023
Itanhaém,2,55.0,1125.0,0.0,214.0,0.0,0.0,0.0,202.0,844.0,79.0,0.0,1.0,1.0,1.0,0.0,2023
Itanhaém,2,,,,,,,,,,,,,,,,2023
Praia Grande,2,,,,,,,,,,,,,,,,2023
Itanhaém,2,37.0,875.0,0.0,0.0,0.0,0.0,0.0,8.0,820.0,47.0,0.0,1.0,1.0,1.0,0.0,2023
Praia Grande,2,41.0,964.0,0.0,422.0,0.0,0.0,2.0,392.0,517.0,53.0,0.0,1.0,1.0,1.0,0.0,2023
Itanhaém,2,37.0,529.0,0.0,213.0,0.0,0.0,0.0,193.0,306.0,30.0,0.0,1.0,1.0,1.0,1.0,2023
Itanhaém,2,49.0,801.0,0.0,0.0,0.0,0.0,0.0,1.0,561.0,239.0,0.0,1.0,1.0,1.0,0.0,2023
Praia Grande,2,20.0,372.0,0.0,0.0,0.0,0.0,0.0,2.0,350.0,20.0,0.0,1.0,1.0,1.0,1.0,2023
Praia Grande,2,17.0,235.0,0.0,0.0,0.0,0.0,0.0,0.0,218.0,17.0,0.0,1.0,1.0,1.0,1.0,2023
São Vicente,2,41.0,526.0,0.0,126.0,0.0,0.0,1.0,110.0,344.0,71.0,0.0,1.0,1.0,1.0,0.0,2023
São Vicente,2,20.0,368.0,0.0,368.0,0.0,0.0,1.0,337.0,30.0,0.0,0.0,1.0,1.0,1.0,1.0,2023
São Vicente,2,29.0,487.0,0.0,289.0,0.0,0.0,1.0,249.0,221.0,16.0,0.0,1.0,1.0,0.0,0.0,2023
São Vicente,2,26.0,505.0,0.0,219.0,0.0,0.0,0.0,198.0,279.0,28.0,0.0,1.0,1.0,0.0,1.0,2023
São Vicente,2,22.0,448.0,0.0,0.0,0.0,0.0,0.0,7.0,412.0,29.0,0.0,1.0,1.0,1.0,1.0,2023
Praia Grande,2,22.0,502.0,0.0,0.0,0.0,0.0,0.0,3.0,468.0,31.0,0.0,1.0,1.0,1.0,1.0,2023
Praia Grande,2,18.0,330.0,0.0,0.0,0.0,0.0,0.0,3.0,305.0,22.0,0.0,1.0,1.0,1.0,0.0,2023
São Vicente,2,49.0,713.0,0.0,0.0,0.0,0.0,0.0,3.0,632.0,78.0,0.0,1.0,1.0,0.0,0.0,2023
Praia Grande,2,26.0,419.0,0.0,0.0,0.0,0.0,0.0,1.0,388.0,30.0,0.0,1.0,1.0,1.0,1.0,2023
Praia Grande,2,50.0,1095.0,0.0,222.0,0.0,0.0,0.0,204.0,799.0,92.0,0.0,0.0,1.0,1.0,1.0,2023
São Vicente,2,41.0,620.0,0.0,0.0,0.0,0.0,0.0,2.0,541.0,77.0,0.0,1.0,1.0,1.0,1.0,2023
Mongaguá,2,,,,,,,,,,,,,,,,2023
Mongaguá,2,33.0,570.0,0.0,0.0,0.0,0.0,0.0,7.0,433.0,130.0,0.0,0.0,1.0,0.0,0.0,2023
Peruíbe,2,50.0,961.0,0.0,537.0,0.0,0.0,2.0,487.0,442.0,30.0,0.0,1.0,1.0,0.0,0.0,2023
São Vicente,2,71.0,1789.0,0.0,636.0,0.0,0.0,2.0,499.0,1074.0,214.0,0.0,1.0,1.0,1.0,0.0,2023
São Vicente,2,50.0,1023.0,0.0,356.0,0.0,0.0,0.0,303.0,630.0,90.0,0.0,1.0,1.0,1.0,1.0,2023
São Vicente,2,69.0,1449.0,0.0,389.0,0.0,0.0,1.0,341.0,830.0,277.0,0.0,1.0,1.0,1.0,1.0,2023
Praia Grande,2,37.0,610.0,0.0,0.0,0.0,0.0,0.0,7.0,552.0,51.0,0.0,1.0,1.0,1.0,0.0,2023
Cruzeiro,2,20.0,253.0,0.0,151.0,0.0,0.0,1.0,148.0,97.0,7.0,0.0,1.0,1.0,1.0,1.0,2023
Cruzeiro,2,16.0,206.0,0.0,70.0,0.0,0.0,1.0,75.0,121.0,9.0,0.0,1.0,1.0,1.0,1.0,2023
Cruzeiro,2,14.0,172.0,0.0,0.0,0.0,0.0,0.0,7.0,156.0,9.0,0.0,1.0,1.0,1.0,1.0,2023
Cruzeiro,2,47.0,515.0,0.0,176.0,0.0,0.0,4.0,168.0,223.0,120.0,0.0,1.0,1.0,1.0,0.0,2023
Lavrinhas,2,25.0,178.0,0.0,69.0,0.0,0.0,1.0,63.0,58.0,56.0,0.0,0.0,1.0,1.0,1.0,2023
Queluz,2,18.0,397.0,0.0,0.0,0.0,0.0,0.0,5.0,268.0,124.0,0.0,1.0,1.0,1.0,0.0,2023
São José do Barreiro,2,13.0,152.0,0.0,0.0,0.0,0.0,0.0,4.0,125.0,23.0,0.0,1.0,1.0,0.0,0.0,2023
Bananal,2,21.0,368.0,0.0,0.0,0.0,0.0,0.0,5.0,294.0,69.0,0.0,0.0,1.0,1.0,0.0,2023
Arapeí,2,11.0,115.0,0.0,0.0,0.0,0.0,0.0,3.0,92.0,20.0,0.0,0.0,1.0,1.0,0.0,2023
Cruzeiro,2,31.0,414.0,0.0,203.0,0.0,0.0,6.0,195.0,204.0,9.0,0.0,1.0,1.0,1.0,1.0,2023
Cruzeiro,2,75.0,1315.0,0.0,0.0,0.0,0.0,0.0,35.0,767.0,513.0,1.0,1.0,1.0,1.0,0.0,2023
Cruzeiro,2,,,,,,,,,,,,,,,,2023
Cruzeiro,2,43.0,484.0,0.0,80.0,0.0,0.0,3.0,71.0,281.0,129.0,0.0,1.0,1.0,0.0,0.0,2023
Areias,2,16.0,142.0,0.0,0.0,0.0,0.0,0.0,6.0,126.0,10.0,0.0,1.0,1.0,1.0,0.0,2023
Silveiras,2,36.0,590.0,0.0,208.0,0.0,0.0,2.0,191.0,313.0,84.0,0.0,1.0,1.0,1.0,1.0,2023
Aparecida,2,,,,,,,,,,,,,,,,2023
Aparecida,2,,,,,,,,,,,,,,,,2023
Aparecida,2,9.0,92.0,0.0,0.0,0.0,0.0,0.0,1.0,87.0,4.0,0.0,0.0,1.0,1.0,0.0,2023
Aparecida,2,,,,,,,,,,,,,,,,2023
Aparecida,2,17.0,222.0,0.0,0.0,0.0,0.0,0.0,9.0,205.0,8.0,0.0,1.0,1.0,1.0,0.0,2023
Guaratinguetá,2,25.0,413.0,0.0,197.0,0.0,0.0,6.0,179.0,206.0,22.0,0.0,1.0,1.0,1.0,0.0,2023
Cunha,2,,,,,,,,,,,,,,,,2023
Guaratinguetá,2,75.0,1343.0,0.0,0.0,0.0,0.0,0.0,29.0,803.0,511.0,1.0,1.0,1.0,1.0,0.0,2023
Guaratinguetá,2,55.0,1333.0,0.0,191.0,0.0,0.0,3.0,184.0,826.0,320.0,0.0,1.0,1.0,1.0,1.0,2023
Guaratinguetá,2,27.0,374.0,0.0,206.0,0.0,0.0,1.0,191.0,172.0,10.0,0.0,1.0,1.0,1.0,0.0,2023
Guaratinguetá,2,28.0,382.0,0.0,247.0,0.0,0.0,13.0,212.0,141.0,16.0,0.0,1.0,1.0,1.0,0.0,2023
Potim,2,43.0,692.0,0.0,0.0,0.0,0.0,0.0,3.0,589.0,100.0,0.0,1.0,1.0,1.0,1.0,2023
Guaratinguetá,2,32.0,372.0,0.0,222.0,0.0,0.0,4.0,203.0,126.0,39.0,0.0,1.0,1.0,1.0,1.0,2023
Cunha,2,48.0,827.0,0.0,410.0,0.0,0.0,42.0,362.0,373.0,50.0,0.0,1.0,1.0,1.0,1.0,2023
Cunha,2,27.0,275.0,0.0,157.0,0.0,0.0,6.0,145.0,115.0,9.0,0.0,0.0,1.0,1.0,1.0,2023
Cunha,2,17.0,280.0,0.0,280.0,0.0,0.0,25.0,234.0,21.0,0.0,0.0,0.0,1.0,1.0,1.0,2023
Aparecida,2,24.0,419.0,0.0,0.0,0.0,0.0,0.0,3.0,279.0,137.0,0.0,1.0,1.0,1.0,0.0,2023
Aparecida,2,24.0,310.0,0.0,0.0,0.0,0.0,0.0,7.0,280.0,23.0,0.0,1.0,1.0,0.0,0.0,2023
Roseira,2,,,,,,,,,,,,,,,,2023
Guaratinguetá,2,26.0,263.0,0.0,155.0,0.0,0.0,6.0,139.0,110.0,8.0,0.0,0.0,1.0,1.0,1.0,2023
Roseira,2,31.0,420.0,0.0,0.0,0.0,0.0,0.0,6.0,310.0,104.0,0.0,1.0,1.0,1.0,1.0,2023
Lagoinha,2,36.0,484.0,0.0,275.0,0.0,0.0,12.0,248.0,196.0,28.0,0.0,1.0,1.0,1.0,1.0,2023
Guaratinguetá,2,,,,,,,,,,,,,,,,2023
Guaratinguetá,2,15.0,243.0,0.0,243.0,0.0,0.0,7.0,232.0,4.0,0.0,0.0,1.0,1.0,1.0,0.0,2023
Guaratinguetá,2,47.0,908.0,0.0,0.0,0.0,0.0,0.0,19.0,636.0,253.0,0.0,1.0,1.0,1.0,1.0,2023
Guaratinguetá,2,,,,,,,,,,,,,,,,2023
Lorena,2,43.0,1022.0,0.0,0.0,0.0,0.0,0.0,13.0,660.0,349.0,0.0,1.0,1.0,1.0,1.0,2023
Lorena,2,,,,,,,,,,,,,,,,2023
Lorena,2,19.0,293.0,0.0,170.0,0.0,0.0,3.0,155.0,128.0,7.0,0.0,1.0,1.0,1.0,0.0,2023
Piquete,2,31.0,428.0,0.0,224.0,0.0,0.0,0.0,200.0,193.0,35.0,0.0,1.0,1.0,1.0,1.0,2023
Piquete,2,26.0,364.0,0.0,236.0,0.0,0.0,4.0,230.0,122.0,8.0,0.0,0.0,1.0,1.0,0.0,2023
Piquete,2,,,,,,,,,,,,,,,,2023
Lorena,2,,,,,,,,,,,,,,,,2023
Cachoeira Paulista,2,,,,,,,,,,,,,,,,2023
Cachoeira Paulista,2,26.0,286.0,0.0,125.0,0.0,0.0,3.0,120.0,86.0,77.0,0.0,0.0,1.0,1.0,1.0,2023
Cachoeira Paulista,2,,,,,,,,,,,,,,,,2023
Cachoeira Paulista,2,14.0,223.0,0.0,223.0,0.0,0.0,4.0,204.0,15.0,0.0,0.0,0.0,1.0,1.0,1.0,2023
Cachoeira Paulista,2,24.0,255.0,0.0,131.0,0.0,0.0,2.0,130.0,109.0,14.0,0.0,1.0,1.0,1.0,1.0,2023
Lorena,2,,,,,,,,,,,,,,,,2023
Lorena,2,45.0,800.0,0.0,434.0,0.0,0.0,7.0,411.0,358.0,24.0,0.0,1.0,1.0,1.0,0.0,2023
Lorena,2,14.0,209.0,0.0,209.0,0.0,0.0,3.0,195.0,11.0,0.0,0.0,1.0,1.0,1.0,1.0,2023
Lorena,2,,,,,,,,,,,,,,,,2023
Canas,2,25.0,214.0,0.0,0.0,0.0,0.0,0.0,3.0,146.0,65.0,0.0,1.0,1.0,1.0,0.0,2023
Cachoeira Paulista,2,28.0,297.0,0.0,173.0,0.0,0.0,3.0,160.0,95.0,39.0,0.0,0.0,1.0,1.0,1.0,2023
Cachoeira Paulista,2,20.0,215.0,0.0,130.0,0.0,0.0,1.0,115.0,91.0,8.0,0.0,0.0,1.0,1.0,0.0,2023
Lorena,2,23.0,363.0,0.0,250.0,0.0,0.0,2.0,238.0,111.0,12.0,0.0,1.0,1.0,1.0,0.0,2023
Cachoeira Paulista,2,15.0,197.0,0.0,59.0,0.0,0.0,0.0,62.0,119.0,16.0,0.0,1.0,1.0,1.0,0.0,2023
Pindamonhangaba,2,18.0,339.0,0.0,0.0,0.0,0.0,0.0,16.0,309.0,14.0,0.0,1.0,1.0,1.0,1.0,2023
Pindamonhangaba,2,17.0,350.0,0.0,350.0,0.0,0.0,2.0,339.0,9.0,0.0,0.0,1.0,1.0,1.0,0.0,2023
Pindamonhangaba,2,22.0,342.0,0.0,200.0,0.0,0.0,4.0,181.0,135.0,22.0,0.0,1.0,1.0,1.0,0.0,2023
Pindamonhangaba,2,29.0,690.0,0.0,369.0,0.0,0.0,7.0,351.0,320.0,12.0,0.0,1.0,1.0,1.0,0.0,2023
São Bento do Sapucaí,2,34.0,709.0,0.0,290.0,0.0,0.0,6.0,271.0,412.0,20.0,0.0,1.0,1.0,1.0,1.0,2023
Campos do Jordão,2,57.0,1087.0,0.0,0.0,0.0,0.0,0.0,19.0,891.0,177.0,0.0,1.0,1.0,1.0,0.0,2023
Monteiro Lobato,2,24.0,400.0,0.0,231.0,0.0,0.0,1.0,216.0,155.0,28.0,0.0,1.0,1.0,1.0,0.0,2023
Pindamonhangaba,2,26.0,401.0,0.0,151.0,0.0,0.0,1.0,145.0,245.0,10.0,0.0,1.0,1.0,1.0,1.0,2023
Pindamonhangaba,2,22.0,291.0,0.0,291.0,0.0,0.0,2.0,284.0,5.0,0.0,0.0,1.0,1.0,1.0,1.0,2023
Pindamonhangaba,2,15.0,277.0,0.0,0.0,0.0,0.0,0.0,6.0,264.0,7.0,0.0,1.0,1.0,1.0,1.0,2023
Pindamonhangaba,2,14.0,272.0,0.0,272.0,0.0,0.0,5.0,260.0,7.0,0.0,0.0,1.0,1.0,1.0,1.0,2023
Pindamonhangaba,2,43.0,759.0,0.0,0.0,0.0,0.0,0.0,18.0,587.0,154.0,0.0,1.0,1.0,1.0,1.0,2023
Pindamonhangaba,2,28.0,453.0,0.0,298.0,0.0,0.0,6.0,288.0,150.0,9.0,0.0,1.0,1.0,1.0,0.0,2023
Pindamonhangaba,2,76.0,1165.0,0.0,0.0,0.0,0.0,0.0,12.0,713.0,440.0,1.0,1.0,1.0,1.0,1.0,2023
Pindamonhangaba,2,,,,,,,,,,,,,,,,2023
Pindamonhangaba,2,17.0,138.0,0.0,92.0,0.0,0.0,2.0,88.0,48.0,0.0,0.0,1.0,1.0,0.0,1.0,2023
Pindamonhangaba,2,17.0,220.0,0.0,143.0,0.0,0.0,5.0,129.0,84.0,2.0,0.0,1.0,1.0,1.0,0.0,2023
Pindamonhangaba,2,30.0,608.0,0.0,255.0,0.0,0.0,3.0,244.0,335.0,26.0,0.0,1.0,1.0,1.0,0.0,2023
Santo Antônio do Pinhal,2,17.0,215.0,0.0,0.0,0.0,0.0,0.0,0.0,191.0,24.0,0.0,1.0,1.0,1.0,0.0,2023
São José dos Campos,2,65.0,1846.0,0.0,436.0,0.0,0.0,0.0,411.0,1172.0,263.0,0.0,1.0,1.0,1.0,0.0,2023
São José dos Campos,2,,,,,,,,,,,,,,,,2023
São José dos Campos,2,,,,,,,,,,,,,,,,2023
São José dos Campos,2,,,,,,,,,,,,,,,,2023
São José dos Campos,2,19.0,362.0,0.0,0.0,0.0,0.0,0.0,0.0,343.0,19.0,0.0,1.0,1.0,1.0,1.0,2023
São José dos Campos,2,,,,,,,,,,,,,,,,2023
São José dos Campos,2,39.0,744.0,331.0,233.0,0.0,0.0,320.0,232.0,178.0,14.0,0.0,1.0,1.0,1.0,0.0,2023
São José dos Campos,2,28.0,564.0,0.0,0.0,0.0,0.0,0.0,1.0,411.0,152.0,0.0,1.0,1.0,1.0,1.0,2023
São José dos Campos,2,29.0,516.0,0.0,260.0,0.0,0.0,2.0,244.0,257.0,13.0,0.0,1.0,1.0,1.0,1.0,2023
São José dos Campos,2,35.0,579.0,0.0,279.0,0.0,0.0,2.0,260.0,284.0,33.0,0.0,1.0,1.0,1.0,0.0,2023
São José dos Campos,2,27.0,413.0,179.0,126.0,0.0,0.0,171.0,125.0,111.0,6.0,0.0,1.0,1.0,1.0,1.0,2023
São José dos Campos,2,26.0,349.0,158.0,113.0,0.0,0.0,148.0,111.0,88.0,2.0,0.0,1.0,1.0,1.0,0.0,2023
São José dos Campos,2,16.0,248.0,0.0,248.0,0.0,0.0,0.0,233.0,15.0,0.0,0.0,1.0,1.0,1.0,1.0,2023
São José dos Campos,2,27.0,395.0,145.0,250.0,0.0,0.0,134.0,244.0,17.0,0.0,0.0,1.0,1.0,1.0,0.0,2023
São José dos Campos,2,35.0,590.0,0.0,337.0,0.0,0.0,0.0,302.0,271.0,17.0,0.0,1.0,1.0,1.0,1.0,2023
São José dos Campos,2,,,,,,,,,,,,,,,,2023
Jacareí,2,39.0,590.0,0.0,52.0,0.0,0.0,2.0,51.0,262.0,275.0,0.0,1.0,1.0,1.0,1.0,2023
Jambeiro,2,23.0,272.0,0.0,0.0,0.0,0.0,0.0,1.0,207.0,64.0,0.0,0.0,1.0,1.0,0.0,2023
Jacareí,2,32.0,608.0,0.0,444.0,0.0,0.0,2.0,420.0,179.0,7.0,0.0,0.0,1.0,1.0,0.0,2023
São José dos Campos,2,16.0,346.0,0.0,0.0,0.0,0.0,0.0,0.0,319.0,27.0,0.0,1.0,1.0,0.0,1.0,2023
São José dos Campos,2,56.0,914.0,0.0,0.0,0.0,0.0,0.0,1.0,726.0,187.0,0.0,1.0,1.0,1.0,0.0,2023
São José dos Campos,2,48.0,946.0,460.0,486.0,0.0,0.0,439.0,474.0,32.0,1.0,0.0,1.0,1.0,1.0,1.0,2023
Jacareí,2,26.0,527.0,0.0,0.0,0.0,0.0,0.0,1.0,519.0,7.0,0.0,1.0,1.0,1.0,1.0,2023
São José dos Campos,2,,,,,,,,,,,,,,,,2023
Jacareí,2,52.0,1218.0,0.0,354.0,0.0,0.0,1.0,318.0,700.0,199.0,0.0,1.0,1.0,1.0,0.0,2023
Jacareí,2,39.0,764.0,0.0,528.0,0.0,0.0,1.0,484.0,257.0,22.0,0.0,1.0,1.0,1.0,0.0,2023
Jacareí,2,44.0,1232.0,0.0,549.0,0.0,0.0,0.0,516.0,454.0,262.0,0.0,1.0,1.0,1.0,0.0,2023
Jacareí,2,32.0,537.0,0.0,352.0,0.0,0.0,2.0,326.0,204.0,5.0,0.0,1.0,1.0,1.0,1.0,2023
São José dos Campos,2,44.0,1115.0,361.0,372.0,0.0,0.0,362.0,360.0,367.0,26.0,0.0,1.0,1.0,1.0,1.0,2023
Paraibuna,2,45.0,790.0,0.0,336.0,0.0,0.0,6.0,301.0,395.0,88.0,0.0,1.0,1.0,1.0,0.0,2023
São José dos Campos,2,,,,,,,,,,,,,,,,2023
São José dos Campos,2,17.0,317.0,0.0,317.0,0.0,0.0,0.0,297.0,20.0,0.0,0.0,1.0,1.0,1.0,1.0,2023
São José dos Campos,2,29.0,537.0,0.0,311.0,0.0,0.0,0.0,283.0,238.0,16.0,0.0,1.0,1.0,1.0,1.0,2023
São José dos Campos,2,18.0,363.0,0.0,0.0,0.0,0.0,0.0,2.0,347.0,14.0,0.0,1.0,1.0,1.0,1.0,2023
São José dos Campos,2,52.0,1291.0,0.0,197.0,0.0,0.0,1.0,164.0,791.0,335.0,0.0,1.0,1.0,1.0,1.0,2023
Igaratá,2,30.0,569.0,0.0,246.0,0.0,0.0,5.0,218.0,319.0,27.0,0.0,1.0,1.0,1.0,0.0,2023
Jacareí,2,47.0,764.0,0.0,0.0,0.0,0.0,0.0,3.0,560.0,201.0,1.0,1.0,1.0,1.0,1.0,2023
Jacareí,2,32.0,586.0,0.0,365.0,0.0,0.0,1.0,336.0,236.0,13.0,0.0,1.0,1.0,1.0,0.0,2023
Paraibuna,2,31.0,579.0,0.0,387.0,0.0,0.0,7.0,358.0,206.0,8.0,0.0,0.0,1.0,1.0,1.0,2023
Taubaté,2,30.0,426.0,0.0,194.0,0.0,0.0,5.0,187.0,230.0,4.0,0.0,0.0,1.0,1.0,1.0,2023
Taubaté,2,38.0,514.0,0.0,0.0,0.0,0.0,0.0,7.0,392.0,115.0,0.0,1.0,1.0,1.0,0.0,2023
Taubaté,2,32.0,712.0,0.0,0.0,0.0,0.0,0.0,4.0,666.0,42.0,0.0,1.0,1.0,1.0,0.0,2023
Taubaté,2,,,,,,,,,,,,,,,,2023
Taubaté,2,,,,,,,,,,,,,,,,2023
Caçapava,2,15.0,179.0,0.0,125.0,0.0,0.0,2.0,118.0,50.0,9.0,0.0,1.0,1.0,1.0,1.0,2023
Redenção da Serra,2,26.0,360.0,0.0,232.0,0.0,0.0,3.0,217.0,134.0,6.0,0.0,1.0,1.0,1.0,1.0,2023
Caçapava,2,30.0,508.0,0.0,304.0,0.0,0.0,7.0,274.0,218.0,9.0,0.0,1.0,1.0,1.0,1.0,2023
Natividade da Serra,2,32.0,413.0,0.0,227.0,0.0,0.0,3.0,221.0,177.0,12.0,0.0,1.0,1.0,1.0,0.0,2023
Taubaté,2,42.0,889.0,0.0,0.0,0.0,0.0,0.0,15.0,790.0,84.0,0.0,1.0,1.0,1.0,0.0,2023
Caçapava,2,33.0,521.0,0.0,265.0,0.0,0.0,5.0,249.0,132.0,135.0,0.0,1.0,1.0,1.0,0.0,2023
Taubaté,2,,,,,,,,,,,,,,,,2023
Taubaté,2,18.0,225.0,0.0,0.0,0.0,0.0,0.0,5.0,206.0,14.0,0.0,1.0,1.0,1.0,1.0,2023
Tremembé,2,32.0,752.0,0.0,0.0,0.0,0.0,0.0,3.0,648.0,101.0,0.0,0.0,1.0,1.0,0.0,2023
Taubaté,2,,,,,,,,,,,,,,,,2023
Taubaté,2,35.0,732.0,0.0,0.0,0.0,0.0,0.0,10.0,675.0,47.0,0.0,1.0,1.0,1.0,0.0,2023
Tremembé,2,22.0,304.0,0.0,0.0,0.0,0.0,0.0,2.0,288.0,14.0,0.0,1.0,1.0,1.0,1.0,2023
Taubaté,2,16.0,257.0,0.0,0.0,0.0,0.0,0.0,4.0,243.0,10.0,0.0,1.0,1.0,1.0,1.0,2023
Taubaté,2,26.0,428.0,0.0,0.0,0.0,0.0,0.0,9.0,395.0,24.0,0.0,1.0,1.0,1.0,0.0,2023
Taubaté,2,37.0,570.0,0.0,0.0,0.0,0.0,0.0,9.0,520.0,41.0,0.0,1.0,1.0,1.0,1.0,2023
Taubaté,2,27.0,443.0,0.0,0.0,0.0,0.0,0.0,17.0,402.0,24.0,0.0,1.0,1.0,1.0,0.0,2023
Taubaté,2,20.0,368.0,0.0,0.0,0.0,0.0,0.0,10.0,341.0,17.0,0.0,1.0,1.0,1.0,1.0,2023
Caçapava,2,53.0,769.0,0.0,0.0,0.0,0.0,0.0,8.0,463.0,298.0,1.0,1.0,1.0,1.0,0.0,2023
Ribeira,2,20.0,274.0,0.0,146.0,0.0,0.0,2.0,149.0,119.0,4.0,0.0,1.0,1.0,1.0,1.0,2023
Iporanga,2,24.0,277.0,0.0,142.0,0.0,0.0,3.0,132.0,135.0,7.0,0.0,1.0,1.0,1.0,0.0,2023
Guapiara,2,17.0,251.0,0.0,0.0,0.0,0.0,0.0,6.0,240.0,5.0,0.0,1.0,1.0,1.0,0.0,2023
Itaoca,2,14.0,153.0,0.0,89.0,0.0,0.0,3.0,84.0,64.0,2.0,0.0,1.0,1.0,1.0,0.0,2023
Apiaí,2,20.0,403.0,0.0,403.0,0.0,0.0,5.0,388.0,10.0,0.0,0.0,1.0,1.0,1.0,0.0,2023
Ribeirão Branco,2,30.0,520.0,0.0,331.0,0.0,0.0,3.0,322.0,181.0,14.0,0.0,1.0,1.0,1.0,0.0,2023
Apiaí,2,15.0,266.0,0.0,0.0,0.0,0.0,0.0,11.0,233.0,22.0,0.0,1.0,1.0,1.0,1.0,2023
Guapiara,2,14.0,224.0,0.0,224.0,0.0,0.0,4.0,219.0,1.0,0.0,0.0,0.0,1.0,1.0,0.0,2023
Barra do Turvo,2,37.0,680.0,0.0,371.0,0.0,0.0,10.0,347.0,316.0,7.0,0.0,1.0,1.0,1.0,1.0,2023
Barra do Chapéu,2,23.0,354.0,0.0,226.0,0.0,0.0,6.0,221.0,124.0,3.0,1.0,1.0,1.0,1.0,1.0,2023
Apiaí,2,19.0,335.0,109.0,117.0,0.0,0.0,108.0,117.0,106.0,4.0,0.0,1.0,1.0,1.0,0.0,2023
Itatinga,2,29.0,477.0,0.0,286.0,0.0,0.0,5.0,261.0,199.0,12.0,0.0,1.0,1.0,1.0,0.0,2023
Paranapanema,2,21.0,416.0,0.0,0.0,0.0,0.0,0.0,7.0,369.0,40.0,0.0,1.0,1.0,1.0,1.0,2023
Avaré,2,44.0,901.0,0.0,601.0,0.0,0.0,2.0,591.0,299.0,9.0,0.0,0.0,1.0,1.0,0.0,2023
Coronel Macedo,2,27.0,381.0,0.0,223.0,0.0,0.0,0.0,216.0,158.0,7.0,0.0,1.0,1.0,1.0,1.0,2023
Itaí,2,42.0,816.0,0.0,511.0,0.0,0.0,10.0,483.0,310.0,13.0,0.0,1.0,1.0,1.0,0.0,2023
Avaré,2,60.0,1481.0,0.0,536.0,0.0,0.0,5.0,501.0,877.0,98.0,0.0,1.0,1.0,1.0,1.0,2023
Arandu,2,38.0,619.0,0.0,349.0,0.0,0.0,7.0,328.0,259.0,25.0,0.0,0.0,1.0,1.0,0.0,2023
Águas de Santa Bárbara,2,43.0,642.0,0.0,359.0,0.0,0.0,8.0,336.0,282.0,16.0,0.0,0.0,1.0,1.0,1.0,2023
Cerqueira César,2,49.0,1039.0,0.0,628.0,0.0,0.0,4.0,583.0,436.0,16.0,0.0,1.0,1.0,1.0,0.0,2023
Taquarituba,2,37.0,583.0,0.0,299.0,0.0,0.0,1.0,285.0,287.0,10.0,0.0,1.0,1.0,1.0,1.0,2023
Iaras,2,14.0,264.0,0.0,0.0,0.0,0.0,0.0,0.0,229.0,35.0,0.0,0.0,1.0,0.0,0.0,2023
Avaré,2,33.0,674.0,0.0,448.0,0.0,0.0,1.0,426.0,236.0,11.0,0.0,0.0,1.0,1.0,0.0,2023
Avaré,2,27.0,527.0,0.0,281.0,0.0,0.0,1.0,263.0,260.0,3.0,0.0,0.0,1.0,1.0,0.0,2023
Paranapanema,2,18.0,393.0,0.0,0.0,0.0,0.0,0.0,3.0,364.0,26.0,0.0,1.0,1.0,1.0,1.0,2023
Avaré,2,33.0,573.0,0.0,314.0,0.0,0.0,3.0,314.0,249.0,7.0,0.0,1.0,1.0,1.0,0.0,2023
Cerqueira César,2,37.0,304.0,0.0,0.0,0.0,0.0,0.0,1.0,174.0,129.0,1.0,1.0,1.0,1.0,1.0,2023
Conchas,2,39.0,760.0,0.0,142.0,0.0,0.0,1.0,154.0,533.0,72.0,0.0,1.0,1.0,1.0,0.0,2023
Botucatu,2,80.0,1144.0,0.0,0.0,0.0,0.0,0.0,21.0,778.0,345.0,1.0,1.0,1.0,1.0,0.0,2023
Anhembi,2,17.0,319.0,0.0,0.0,0.0,0.0,0.0,10.0,276.0,33.0,0.0,1.0,1.0,1.0,1.0,2023
São Manuel,2,35.0,449.0,0.0,0.0,0.0,0.0,0.0,7.0,326.0,116.0,1.0,1.0,1.0,1.0,1.0,2023
Pardinho,2,15.0,275.0,0.0,0.0,0.0,0.0,0.0,6.0,240.0,29.0,0.0,0.0,1.0,1.0,0.0,2023
São Manuel,2,64.0,1105.0,0.0,569.0,0.0,0.0,5.0,563.0,418.0,119.0,0.0,1.0,1.0,1.0,1.0,2023
Conchas,2,,,,,,,,,,,,,,,,2023
Botucatu,2,25.0,419.0,0.0,262.0,0.0,0.0,4.0,249.0,157.0,9.0,0.0,1.0,1.0,1.0,1.0,2023
Bofete,2,22.0,433.0,0.0,0.0,0.0,0.0,0.0,4.0,338.0,91.0,0.0,1.0,1.0,1.0,0.0,2023
Botucatu,2,59.0,1295.0,0.0,200.0,0.0,0.0,0.0,189.0,1013.0,93.0,0.0,1.0,1.0,1.0,1.0,2023
Botucatu,2,44.0,876.0,0.0,323.0,0.0,0.0,7.0,305.0,520.0,44.0,0.0,0.0,1.0,1.0,0.0,2023
Botucatu,2,43.0,876.0,0.0,296.0,0.0,0.0,5.0,280.0,565.0,26.0,0.0,1.0,1.0,1.0,0.0,2023
Botucatu,2,44.0,1035.0,0.0,548.0,0.0,0.0,8.0,527.0,444.0,56.0,0.0,1.0,1.0,1.0,1.0,2023
Botucatu,2,19.0,328.0,0.0,157.0,0.0,0.0,6.0,141.0,163.0,18.0,0.0,0.0,1.0,1.0,0.0,2023
Botucatu,2,29.0,374.0,0.0,244.0,0.0,0.0,5.0,227.0,137.0,5.0,1.0,1.0,1.0,1.0,1.0,2023
Botucatu,2,18.0,288.0,0.0,186.0,0.0,0.0,7.0,179.0,99.0,3.0,0.0,1.0,1.0,1.0,0.0,2023
Areiópolis,2,21.0,429.0,0.0,0.0,0.0,0.0,0.0,6.0,346.0,77.0,0.0,1.0,1.0,1.0,1.0,2023
Botucatu,2,26.0,431.0,0.0,223.0,0.0,0.0,1.0,214.0,213.0,3.0,0.0,0.0,1.0,1.0,0.0,2023
São Manuel,2,35.0,464.0,0.0,288.0,0.0,0.0,7.0,260.0,189.0,8.0,0.0,1.0,1.0,1.0,0.0,2023
São Manuel,2,15.0,258.0,0.0,70.0,0.0,0.0,1.0,71.0,184.0,2.0,0.0,1.0,1.0,1.0,0.0,2023
Botucatu,2,,,,,,,,,,,,,,,,2023
Angatuba,2,41.0,800.0,0.0,0.0,0.0,0.0,0.0,6.0,696.0,98.0,0.0,1.0,1.0,1.0,1.0,2023
Guareí,2,40.0,792.0,0.0,323.0,0.0,0.0,0.0,298.0,414.0,80.0,0.0,0.0,1.0,1.0,1.0,2023
Angatuba,2,,,,,,,,,,,,,,,,2023
Itapetininga,2,27.0,485.0,0.0,323.0,0.0,0.0,7.0,297.0,166.0,15.0,0.0,1.0,1.0,1.0,1.0,2023
Itapetininga,2,46.0,821.0,0.0,311.0,0.0,0.0,6.0,295.0,467.0,53.0,0.0,1.0,1.0,1.0,1.0,2023
Itapetininga,2,44.0,889.0,0.0,402.0,0.0,0.0,7.0,381.0,469.0,32.0,0.0,1.0,1.0,1.0,1.0,2023
Itapetininga,2,35.0,640.0,0.0,377.0,0.0,0.0,8.0,359.0,262.0,11.0,0.0,1.0,1.0,1.0,1.0,2023
Ribeirão Grande,2,34.0,576.0,0.0,349.0,0.0,0.0,3.0,310.0,220.0,43.0,0.0,0.0,1.0,1.0,1.0,2023
Itapetininga,2,31.0,590.0,0.0,335.0,0.0,0.0,8.0,329.0,252.0,1.0,0.0,1.0,1.0,1.0,0.0,2023
Itapetininga,2,14.0,264.0,0.0,264.0,0.0,0.0,10.0,250.0,4.0,0.0,0.0,0.0,1.0,1.0,1.0,2023
Itapetininga,2,35.0,967.0,0.0,318.0,0.0,0.0,9.0,304.0,585.0,69.0,0.0,0.0,1.0,1.0,1.0,2023
Capão Bonito,2,20.0,309.0,0.0,0.0,0.0,0.0,0.0,7.0,280.0,22.0,0.0,0.0,1.0,1.0,1.0,2023
Sarapuí,2,37.0,638.0,0.0,310.0,0.0,0.0,4.0,293.0,300.0,41.0,0.0,0.0,1.0,1.0,1.0,2023
Itapetininga,2,31.0,450.0,0.0,259.0,0.0,0.0,5.0,248.0,188.0,9.0,0.0,0.0,1.0,1.0,1.0,2023
Itapetininga,2,35.0,631.0,0.0,291.0,0.0,0.0,6.0,283.0,328.0,14.0,0.0,1.0,1.0,1.0,1.0,2023
Itapetininga,2,43.0,559.0,0.0,0.0,0.0,0.0,0.0,5.0,431.0,123.0,0.0,1.0,1.0,1.0,1.0,2023
Itapetininga,2,33.0,652.0,0.0,461.0,0.0,0.0,7.0,444.0,192.0,9.0,0.0,1.0,1.0,1.0,0.0,2023
Itapetininga,2,17.0,270.0,270.0,0.0,0.0,8.0,262.0,0.0,0.0,0.0,0.0,1.0,1.0,0.0,0.0,2023
Itapetininga,2,20.0,352.0,0.0,233.0,0.0,0.0,4.0,222.0,122.0,4.0,0.0,1.0,1.0,1.0,0.0,2023
Campina do Monte Alegre,2,25.0,270.0,0.0,0.0,0.0,0.0,0.0,4.0,238.0,28.0,0.0,1.0,1.0,1.0,0.0,2023
Capão Bonito,2,48.0,1116.0,0.0,0.0,0.0,0.0,0.0,14.0,919.0,183.0,0.0,1.0,1.0,1.0,1.0,2023
Itapetininga,2,53.0,1000.0,0.0,267.0,0.0,0.0,1.0,260.0,539.0,200.0,0.0,0.0,1.0,1.0,1.0,2023
São Miguel Arcanjo,2,22.0,353.0,0.0,247.0,0.0,0.0,4.0,232.0,111.0,6.0,0.0,1.0,1.0,1.0,1.0,2023
Riversul,2,38.0,505.0,0.0,285.0,0.0,0.0,5.0,268.0,212.0,20.0,0.0,1.0,1.0,1.0,0.0,2023
Bom Sucesso de Itararé,2,28.0,481.0,0.0,263.0,0.0,0.0,3.0,251.0,199.0,28.0,0.0,1.0,1.0,1.0,1.0,2023
Itararé,2,50.0,1106.0,0.0,311.0,0.0,0.0,0.0,292.0,711.0,103.0,0.0,0.0,1.0,1.0,1.0,2023
Itararé,2,34.0,569.0,0.0,353.0,0.0,0.0,0.0,322.0,229.0,18.0,0.0,0.0,1.0,1.0,0.0,2023
Itararé,2,28.0,333.0,0.0,241.0,0.0,0.0,0.0,214.0,112.0,7.0,0.0,0.0,1.0,1.0,1.0,2023
Itararé,2,32.0,376.0,0.0,153.0,0.0,0.0,2.0,138.0,139.0,97.0,0.0,1.0,1.0,1.0,0.0,2023
Itaporanga,2,44.0,849.0,0.0,486.0,0.0,0.0,10.0,477.0,348.0,14.0,0.0,1.0,1.0,1.0,0.0,2023
Taquarivaí,2,29.0,387.0,0.0,0.0,0.0,0.0,0.0,5.0,282.0,100.0,1.0,1.0,1.0,1.0,1.0,2023
Itapeva,2,42.0,604.0,0.0,0.0,0.0,0.0,0.0,0.0,487.0,117.0,0.0,1.0,1.0,1.0,1.0,2023
Itapeva,2,59.0,1139.0,0.0,0.0,0.0,0.0,0.0,7.0,794.0,338.0,1.0,1.0,1.0,1.0,1.0,2023
Nova Campina,2,25.0,323.0,0.0,0.0,0.0,0.0,0.0,5.0,286.0,32.0,0.0,1.0,1.0,1.0,1.0,2023
Itaberá,2,15.0,188.0,0.0,101.0,0.0,0.0,1.0,102.0,84.0,1.0,0.0,1.0,1.0,1.0,0.0,2023
Itaberá,2,18.0,225.0,225.0,0.0,0.0,0.0,222.0,3.0,0.0,0.0,0.0,0.0,1.0,1.0,0.0,2023
Itaberá,2,38.0,479.0,0.0,240.0,0.0,0.0,6.0,233.0,210.0,30.0,0.0,0.0,1.0,1.0,0.0,2023
Itapeva,2,42.0,663.0,0.0,0.0,0.0,0.0,0.0,0.0,611.0,52.0,0.0,1.0,1.0,1.0,1.0,2023
Itapeva,2,24.0,361.0,0.0,0.0,0.0,0.0,0.0,1.0,339.0,21.0,0.0,1.0,1.0,1.0,1.0,2023
Itapeva,2,18.0,320.0,0.0,0.0,0.0,0.0,0.0,1.0,301.0,18.0,0.0,1.0,1.0,1.0,1.0,2023
Itapeva,2,30.0,517.0,0.0,0.0,0.0,0.0,0.0,0.0,488.0,29.0,0.0,0.0,1.0,1.0,0.0,2023
Buri,2,47.0,764.0,0.0,0.0,0.0,0.0,0.0,17.0,690.0,57.0,0.0,1.0,1.0,1.0,1.0,2023
Barão de Antonina,2,30.0,346.0,0.0,200.0,0.0,0.0,1.0,199.0,140.0,6.0,0.0,1.0,1.0,1.0,1.0,2023
Itararé,2,23.0,343.0,0.0,200.0,0.0,0.0,0.0,183.0,148.0,12.0,0.0,0.0,1.0,1.0,0.0,2023
Porto Feliz,2,32.0,575.0,0.0,385.0,0.0,0.0,13.0,359.0,195.0,8.0,0.0,1.0,1.0,1.0,1.0,2023
Salto,2,15.0,298.0,0.0,298.0,0.0,0.0,1.0,287.0,10.0,0.0,0.0,1.0,1.0,1.0,1.0,2023
Salto,2,66.0,1768.0,0.0,594.0,0.0,0.0,2.0,558.0,964.0,244.0,0.0,1.0,1.0,1.0,1.0,2023
Itu,2,52.0,778.0,0.0,0.0,0.0,0.0,0.0,15.0,645.0,118.0,1.0,1.0,1.0,1.0,1.0,2023
Itu,2,45.0,1003.0,0.0,413.0,0.0,0.0,6.0,388.0,555.0,54.0,0.0,1.0,1.0,1.0,0.0,2023
Itu,2,37.0,752.0,0.0,573.0,0.0,0.0,9.0,549.0,188.0,6.0,0.0,1.0,1.0,1.0,1.0,2023
Itu,2,30.0,313.0,0.0,236.0,0.0,0.0,0.0,162.0,111.0,40.0,0.0,1.0,1.0,1.0,0.0,2023
Itu,2,17.0,301.0,0.0,0.0,0.0,0.0,0.0,5.0,291.0,5.0,0.0,1.0,1.0,1.0,1.0,2023
Porto Feliz,2,41.0,766.0,0.0,0.0,0.0,0.0,0.0,12.0,658.0,96.0,0.0,1.0,1.0,1.0,1.0,2023
Porto Feliz,2,17.0,467.0,0.0,0.0,0.0,0.0,0.0,7.0,444.0,16.0,0.0,1.0,1.0,1.0,0.0,2023
Itu,2,54.0,1103.0,0.0,547.0,0.0,0.0,6.0,506.0,403.0,188.0,0.0,1.0,1.0,1.0,1.0,2023
Salto,2,18.0,444.0,444.0,0.0,0.0,0.0,429.0,15.0,0.0,0.0,0.0,1.0,1.0,1.0,1.0,2023
Salto,2,28.0,524.0,0.0,299.0,0.0,0.0,1.0,279.0,234.0,10.0,0.0,1.0,1.0,1.0,0.0,2023
Itu,2,36.0,913.0,0.0,307.0,0.0,0.0,10.0,300.0,562.0,41.0,0.0,1.0,1.0,1.0,0.0,2023
Cabreúva,2,31.0,601.0,0.0,361.0,0.0,0.0,0.0,338.0,248.0,15.0,0.0,1.0,1.0,1.0,0.0,2023
Cabreúva,2,41.0,874.0,0.0,472.0,0.0,0.0,1.0,429.0,391.0,53.0,0.0,1.0,1.0,1.0,0.0,2023
Salto,2,39.0,856.0,0.0,405.0,0.0,0.0,1.0,376.0,440.0,39.0,0.0,1.0,1.0,1.0,0.0,2023
São Roque,2,63.0,1097.0,0.0,0.0,0.0,0.0,0.0,24.0,971.0,102.0,0.0,1.0,1.0,1.0,0.0,2023
Ibiúna,2,26.0,371.0,0.0,236.0,0.0,0.0,8.0,218.0,138.0,7.0,0.0,1.0,1.0,1.0,0.0,2023
São Roque,2,25.0,653.0,0.0,0.0,0.0,0.0,0.0,5.0,377.0,271.0,0.0,1.0,1.0,1.0,1.0,2023
Araçariguama,2,40.0,1005.0,0.0,0.0,0.0,0.0,0.0,16.0,850.0,139.0,0.0,1.0,1.0,1.0,0.0,2023
Ibiúna,2,19.0,356.0,0.0,356.0,0.0,0.0,7.0,315.0,34.0,0.0,0.0,1.0,1.0,1.0,1.0,2023
Ibiúna,2,29.0,538.0,0.0,343.0,0.0,0.0,13.0,315.0,202.0,8.0,1.0,0.0,1.0,1.0,1.0,2023
Ibiúna,2,28.0,417.0,0.0,272.0,0.0,0.0,6.0,260.0,141.0,10.0,0.0,1.0,1.0,1.0,1.0,2023
Ibiúna,2,41.0,882.0,0.0,403.0,0.0,0.0,4.0,382.0,479.0,17.0,0.0,1.0,1.0,1.0,0.0,2023
São Roque,2,20.0,406.0,0.0,0.0,0.0,0.0,0.0,9.0,346.0,51.0,0.0,1.0,1.0,1.0,1.0,2023
Alumínio,2,42.0,628.0,0.0,0.0,0.0,0.0,0.0,7.0,475.0,146.0,0.0,1.0,1.0,1.0,1.0,2023
Ibiúna,2,28.0,490.0,0.0,330.0,0.0,0.0,1.0,314.0,170.0,5.0,1.0,1.0,1.0,1.0,1.0,2023
Ibiúna,2,63.0,1638.0,0.0,543.0,0.0,0.0,6.0,515.0,901.0,216.0,0.0,1.0,1.0,1.0,1.0,2023
Mairinque,2,33.0,561.0,0.0,0.0,0.0,0.0,0.0,11.0,509.0,41.0,0.0,1.0,1.0,1.0,0.0,2023
Sorocaba,2,38.0,603.0,0.0,337.0,0.0,0.0,0.0,312.0,276.0,15.0,0.0,1.0,1.0,1.0,1.0,2023
Sorocaba,2,32.0,885.0,0.0,307.0,0.0,0.0,0.0,283.0,550.0,52.0,0.0,0.0,1.0,1.0,0.0,2023
Sorocaba,2,27.0,506.0,0.0,271.0,0.0,0.0,1.0,250.0,246.0,9.0,0.0,1.0,1.0,1.0,1.0,2023
Sorocaba,2,30.0,510.0,0.0,258.0,0.0,0.0,1.0,250.0,242.0,17.0,0.0,1.0,1.0,1.0,1.0,2023
Sorocaba,2,15.0,299.0,0.0,299.0,0.0,0.0,1.0,282.0,16.0,0.0,0.0,1.0,1.0,1.0,0.0,2023
Sorocaba,2,29.0,525.0,0.0,250.0,0.0,0.0,4.0,228.0,279.0,14.0,0.0,1.0,1.0,1.0,0.0,2023
Sorocaba,2,27.0,583.0,0.0,288.0,0.0,0.0,0.0,263.0,315.0,5.0,0.0,0.0,1.0,1.0,1.0,2023
Sorocaba,2,46.0,755.0,0.0,402.0,0.0,0.0,0.0,383.0,351.0,21.0,0.0,1.0,1.0,1.0,0.0,2023
Sorocaba,2,14.0,278.0,0.0,278.0,0.0,0.0,1.0,263.0,14.0,0.0,0.0,1.0,1.0,1.0,1.0,2023
Sorocaba,2,19.0,349.0,0.0,349.0,0.0,0.0,4.0,317.0,28.0,0.0,1.0,1.0,1.0,1.0,1.0,2023
Sorocaba,2,30.0,531.0,0.0,310.0,0.0,0.0,2.0,302.0,219.0,8.0,0.0,1.0,1.0,1.0,1.0,2023
Sorocaba,2,50.0,820.0,0.0,363.0,0.0,0.0,0.0,339.0,372.0,109.0,0.0,0.0,1.0,1.0,0.0,2023
Sorocaba,2,23.0,407.0,0.0,214.0,0.0,0.0,0.0,203.0,201.0,3.0,0.0,1.0,1.0,1.0,0.0,2023
Sorocaba,2,129.0,2323.0,0.0,0.0,0.0,0.0,0.0,6.0,1238.0,1079.0,1.0,1.0,1.0,1.0,0.0,2023
Sorocaba,2,42.0,986.0,0.0,438.0,0.0,0.0,0.0,400.0,536.0,50.0,0.0,0.0,1.0,1.0,0.0,2023
Sorocaba,2,27.0,505.0,0.0,241.0,0.0,0.0,1.0,222.0,268.0,14.0,0.0,1.0,1.0,1.0,0.0,2023
Sorocaba,2,65.0,1908.0,0.0,853.0,0.0,0.0,11.0,788.0,1043.0,66.0,0.0,0.0,1.0,1.0,1.0,2023
Sorocaba,2,46.0,1002.0,0.0,548.0,0.0,0.0,1.0,497.0,404.0,100.0,1.0,0.0,0.0,0.0,0.0,2023
Sorocaba,2,35.0,692.0,0.0,401.0,0.0,0.0,7.0,371.0,305.0,9.0,0.0,1.0,1.0,1.0,1.0,2023
Sorocaba,2,69.0,1737.0,0.0,640.0,0.0,0.0,2.0,595.0,1053.0,87.0,0.0,0.0,1.0,1.0,1.0,2023
Sorocaba,2,18.0,245.0,0.0,148.0,0.0,0.0,0.0,140.0,105.0,0.0,0.0,0.0,1.0,1.0,0.0,2023
Sorocaba,2,36.0,798.0,0.0,345.0,0.0,0.0,2.0,330.0,444.0,22.0,0.0,1.0,1.0,1.0,1.0,2023
Sorocaba,2,38.0,835.0,0.0,480.0,0.0,0.0,2.0,437.0,375.0,21.0,1.0,1.0,1.0,1.0,0.0,2023
Sorocaba,2,31.0,539.0,0.0,281.0,0.0,0.0,2.0,259.0,264.0,14.0,1.0,0.0,1.0,1.0,1.0,2023
Sorocaba,2,,,,,,,,,,,,,,,,2023
Sorocaba,2,110.0,1805.0,0.0,0.0,0.0,0.0,0.0,8.0,962.0,835.0,1.0,1.0,1.0,1.0,0.0,2023
Sorocaba,2,17.0,319.0,0.0,319.0,0.0,0.0,5.0,297.0,17.0,0.0,0.0,1.0,1.0,1.0,1.0,2023
Sorocaba,2,27.0,525.0,0.0,244.0,0.0,0.0,3.0,223.0,278.0,21.0,0.0,1.0,1.0,1.0,1.0,2023
Sorocaba,2,24.0,450.0,450.0,0.0,0.0,0.0,433.0,17.0,0.0,0.0,0.0,0.0,1.0,1.0,0.0,2023
Sorocaba,2,27.0,564.0,0.0,259.0,0.0,0.0,1.0,256.0,292.0,15.0,0.0,0.0,1.0,1.0,1.0,2023
Sorocaba,2,19.0,291.0,74.0,217.0,0.0,0.0,75.0,209.0,7.0,0.0,0.0,0.0,1.0,1.0,0.0,2023
Sorocaba,2,29.0,558.0,0.0,323.0,0.0,0.0,1.0,302.0,243.0,12.0,0.0,1.0,1.0,1.0,0.0,2023
Sorocaba,2,25.0,654.0,0.0,310.0,0.0,0.0,0.0,299.0,334.0,21.0,0.0,1.0,1.0,1.0,1.0,2023
Sorocaba,2,74.0,2026.0,0.0,456.0,0.0,0.0,3.0,441.0,1459.0,123.0,0.0,1.0,1.0,1.0,1.0,2023
Pereiras,2,33.0,906.0,0.0,410.0,0.0,0.0,6.0,367.0,489.0,44.0,0.0,1.0,1.0,1.0,0.0,2023
Tietê,2,40.0,930.0,0.0,0.0,0.0,0.0,0.0,5.0,843.0,82.0,0.0,1.0,1.0,1.0,1.0,2023
Tietê,2,,,,,,,,,,,,,,,,2023
Tatuí,2,36.0,756.0,0.0,396.0,0.0,0.0,4.0,371.0,362.0,19.0,0.0,1.0,1.0,1.0,0.0,2023
Porangaba,2,33.0,949.0,0.0,431.0,0.0,0.0,8.0,398.0,506.0,37.0,0.0,1.0,1.0,1.0,0.0,2023
Laranjal Paulista,2,33.0,709.0,0.0,132.0,0.0,0.0,0.0,125.0,531.0,53.0,0.0,1.0,1.0,1.0,0.0,2023
Laranjal Paulista,2,,,,,,,,,,,,,,,,2023
Laranjal Paulista,2,32.0,558.0,0.0,177.0,0.0,0.0,2.0,161.0,300.0,95.0,0.0,1.0,1.0,1.0,0.0,2023
Tietê,2,,,,,,,,,,,,,,,,2023
Jumirim,2,20.0,125.0,0.0,0.0,0.0,0.0,0.0,1.0,95.0,29.0,0.0,1.0,1.0,0.0,0.0,2023
Torre de Pedra,2,16.0,256.0,0.0,134.0,0.0,0.0,3.0,122.0,114.0,17.0,0.0,1.0,1.0,1.0,0.0,2023
Tatuí,2,25.0,496.0,0.0,304.0,0.0,0.0,4.0,301.0,189.0,2.0,0.0,1.0,1.0,1.0,0.0,2023
Tatuí,2,41.0,1173.0,0.0,403.0,0.0,0.0,9.0,377.0,753.0,34.0,0.0,0.0,1.0,1.0,1.0,2023
Cerquilho,2,30.0,506.0,0.0,0.0,0.0,0.0,0.0,13.0,468.0,25.0,0.0,1.0,1.0,1.0,0.0,2023
Tatuí,2,33.0,591.0,0.0,279.0,0.0,0.0,2.0,269.0,308.0,12.0,0.0,0.0,1.0,1.0,1.0,2023
Boituva,2,52.0,1312.0,0.0,0.0,0.0,0.0,0.0,6.0,1159.0,147.0,0.0,1.0,1.0,1.0,0.0,2023
Cesário Lange,2,31.0,765.0,0.0,0.0,0.0,0.0,0.0,10.0,709.0,46.0,0.0,1.0,1.0,1.0,1.0,2023
Tatuí,2,90.0,1535.0,0.0,0.0,0.0,0.0,0.0,18.0,910.0,607.0,1.0,1.0,1.0,1.0,0.0,2023
Votorantim,2,34.0,809.0,0.0,377.0,0.0,0.0,2.0,352.0,440.0,15.0,0.0,1.0,1.0,1.0,0.0,2023
Votorantim,2,43.0,929.0,0.0,369.0,0.0,0.0,6.0,346.0,548.0,29.0,0.0,0.0,1.0,1.0,0.0,2023
Votorantim,2,16.0,250.0,0.0,232.0,0.0,0.0,5.0,219.0,26.0,0.0,0.0,1.0,1.0,1.0,1.0,2023
Pilar do Sul,2,29.0,560.0,0.0,310.0,0.0,0.0,0.0,296.0,255.0,9.0,0.0,0.0,1.0,0.0,1.0,2023
Pilar do Sul,2,49.0,1175.0,0.0,513.0,0.0,0.0,1.0,480.0,669.0,25.0,0.0,1.0,1.0,1.0,0.0,2023
Votorantim,2,57.0,1295.0,0.0,568.0,0.0,0.0,8.0,545.0,725.0,17.0,0.0,1.0,1.0,1.0,1.0,2023
Piedade,2,21.0,394.0,0.0,394.0,0.0,0.0,9.0,378.0,7.0,0.0,0.0,1.0,1.0,1.0,1.0,2023
Salto de Pirapora,2,37.0,788.0,0.0,279.0,0.0,0.0,1.0,260.0,446.0,81.0,0.0,1.0,1.0,1.0,1.0,2023
Iperó,2,39.0,797.0,0.0,0.0,0.0,0.0,0.0,3.0,680.0,114.0,0.0,1.0,1.0,1.0,0.0,2023
Salto de Pirapora,2,14.0,233.0,0.0,233.0,0.0,0.0,2.0,215.0,16.0,0.0,0.0,1.0,1.0,1.0,1.0,2023
Tapiraí,2,30.0,515.0,0.0,262.0,0.0,0.0,7.0,235.0,265.0,8.0,1.0,0.0,1.0,1.0,0.0,2023
Piedade,2,46.0,947.0,0.0,341.0,0.0,0.0,5.0,339.0,534.0,69.0,0.0,0.0,1.0,1.0,0.0,2023
Araçoiaba da Serra,2,48.0,1043.0,0.0,0.0,0.0,0.0,0.0,13.0,998.0,32.0,0.0,1.0,1.0,1.0,0.0,2023
Capela do Alto,2,39.0,1006.0,0.0,0.0,0.0,0.0,0.0,20.0,934.0,52.0,0.0,1.0,1.0,1.0,0.0,2023
Votorantim,2,32.0,555.0,0.0,388.0,0.0,0.0,8.0,357.0,187.0,3.0,0.0,1.0,1.0,1.0,0.0,2023
Americana,2,25.0,473.0,189.0,284.0,0.0,0.0,194.0,264.0,15.0,0.0,0.0,1.0,1.0,1.0,0.0,2023
Americana,2,22.0,301.0,0.0,231.0,0.0,0.0,0.0,231.0,68.0,2.0,0.0,1.0,1.0,1.0,0.0,2023
Americana,2,31.0,472.0,0.0,331.0,0.0,0.0,8.0,310.0,152.0,2.0,0.0,1.0,1.0,1.0,0.0,2023
Americana,2,17.0,201.0,201.0,0.0,0.0,1.0,199.0,1.0,0.0,0.0,0.0,0.0,1.0,1.0,0.0,2023
Santa Bárbara d'Oeste,2,21.0,281.0,0.0,204.0,0.0,0.0,3.0,195.0,81.0,2.0,0.0,1.0,1.0,1.0,0.0,2023
Americana,2,18.0,267.0,267.0,0.0,0.0,0.0,263.0,4.0,0.0,0.0,0.0,1.0,1.0,1.0,0.0,2023
Santa Bárbara d'Oeste,2,17.0,271.0,271.0,0.0,0.0,5.0,264.0,2.0,0.0,0.0,0.0,1.0,1.0,1.0,0.0,2023
Santa Bárbara d'Oeste,2,32.0,471.0,0.0,414.0,0.0,0.0,5.0,398.0,21.0,47.0,0.0,1.0,1.0,1.0,0.0,2023
Sumaré,2,17.0,322.0,0.0,0.0,0.0,0.0,0.0,5.0,302.0,15.0,0.0,1.0,1.0,1.0,1.0,2023
Santa Bárbara d'Oeste,2,19.0,354.0,0.0,331.0,0.0,0.0,4.0,321.0,28.0,1.0,0.0,1.0,1.0,1.0,1.0,2023
Santa Bárbara d'Oeste,2,50.0,1208.0,0.0,167.0,0.0,0.0,6.0,169.0,912.0,121.0,0.0,1.0,1.0,1.0,1.0,2023
Santa Bárbara d'Oeste,2,19.0,208.0,0.0,138.0,0.0,0.0,2.0,129.0,75.0,2.0,0.0,1.0,1.0,1.0,0.0,2023
Santa Bárbara d'Oeste,2,11.0,169.0,169.0,0.0,0.0,0.0,167.0,2.0,0.0,0.0,0.0,0.0,1.0,1.0,0.0,2023
Sumaré,2,19.0,364.0,364.0,0.0,0.0,0.0,361.0,3.0,0.0,0.0,0.0,0.0,1.0,1.0,0.0,2023
Santa Bárbara d'Oeste,2,17.0,327.0,0.0,327.0,0.0,0.0,10.0,314.0,3.0,0.0,0.0,1.0,1.0,1.0,1.0,2023
Americana,2,18.0,300.0,0.0,224.0,0.0,0.0,5.0,216.0,78.0,1.0,0.0,1.0,1.0,1.0,0.0,2023
Americana,2,19.0,287.0,287.0,0.0,0.0,1.0,281.0,5.0,0.0,0.0,0.0,0.0,1.0,1.0,0.0,2023
Americana,2,23.0,375.0,375.0,0.0,0.0,1.0,373.0,1.0,0.0,0.0,0.0,1.0,1.0,1.0,0.0,2023
Americana,2,17.0,258.0,258.0,0.0,0.0,4.0,253.0,1.0,0.0,0.0,0.0,1.0,1.0,1.0,0.0,2023
Americana,2,51.0,1023.0,168.0,361.0,0.0,1.0,169.0,351.0,478.0,24.0,1.0,1.0,1.0,1.0,0.0,2023
Americana,2,54.0,1366.0,0.0,238.0,0.0,0.0,3.0,230.0,1059.0,74.0,0.0,1.0,1.0,1.0,0.0,2023
Americana,2,22.0,322.0,322.0,0.0,0.0,4.0,315.0,3.0,0.0,0.0,0.0,0.0,1.0,1.0,0.0,2023
Americana,2,46.0,896.0,0.0,154.0,0.0,0.0,4.0,146.0,599.0,147.0,0.0,1.0,1.0,1.0,1.0,2023
Americana,2,25.0,392.0,0.0,283.0,0.0,0.0,10.0,255.0,123.0,4.0,0.0,1.0,1.0,1.0,0.0,2023
Americana,2,21.0,423.0,0.0,0.0,0.0,0.0,0.0,16.0,398.0,9.0,0.0,1.0,1.0,1.0,1.0,2023
Santa Bárbara d'Oeste,2,27.0,541.0,0.0,0.0,0.0,0.0,0.0,16.0,516.0,9.0,0.0,1.0,1.0,1.0,1.0,2023
Sumaré,2,70.0,1606.0,0.0,603.0,0.0,0.0,12.0,583.0,787.0,224.0,0.0,1.0,1.0,1.0,0.0,2023
Hortolândia,2,25.0,489.0,0.0,288.0,0.0,0.0,1.0,269.0,211.0,8.0,0.0,1.0,1.0,1.0,0.0,2023
Sumaré,2,39.0,616.0,0.0,293.0,0.0,0.0,7.0,280.0,305.0,24.0,0.0,1.0,1.0,1.0,0.0,2023
Hortolândia,2,36.0,746.0,0.0,418.0,0.0,0.0,1.0,401.0,331.0,13.0,0.0,1.0,1.0,1.0,0.0,2023
Santa Bárbara d'Oeste,2,18.0,381.0,0.0,381.0,0.0,0.0,4.0,373.0,4.0,0.0,0.0,1.0,1.0,1.0,1.0,2023
Nova Odessa,2,42.0,916.0,0.0,459.0,0.0,0.0,5.0,440.0,444.0,27.0,0.0,1.0,1.0,1.0,0.0,2023
Sumaré,2,45.0,1111.0,0.0,493.0,0.0,0.0,5.0,446.0,572.0,88.0,0.0,1.0,1.0,1.0,0.0,2023
Americana,2,13.0,180.0,180.0,0.0,0.0,0.0,178.0,2.0,0.0,0.0,0.0,1.0,1.0,1.0,1.0,2023
Americana,2,49.0,787.0,184.0,243.0,0.0,0.0,183.0,233.0,355.0,16.0,0.0,0.0,1.0,1.0,1.0,2023
Americana,2,32.0,428.0,154.0,134.0,0.0,2.0,155.0,121.0,142.0,8.0,0.0,0.0,1.0,0.0,0.0,2023
Águas de Lindóia,2,23.0,353.0,0.0,174.0,0.0,0.0,0.0,163.0,184.0,6.0,0.0,1.0,1.0,1.0,1.0,2023
Pedreira,2,31.0,460.0,0.0,227.0,0.0,0.0,6.0,210.0,183.0,61.0,0.0,0.0,1.0,1.0,1.0,2023
Monte Alegre do Sul,2,21.0,485.0,0.0,0.0,0.0,0.0,0.0,8.0,406.0,71.0,0.0,1.0,1.0,1.0,0.0,2023
Lindóia,2,22.0,239.0,0.0,0.0,0.0,0.0,0.0,5.0,186.0,48.0,0.0,1.0,1.0,1.0,1.0,2023
Holambra,2,23.0,534.0,0.0,0.0,0.0,0.0,0.0,7.0,452.0,75.0,0.0,1.0,1.0,1.0,0.0,2023
Itapira,2,20.0,233.0,0.0,161.0,0.0,0.0,0.0,143.0,82.0,8.0,0.0,1.0,1.0,1.0,0.0,2023
Itapira,2,38.0,653.0,0.0,367.0,0.0,0.0,4.0,311.0,293.0,45.0,0.0,1.0,1.0,1.0,0.0,2023
Amparo,2,14.0,268.0,0.0,268.0,0.0,0.0,7.0,249.0,12.0,0.0,0.0,1.0,1.0,1.0,1.0,2023
Amparo,2,40.0,671.0,196.0,235.0,0.0,1.0,199.0,225.0,224.0,22.0,0.0,0.0,1.0,1.0,0.0,2023
Amparo,2,40.0,551.0,0.0,261.0,0.0,0.0,5.0,244.0,252.0,50.0,0.0,0.0,1.0,1.0,0.0,2023
Amparo,2,37.0,489.0,0.0,212.0,0.0,0.0,2.0,191.0,260.0,36.0,0.0,0.0,1.0,1.0,0.0,2023
Amparo,2,38.0,542.0,190.0,151.0,0.0,5.0,183.0,144.0,171.0,39.0,0.0,0.0,1.0,1.0,0.0,2023
Amparo,2,39.0,601.0,0.0,212.0,0.0,0.0,4.0,213.0,277.0,107.0,0.0,1.0,1.0,1.0,1.0,2023
Amparo,2,97.0,1697.0,0.0,0.0,0.0,0.0,0.0,25.0,913.0,759.0,1.0,1.0,1.0,1.0,1.0,2023
Itapira,2,45.0,721.0,0.0,440.0,0.0,0.0,2.0,386.0,280.0,53.0,0.0,1.0,1.0,1.0,1.0,2023
Itapira,2,21.0,387.0,387.0,0.0,0.0,2.0,377.0,8.0,0.0,0.0,0.0,1.0,1.0,1.0,1.0,2023
Itapira,2,44.0,735.0,0.0,357.0,0.0,0.0,3.0,311.0,346.0,75.0,0.0,0.0,1.0,1.0,1.0,2023
Águas de Lindóia,2,37.0,719.0,86.0,135.0,0.0,0.0,74.0,131.0,413.0,101.0,0.0,1.0,1.0,1.0,1.0,2023
Serra Negra,2,54.0,890.0,0.0,278.0,0.0,0.0,3.0,274.0,552.0,61.0,0.0,0.0,1.0,1.0,1.0,2023
Pedreira,2,61.0,1437.0,0.0,582.0,0.0,0.0,7.0,572.0,822.0,36.0,0.0,0.0,1.0,1.0,0.0,2023
Serra Negra,2,37.0,627.0,238.0,354.0,0.0,0.0,245.0,331.0,20.0,31.0,0.0,0.0,1.0,1.0,0.0,2023
Itapira,2,49.0,913.0,0.0,411.0,0.0,0.0,1.0,348.0,492.0,72.0,0.0,1.0,1.0,1.0,0.0,2023
Serra Negra,2,21.0,457.0,457.0,0.0,0.0,0.0,457.0,0.0,0.0,0.0,0.0,1.0,1.0,1.0,0.0,2023
Jaguariúna,2,23.0,423.0,0.0,0.0,0.0,0.0,0.0,17.0,399.0,7.0,0.0,1.0,1.0,1.0,1.0,2023
Socorro,2,30.0,579.0,146.0,201.0,0.0,0.0,148.0,192.0,221.0,18.0,0.0,1.0,1.0,1.0,1.0,2023
Socorro,2,31.0,660.0,0.0,423.0,0.0,0.0,4.0,394.0,247.0,15.0,0.0,1.0,1.0,1.0,0.0,2023
Socorro,2,,,,,,,,,,,,,,,,2023
Socorro,2,37.0,682.0,0.0,468.0,0.0,0.0,13.0,419.0,239.0,11.0,0.0,0.0,1.0,1.0,1.0,2023
Bragança Paulista,2,52.0,1164.0,0.0,218.0,0.0,0.0,5.0,192.0,827.0,140.0,0.0,1.0,1.0,1.0,0.0,2023
Bragança Paulista,2,27.0,564.0,0.0,294.0,0.0,0.0,5.0,274.0,258.0,27.0,0.0,0.0,1.0,1.0,0.0,2023
Bragança Paulista,2,38.0,776.0,0.0,433.0,0.0,0.0,3.0,399.0,342.0,32.0,0.0,1.0,1.0,1.0,1.0,2023
Tuiuti,2,13.0,179.0,0.0,0.0,0.0,0.0,0.0,4.0,167.0,8.0,0.0,1.0,1.0,1.0,1.0,2023
Vargem,2,17.0,352.0,0.0,0.0,0.0,0.0,0.0,8.0,318.0,26.0,0.0,1.0,1.0,1.0,0.0,2023
Joanópolis,2,28.0,432.0,0.0,0.0,0.0,0.0,0.0,10.0,390.0,32.0,0.0,0.0,1.0,1.0,1.0,2023
Pedra Bela,2,13.0,174.0,0.0,0.0,0.0,0.0,0.0,2.0,155.0,17.0,0.0,1.0,1.0,1.0,0.0,2023
Nazaré Paulista,2,32.0,650.0,0.0,338.0,0.0,0.0,0.0,303.0,318.0,29.0,0.0,0.0,1.0,1.0,0.0,2023
Piracaia,2,22.0,412.0,0.0,279.0,0.0,0.0,5.0,250.0,148.0,9.0,0.0,0.0,1.0,1.0,0.0,2023
Pinhalzinho,2,26.0,398.0,0.0,0.0,0.0,0.0,0.0,7.0,358.0,33.0,0.0,1.0,1.0,1.0,1.0,2023
Atibaia,2,43.0,994.0,0.0,459.0,0.0,0.0,1.0,430.0,521.0,42.0,0.0,1.0,1.0,1.0,0.0,2023
Atibaia,2,26.0,520.0,0.0,230.0,0.0,0.0,1.0,220.0,276.0,23.0,0.0,1.0,1.0,1.0,0.0,2023
Piracaia,2,26.0,405.0,0.0,251.0,0.0,0.0,2.0,228.0,157.0,18.0,0.0,1.0,1.0,0.0,0.0,2023
Atibaia,2,27.0,553.0,27.0,248.0,0.0,0.0,20.0,246.0,265.0,22.0,0.0,1.0,1.0,1.0,1.0,2023
Atibaia,2,32.0,828.0,0.0,456.0,0.0,0.0,0.0,439.0,360.0,29.0,0.0,1.0,1.0,1.0,1.0,2023
Bom Jesus dos Perdões,2,37.0,811.0,0.0,423.0,0.0,0.0,6.0,399.0,393.0,13.0,0.0,0.0,1.0,1.0,0.0,2023
Atibaia,2,25.0,625.0,0.0,386.0,0.0,0.0,2.0,359.0,248.0,16.0,0.0,0.0,1.0,1.0,0.0,2023
Bragança Paulista,2,26.0,461.0,0.0,265.0,0.0,0.0,5.0,242.0,26.0,188.0,0.0,1.0,1.0,1.0,1.0,2023
Bragança Paulista,2,32.0,623.0,0.0,623.0,0.0,0.0,8.0,594.0,21.0,0.0,0.0,1.0,1.0,0.0,1.0,2023
Bragança Paulista,2,53.0,1056.0,0.0,530.0,0.0,0.0,8.0,488.0,508.0,52.0,0.0,1.0,1.0,1.0,1.0,2023
Atibaia,2,31.0,638.0,0.0,334.0,0.0,0.0,1.0,319.0,290.0,28.0,1.0,1.0,1.0,1.0,0.0,2023
Bragança Paulista,2,23.0,365.0,0.0,365.0,0.0,0.0,8.0,329.0,28.0,0.0,0.0,1.0,1.0,1.0,0.0,2023
Atibaia,2,25.0,486.0,0.0,287.0,0.0,0.0,0.0,279.0,194.0,13.0,0.0,1.0,1.0,1.0,1.0,2023
Atibaia,2,59.0,1603.0,0.0,433.0,0.0,0.0,1.0,419.0,1060.0,123.0,0.0,1.0,1.0,1.0,1.0,2023
Campinas,2,27.0,487.0,487.0,0.0,0.0,0.0,470.0,17.0,0.0,0.0,0.0,1.0,1.0,1.0,1.0,2023
Campinas,2,22.0,320.0,320.0,0.0,0.0,0.0,302.0,18.0,0.0,0.0,0.0,0.0,1.0,1.0,1.0,2023
Valinhos,2,51.0,1381.0,0.0,210.0,0.0,0.0,0.0,180.0,1035.0,166.0,0.0,1.0,1.0,1.0,1.0,2023
Valinhos,2,,,,,,,,,,,,,,,,2023
Campinas,2,28.0,352.0,108.0,140.0,0.0,0.0,107.0,136.0,96.0,13.0,0.0,1.0,1.0,1.0,0.0,2023
Campinas,2,23.0,274.0,0.0,221.0,0.0,0.0,0.0,202.0,71.0,1.0,0.0,1.0,1.0,0.0,0.0,2023
Campinas,2,16.0,239.0,0.0,145.0,0.0,0.0,0.0,138.0,96.0,5.0,0.0,1.0,1.0,1.0,0.0,2023
Valinhos,2,19.0,567.0,0.0,0.0,0.0,0.0,0.0,5.0,370.0,192.0,0.0,1.0,1.0,1.0,0.0,2023
Campinas,2,26.0,533.0,533.0,0.0,0.0,0.0,510.0,23.0,0.0,0.0,1.0,1.0,1.0,1.0,0.0,2023
Campinas,2,39.0,643.0,250.0,235.0,0.0,0.0,229.0,225.0,175.0,14.0,0.0,1.0,1.0,1.0,1.0,2023
Valinhos,2,29.0,388.0,0.0,242.0,0.0,0.0,0.0,221.0,162.0,5.0,0.0,1.0,1.0,1.0,0.0,2023
Valinhos,2,19.0,296.0,0.0,205.0,0.0,0.0,1.0,190.0,100.0,5.0,0.0,1.0,1.0,1.0,0.0,2023
Campinas,2,24.0,318.0,184.0,134.0,0.0,0.0,178.0,131.0,9.0,0.0,1.0,1.0,1.0,1.0,0.0,2023
Campinas,2,27.0,509.0,0.0,203.0,0.0,0.0,2.0,184.0,288.0,35.0,0.0,1.0,1.0,1.0,1.0,2023
Campinas,2,37.0,557.0,0.0,272.0,0.0,0.0,0.0,249.0,286.0,22.0,0.0,1.0,1.0,1.0,1.0,2023
Campinas,2,32.0,678.0,0.0,334.0,0.0,0.0,1.0,314.0,339.0,24.0,0.0,1.0,1.0,1.0,1.0,2023
Campinas,2,32.0,590.0,0.0,241.0,0.0,0.0,1.0,207.0,351.0,31.0,0.0,1.0,1.0,1.0,1.0,2023
Campinas,2,42.0,731.0,0.0,470.0,0.0,0.0,0.0,450.0,265.0,16.0,0.0,1.0,1.0,1.0,1.0,2023
Campinas,2,25.0,375.0,0.0,232.0,0.0,0.0,0.0,220.0,145.0,10.0,0.0,1.0,1.0,1.0,1.0,2023
Campinas,2,47.0,559.0,117.0,243.0,0.0,0.0,113.0,228.0,174.0,44.0,0.0,1.0,1.0,1.0,1.0,2023
Campinas,2,25.0,372.0,0.0,235.0,0.0,0.0,0.0,225.0,140.0,7.0,0.0,1.0,1.0,1.0,1.0,2023
Campinas,2,24.0,326.0,0.0,0.0,0.0,0.0,0.0,3.0,313.0,10.0,0.0,1.0,1.0,1.0,0.0,2023
Campinas,2,61.0,1276.0,241.0,295.0,0.0,0.0,229.0,276.0,581.0,190.0,0.0,1.0,1.0,1.0,1.0,2023
Campinas,2,36.0,779.0,0.0,380.0,0.0,0.0,0.0,365.0,382.0,32.0,0.0,0.0,1.0,1.0,0.0,2023
Campinas,2,25.0,560.0,0.0,0.0,0.0,0.0,0.0,8.0,531.0,21.0,0.0,1.0,1.0,1.0,0.0,2023
Campinas,2,23.0,436.0,0.0,436.0,0.0,0.0,1.0,408.0,27.0,0.0,0.0,1.0,1.0,1.0,1.0,2023
Campinas,2,19.0,413.0,413.0,0.0,0.0,0.0,404.0,9.0,0.0,0.0,0.0,1.0,1.0,1.0,1.0,2023
Campinas,2,19.0,277.0,0.0,219.0,0.0,0.0,2.0,209.0,65.0,1.0,0.0,1.0,1.0,1.0,1.0,2023
Campinas,2,112.0,1252.0,0.0,0.0,0.0,0.0,0.0,4.0,671.0,577.0,1.0,1.0,1.0,1.0,1.0,2023
Campinas,2,24.0,389.0,389.0,0.0,0.0,0.0,379.0,10.0,0.0,0.0,0.0,1.0,1.0,1.0,1.0,2023
Campinas,2,35.0,431.0,159.0,123.0,0.0,0.0,152.0,121.0,140.0,18.0,0.0,1.0,1.0,1.0,0.0,2023
Vinhedo,2,20.0,326.0,0.0,0.0,0.0,0.0,0.0,5.0,309.0,12.0,0.0,1.0,1.0,1.0,0.0,2023
Campinas,2,14.0,270.0,0.0,270.0,0.0,0.0,1.0,260.0,9.0,0.0,0.0,0.0,1.0,1.0,0.0,2023
Campinas,2,31.0,459.0,459.0,0.0,0.0,0.0,442.0,17.0,0.0,0.0,0.0,1.0,1.0,1.0,1.0,2023
Campinas,2,22.0,390.0,0.0,283.0,0.0,0.0,0.0,262.0,124.0,4.0,1.0,1.0,1.0,1.0,1.0,2023
Campinas,2,20.0,430.0,430.0,0.0,0.0,0.0,419.0,11.0,0.0,0.0,0.0,1.0,1.0,0.0,1.0,2023
Campinas,2,28.0,523.0,0.0,209.0,0.0,0.0,0.0,190.0,310.0,23.0,1.0,1.0,1.0,1.0,1.0,2023
Campinas,2,38.0,1210.0,309.0,349.0,0.0,0.0,302.0,329.0,513.0,66.0,0.0,1.0,1.0,1.0,0.0,2023
Campinas,2,16.0,346.0,346.0,0.0,0.0,0.0,338.0,8.0,0.0,0.0,0.0,1.0,1.0,1.0,0.0,2023
Campinas,2,24.0,318.0,0.0,151.0,0.0,0.0,0.0,136.0,162.0,20.0,0.0,1.0,1.0,1.0,0.0,2023
Campinas,2,40.0,627.0,206.0,245.0,0.0,0.0,199.0,230.0,185.0,13.0,0.0,1.0,1.0,1.0,1.0,2023
Campinas,2,14.0,274.0,274.0,0.0,0.0,0.0,267.0,7.0,0.0,0.0,0.0,0.0,1.0,1.0,0.0,2023
Campinas,2,13.0,243.0,243.0,0.0,0.0,1.0,224.0,18.0,0.0,0.0,0.0,1.0,1.0,1.0,0.0,2023
Campinas,2,15.0,224.0,0.0,0.0,0.0,0.0,0.0,2.0,206.0,16.0,0.0,1.0,1.0,1.0,0.0,2023
Campinas,2,59.0,1127.0,0.0,204.0,0.0,0.0,3.0,185.0,785.0,154.0,0.0,1.0,1.0,1.0,1.0,2023
Campinas,2,15.0,207.0,207.0,0.0,0.0,0.0,202.0,5.0,0.0,0.0,0.0,1.0,1.0,1.0,1.0,2023
Campinas,2,25.0,327.0,0.0,225.0,0.0,0.0,1.0,206.0,116.0,4.0,1.0,1.0,1.0,1.0,0.0,2023
Campinas,2,34.0,773.0,773.0,0.0,0.0,0.0,730.0,43.0,0.0,0.0,0.0,1.0,1.0,1.0,0.0,2023
Campinas,2,14.0,280.0,280.0,0.0,0.0,0.0,272.0,8.0,0.0,0.0,0.0,1.0,1.0,1.0,0.0,2023
Indaiatuba,2,26.0,595.0,0.0,373.0,0.0,0.0,1.0,343.0,232.0,19.0,0.0,1.0,1.0,1.0,0.0,2023
Indaiatuba,2,,,,,,,,,,,,,,,,2023
Indaiatuba,2,,,,,,,,,,,,,,,,2023
Indaiatuba,2,22.0,517.0,0.0,517.0,0.0,0.0,1.0,486.0,30.0,0.0,0.0,1.0,1.0,1.0,0.0,2023
Indaiatuba,2,45.0,1198.0,0.0,538.0,0.0,0.0,4.0,510.0,430.0,254.0,0.0,1.0,1.0,1.0,0.0,2023
Indaiatuba,2,61.0,1739.0,0.0,728.0,0.0,0.0,6.0,678.0,914.0,141.0,0.0,1.0,1.0,1.0,0.0,2023
Monte Mor,2,,,,,,,,,,,,,,,,2023
Campinas,2,56.0,1100.0,240.0,260.0,0.0,0.0,228.0,239.0,506.0,127.0,0.0,1.0,1.0,1.0,1.0,2023
Campinas,2,23.0,554.0,554.0,0.0,0.0,0.0,527.0,27.0,0.0,0.0,0.0,1.0,1.0,1.0,0.0,2023
Campinas,2,36.0,635.0,233.0,219.0,0.0,0.0,216.0,206.0,204.0,9.0,0.0,1.0,1.0,1.0,1.0,2023
Monte Mor,2,15.0,252.0,0.0,148.0,0.0,0.0,2.0,138.0,110.0,2.0,0.0,1.0,1.0,1.0,0.0,2023
Paulínia,2,29.0,533.0,0.0,533.0,0.0,0.0,0.0,494.0,39.0,0.0,0.0,1.0,1.0,1.0,1.0,2023
Campinas,2,21.0,435.0,435.0,0.0,0.0,1.0,418.0,16.0,0.0,0.0,0.0,1.0,1.0,1.0,0.0,2023
Campinas,2,15.0,215.0,0.0,215.0,0.0,0.0,2.0,196.0,17.0,0.0,0.0,0.0,1.0,1.0,0.0,2023
Campinas,2,26.0,524.0,0.0,524.0,0.0,0.0,0.0,499.0,25.0,0.0,0.0,1.0,1.0,1.0,1.0,2023
Campinas,2,25.0,399.0,0.0,262.0,0.0,0.0,0.0,251.0,141.0,7.0,0.0,1.0,1.0,1.0,0.0,2023
Campinas,2,71.0,1955.0,0.0,500.0,0.0,0.0,1.0,453.0,1217.0,284.0,1.0,1.0,1.0,1.0,1.0,2023
Campinas,2,30.0,609.0,0.0,236.0,0.0,0.0,0.0,227.0,360.0,22.0,0.0,1.0,1.0,1.0,0.0,2023
Campinas,2,59.0,1243.0,353.0,261.0,0.0,0.0,336.0,254.0,515.0,138.0,0.0,1.0,1.0,1.0,0.0,2023
Campinas,2,24.0,430.0,430.0,0.0,0.0,0.0,409.0,21.0,0.0,0.0,0.0,0.0,1.0,1.0,1.0,2023
Campinas,2,17.0,331.0,331.0,0.0,0.0,0.0,318.0,13.0,0.0,0.0,0.0,1.0,1.0,1.0,0.0,2023
Indaiatuba,2,22.0,452.0,0.0,266.0,0.0,0.0,0.0,264.0,182.0,6.0,0.0,1.0,1.0,1.0,0.0,2023
Campinas,2,30.0,472.0,0.0,267.0,0.0,0.0,1.0,246.0,195.0,30.0,0.0,1.0,1.0,1.0,0.0,2023
Campinas,2,20.0,293.0,0.0,74.0,0.0,0.0,2.0,68.0,214.0,9.0,0.0,1.0,1.0,1.0,1.0,2023
Campinas,2,23.0,439.0,0.0,0.0,0.0,0.0,0.0,2.0,412.0,25.0,0.0,1.0,1.0,1.0,0.0,2023
Campinas,2,19.0,271.0,0.0,212.0,0.0,0.0,0.0,201.0,66.0,4.0,0.0,1.0,1.0,1.0,0.0,2023
Paulínia,2,41.0,1164.0,0.0,0.0,0.0,0.0,0.0,7.0,1023.0,134.0,1.0,1.0,1.0,1.0,0.0,2023
Indaiatuba,2,49.0,1401.0,0.0,704.0,0.0,0.0,0.0,655.0,675.0,71.0,0.0,1.0,1.0,1.0,1.0,2023
Campinas,2,36.0,536.0,243.0,233.0,0.0,0.0,229.0,223.0,81.0,3.0,0.0,1.0,1.0,1.0,1.0,2023
Campinas,2,26.0,380.0,0.0,258.0,0.0,0.0,3.0,243.0,126.0,8.0,0.0,0.0,1.0,1.0,1.0,2023
Campinas,2,19.0,321.0,321.0,0.0,0.0,0.0,307.0,14.0,0.0,0.0,0.0,1.0,1.0,1.0,0.0,2023
Tapiratiba,2,28.0,379.0,0.0,109.0,0.0,0.0,0.0,98.0,225.0,56.0,0.0,1.0,1.0,1.0,1.0,2023
Vargem Grande do Sul,2,,,,,,,,,,,,,,,,2023
Tambaú,2,,,,,,,,,,,,,,,,2023
Mococa,2,26.0,275.0,106.0,86.0,0.0,0.0,107.0,85.0,65.0,18.0,0.0,1.0,1.0,1.0,0.0,2023
Tambaú,2,25.0,366.0,0.0,366.0,0.0,0.0,1.0,335.0,28.0,2.0,0.0,1.0,1.0,1.0,0.0,2023
Tambaú,2,40.0,817.0,0.0,282.0,0.0,0.0,0.0,258.0,464.0,95.0,0.0,1.0,1.0,1.0,0.0,2023
Mococa,2,46.0,798.0,0.0,241.0,0.0,0.0,8.0,208.0,338.0,244.0,0.0,1.0,1.0,1.0,0.0,2023
Vargem Grande do Sul,2,16.0,424.0,0.0,424.0,0.0,0.0,1.0,384.0,39.0,0.0,0.0,1.0,1.0,1.0,1.0,2023
Vargem Grande do Sul,2,21.0,357.0,0.0,236.0,0.0,0.0,0.0,217.0,131.0,9.0,0.0,0.0,1.0,1.0,0.0,2023
São José do Rio Pardo,2,32.0,439.0,0.0,195.0,0.0,0.0,9.0,182.0,240.0,8.0,0.0,1.0,1.0,1.0,1.0,2023
Vargem Grande do Sul,2,31.0,440.0,0.0,304.0,0.0,0.0,0.0,277.0,155.0,8.0,0.0,1.0,1.0,1.0,1.0,2023
Mococa,2,23.0,415.0,415.0,0.0,0.0,1.0,408.0,6.0,0.0,0.0,0.0,1.0,1.0,1.0,1.0,2023
São Sebastião da Grama,2,33.0,602.0,0.0,365.0,0.0,0.0,2.0,337.0,239.0,24.0,0.0,1.0,1.0,1.0,1.0,2023
São José do Rio Pardo,2,30.0,743.0,316.0,427.0,0.0,2.0,321.0,401.0,19.0,0.0,0.0,1.0,1.0,1.0,1.0,2023
São José do Rio Pardo,2,31.0,588.0,0.0,424.0,0.0,0.0,10.0,405.0,168.0,5.0,0.0,1.0,1.0,1.0,1.0,2023
Itobi,2,27.0,526.0,0.0,273.0,0.0,0.0,0.0,247.0,230.0,49.0,0.0,1.0,1.0,1.0,1.0,2023
São José do Rio Pardo,2,12.0,190.0,190.0,0.0,0.0,0.0,185.0,5.0,0.0,0.0,0.0,1.0,1.0,0.0,1.0,2023
São José do Rio Pardo,2,36.0,653.0,0.0,218.0,0.0,0.0,1.0,196.0,359.0,97.0,0.0,1.0,1.0,1.0,0.0,2023
São José do Rio Pardo,2,18.0,266.0,266.0,0.0,0.0,3.0,263.0,0.0,0.0,0.0,0.0,0.0,1.0,1.0,0.0,2023
Mococa,2,23.0,376.0,0.0,296.0,0.0,0.0,8.0,282.0,83.0,3.0,0.0,1.0,1.0,1.0,0.0,2023
Mococa,2,29.0,465.0,0.0,330.0,0.0,0.0,2.0,307.0,154.0,2.0,0.0,1.0,1.0,1.0,1.0,2023
Mococa,2,31.0,236.0,110.0,71.0,0.0,0.0,104.0,81.0,47.0,4.0,0.0,1.0,1.0,1.0,1.0,2023
Mococa,2,23.0,366.0,0.0,267.0,0.0,0.0,2.0,253.0,104.0,7.0,0.0,0.0,1.0,1.0,1.0,2023
Casa Branca,2,,,,,,,,,,,,,,,,2023
Divinolândia,2,16.0,382.0,0.0,106.0,0.0,0.0,0.0,112.0,259.0,11.0,0.0,1.0,1.0,1.0,0.0,2023
Caconde,2,20.0,317.0,87.0,82.0,0.0,0.0,87.0,81.0,131.0,18.0,1.0,1.0,1.0,1.0,1.0,2023
Casa Branca,2,11.0,156.0,0.0,83.0,0.0,0.0,0.0,77.0,78.0,1.0,0.0,1.0,1.0,1.0,0.0,2023
Caconde,2,,,,,,,,,,,,,,,,2023
Casa Branca,2,46.0,750.0,0.0,452.0,0.0,0.0,1.0,399.0,232.0,118.0,0.0,1.0,1.0,1.0,1.0,2023
Casa Branca,2,51.0,596.0,0.0,0.0,0.0,0.0,0.0,0.0,364.0,232.0,1.0,1.0,1.0,1.0,0.0,2023
Caconde,2,32.0,666.0,0.0,418.0,0.0,0.0,8.0,406.0,245.0,7.0,0.0,1.0,1.0,1.0,1.0,2023
São José do Rio Pardo,2,21.0,264.0,85.0,130.0,0.0,0.0,85.0,124.0,53.0,2.0,0.0,1.0,1.0,0.0,1.0,2023
Mococa,2,80.0,1478.0,0.0,0.0,0.0,0.0,0.0,12.0,699.0,767.0,1.0,1.0,1.0,1.0,1.0,2023
Casa Branca,2,31.0,567.0,0.0,386.0,0.0,0.0,0.0,357.0,188.0,22.0,0.0,1.0,1.0,1.0,1.0,2023
Jundiaí,2,36.0,1185.0,0.0,508.0,0.0,0.0,4.0,494.0,655.0,32.0,0.0,1.0,1.0,1.0,0.0,2023
Jundiaí,2,29.0,713.0,0.0,450.0,0.0,0.0,3.0,438.0,262.0,10.0,0.0,1.0,1.0,1.0,0.0,2023
Jundiaí,2,29.0,599.0,0.0,428.0,0.0,0.0,2.0,407.0,180.0,10.0,0.0,1.0,1.0,0.0,0.0,2023
Jundiaí,2,50.0,1482.0,0.0,563.0,0.0,0.0,0.0,543.0,884.0,55.0,0.0,1.0,1.0,1.0,0.0,2023
Jundiaí,2,36.0,976.0,0.0,411.0,0.0,0.0,0.0,394.0,549.0,33.0,0.0,1.0,1.0,1.0,0.0,2023
Jundiaí,2,35.0,702.0,0.0,450.0,0.0,0.0,3.0,428.0,259.0,12.0,0.0,1.0,1.0,1.0,1.0,2023
Louveira,2,57.0,1424.0,0.0,651.0,0.0,0.0,3.0,605.0,689.0,127.0,0.0,1.0,1.0,1.0,1.0,2023
Várzea Paulista,2,18.0,389.0,0.0,389.0,0.0,0.0,0.0,361.0,28.0,0.0,1.0,1.0,1.0,1.0,1.0,2023
Várzea Paulista,2,37.0,963.0,0.0,477.0,0.0,0.0,1.0,435.0,503.0,24.0,0.0,1.0,1.0,1.0,0.0,2023
Várzea Paulista,2,27.0,484.0,0.0,291.0,0.0,0.0,0.0,280.0,195.0,9.0,0.0,1.0,1.0,1.0,0.0,2023
Várzea Paulista,2,45.0,983.0,0.0,355.0,0.0,0.0,1.0,331.0,593.0,58.0,0.0,1.0,1.0,1.0,0.0,2023
Jundiaí,2,39.0,853.0,0.0,344.0,0.0,0.0,1.0,333.0,489.0,30.0,0.0,1.0,1.0,1.0,0.0,2023
Morungaba,2,30.0,546.0,0.0,138.0,0.0,0.0,0.0,132.0,388.0,26.0,0.0,1.0,1.0,1.0,0.0,2023
Jundiaí,2,46.0,1271.0,0.0,0.0,0.0,0.0,0.0,6.0,1206.0,59.0,1.0,1.0,1.0,1.0,1.0,2023
Louveira,2,39.0,1440.0,0.0,646.0,0.0,0.0,1.0,614.0,785.0,40.0,0.0,1.0,1.0,1.0,0.0,2023
Jundiaí,2,23.0,444.0,0.0,247.0,0.0,0.0,1.0,243.0,196.0,4.0,0.0,1.0,1.0,1.0,1.0,2023
Itatiba,2,39.0,1078.0,0.0,0.0,0.0,0.0,0.0,13.0,852.0,213.0,0.0,0.0,1.0,1.0,0.0,2023
Itupeva,2,45.0,1614.0,0.0,735.0,0.0,0.0,11.0,681.0,861.0,61.0,0.0,1.0,1.0,1.0,0.0,2023
Itupeva,2,45.0,1528.0,0.0,688.0,0.0,0.0,14.0,651.0,808.0,55.0,0.0,1.0,1.0,1.0,0.0,2023
Itatiba,2,25.0,469.0,0.0,0.0,0.0,0.0,0.0,12.0,413.0,44.0,0.0,0.0,1.0,1.0,1.0,2023
Itatiba,2,59.0,1073.0,0.0,0.0,0.0,0.0,0.0,12.0,586.0,475.0,1.0,1.0,1.0,1.0,0.0,2023
Jundiaí,2,39.0,766.0,0.0,526.0,0.0,0.0,1.0,501.0,258.0,6.0,0.0,1.0,1.0,1.0,0.0,2023
Jundiaí,2,36.0,798.0,0.0,375.0,0.0,0.0,1.0,356.0,420.0,21.0,0.0,0.0,1.0,1.0,0.0,2023
Jundiaí,2,22.0,462.0,0.0,0.0,0.0,0.0,0.0,7.0,449.0,6.0,0.0,1.0,1.0,1.0,0.0,2023
Jundiaí,2,31.0,617.0,0.0,438.0,0.0,0.0,0.0,427.0,185.0,5.0,0.0,1.0,1.0,1.0,0.0,2023
Jundiaí,2,45.0,949.0,0.0,442.0,0.0,0.0,2.0,419.0,485.0,43.0,0.0,1.0,1.0,1.0,0.0,2023
Jundiaí,2,34.0,649.0,0.0,442.0,0.0,0.0,2.0,425.0,214.0,8.0,1.0,1.0,1.0,1.0,0.0,2023
Jundiaí,2,15.0,212.0,0.0,185.0,0.0,0.0,0.0,177.0,35.0,0.0,0.0,1.0,1.0,1.0,0.0,2023
Jundiaí,2,16.0,236.0,0.0,223.0,0.0,0.0,0.0,209.0,25.0,2.0,0.0,1.0,1.0,1.0,0.0,2023
Campo Limpo Paulista,2,46.0,1148.0,0.0,0.0,0.0,0.0,0.0,14.0,902.0,232.0,0.0,1.0,1.0,1.0,1.0,2023
Jundiaí,2,44.0,1100.0,0.0,518.0,0.0,0.0,3.0,484.0,583.0,30.0,0.0,0.0,1.0,1.0,0.0,2023
Jundiaí,2,85.0,1185.0,0.0,0.0,0.0,0.0,0.0,9.0,714.0,462.0,1.0,1.0,1.0,1.0,1.0,2023
Jundiaí,2,51.0,1483.0,0.0,642.0,0.0,0.0,2.0,609.0,829.0,43.0,0.0,1.0,1.0,1.0,1.0,2023
Jarinu,2,38.0,809.0,0.0,538.0,0.0,0.0,10.0,496.0,286.0,17.0,0.0,0.0,1.0,1.0,0.0,2023
Jundiaí,2,32.0,618.0,0.0,412.0,0.0,0.0,1.0,402.0,212.0,3.0,0.0,0.0,1.0,1.0,0.0,2023
Campo Limpo Paulista,2,49.0,971.0,0.0,498.0,0.0,0.0,6.0,480.0,438.0,47.0,0.0,1.0,1.0,1.0,1.0,2023
Araras,2,21.0,395.0,395.0,0.0,0.0,2.0,388.0,5.0,0.0,0.0,0.0,0.0,1.0,0.0,0.0,2023
Araras,2,35.0,581.0,0.0,73.0,0.0,0.0,3.0,80.0,472.0,26.0,0.0,1.0,1.0,1.0,0.0,2023
Araras,2,79.0,1231.0,0.0,0.0,0.0,0.0,0.0,15.0,684.0,532.0,1.0,1.0,1.0,1.0,1.0,2023
Engenheiro Coelho,2,50.0,1867.0,0.0,818.0,0.0,0.0,8.0,757.0,973.0,129.0,0.0,1.0,1.0,1.0,0.0,2023
Cosmópolis,2,17.0,358.0,0.0,0.0,0.0,0.0,0.0,6.0,320.0,32.0,0.0,1.0,1.0,1.0,0.0,2023
Iracemápolis,2,42.0,780.0,0.0,312.0,0.0,0.0,1.0,285.0,336.0,158.0,0.0,0.0,1.0,0.0,0.0,2023
Limeira,2,35.0,749.0,0.0,376.0,0.0,0.0,0.0,369.0,228.0,152.0,0.0,1.0,1.0,1.0,1.0,2023
Araras,2,30.0,365.0,142.0,198.0,0.0,2.0,140.0,191.0,32.0,0.0,0.0,1.0,1.0,1.0,1.0,2023
Araras,2,30.0,474.0,0.0,292.0,0.0,0.0,4.0,282.0,182.0,6.0,0.0,1.0,1.0,1.0,1.0,2023
Araras,2,23.0,369.0,0.0,248.0,0.0,0.0,4.0,230.0,130.0,5.0,0.0,1.0,1.0,1.0,1.0,2023
Araras,2,31.0,550.0,0.0,314.0,0.0,0.0,4.0,313.0,226.0,7.0,0.0,1.0,1.0,1.0,1.0,2023
Araras,2,16.0,318.0,0.0,318.0,0.0,0.0,7.0,301.0,10.0,0.0,0.0,0.0,1.0,0.0,1.0,2023
Araras,2,22.0,404.0,404.0,0.0,0.0,4.0,398.0,2.0,0.0,0.0,0.0,1.0,1.0,1.0,1.0,2023
Araras,2,18.0,299.0,299.0,0.0,0.0,3.0,293.0,3.0,0.0,0.0,0.0,1.0,1.0,1.0,1.0,2023
Limeira,2,70.0,1929.0,0.0,762.0,0.0,0.0,3.0,709.0,1179.0,38.0,0.0,1.0,1.0,1.0,1.0,2023
Limeira,2,36.0,866.0,249.0,303.0,0.0,0.0,241.0,292.0,327.0,6.0,0.0,1.0,1.0,1.0,1.0,2023
Limeira,2,45.0,987.0,221.0,420.0,0.0,0.0,214.0,392.0,374.0,7.0,0.0,1.0,1.0,1.0,1.0,2023
Limeira,2,42.0,1001.0,0.0,501.0,0.0,0.0,0.0,472.0,500.0,29.0,0.0,1.0,1.0,1.0,1.0,2023
Limeira,2,24.0,428.0,0.0,307.0,0.0,0.0,0.0,286.0,138.0,4.0,0.0,1.0,1.0,1.0,1.0,2023
Limeira,2,47.0,909.0,0.0,278.0,0.0,0.0,0.0,254.0,535.0,120.0,0.0,1.0,1.0,1.0,1.0,2023
Limeira,2,13.0,197.0,0.0,0.0,0.0,0.0,0.0,0.0,193.0,4.0,0.0,1.0,1.0,1.0,1.0,2023
Limeira,2,64.0,962.0,0.0,0.0,0.0,0.0,0.0,1.0,607.0,354.0,1.0,1.0,1.0,1.0,1.0,2023
Limeira,2,31.0,545.0,0.0,412.0,0.0,0.0,2.0,381.0,157.0,5.0,0.0,1.0,1.0,1.0,1.0,2023
Artur Nogueira,2,48.0,1291.0,0.0,494.0,0.0,0.0,9.0,464.0,659.0,159.0,0.0,1.0,1.0,1.0,0.0,2023
Mogi Guaçu,2,17.0,305.0,0.0,0.0,0.0,0.0,0.0,7.0,282.0,16.0,0.0,1.0,1.0,1.0,0.0,2023
Mogi Guaçu,2,,,,,,,,,,,,,,,,2023
Mogi Guaçu,2,58.0,1030.0,0.0,0.0,0.0,0.0,0.0,5.0,814.0,211.0,0.0,0.0,1.0,1.0,0.0,2023
Mogi Guaçu,2,10.0,332.0,0.0,0.0,0.0,0.0,0.0,8.0,264.0,60.0,0.0,1.0,1.0,1.0,0.0,2023
Mogi Guaçu,2,69.0,1335.0,0.0,457.0,0.0,0.0,7.0,414.0,744.0,170.0,0.0,0.0,1.0,1.0,1.0,2023
Mogi Mirim,2,50.0,851.0,0.0,220.0,0.0,0.0,0.0,209.0,574.0,68.0,0.0,1.0,1.0,1.0,0.0,2023
Mogi Mirim,2,,,,,,,,,,,,,,,,2023
Mogi Guaçu,2,14.0,266.0,0.0,266.0,0.0,0.0,5.0,256.0,5.0,0.0,0.0,1.0,1.0,1.0,1.0,2023
Espírito Santo do Pinhal,2,9.0,102.0,102.0,0.0,0.0,0.0,102.0,0.0,0.0,0.0,1.0,1.0,1.0,1.0,1.0,2023
Espírito Santo do Pinhal,2,38.0,617.0,0.0,344.0,0.0,0.0,8.0,330.0,221.0,58.0,0.0,1.0,1.0,1.0,0.0,2023
Espírito Santo do Pinhal,2,46.0,876.0,0.0,419.0,0.0,0.0,5.0,392.0,442.0,37.0,0.0,1.0,1.0,1.0,1.0,2023
Espírito Santo do Pinhal,2,49.0,642.0,0.0,0.0,0.0,0.0,0.0,8.0,424.0,210.0,1.0,1.0,1.0,1.0,1.0,2023
Estiva Gerbi,2,22.0,474.0,0.0,0.0,0.0,0.0,0.0,11.0,397.0,66.0,0.0,1.0,1.0,1.0,0.0,2023
Mogi Guaçu,2,9.0,94.0,0.0,0.0,0.0,0.0,0.0,2.0,84.0,8.0,0.0,1.0,1.0,1.0,0.0,2023
Mogi Guaçu,2,28.0,359.0,0.0,141.0,0.0,0.0,1.0,135.0,202.0,21.0,0.0,0.0,1.0,1.0,1.0,2023
Espírito Santo do Pinhal,2,18.0,373.0,373.0,0.0,0.0,2.0,368.0,3.0,0.0,0.0,0.0,1.0,1.0,1.0,1.0,2023
Espírito Santo do Pinhal,2,29.0,427.0,0.0,277.0,0.0,0.0,2.0,268.0,152.0,5.0,0.0,0.0,1.0,1.0,0.0,2023
Espírito Santo do Pinhal,2,30.0,463.0,0.0,283.0,0.0,0.0,4.0,264.0,188.0,7.0,0.0,1.0,1.0,1.0,1.0,2023
Águas da Prata,2,22.0,338.0,0.0,210.0,0.0,0.0,3.0,177.0,146.0,12.0,0.0,1.0,1.0,1.0,0.0,2023
Águas da Prata,2,8.0,57.0,0.0,57.0,0.0,0.0,3.0,50.0,4.0,0.0,0.0,0.0,1.0,1.0,1.0,2023
Conchal,2,,,,,,,,,,,,,,,,2023
Conchal,2,43.0,808.0,0.0,263.0,0.0,0.0,8.0,249.0,490.0,61.0,0.0,0.0,1.0,1.0,0.0,2023
Conchal,2,,,,,,,,,,,,,,,,2023
Aguaí,2,28.0,493.0,0.0,413.0,0.0,0.0,2.0,351.0,127.0,13.0,0.0,0.0,1.0,1.0,1.0,2023
Aguaí,2,47.0,950.0,0.0,481.0,0.0,0.0,3.0,444.0,440.0,63.0,0.0,1.0,1.0,1.0,1.0,2023
Mogi Mirim,2,15.0,208.0,0.0,0.0,0.0,0.0,0.0,4.0,197.0,7.0,0.0,1.0,1.0,1.0,1.0,2023
São João da Boa Vista,2,31.0,581.0,0.0,249.0,0.0,0.0,0.0,233.0,306.0,42.0,0.0,1.0,1.0,1.0,0.0,2023
Santo Antônio de Posse,2,30.0,801.0,0.0,0.0,0.0,0.0,0.0,8.0,646.0,147.0,0.0,1.0,1.0,1.0,0.0,2023
São João da Boa Vista,2,,,,,,,,,,,,,,,,2023
São João da Boa Vista,2,34.0,781.0,0.0,201.0,0.0,0.0,0.0,172.0,446.0,163.0,0.0,1.0,1.0,1.0,1.0,2023
Santo Antônio de Posse,2,,,,,,,,,,,,,,,,2023
Mogi Mirim,2,,,,,,,,,,,,,,,,2023
Mogi Mirim,2,33.0,598.0,0.0,139.0,0.0,0.0,1.0,131.0,415.0,51.0,0.0,1.0,1.0,1.0,0.0,2023
Mogi Mirim,2,44.0,739.0,0.0,323.0,0.0,0.0,1.0,303.0,337.0,98.0,0.0,1.0,1.0,1.0,1.0,2023
Mogi Mirim,2,31.0,482.0,0.0,245.0,0.0,0.0,1.0,234.0,186.0,61.0,0.0,1.0,1.0,1.0,1.0,2023
Mogi Mirim,2,104.0,1693.0,0.0,0.0,0.0,0.0,0.0,17.0,1085.0,591.0,1.0,1.0,1.0,1.0,1.0,2023
Mogi Mirim,2,26.0,420.0,0.0,201.0,0.0,0.0,1.0,186.0,205.0,28.0,0.0,1.0,1.0,1.0,0.0,2023
Santo Antônio do Jardim,2,27.0,467.0,0.0,256.0,0.0,0.0,5.0,229.0,205.0,28.0,0.0,1.0,1.0,1.0,0.0,2023
São João da Boa Vista,2,16.0,211.0,0.0,154.0,0.0,0.0,0.0,136.0,72.0,3.0,0.0,0.0,1.0,1.0,0.0,2023
São João da Boa Vista,2,29.0,424.0,0.0,285.0,0.0,0.0,2.0,267.0,151.0,4.0,0.0,1.0,1.0,1.0,1.0,2023
São João da Boa Vista,2,29.0,477.0,0.0,351.0,0.0,0.0,1.0,337.0,133.0,6.0,0.0,1.0,1.0,1.0,0.0,2023
São João da Boa Vista,2,30.0,772.0,0.0,430.0,0.0,0.0,1.0,393.0,358.0,20.0,0.0,0.0,1.0,1.0,1.0,2023
Aguaí,2,35.0,613.0,0.0,258.0,0.0,0.0,0.0,232.0,274.0,107.0,0.0,1.0,1.0,1.0,0.0,2023
Santa Maria da Serra,2,18.0,267.0,0.0,178.0,0.0,0.0,0.0,181.0,84.0,2.0,0.0,1.0,1.0,1.0,1.0,2023
Piracicaba,2,22.0,434.0,434.0,0.0,0.0,0.0,417.0,17.0,0.0,0.0,0.0,0.0,1.0,1.0,0.0,2023
Piracicaba,2,18.0,342.0,342.0,0.0,0.0,0.0,332.0,10.0,0.0,0.0,0.0,1.0,1.0,1.0,1.0,2023
Piracicaba,2,20.0,427.0,0.0,427.0,0.0,0.0,4.0,392.0,31.0,0.0,0.0,1.0,1.0,1.0,0.0,2023
Piracicaba,2,30.0,901.0,0.0,285.0,0.0,0.0,0.0,270.0,578.0,53.0,0.0,0.0,1.0,1.0,1.0,2023
Capivari,2,29.0,545.0,0.0,324.0,0.0,0.0,1.0,292.0,236.0,16.0,0.0,1.0,1.0,1.0,0.0,2023
Capivari,2,56.0,1654.0,0.0,468.0,0.0,0.0,0.0,396.0,1042.0,216.0,0.0,1.0,1.0,1.0,1.0,2023
Piracicaba,2,38.0,756.0,0.0,397.0,0.0,0.0,2.0,374.0,365.0,15.0,0.0,0.0,1.0,1.0,1.0,2023
Piracicaba,2,54.0,1645.0,0.0,563.0,0.0,0.0,1.0,515.0,1022.0,107.0,0.0,0.0,1.0,1.0,0.0,2023
Piracicaba,2,22.0,419.0,0.0,208.0,0.0,0.0,1.0,192.0,208.0,18.0,0.0,1.0,1.0,1.0,0.0,2023
Bom Jesus dos Perdões,2,26.0,512.0,0.0,308.0,0.0,0.0,4.0,288.0,213.0,7.0,0.0,1.0,1.0,1.0,1.0,2023
Piracicaba,2,14.0,268.0,0.0,268.0,0.0,0.0,0.0,255.0,13.0,0.0,0.0,1.0,1.0,1.0,1.0,2023
São José dos Campos,2,28.0,911.0,0.0,0.0,0.0,0.0,0.0,1.0,810.0,100.0,0.0,0.0,1.0,1.0,0.0,2023
Piracicaba,2,17.0,251.0,0.0,251.0,0.0,0.0,0.0,237.0,14.0,0.0,0.0,0.0,1.0,1.0,0.0,2023
Piracicaba,2,21.0,399.0,399.0,0.0,0.0,0.0,388.0,11.0,0.0,0.0,0.0,0.0,1.0,1.0,0.0,2023
Piracicaba,2,19.0,368.0,368.0,0.0,0.0,0.0,354.0,14.0,0.0,0.0,0.0,1.0,1.0,0.0,1.0,2023
Piracicaba,2,25.0,409.0,0.0,265.0,0.0,0.0,2.0,245.0,148.0,14.0,0.0,0.0,1.0,1.0,0.0,2023
Elias Fausto,2,23.0,613.0,0.0,0.0,0.0,0.0,0.0,9.0,554.0,50.0,0.0,1.0,1.0,1.0,1.0,2023
Elias Fausto,2,12.0,217.0,0.0,0.0,0.0,0.0,0.0,1.0,195.0,21.0,0.0,1.0,1.0,1.0,0.0,2023
Piracicaba,2,38.0,860.0,0.0,0.0,0.0,0.0,0.0,4.0,765.0,91.0,0.0,0.0,1.0,1.0,0.0,2023
Piracicaba,2,34.0,739.0,0.0,58.0,0.0,0.0,0.0,43.0,618.0,78.0,0.0,1.0,1.0,1.0,0.0,2023
Piracicaba,2,32.0,652.0,0.0,404.0,0.0,0.0,0.0,368.0,274.0,10.0,0.0,0.0,1.0,1.0,0.0,2023
São Pedro,2,19.0,243.0,0.0,99.0,0.0,0.0,5.0,75.0,154.0,9.0,0.0,1.0,1.0,1.0,0.0,2023
Piracicaba,2,20.0,400.0,0.0,400.0,0.0,0.0,0.0,377.0,23.0,0.0,0.0,1.0,1.0,1.0,0.0,2023
Saltinho,2,32.0,603.0,0.0,384.0,0.0,0.0,0.0,357.0,238.0,8.0,0.0,1.0,1.0,1.0,0.0,2023
Piracicaba,2,15.0,148.0,0.0,103.0,0.0,0.0,0.0,93.0,52.0,3.0,0.0,0.0,1.0,1.0,0.0,2023
Piracicaba,2,39.0,797.0,0.0,495.0,0.0,0.0,1.0,451.0,331.0,14.0,0.0,1.0,1.0,1.0,1.0,2023
Piracicaba,2,24.0,476.0,0.0,224.0,0.0,0.0,0.0,211.0,256.0,9.0,0.0,1.0,1.0,1.0,1.0,2023
Piracicaba,2,28.0,609.0,0.0,297.0,0.0,0.0,0.0,281.0,308.0,20.0,1.0,1.0,1.0,1.0,1.0,2023
Piracicaba,2,17.0,296.0,296.0,0.0,0.0,0.0,286.0,10.0,0.0,0.0,0.0,0.0,1.0,1.0,0.0,2023
Piracicaba,2,25.0,509.0,0.0,294.0,0.0,0.0,0.0,273.0,232.0,4.0,0.0,1.0,1.0,1.0,1.0,2023
Rafard,2,44.0,1018.0,0.0,531.0,0.0,0.0,2.0,474.0,492.0,50.0,0.0,1.0,1.0,1.0,0.0,2023
Mombuca,2,11.0,160.0,0.0,0.0,0.0,0.0,0.0,3.0,144.0,13.0,0.0,1.0,1.0,1.0,0.0,2023
Piracicaba,2,81.0,1209.0,0.0,0.0,0.0,0.0,0.0,4.0,752.0,453.0,1.0,1.0,1.0,1.0,0.0,2023
Rio das Pedras,2,36.0,857.0,0.0,0.0,0.0,0.0,0.0,3.0,708.0,146.0,0.0,1.0,1.0,1.0,1.0,2023
Rio das Pedras,2,28.0,336.0,0.0,0.0,0.0,0.0,0.0,5.0,237.0,94.0,1.0,0.0,1.0,1.0,1.0,2023
Piracicaba,2,25.0,540.0,0.0,299.0,0.0,0.0,3.0,283.0,250.0,4.0,0.0,1.0,1.0,1.0,1.0,2023
Piracicaba,2,28.0,438.0,107.0,205.0,0.0,0.0,105.0,188.0,135.0,10.0,0.0,1.0,1.0,1.0,0.0,2023
Charqueada,2,,,,,,,,,,,,,,,,2023
Piracicaba,2,33.0,660.0,0.0,348.0,0.0,0.0,1.0,325.0,302.0,32.0,0.0,1.0,1.0,1.0,1.0,2023
Charqueada,2,15.0,242.0,0.0,164.0,0.0,0.0,1.0,151.0,85.0,5.0,0.0,0.0,1.0,1.0,0.0,2023
Águas de São Pedro,2,13.0,135.0,0.0,0.0,0.0,0.0,0.0,4.0,124.0,7.0,0.0,1.0,1.0,1.0,1.0,2023
Piracicaba,2,20.0,321.0,0.0,218.0,0.0,0.0,0.0,196.0,119.0,6.0,0.0,1.0,1.0,1.0,0.0,2023
Mogi Guaçu,2,41.0,990.0,0.0,227.0,0.0,0.0,5.0,227.0,660.0,98.0,0.0,1.0,1.0,1.0,0.0,2023
Charqueada,2,37.0,860.0,0.0,176.0,0.0,0.0,0.0,160.0,629.0,71.0,0.0,0.0,1.0,1.0,0.0,2023
Santa Cruz das Palmeiras,2,23.0,483.0,0.0,483.0,0.0,0.0,1.0,449.0,33.0,0.0,0.0,0.0,1.0,1.0,0.0,2023
Analândia,2,9.0,100.0,0.0,0.0,0.0,0.0,0.0,0.0,96.0,4.0,0.0,0.0,1.0,0.0,0.0,2023
Porto Ferreira,2,28.0,507.0,0.0,363.0,0.0,0.0,0.0,332.0,161.0,14.0,0.0,1.0,1.0,1.0,1.0,2023
Porto Ferreira,2,63.0,1670.0,0.0,505.0,0.0,0.0,0.0,416.0,937.0,317.0,0.0,1.0,1.0,1.0,1.0,2023
Leme,2,30.0,568.0,0.0,568.0,0.0,0.0,1.0,537.0,30.0,0.0,0.0,0.0,1.0,1.0,0.0,2023
Santa Cruz da Conceição,2,24.0,336.0,0.0,172.0,0.0,0.0,0.0,156.0,154.0,26.0,0.0,1.0,1.0,1.0,0.0,2023
Leme,2,41.0,993.0,0.0,402.0,0.0,0.0,0.0,372.0,457.0,164.0,0.0,1.0,1.0,1.0,1.0,2023
Pirassununga,2,26.0,398.0,0.0,237.0,0.0,0.0,1.0,229.0,161.0,7.0,0.0,1.0,1.0,1.0,0.0,2023
Pirassununga,2,44.0,820.0,0.0,231.0,0.0,0.0,2.0,216.0,556.0,46.0,0.0,1.0,1.0,1.0,1.0,2023
Pirassununga,2,13.0,224.0,0.0,224.0,0.0,0.0,6.0,208.0,10.0,0.0,0.0,1.0,1.0,1.0,1.0,2023
Pirassununga,2,16.0,235.0,0.0,200.0,0.0,0.0,2.0,190.0,40.0,3.0,0.0,1.0,1.0,1.0,1.0,2023
Pirassununga,2,8.0,98.0,0.0,98.0,0.0,0.0,2.0,95.0,1.0,0.0,0.0,1.0,1.0,1.0,0.0,2023
Leme,2,23.0,424.0,0.0,0.0,0.0,0.0,0.0,3.0,390.0,31.0,0.0,1.0,1.0,1.0,0.0,2023
Santa Cruz das Palmeiras,2,22.0,309.0,0.0,0.0,0.0,0.0,0.0,1.0,271.0,37.0,0.0,1.0,1.0,1.0,0.0,2023
Leme,2,64.0,1446.0,0.0,416.0,0.0,0.0,0.0,397.0,879.0,170.0,0.0,1.0,1.0,1.0,1.0,2023
Porto Ferreira,2,55.0,870.0,0.0,535.0,0.0,0.0,1.0,483.0,332.0,54.0,0.0,1.0,1.0,1.0,1.0,2023
Rio Claro,2,14.0,294.0,0.0,294.0,0.0,0.0,0.0,279.0,15.0,0.0,0.0,1.0,1.0,1.0,1.0,2023
Rio Claro,2,,,,,,,,,,,,,,,,2023
Rio Claro,2,21.0,430.0,0.0,430.0,0.0,0.0,1.0,406.0,23.0,0.0,0.0,1.0,1.0,1.0,1.0,2023
Rio Claro,2,,,,,,,,,,,,,,,,2023
Rio Claro,2,21.0,334.0,0.0,0.0,0.0,0.0,0.0,2.0,187.0,145.0,0.0,1.0,1.0,1.0,0.0,2023
Rio Claro,2,26.0,650.0,148.0,171.0,0.0,0.0,142.0,161.0,315.0,32.0,0.0,1.0,1.0,1.0,0.0,2023
Santa Gertrudes,2,33.0,654.0,0.0,0.0,0.0,0.0,0.0,3.0,561.0,90.0,0.0,1.0,1.0,1.0,0.0,2023
Torrinha,2,20.0,413.0,413.0,0.0,0.0,0.0,413.0,0.0,0.0,0.0,1.0,1.0,1.0,1.0,1.0,2023
Corumbataí,2,12.0,132.0,0.0,0.0,0.0,0.0,0.0,3.0,123.0,6.0,0.0,1.0,1.0,1.0,1.0,2023
Rio Claro,2,,,,,,,,,,,,,,,,2023
Ipeúna,2,22.0,517.0,0.0,215.0,0.0,0.0,6.0,200.0,285.0,26.0,0.0,1.0,1.0,1.0,1.0,2023
Itirapina,2,45.0,869.0,0.0,358.0,0.0,0.0,5.0,335.0,495.0,34.0,0.0,1.0,1.0,1.0,1.0,2023
Rio Claro,2,14.0,299.0,0.0,0.0,0.0,0.0,0.0,0.0,272.0,27.0,0.0,1.0,1.0,0.0,1.0,2023
Rio Claro,2,39.0,775.0,0.0,585.0,0.0,0.0,2.0,553.0,207.0,13.0,0.0,1.0,1.0,1.0,1.0,2023
Torrinha,2,38.0,726.0,0.0,299.0,0.0,0.0,1.0,293.0,381.0,51.0,0.0,1.0,1.0,1.0,1.0,2023
Rio Claro,2,47.0,932.0,0.0,498.0,0.0,0.0,1.0,464.0,430.0,37.0,0.0,1.0,1.0,1.0,1.0,2023
Rio Claro,2,45.0,1101.0,0.0,565.0,0.0,0.0,1.0,506.0,538.0,56.0,0.0,1.0,1.0,1.0,0.0,2023
Rio Claro,2,17.0,346.0,0.0,0.0,0.0,0.0,0.0,1.0,321.0,24.0,0.0,1.0,1.0,0.0,1.0,2023
Cordeirópolis,2,13.0,189.0,0.0,0.0,0.0,0.0,0.0,1.0,184.0,4.0,0.0,1.0,1.0,1.0,1.0,2023
Cordeirópolis,2,51.0,1386.0,0.0,732.0,0.0,0.0,12.0,638.0,603.0,133.0,0.0,1.0,1.0,1.0,0.0,2023
Rio Claro,2,31.0,650.0,0.0,650.0,0.0,0.0,1.0,607.0,42.0,0.0,0.0,1.0,1.0,1.0,0.0,2023
Brotas,2,34.0,538.0,0.0,324.0,0.0,0.0,5.0,310.0,215.0,8.0,0.0,0.0,1.0,1.0,0.0,2023
Rio Claro,2,66.0,1202.0,0.0,0.0,0.0,0.0,0.0,3.0,700.0,499.0,1.0,1.0,1.0,1.0,0.0,2023
Boa Esperança do Sul,2,29.0,411.0,0.0,0.0,0.0,0.0,0.0,10.0,337.0,64.0,0.0,0.0,1.0,1.0,0.0,2023
Américo Brasiliense,2,35.0,755.0,0.0,165.0,0.0,0.0,0.0,157.0,558.0,40.0,0.0,1.0,1.0,1.0,0.0,2023
Araraquara,2,88.0,1276.0,0.0,0.0,0.0,0.0,0.0,3.0,670.0,603.0,1.0,1.0,1.0,1.0,1.0,2023
Araraquara,2,77.0,1611.0,0.0,309.0,0.0,0.0,0.0,298.0,1089.0,224.0,0.0,1.0,1.0,1.0,1.0,2023
Santa Lúcia,2,28.0,450.0,0.0,281.0,0.0,0.0,2.0,270.0,176.0,2.0,0.0,1.0,1.0,1.0,1.0,2023
Rincão,2,25.0,594.0,0.0,365.0,0.0,0.0,8.0,336.0,241.0,9.0,0.0,1.0,1.0,1.0,1.0,2023
Araraquara,2,19.0,355.0,355.0,0.0,0.0,0.0,337.0,18.0,0.0,0.0,0.0,1.0,1.0,1.0,1.0,2023
Araraquara,2,26.0,576.0,576.0,0.0,0.0,0.0,559.0,17.0,0.0,0.0,0.0,1.0,1.0,1.0,0.0,2023
Gavião Peixoto,2,13.0,140.0,0.0,0.0,0.0,0.0,0.0,0.0,138.0,2.0,0.0,1.0,1.0,0.0,1.0,2023
Nova Europa,2,21.0,336.0,0.0,0.0,0.0,0.0,0.0,8.0,288.0,40.0,1.0,1.0,1.0,1.0,1.0,2023
Trabiju,2,17.0,182.0,0.0,0.0,0.0,0.0,0.0,3.0,167.0,12.0,1.0,1.0,1.0,1.0,1.0,2023
Araraquara,2,18.0,299.0,299.0,0.0,0.0,0.0,290.0,9.0,0.0,0.0,0.0,1.0,1.0,1.0,0.0,2023
Araraquara,2,26.0,429.0,0.0,278.0,0.0,0.0,0.0,267.0,156.0,6.0,0.0,0.0,1.0,1.0,0.0,2023
Araraquara,2,23.0,349.0,0.0,252.0,0.0,0.0,1.0,242.0,97.0,9.0,0.0,1.0,1.0,1.0,0.0,2023
Araraquara,2,25.0,539.0,539.0,0.0,0.0,0.0,517.0,22.0,0.0,0.0,0.0,1.0,1.0,0.0,1.0,2023
Araraquara,2,36.0,482.0,0.0,169.0,0.0,0.0,0.0,160.0,306.0,16.0,0.0,0.0,1.0,1.0,1.0,2023
Araraquara,2,57.0,1139.0,0.0,630.0,0.0,0.0,3.0,596.0,422.0,118.0,0.0,1.0,1.0,1.0,1.0,2023
Araraquara,2,23.0,508.0,508.0,0.0,0.0,0.0,489.0,19.0,0.0,0.0,0.0,1.0,1.0,0.0,1.0,2023
Tabatinga,2,17.0,232.0,99.0,80.0,0.0,1.0,98.0,80.0,53.0,0.0,0.0,1.0,1.0,1.0,0.0,2023
Araraquara,2,17.0,290.0,0.0,0.0,0.0,0.0,0.0,2.0,279.0,9.0,0.0,1.0,1.0,1.0,1.0,2023
Araraquara,2,21.0,401.0,0.0,280.0,0.0,0.0,0.0,273.0,125.0,3.0,0.0,0.0,1.0,1.0,1.0,2023
Araraquara,2,28.0,492.0,492.0,0.0,0.0,0.0,475.0,17.0,0.0,0.0,0.0,1.0,1.0,1.0,1.0,2023
Tabatinga,2,30.0,773.0,0.0,291.0,0.0,0.0,6.0,289.0,446.0,32.0,0.0,1.0,1.0,1.0,0.0,2023
Araraquara,2,31.0,577.0,0.0,288.0,0.0,0.0,3.0,275.0,287.0,12.0,0.0,1.0,1.0,1.0,0.0,2023
Motuca,2,9.0,166.0,0.0,0.0,0.0,0.0,0.0,2.0,125.0,39.0,1.0,1.0,1.0,1.0,0.0,2023
Araraquara,2,25.0,317.0,0.0,218.0,0.0,0.0,0.0,199.0,115.0,3.0,0.0,1.0,1.0,1.0,1.0,2023
Araraquara,2,26.0,555.0,555.0,0.0,0.0,0.0,548.0,7.0,0.0,0.0,0.0,1.0,1.0,1.0,0.0,2023
Araraquara,2,21.0,340.0,0.0,264.0,0.0,0.0,1.0,245.0,89.0,5.0,0.0,1.0,1.0,1.0,1.0,2023
Barretos,2,34.0,856.0,0.0,501.0,0.0,0.0,3.0,445.0,382.0,26.0,0.0,1.0,1.0,1.0,0.0,2023
Guaíra,2,48.0,1019.0,0.0,616.0,0.0,0.0,15.0,540.0,444.0,20.0,0.0,0.0,1.0,1.0,1.0,2023
Barretos,2,95.0,1723.0,0.0,0.0,0.0,0.0,0.0,4.0,1042.0,677.0,0.0,1.0,1.0,1.0,0.0,2023
Barretos,2,26.0,406.0,0.0,291.0,0.0,0.0,1.0,263.0,134.0,8.0,0.0,0.0,1.0,1.0,1.0,2023
Jaborandi,2,13.0,165.0,0.0,0.0,0.0,0.0,0.0,1.0,144.0,20.0,0.0,1.0,1.0,1.0,1.0,2023
Barretos,2,54.0,1086.0,0.0,564.0,0.0,0.0,0.0,474.0,560.0,52.0,0.0,0.0,1.0,1.0,1.0,2023
Cajuru,2,39.0,749.0,0.0,433.0,0.0,0.0,8.0,408.0,324.0,9.0,0.0,1.0,1.0,1.0,1.0,2023
Colômbia,2,15.0,190.0,0.0,0.0,0.0,0.0,0.0,1.0,169.0,20.0,0.0,1.0,1.0,1.0,1.0,2023
Barretos,2,29.0,415.0,0.0,251.0,0.0,0.0,0.0,216.0,184.0,15.0,0.0,0.0,1.0,1.0,1.0,2023
Colina,2,,,,,,,,,,,,,,,,2023
Barretos,2,28.0,434.0,0.0,283.0,0.0,0.0,0.0,241.0,180.0,13.0,0.0,1.0,1.0,1.0,1.0,2023
Guaíra,2,25.0,379.0,0.0,312.0,0.0,0.0,10.0,277.0,90.0,2.0,0.0,0.0,1.0,1.0,1.0,2023
Guaíra,2,48.0,1385.0,0.0,638.0,0.0,0.0,8.0,571.0,693.0,113.0,0.0,1.0,1.0,1.0,1.0,2023
Barretos,2,15.0,294.0,0.0,294.0,0.0,0.0,0.0,266.0,28.0,0.0,0.0,1.0,1.0,1.0,1.0,2023
Barretos,2,20.0,386.0,0.0,312.0,0.0,0.0,0.0,294.0,89.0,3.0,0.0,1.0,1.0,1.0,1.0,2023
Barretos,2,29.0,509.0,0.0,342.0,0.0,0.0,1.0,317.0,184.0,7.0,0.0,1.0,1.0,1.0,1.0,2023
Pitangueiras,2,29.0,430.0,0.0,285.0,0.0,0.0,5.0,270.0,153.0,2.0,0.0,1.0,1.0,1.0,1.0,2023
Taiaçu,2,26.0,390.0,0.0,246.0,0.0,0.0,1.0,237.0,145.0,7.0,0.0,1.0,1.0,1.0,1.0,2023
Taiúva,2,25.0,382.0,0.0,240.0,0.0,0.0,6.0,228.0,146.0,2.0,0.0,0.0,1.0,1.0,0.0,2023
Pontal,2,13.0,166.0,0.0,103.0,0.0,0.0,2.0,96.0,64.0,4.0,0.0,1.0,1.0,1.0,0.0,2023
Pontal,2,30.0,648.0,0.0,648.0,0.0,0.0,17.0,575.0,55.0,1.0,0.0,1.0,1.0,1.0,0.0,2023
Pontal,2,12.0,51.0,0.0,35.0,0.0,0.0,2.0,29.0,20.0,0.0,0.0,1.0,1.0,0.0,0.0,2023
Viradouro,2,31.0,640.0,0.0,230.0,0.0,0.0,2.0,226.0,377.0,35.0,0.0,1.0,1.0,1.0,0.0,2023
Bebedouro,2,22.0,444.0,0.0,266.0,0.0,0.0,1.0,246.0,182.0,15.0,0.0,1.0,1.0,1.0,1.0,2023
Bebedouro,2,23.0,369.0,0.0,270.0,0.0,0.0,2.0,232.0,129.0,6.0,0.0,0.0,1.0,1.0,1.0,2023
Terra Roxa,2,23.0,322.0,0.0,0.0,0.0,0.0,0.0,1.0,268.0,53.0,0.0,1.0,1.0,1.0,1.0,2023
Pitangueiras,2,37.0,836.0,0.0,421.0,0.0,0.0,6.0,393.0,417.0,20.0,0.0,1.0,1.0,1.0,1.0,2023
Taquaral,2,17.0,207.0,0.0,127.0,0.0,0.0,2.0,120.0,82.0,3.0,0.0,1.0,1.0,1.0,1.0,2023
Pitangueiras,2,27.0,328.0,0.0,152.0,0.0,0.0,1.0,146.0,153.0,28.0,0.0,0.0,1.0,1.0,0.0,2023
Pontal,2,29.0,469.0,0.0,294.0,0.0,0.0,6.0,283.0,172.0,8.0,0.0,1.0,1.0,1.0,0.0,2023
Monte Azul Paulista,2,32.0,622.0,0.0,184.0,0.0,0.0,3.0,172.0,391.0,56.0,0.0,0.0,1.0,1.0,0.0,2023
Pirangi,2,27.0,824.0,0.0,441.0,0.0,0.0,9.0,420.0,386.0,9.0,0.0,1.0,1.0,1.0,0.0,2023
Pirangi,2,,,,,,,,,,,,,,,,2023
Bebedouro,2,30.0,484.0,0.0,314.0,0.0,0.0,0.0,280.0,194.0,10.0,0.0,0.0,1.0,1.0,1.0,2023
Bebedouro,2,15.0,196.0,0.0,142.0,0.0,0.0,1.0,131.0,60.0,4.0,0.0,0.0,1.0,1.0,1.0,2023
Pitangueiras,2,33.0,1064.0,0.0,380.0,0.0,0.0,10.0,358.0,550.0,146.0,0.0,1.0,1.0,1.0,1.0,2023
Bebedouro,2,56.0,1189.0,0.0,394.0,0.0,0.0,1.0,360.0,749.0,79.0,0.0,1.0,1.0,1.0,1.0,2023
Franca,2,32.0,711.0,711.0,0.0,0.0,0.0,677.0,34.0,0.0,0.0,0.0,1.0,1.0,1.0,0.0,2023
Franca,2,17.0,291.0,291.0,0.0,0.0,0.0,283.0,8.0,0.0,0.0,0.0,1.0,1.0,1.0,1.0,2023
Franca,2,57.0,1304.0,0.0,626.0,0.0,0.0,0.0,583.0,696.0,25.0,0.0,0.0,1.0,1.0,1.0,2023
Franca,2,16.0,229.0,0.0,205.0,0.0,0.0,0.0,195.0,34.0,0.0,0.0,1.0,1.0,1.0,0.0,2023
Franca,2,74.0,1192.0,0.0,0.0,0.0,0.0,0.0,1.0,710.0,481.0,1.0,1.0,1.0,1.0,1.0,2023
Franca,2,19.0,326.0,0.0,292.0,0.0,0.0,1.0,278.0,47.0,0.0,0.0,1.0,1.0,1.0,0.0,2023
Franca,2,22.0,397.0,397.0,0.0,0.0,0.0,381.0,16.0,0.0,0.0,0.0,1.0,1.0,1.0,0.0,2023
Franca,2,25.0,448.0,0.0,391.0,0.0,0.0,2.0,358.0,86.0,2.0,0.0,1.0,1.0,1.0,0.0,2023
Franca,2,19.0,378.0,378.0,0.0,0.0,0.0,364.0,14.0,0.0,0.0,0.0,0.0,1.0,1.0,0.0,2023
Cristais Paulista,2,23.0,367.0,0.0,0.0,0.0,0.0,0.0,0.0,333.0,34.0,0.0,1.0,1.0,1.0,1.0,2023
Franca,2,41.0,840.0,0.0,344.0,0.0,0.0,1.0,301.0,496.0,42.0,0.0,1.0,1.0,1.0,0.0,2023
Franca,2,17.0,287.0,287.0,0.0,0.0,0.0,274.0,13.0,0.0,0.0,0.0,0.0,1.0,0.0,0.0,2023
Altinópolis,2,46.0,746.0,0.0,312.0,0.0,0.0,3.0,308.0,402.0,33.0,0.0,1.0,1.0,1.0,1.0,2023
Franca,2,23.0,427.0,0.0,278.0,0.0,0.0,0.0,254.0,170.0,3.0,0.0,1.0,1.0,1.0,1.0,2023
Batatais,2,24.0,340.0,0.0,287.0,0.0,0.0,4.0,265.0,67.0,4.0,0.0,1.0,1.0,1.0,1.0,2023
Franca,2,78.0,2223.0,0.0,677.0,0.0,0.0,2.0,633.0,1490.0,98.0,0.0,1.0,1.0,1.0,1.0,2023
Batatais,2,25.0,408.0,0.0,316.0,0.0,0.0,6.0,280.0,116.0,6.0,0.0,1.0,1.0,1.0,0.0,2023
Franca,2,32.0,535.0,0.0,535.0,0.0,0.0,0.0,501.0,34.0,0.0,0.0,1.0,1.0,1.0,1.0,2023
Batatais,2,22.0,375.0,375.0,0.0,0.0,2.0,368.0,5.0,0.0,0.0,0.0,1.0,1.0,1.0,1.0,2023
Franca,2,35.0,694.0,0.0,694.0,0.0,0.0,2.0,646.0,46.0,0.0,0.0,1.0,1.0,1.0,0.0,2023
Batatais,2,65.0,1187.0,0.0,0.0,0.0,0.0,0.0,7.0,739.0,441.0,1.0,1.0,1.0,1.0,0.0,2023
Batatais,2,31.0,560.0,0.0,272.0,0.0,0.0,2.0,241.0,249.0,68.0,0.0,1.0,1.0,1.0,1.0,2023
São José da Bela Vista,2,33.0,833.0,0.0,453.0,0.0,0.0,2.0,382.0,393.0,56.0,0.0,1.0,1.0,1.0,0.0,2023
Santo Antônio da Alegria,2,19.0,249.0,0.0,0.0,0.0,0.0,0.0,4.0,223.0,22.0,0.0,1.0,1.0,1.0,1.0,2023
Restinga,2,18.0,370.0,0.0,0.0,0.0,0.0,0.0,3.0,338.0,29.0,0.0,0.0,1.0,1.0,1.0,2023
Itirapuã,2,33.0,543.0,0.0,317.0,0.0,0.0,4.0,289.0,236.0,14.0,0.0,1.0,1.0,1.0,0.0,2023
Patrocínio Paulista,2,47.0,1271.0,0.0,712.0,0.0,0.0,15.0,641.0,570.0,45.0,0.0,1.0,1.0,1.0,1.0,2023
Pedregulho,2,27.0,412.0,0.0,412.0,0.0,0.0,1.0,371.0,40.0,0.0,0.0,1.0,1.0,1.0,0.0,2023
Pedregulho,2,29.0,515.0,0.0,126.0,0.0,0.0,0.0,95.0,372.0,48.0,0.0,1.0,1.0,1.0,0.0,2023
Franca,2,39.0,744.0,744.0,0.0,0.0,0.0,703.0,41.0,0.0,0.0,0.0,0.0,1.0,1.0,0.0,2023
Franca,2,46.0,834.0,0.0,233.0,0.0,0.0,0.0,195.0,616.0,23.0,0.0,0.0,1.0,1.0,1.0,2023
Jeriquara,2,11.0,186.0,0.0,0.0,0.0,0.0,0.0,1.0,162.0,23.0,0.0,1.0,1.0,1.0,1.0,2023
Pedregulho,2,15.0,116.0,0.0,73.0,0.0,0.0,0.0,61.0,53.0,2.0,0.0,1.0,1.0,0.0,1.0,2023
Ribeirão Corrente,2,16.0,128.0,0.0,0.0,0.0,0.0,0.0,0.0,108.0,20.0,0.0,0.0,1.0,1.0,1.0,2023
Rifaina,2,19.0,327.0,0.0,202.0,0.0,0.0,1.0,172.0,143.0,11.0,0.0,1.0,1.0,0.0,0.0,2023
Franca,2,48.0,884.0,0.0,435.0,0.0,0.0,0.0,406.0,464.0,14.0,0.0,1.0,1.0,1.0,1.0,2023
Franca,2,,,,,,,,,,,,,,,,2023
Franca,2,44.0,601.0,0.0,0.0,0.0,0.0,0.0,3.0,494.0,104.0,1.0,1.0,1.0,1.0,1.0,2023
Franca,2,14.0,270.0,0.0,270.0,0.0,0.0,1.0,261.0,8.0,0.0,0.0,1.0,1.0,1.0,1.0,2023
Miguelópolis,2,23.0,371.0,0.0,0.0,0.0,0.0,0.0,5.0,281.0,85.0,0.0,1.0,1.0,1.0,1.0,2023
Igarapava,2,26.0,366.0,0.0,0.0,0.0,0.0,0.0,2.0,287.0,77.0,0.0,1.0,1.0,1.0,1.0,2023
Guará,2,34.0,680.0,0.0,0.0,0.0,0.0,0.0,10.0,571.0,99.0,0.0,1.0,1.0,1.0,1.0,2023
Aramina,2,22.0,412.0,0.0,282.0,0.0,0.0,1.0,263.0,141.0,7.0,0.0,1.0,1.0,1.0,0.0,2023
Ituverava,2,,,,,,,,,,,,,,,,2023
Buritizal,2,10.0,88.0,0.0,0.0,0.0,0.0,0.0,0.0,78.0,10.0,0.0,1.0,1.0,1.0,0.0,2023
Ituverava,2,32.0,744.0,0.0,0.0,0.0,0.0,0.0,14.0,518.0,212.0,0.0,1.0,1.0,1.0,1.0,2023
Igarapava,2,36.0,706.0,0.0,0.0,0.0,0.0,0.0,14.0,535.0,157.0,1.0,1.0,1.0,1.0,1.0,2023
Miguelópolis,2,29.0,448.0,0.0,0.0,0.0,0.0,0.0,4.0,317.0,127.0,1.0,1.0,1.0,1.0,1.0,2023
Ituverava,2,,,,,,,,,,,,,,,,2023
São José dos Campos,2,25.0,426.0,0.0,0.0,0.0,0.0,0.0,2.0,400.0,24.0,0.0,0.0,1.0,1.0,1.0,2023
Sertãozinho,2,38.0,787.0,0.0,435.0,0.0,0.0,1.0,372.0,322.0,92.0,0.0,1.0,1.0,1.0,1.0,2023
Sertãozinho,2,,,,,,,,,,,,,,,,2023
Pradópolis,2,38.0,949.0,0.0,0.0,0.0,0.0,0.0,13.0,817.0,119.0,1.0,1.0,1.0,1.0,0.0,2023
Dumont,2,31.0,481.0,0.0,0.0,0.0,0.0,0.0,2.0,399.0,80.0,0.0,1.0,1.0,1.0,0.0,2023
Jaboticabal,2,30.0,507.0,0.0,353.0,0.0,0.0,7.0,325.0,164.0,11.0,0.0,1.0,1.0,1.0,1.0,2023
Sertãozinho,2,32.0,678.0,0.0,0.0,0.0,0.0,0.0,2.0,563.0,113.0,0.0,1.0,1.0,1.0,0.0,2023
Jaboticabal,2,41.0,1108.0,0.0,238.0,0.0,0.0,6.0,223.0,778.0,101.0,0.0,1.0,1.0,1.0,1.0,2023
Monte Alto,2,35.0,820.0,0.0,227.0,0.0,0.0,2.0,220.0,549.0,49.0,0.0,0.0,1.0,1.0,1.0,2023
Vista Alegre do Alto,2,31.0,697.0,0.0,429.0,0.0,0.0,8.0,394.0,275.0,20.0,0.0,1.0,1.0,1.0,1.0,2023
Guariba,2,33.0,699.0,0.0,0.0,0.0,0.0,0.0,7.0,514.0,178.0,0.0,1.0,1.0,1.0,1.0,2023
Sertãozinho,2,18.0,341.0,0.0,0.0,0.0,0.0,0.0,5.0,327.0,9.0,0.0,1.0,1.0,1.0,1.0,2023
Barrinha,2,42.0,756.0,0.0,0.0,0.0,0.0,0.0,16.0,699.0,41.0,0.0,1.0,1.0,1.0,1.0,2023
Sertãozinho,2,28.0,563.0,0.0,412.0,0.0,0.0,2.0,380.0,169.0,12.0,0.0,1.0,1.0,1.0,0.0,2023
Monte Alto,2,41.0,719.0,0.0,363.0,0.0,0.0,11.0,346.0,266.0,96.0,0.0,1.0,1.0,1.0,1.0,2023
Jaboticabal,2,18.0,188.0,0.0,127.0,0.0,0.0,3.0,117.0,63.0,5.0,0.0,1.0,1.0,1.0,0.0,2023
Jaboticabal,2,33.0,593.0,0.0,287.0,0.0,0.0,3.0,269.0,251.0,70.0,0.0,1.0,0.0,1.0,0.0,2023
Jaboticabal,2,18.0,331.0,0.0,243.0,0.0,0.0,5.0,236.0,86.0,4.0,0.0,1.0,1.0,1.0,0.0,2023
Ribeirão Preto,2,27.0,619.0,619.0,0.0,0.0,0.0,600.0,19.0,0.0,0.0,1.0,1.0,1.0,0.0,1.0,2023
Ribeirão Preto,2,28.0,523.0,0.0,0.0,0.0,0.0,0.0,6.0,472.0,45.0,0.0,1.0,1.0,1.0,0.0,2023
Brodowski,2,38.0,913.0,0.0,188.0,0.0,0.0,4.0,169.0,650.0,90.0,0.0,1.0,1.0,1.0,0.0,2023
Ribeirão Preto,2,22.0,492.0,492.0,0.0,0.0,0.0,467.0,25.0,0.0,0.0,0.0,1.0,1.0,1.0,0.0,2023
Ribeirão Preto,2,39.0,686.0,0.0,253.0,0.0,0.0,1.0,230.0,423.0,32.0,0.0,1.0,1.0,1.0,0.0,2023
Ribeirão Preto,2,33.0,568.0,285.0,283.0,0.0,0.0,272.0,280.0,16.0,0.0,0.0,1.0,1.0,1.0,1.0,2023
Ribeirão Preto,2,26.0,577.0,0.0,320.0,0.0,0.0,0.0,290.0,259.0,28.0,0.0,1.0,1.0,1.0,1.0,2023
Ribeirão Preto,2,36.0,714.0,0.0,0.0,0.0,0.0,0.0,2.0,470.0,242.0,0.0,1.0,1.0,1.0,1.0,2023
Ribeirão Preto,2,25.0,602.0,602.0,0.0,0.0,1.0,579.0,22.0,0.0,0.0,0.0,1.0,1.0,1.0,1.0,2023
Ribeirão Preto,2,42.0,743.0,0.0,331.0,0.0,0.0,1.0,297.0,409.0,36.0,0.0,1.0,1.0,1.0,1.0,2023
Ribeirão Preto,2,30.0,645.0,645.0,0.0,0.0,0.0,619.0,26.0,0.0,0.0,0.0,1.0,1.0,1.0,1.0,2023
Ribeirão Preto,2,63.0,1253.0,308.0,303.0,0.0,0.0,299.0,276.0,527.0,151.0,0.0,1.0,1.0,1.0,0.0,2023
Ribeirão Preto,2,29.0,545.0,220.0,325.0,0.0,0.0,199.0,313.0,33.0,0.0,0.0,1.0,1.0,1.0,1.0,2023
Ribeirão Preto,2,37.0,530.0,0.0,159.0,0.0,0.0,0.0,126.0,354.0,50.0,0.0,1.0,1.0,1.0,0.0,2023
Ribeirão Preto,2,33.0,742.0,742.0,0.0,0.0,0.0,714.0,28.0,0.0,0.0,0.0,1.0,1.0,1.0,1.0,2023
Ribeirão Preto,2,61.0,1189.0,309.0,451.0,0.0,0.0,288.0,418.0,436.0,47.0,0.0,1.0,1.0,1.0,1.0,2023
Jardinópolis,2,12.0,129.0,0.0,0.0,0.0,0.0,0.0,0.0,124.0,5.0,0.0,0.0,1.0,1.0,1.0,2023
Serrana,2,42.0,862.0,0.0,431.0,0.0,0.0,0.0,387.0,425.0,50.0,0.0,1.0,1.0,1.0,1.0,2023
Ribeirão Preto,2,38.0,581.0,218.0,181.0,0.0,0.0,209.0,178.0,171.0,23.0,0.0,1.0,1.0,1.0,1.0,2023
Ribeirão Preto,2,54.0,823.0,0.0,266.0,0.0,0.0,1.0,227.0,520.0,75.0,0.0,1.0,1.0,1.0,0.0,2023
Ribeirão Preto,2,40.0,721.0,390.0,331.0,0.0,0.0,369.0,320.0,31.0,1.0,0.0,1.0,1.0,1.0,1.0,2023
Ribeirão Preto,2,26.0,430.0,0.0,0.0,0.0,0.0,0.0,4.0,385.0,41.0,0.0,1.0,1.0,1.0,1.0,2023
Ribeirão Preto,2,21.0,446.0,0.0,0.0,0.0,0.0,0.0,4.0,416.0,26.0,0.0,1.0,1.0,1.0,1.0,2023
Ribeirão Preto,2,34.0,693.0,328.0,259.0,0.0,0.0,316.0,244.0,123.0,10.0,0.0,1.0,1.0,1.0,1.0,2023
Ribeirão Preto,2,40.0,872.0,0.0,567.0,0.0,0.0,6.0,542.0,305.0,19.0,0.0,1.0,1.0,1.0,0.0,2023
Ribeirão Preto,2,142.0,2335.0,0.0,0.0,0.0,0.0,0.0,9.0,899.0,1427.0,1.0,1.0,1.0,1.0,1.0,2023
Ribeirão Preto,2,80.0,1975.0,0.0,0.0,0.0,0.0,0.0,4.0,1558.0,413.0,1.0,1.0,1.0,1.0,0.0,2023
Ribeirão Preto,2,31.0,672.0,291.0,381.0,0.0,0.0,272.0,380.0,20.0,0.0,0.0,1.0,1.0,1.0,0.0,2023
Guatapará,2,22.0,338.0,0.0,0.0,0.0,0.0,0.0,2.0,290.0,46.0,0.0,1.0,1.0,1.0,1.0,2023
Jardinópolis,2,52.0,1404.0,0.0,0.0,0.0,0.0,0.0,23.0,1191.0,190.0,0.0,1.0,1.0,1.0,0.0,2023
Ribeirão Preto,2,33.0,475.0,0.0,475.0,0.0,0.0,1.0,435.0,39.0,0.0,0.0,1.0,1.0,1.0,1.0,2023
Ribeirão Preto,2,65.0,1423.0,0.0,0.0,0.0,0.0,0.0,4.0,1147.0,272.0,0.0,1.0,1.0,1.0,1.0,2023
Ribeirão Preto,2,30.0,604.0,604.0,0.0,0.0,0.0,577.0,27.0,0.0,0.0,0.0,1.0,1.0,1.0,0.0,2023
Cajuru,2,28.0,493.0,0.0,267.0,0.0,0.0,6.0,239.0,230.0,18.0,0.0,1.0,1.0,1.0,1.0,2023
Santa Cruz da Esperança,2,13.0,90.0,0.0,0.0,0.0,0.0,0.0,1.0,84.0,5.0,0.0,1.0,1.0,1.0,1.0,2023
Luís Antônio,2,28.0,521.0,0.0,0.0,0.0,0.0,0.0,13.0,399.0,109.0,0.0,0.0,1.0,1.0,1.0,2023
São Simão,2,14.0,187.0,120.0,67.0,0.0,0.0,112.0,75.0,0.0,0.0,0.0,0.0,1.0,1.0,1.0,2023
São Simão,2,33.0,495.0,0.0,274.0,0.0,0.0,2.0,259.0,222.0,12.0,0.0,0.0,1.0,1.0,1.0,2023
Cravinhos,2,29.0,595.0,0.0,363.0,0.0,0.0,1.0,299.0,277.0,18.0,0.0,1.0,1.0,1.0,0.0,2023
Cravinhos,2,33.0,739.0,0.0,276.0,0.0,0.0,1.0,211.0,400.0,127.0,0.0,1.0,1.0,1.0,0.0,2023
Santa Rita do Passa Quatro,2,34.0,483.0,0.0,316.0,0.0,0.0,1.0,289.0,178.0,15.0,0.0,0.0,1.0,1.0,0.0,2023
Serra Azul,2,28.0,482.0,0.0,312.0,0.0,0.0,4.0,284.0,178.0,16.0,0.0,0.0,1.0,1.0,0.0,2023
Santa Rosa de Viterbo,2,14.0,212.0,0.0,212.0,0.0,0.0,2.0,198.0,12.0,0.0,0.0,0.0,1.0,1.0,0.0,2023
Santa Rosa de Viterbo,2,28.0,485.0,0.0,0.0,0.0,0.0,0.0,3.0,340.0,142.0,0.0,1.0,1.0,1.0,0.0,2023
Santa Rosa de Viterbo,2,29.0,552.0,0.0,552.0,0.0,0.0,7.0,520.0,24.0,1.0,1.0,1.0,1.0,1.0,1.0,2023
São Simão,2,34.0,432.0,0.0,0.0,0.0,0.0,0.0,11.0,258.0,163.0,1.0,1.0,1.0,1.0,1.0,2023
Santa Rita do Passa Quatro,2,23.0,187.0,0.0,0.0,0.0,0.0,0.0,3.0,97.0,87.0,1.0,1.0,1.0,1.0,1.0,2023
São Simão,2,23.0,281.0,0.0,164.0,0.0,0.0,0.0,144.0,94.0,43.0,0.0,1.0,1.0,1.0,0.0,2023
Cássia dos Coqueiros,2,9.0,75.0,0.0,0.0,0.0,0.0,0.0,5.0,67.0,3.0,0.0,1.0,1.0,1.0,0.0,2023
Descalvado,2,30.0,607.0,0.0,0.0,0.0,0.0,0.0,0.0,557.0,50.0,0.0,1.0,1.0,1.0,0.0,2023
São Carlos,2,26.0,403.0,0.0,241.0,0.0,0.0,0.0,210.0,185.0,8.0,0.0,1.0,1.0,1.0,1.0,2023
São Carlos,2,31.0,636.0,0.0,338.0,0.0,0.0,4.0,324.0,290.0,18.0,0.0,1.0,1.0,1.0,1.0,2023
São Carlos,2,36.0,877.0,877.0,0.0,0.0,0.0,848.0,29.0,0.0,0.0,0.0,1.0,1.0,1.0,1.0,2023
São Carlos,2,29.0,663.0,663.0,0.0,0.0,0.0,640.0,23.0,0.0,0.0,0.0,1.0,1.0,0.0,1.0,2023
São Carlos,2,38.0,742.0,0.0,543.0,0.0,0.0,1.0,508.0,219.0,14.0,0.0,1.0,1.0,1.0,1.0,2023
São Carlos,2,52.0,875.0,0.0,193.0,0.0,0.0,1.0,193.0,572.0,109.0,0.0,1.0,1.0,1.0,1.0,2023
São Carlos,2,18.0,292.0,292.0,0.0,0.0,0.0,280.0,12.0,0.0,0.0,0.0,0.0,1.0,1.0,1.0,2023
Ibaté,2,25.0,369.0,0.0,260.0,0.0,0.0,3.0,249.0,112.0,5.0,1.0,1.0,1.0,1.0,1.0,2023
São Carlos,2,71.0,1772.0,0.0,614.0,0.0,0.0,3.0,567.0,1048.0,154.0,1.0,1.0,1.0,0.0,1.0,2023
São Carlos,2,33.0,751.0,751.0,0.0,0.0,0.0,735.0,16.0,0.0,0.0,0.0,1.0,1.0,1.0,1.0,2023
Dourado,2,14.0,222.0,0.0,0.0,0.0,0.0,0.0,6.0,213.0,3.0,1.0,1.0,1.0,1.0,0.0,2023
Ibaté,2,19.0,318.0,0.0,264.0,0.0,0.0,3.0,258.0,57.0,0.0,0.0,1.0,1.0,1.0,1.0,2023
São Carlos,2,60.0,801.0,0.0,381.0,0.0,0.0,1.0,348.0,421.0,31.0,0.0,1.0,1.0,1.0,1.0,2023
São Carlos,2,85.0,1117.0,0.0,0.0,0.0,0.0,0.0,5.0,575.0,537.0,1.0,1.0,1.0,0.0,0.0,2023
Ribeirão Bonito,2,15.0,323.0,0.0,0.0,0.0,0.0,0.0,7.0,286.0,30.0,0.0,1.0,1.0,1.0,1.0,2023
São Carlos,2,12.0,152.0,152.0,0.0,0.0,0.0,147.0,5.0,0.0,0.0,0.0,0.0,1.0,1.0,1.0,2023
São Carlos,2,22.0,418.0,0.0,254.0,0.0,0.0,1.0,244.0,170.0,3.0,0.0,1.0,1.0,1.0,1.0,2023
São Carlos,2,55.0,838.0,0.0,838.0,0.0,0.0,0.0,786.0,52.0,0.0,0.0,1.0,1.0,1.0,0.0,2023
São Carlos,2,31.0,671.0,671.0,0.0,0.0,0.0,646.0,25.0,0.0,0.0,0.0,1.0,1.0,0.0,1.0,2023
Sales Oliveira,2,36.0,607.0,0.0,390.0,0.0,0.0,8.0,364.0,222.0,13.0,0.0,1.0,1.0,1.0,1.0,2023
Nuporanga,2,13.0,194.0,0.0,0.0,0.0,0.0,0.0,3.0,184.0,7.0,0.0,1.0,1.0,1.0,0.0,2023
Morro Agudo,2,,,,,,,,,,,,,,,,2023
São Joaquim da Barra,2,19.0,311.0,311.0,0.0,0.0,0.0,302.0,9.0,0.0,0.0,0.0,0.0,1.0,1.0,0.0,2023
São Joaquim da Barra,2,22.0,393.0,393.0,0.0,0.0,0.0,387.0,6.0,0.0,0.0,0.0,1.0,1.0,1.0,0.0,2023
São Joaquim da Barra,2,64.0,1159.0,0.0,507.0,0.0,0.0,14.0,486.0,544.0,115.0,0.0,1.0,1.0,1.0,1.0,2023
São Joaquim da Barra,2,31.0,491.0,0.0,241.0,0.0,0.0,4.0,225.0,257.0,5.0,0.0,0.0,1.0,1.0,0.0,2023
São Joaquim da Barra,2,34.0,591.0,0.0,591.0,0.0,0.0,11.0,570.0,10.0,0.0,0.0,1.0,1.0,1.0,0.0,2023
Orlândia,2,37.0,603.0,0.0,0.0,0.0,0.0,0.0,13.0,498.0,92.0,0.0,1.0,1.0,1.0,1.0,2023
São Joaquim da Barra,2,66.0,1161.0,0.0,0.0,0.0,0.0,0.0,19.0,668.0,474.0,1.0,1.0,1.0,1.0,0.0,2023
Morro Agudo,2,42.0,675.0,0.0,156.0,0.0,0.0,1.0,146.0,504.0,24.0,0.0,1.0,1.0,1.0,1.0,2023
Ipuã,2,21.0,504.0,0.0,0.0,0.0,0.0,0.0,4.0,411.0,89.0,0.0,1.0,1.0,1.0,0.0,2023
Orlândia,2,60.0,1071.0,0.0,0.0,0.0,0.0,0.0,16.0,773.0,282.0,1.0,1.0,1.0,1.0,0.0,2023
Fernando Prestes,2,22.0,199.0,0.0,0.0,0.0,0.0,0.0,4.0,186.0,9.0,0.0,1.0,1.0,1.0,1.0,2023
Borborema,2,21.0,404.0,0.0,404.0,0.0,0.0,7.0,390.0,7.0,0.0,0.0,1.0,1.0,1.0,0.0,2023
Borborema,2,41.0,603.0,0.0,119.0,0.0,0.0,0.0,123.0,430.0,50.0,0.0,1.0,1.0,1.0,1.0,2023
Cândido Rodrigues,2,13.0,83.0,0.0,0.0,0.0,0.0,0.0,2.0,77.0,4.0,0.0,1.0,1.0,1.0,0.0,2023
Taquaritinga,2,33.0,633.0,0.0,456.0,0.0,0.0,5.0,447.0,174.0,7.0,0.0,1.0,1.0,1.0,1.0,2023
Taquaritinga,2,15.0,282.0,0.0,282.0,0.0,0.0,4.0,272.0,6.0,0.0,0.0,1.0,1.0,1.0,1.0,2023
Itápolis,2,39.0,727.0,0.0,123.0,0.0,0.0,1.0,113.0,495.0,118.0,0.0,1.0,1.0,1.0,0.0,2023
Matão,2,27.0,449.0,0.0,382.0,0.0,0.0,5.0,367.0,72.0,5.0,1.0,1.0,1.0,1.0,1.0,2023
Matão,2,52.0,1057.0,0.0,0.0,0.0,0.0,0.0,16.0,827.0,214.0,0.0,1.0,1.0,1.0,1.0,2023
Matão,2,41.0,497.0,0.0,324.0,0.0,0.0,6.0,305.0,181.0,5.0,1.0,1.0,1.0,1.0,0.0,2023
Matão,2,25.0,322.0,180.0,142.0,0.0,0.0,180.0,138.0,4.0,0.0,0.0,0.0,1.0,1.0,1.0,2023
Matão,2,25.0,533.0,533.0,0.0,0.0,0.0,530.0,3.0,0.0,0.0,0.0,1.0,1.0,1.0,1.0,2023
Itápolis,2,16.0,233.0,92.0,141.0,0.0,0.0,81.0,150.0,2.0,0.0,0.0,1.0,1.0,1.0,0.0,2023
Matão,2,16.0,225.0,225.0,0.0,0.0,0.0,222.0,3.0,0.0,0.0,0.0,1.0,1.0,1.0,1.0,2023
Santa Ernestina,2,29.0,494.0,0.0,275.0,0.0,0.0,4.0,267.0,206.0,17.0,0.0,1.0,1.0,1.0,0.0,2023
Ibitinga,2,29.0,392.0,0.0,336.0,0.0,0.0,2.0,333.0,55.0,2.0,0.0,1.0,1.0,1.0,1.0,2023
Ibitinga,2,42.0,1098.0,0.0,285.0,0.0,0.0,1.0,275.0,766.0,56.0,0.0,1.0,1.0,1.0,0.0,2023
Ibitinga,2,25.0,427.0,256.0,171.0,0.0,0.0,254.0,168.0,5.0,0.0,0.0,1.0,1.0,1.0,0.0,2023
Ibitinga,2,20.0,311.0,115.0,196.0,0.0,0.0,120.0,191.0,0.0,0.0,0.0,1.0,1.0,1.0,0.0,2023
Ibitinga,2,31.0,633.0,0.0,340.0,0.0,0.0,2.0,333.0,294.0,4.0,0.0,0.0,1.0,1.0,1.0,2023
Itápolis,2,22.0,344.0,110.0,109.0,0.0,0.0,106.0,108.0,121.0,9.0,0.0,1.0,1.0,1.0,1.0,2023
Itápolis,2,14.0,111.0,55.0,56.0,0.0,0.0,54.0,56.0,1.0,0.0,0.0,0.0,1.0,1.0,1.0,2023
Dobrada,2,37.0,788.0,0.0,488.0,0.0,0.0,10.0,472.0,215.0,91.0,0.0,1.0,1.0,1.0,0.0,2023
Taquaritinga,2,38.0,670.0,0.0,391.0,0.0,0.0,8.0,369.0,273.0,20.0,0.0,1.0,1.0,1.0,1.0,2023
Itápolis,2,29.0,347.0,0.0,174.0,0.0,0.0,0.0,161.0,182.0,4.0,0.0,1.0,1.0,1.0,1.0,2023
Matão,2,21.0,93.0,0.0,0.0,0.0,0.0,0.0,0.0,42.0,51.0,0.0,1.0,1.0,1.0,1.0,2023
Taquaritinga,2,45.0,876.0,0.0,309.0,0.0,0.0,11.0,291.0,438.0,136.0,0.0,0.0,1.0,1.0,0.0,2023
Bauru,2,35.0,413.0,172.0,112.0,0.0,1.0,160.0,108.0,136.0,8.0,0.0,1.0,1.0,1.0,0.0,2023
Bauru,2,31.0,587.0,0.0,415.0,0.0,0.0,7.0,382.0,193.0,5.0,0.0,1.0,1.0,1.0,0.0,2023
Iacanga,2,28.0,496.0,0.0,0.0,0.0,0.0,0.0,9.0,397.0,90.0,0.0,1.0,1.0,1.0,1.0,2023
Lucianópolis,2,24.0,224.0,0.0,114.0,0.0,0.0,3.0,107.0,113.0,1.0,0.0,0.0,1.0,1.0,0.0,2023
Bauru,2,31.0,621.0,621.0,0.0,0.0,6.0,604.0,11.0,0.0,0.0,0.0,0.0,1.0,1.0,1.0,2023
Bauru,2,24.0,405.0,405.0,0.0,0.0,2.0,399.0,4.0,0.0,0.0,0.0,1.0,1.0,1.0,1.0,2023
Bauru,2,45.0,1353.0,156.0,422.0,0.0,0.0,157.0,417.0,732.0,47.0,0.0,1.0,1.0,1.0,1.0,2023
Bauru,2,14.0,265.0,0.0,0.0,0.0,0.0,0.0,7.0,253.0,5.0,0.0,1.0,1.0,1.0,1.0,2023
Arealva,2,30.0,648.0,0.0,364.0,0.0,0.0,3.0,358.0,277.0,10.0,0.0,1.0,1.0,1.0,0.0,2023
Avaí,2,23.0,345.0,0.0,201.0,0.0,0.0,5.0,192.0,140.0,8.0,0.0,1.0,1.0,1.0,1.0,2023
Bauru,2,62.0,1266.0,0.0,331.0,0.0,0.0,7.0,319.0,797.0,143.0,0.0,1.0,1.0,1.0,0.0,2023
Bauru,2,20.0,398.0,398.0,0.0,0.0,5.0,386.0,7.0,0.0,0.0,0.0,1.0,1.0,1.0,1.0,2023
Bauru,2,50.0,1030.0,0.0,281.0,0.0,0.0,6.0,269.0,712.0,43.0,0.0,1.0,1.0,1.0,1.0,2023
Bauru,2,35.0,698.0,698.0,0.0,0.0,5.0,686.0,7.0,0.0,0.0,0.0,1.0,1.0,1.0,0.0,2023
Bauru,2,47.0,901.0,321.0,580.0,0.0,4.0,324.0,541.0,32.0,0.0,0.0,1.0,1.0,1.0,0.0,2023
Cabrália Paulista,2,32.0,362.0,0.0,219.0,0.0,0.0,4.0,203.0,138.0,17.0,0.0,1.0,1.0,1.0,1.0,2023
Duartina,2,39.0,684.0,0.0,445.0,0.0,0.0,9.0,418.0,243.0,14.0,0.0,1.0,1.0,1.0,0.0,2023
Piratininga,2,46.0,828.0,0.0,482.0,0.0,0.0,13.0,443.0,348.0,24.0,0.0,1.0,1.0,1.0,0.0,2023
Reginópolis,2,29.0,395.0,0.0,238.0,0.0,0.0,3.0,228.0,164.0,0.0,0.0,1.0,1.0,1.0,0.0,2023
Ubirajara,2,31.0,486.0,0.0,316.0,0.0,0.0,7.0,287.0,181.0,11.0,0.0,1.0,1.0,1.0,0.0,2023
Bauru,2,22.0,399.0,399.0,0.0,0.0,3.0,387.0,9.0,0.0,0.0,0.0,1.0,1.0,1.0,0.0,2023
Bauru,2,21.0,431.0,431.0,0.0,0.0,3.0,421.0,7.0,0.0,0.0,0.0,0.0,1.0,1.0,0.0,2023
Bauru,2,35.0,517.0,0.0,167.0,0.0,0.0,1.0,153.0,356.0,7.0,0.0,1.0,1.0,1.0,1.0,2023
Bauru,2,30.0,522.0,0.0,326.0,0.0,0.0,2.0,325.0,188.0,7.0,0.0,1.0,1.0,1.0,0.0,2023
Bauru,2,25.0,505.0,505.0,0.0,0.0,3.0,494.0,8.0,0.0,0.0,0.0,1.0,1.0,1.0,1.0,2023
Bauru,2,28.0,524.0,524.0,0.0,0.0,1.0,515.0,8.0,0.0,0.0,0.0,1.0,1.0,1.0,0.0,2023
Bauru,2,51.0,854.0,165.0,189.0,0.0,3.0,161.0,179.0,462.0,49.0,0.0,1.0,1.0,1.0,1.0,2023
Bauru,2,50.0,735.0,214.0,521.0,0.0,1.0,213.0,498.0,23.0,0.0,0.0,1.0,0.0,1.0,0.0,2023
Bauru,2,30.0,386.0,0.0,240.0,0.0,0.0,4.0,228.0,140.0,14.0,0.0,1.0,1.0,1.0,0.0,2023
Bauru,2,20.0,472.0,472.0,0.0,0.0,5.0,457.0,10.0,0.0,0.0,0.0,1.0,1.0,1.0,0.0,2023
Bauru,2,25.0,513.0,0.0,287.0,0.0,0.0,7.0,282.0,220.0,4.0,0.0,1.0,1.0,1.0,1.0,2023
Bauru,2,51.0,711.0,0.0,278.0,0.0,0.0,3.0,250.0,431.0,27.0,1.0,1.0,1.0,1.0,1.0,2023
Bauru,2,38.0,687.0,0.0,277.0,0.0,0.0,5.0,267.0,399.0,16.0,0.0,1.0,1.0,1.0,1.0,2023
Bauru,2,35.0,736.0,164.0,289.0,0.0,2.0,167.0,276.0,276.0,15.0,0.0,1.0,1.0,1.0,1.0,2023
Bauru,2,39.0,556.0,226.0,330.0,0.0,1.0,229.0,309.0,17.0,0.0,0.0,1.0,1.0,1.0,0.0,2023
Cabrália Paulista,2,38.0,473.0,0.0,0.0,0.0,0.0,0.0,5.0,339.0,129.0,1.0,1.0,1.0,1.0,1.0,2023
Bauru,2,31.0,610.0,0.0,213.0,0.0,0.0,6.0,225.0,370.0,9.0,1.0,1.0,1.0,1.0,1.0,2023
Jaú,2,22.0,356.0,0.0,267.0,0.0,0.0,0.0,238.0,112.0,6.0,0.0,1.0,1.0,1.0,1.0,2023
Jaú,2,61.0,1111.0,0.0,448.0,0.0,0.0,1.0,390.0,613.0,107.0,0.0,1.0,1.0,1.0,1.0,2023
Jaú,2,26.0,361.0,0.0,223.0,0.0,0.0,0.0,206.0,151.0,4.0,0.0,1.0,1.0,1.0,1.0,2023
Jaú,2,97.0,1410.0,0.0,0.0,0.0,0.0,0.0,7.0,531.0,872.0,1.0,1.0,1.0,1.0,1.0,2023
Mineiros do Tietê,2,47.0,977.0,0.0,515.0,0.0,0.0,8.0,499.0,416.0,54.0,0.0,1.0,1.0,1.0,1.0,2023
Pederneiras,2,22.0,456.0,0.0,190.0,0.0,0.0,3.0,187.0,242.0,24.0,0.0,1.0,1.0,1.0,1.0,2023
Pederneiras,2,35.0,858.0,0.0,298.0,0.0,0.0,4.0,286.0,535.0,33.0,0.0,1.0,1.0,1.0,0.0,2023
Bariri,2,,,,,,,,,,,,,,,,2023
Bariri,2,46.0,1028.0,0.0,232.0,0.0,0.0,1.0,230.0,666.0,131.0,0.0,1.0,1.0,1.0,1.0,2023
Bocaina,2,32.0,726.0,0.0,333.0,0.0,0.0,1.0,319.0,354.0,52.0,0.0,1.0,1.0,1.0,0.0,2023
Boracéia,2,40.0,559.0,0.0,292.0,0.0,0.0,6.0,281.0,256.0,16.0,0.0,1.0,1.0,1.0,0.0,2023
Dois Córregos,2,40.0,892.0,0.0,350.0,0.0,0.0,6.0,336.0,527.0,23.0,0.0,1.0,1.0,1.0,1.0,2023
Itaju,2,22.0,356.0,0.0,186.0,0.0,0.0,1.0,182.0,159.0,14.0,0.0,1.0,1.0,1.0,1.0,2023
Jaú,2,45.0,819.0,0.0,412.0,0.0,0.0,0.0,372.0,381.0,66.0,0.0,1.0,1.0,1.0,0.0,2023
Jaú,2,7.0,38.0,0.0,38.0,0.0,0.0,0.0,37.0,1.0,0.0,0.0,1.0,1.0,1.0,1.0,2023
Itapuí,2,,,,,,,,,,,,,,,,2023
Jaú,2,40.0,856.0,0.0,330.0,0.0,0.0,2.0,308.0,492.0,54.0,0.0,1.0,1.0,1.0,1.0,2023
Jaú,2,,,,,,,,,,,,,,,,2023
Jaú,2,25.0,432.0,0.0,257.0,0.0,0.0,3.0,236.0,186.0,7.0,0.0,1.0,1.0,1.0,1.0,2023
Jaú,2,31.0,513.0,0.0,354.0,0.0,0.0,3.0,328.0,172.0,10.0,0.0,1.0,1.0,1.0,1.0,2023
Jaú,2,23.0,234.0,0.0,0.0,0.0,0.0,0.0,3.0,142.0,89.0,1.0,1.0,1.0,1.0,1.0,2023
Bariri,2,25.0,359.0,0.0,204.0,0.0,0.0,5.0,200.0,146.0,8.0,0.0,1.0,1.0,1.0,0.0,2023
Lençóis Paulista,2,54.0,1460.0,0.0,258.0,0.0,0.0,2.0,219.0,1044.0,195.0,0.0,1.0,1.0,1.0,1.0,2023
Lençóis Paulista,2,22.0,357.0,0.0,274.0,0.0,0.0,0.0,253.0,99.0,5.0,0.0,1.0,1.0,1.0,0.0,2023
Borebi,2,11.0,158.0,0.0,0.0,0.0,0.0,0.0,0.0,141.0,17.0,0.0,1.0,1.0,1.0,1.0,2023
Lençóis Paulista,2,36.0,640.0,0.0,278.0,0.0,0.0,0.0,257.0,310.0,73.0,0.0,1.0,1.0,1.0,0.0,2023
Igaraçu do Tietê,2,31.0,595.0,0.0,367.0,0.0,0.0,1.0,331.0,257.0,6.0,1.0,1.0,1.0,1.0,0.0,2023
Barra Bonita,2,15.0,258.0,0.0,0.0,0.0,0.0,0.0,2.0,238.0,18.0,0.0,1.0,1.0,1.0,0.0,2023
Agudos,2,32.0,540.0,0.0,268.0,0.0,0.0,4.0,243.0,262.0,31.0,0.0,1.0,1.0,1.0,1.0,2023
Paulistânia,2,14.0,149.0,0.0,101.0,0.0,0.0,0.0,100.0,45.0,4.0,0.0,1.0,1.0,1.0,1.0,2023
Agudos,2,12.0,155.0,0.0,78.0,0.0,0.0,1.0,77.0,75.0,2.0,1.0,1.0,1.0,1.0,0.0,2023
Agudos,2,25.0,368.0,0.0,297.0,0.0,0.0,5.0,284.0,73.0,6.0,0.0,1.0,1.0,1.0,0.0,2023
Macatuba,2,34.0,491.0,0.0,282.0,0.0,0.0,1.0,260.0,196.0,34.0,0.0,1.0,1.0,1.0,0.0,2023
Barra Bonita,2,25.0,337.0,0.0,182.0,0.0,0.0,2.0,174.0,152.0,9.0,0.0,1.0,1.0,1.0,0.0,2023
Lins,2,39.0,865.0,865.0,0.0,0.0,1.0,829.0,35.0,0.0,0.0,0.0,1.0,1.0,1.0,1.0,2023
Lins,2,22.0,397.0,397.0,0.0,0.0,0.0,385.0,12.0,0.0,0.0,0.0,1.0,1.0,1.0,0.0,2023
Promissão,2,15.0,257.0,0.0,257.0,0.0,0.0,3.0,234.0,19.0,1.0,0.0,1.0,1.0,1.0,1.0,2023
Promissão,2,28.0,435.0,0.0,329.0,0.0,0.0,2.0,310.0,113.0,10.0,0.0,1.0,1.0,1.0,1.0,2023
Lins,2,31.0,465.0,0.0,260.0,0.0,0.0,0.0,240.0,209.0,16.0,0.0,1.0,1.0,1.0,1.0,2023
Lins,2,39.0,739.0,0.0,360.0,0.0,0.0,0.0,331.0,395.0,13.0,0.0,1.0,1.0,1.0,0.0,2023
Pirajuí,2,46.0,930.0,0.0,401.0,0.0,0.0,6.0,407.0,507.0,10.0,0.0,1.0,1.0,1.0,1.0,2023
Promissão,2,17.0,99.0,48.0,23.0,0.0,0.0,47.0,24.0,22.0,6.0,0.0,1.0,1.0,1.0,0.0,2023
Lins,2,21.0,362.0,362.0,0.0,0.0,0.0,348.0,14.0,0.0,0.0,0.0,0.0,1.0,1.0,0.0,2023
Lins,2,14.0,287.0,0.0,287.0,0.0,0.0,0.0,260.0,27.0,0.0,0.0,1.0,1.0,1.0,1.0,2023
Lins,2,60.0,1391.0,0.0,402.0,0.0,0.0,3.0,349.0,928.0,111.0,0.0,1.0,1.0,1.0,0.0,2023
Lins,2,30.0,370.0,0.0,253.0,0.0,0.0,2.0,232.0,114.0,22.0,0.0,1.0,1.0,1.0,0.0,2023
Uru,2,15.0,143.0,0.0,104.0,0.0,0.0,4.0,99.0,39.0,1.0,0.0,1.0,1.0,1.0,0.0,2023
Sabino,2,28.0,507.0,0.0,283.0,0.0,0.0,1.0,264.0,160.0,82.0,0.0,1.0,1.0,1.0,0.0,2023
Pongaí,2,27.0,337.0,0.0,160.0,0.0,0.0,5.0,147.0,150.0,35.0,0.0,0.0,1.0,1.0,1.0,2023
Balbinos,2,21.0,117.0,0.0,74.0,0.0,0.0,0.0,71.0,42.0,4.0,0.0,1.0,1.0,1.0,1.0,2023
Cafelândia,2,,,,,,,,,,,,,,,,2023
Cafelândia,2,18.0,155.0,58.0,66.0,0.0,0.0,57.0,57.0,37.0,4.0,0.0,1.0,1.0,0.0,0.0,2023
Cafelândia,2,21.0,202.0,64.0,77.0,0.0,1.0,66.0,75.0,49.0,11.0,0.0,0.0,1.0,1.0,0.0,2023
Cafelândia,2,17.0,330.0,0.0,330.0,0.0,0.0,6.0,299.0,25.0,0.0,0.0,0.0,1.0,1.0,0.0,2023
Cafelândia,2,58.0,744.0,0.0,0.0,0.0,0.0,0.0,10.0,472.0,262.0,1.0,1.0,1.0,1.0,1.0,2023
Cafelândia,2,44.0,684.0,0.0,361.0,0.0,0.0,5.0,334.0,291.0,54.0,0.0,0.0,1.0,1.0,1.0,2023
Guaiçara,2,54.0,896.0,0.0,425.0,0.0,0.0,4.0,396.0,383.0,113.0,0.0,1.0,1.0,1.0,1.0,2023
Getulina,2,15.0,70.0,0.0,40.0,0.0,0.0,0.0,37.0,32.0,1.0,0.0,0.0,1.0,1.0,0.0,2023
Getulina,2,17.0,312.0,0.0,312.0,0.0,0.0,9.0,281.0,22.0,0.0,0.0,1.0,1.0,1.0,0.0,2023
Getulina,2,13.0,195.0,0.0,0.0,0.0,0.0,0.0,4.0,180.0,11.0,0.0,1.0,1.0,1.0,0.0,2023
Guaimbê,2,31.0,496.0,0.0,294.0,0.0,0.0,6.0,276.0,205.0,9.0,0.0,0.0,1.0,1.0,0.0,2023
Guarantã,2,31.0,478.0,0.0,375.0,0.0,0.0,9.0,341.0,123.0,5.0,0.0,0.0,1.0,1.0,0.0,2023
Júlio Mesquita,2,31.0,374.0,0.0,230.0,0.0,0.0,5.0,220.0,119.0,30.0,0.0,1.0,1.0,1.0,0.0,2023
Lins,2,,,,,,,,,,,,,,,,2023
Lins,2,21.0,345.0,0.0,345.0,0.0,0.0,0.0,305.0,39.0,1.0,0.0,1.0,1.0,1.0,1.0,2023
Lins,2,21.0,467.0,467.0,0.0,0.0,0.0,448.0,18.0,1.0,0.0,0.0,1.0,1.0,1.0,0.0,2023
Promissão,2,17.0,206.0,206.0,0.0,0.0,0.0,204.0,2.0,0.0,0.0,0.0,1.0,1.0,1.0,0.0,2023
Promissão,2,18.0,347.0,347.0,0.0,0.0,0.0,344.0,3.0,0.0,0.0,0.0,1.0,1.0,1.0,1.0,2023
Pirajuí,2,30.0,436.0,0.0,359.0,0.0,0.0,6.0,350.0,79.0,1.0,0.0,1.0,1.0,1.0,1.0,2023
Catanduva,2,18.0,202.0,0.0,0.0,0.0,0.0,0.0,4.0,188.0,10.0,0.0,1.0,1.0,1.0,1.0,2023
Catanduva,2,23.0,323.0,0.0,142.0,0.0,0.0,1.0,137.0,174.0,11.0,0.0,1.0,1.0,1.0,1.0,2023
Catanduva,2,31.0,522.0,0.0,229.0,0.0,0.0,3.0,222.0,235.0,62.0,1.0,1.0,1.0,1.0,1.0,2023
Elisiário,2,16.0,143.0,0.0,0.0,0.0,0.0,0.0,0.0,138.0,5.0,0.0,1.0,1.0,1.0,1.0,2023
Catiguá,2,35.0,612.0,0.0,316.0,0.0,0.0,6.0,303.0,242.0,61.0,0.0,1.0,1.0,1.0,0.0,2023
Paraíso,2,13.0,139.0,0.0,0.0,0.0,0.0,0.0,7.0,129.0,3.0,0.0,1.0,1.0,1.0,0.0,2023
Pindorama,2,29.0,432.0,0.0,65.0,0.0,0.0,0.0,69.0,289.0,74.0,0.0,1.0,1.0,1.0,1.0,2023
Catanduva,2,29.0,643.0,0.0,345.0,0.0,0.0,4.0,341.0,286.0,12.0,0.0,1.0,1.0,1.0,0.0,2023
Catanduva,2,15.0,263.0,0.0,263.0,0.0,0.0,2.0,251.0,10.0,0.0,0.0,0.0,1.0,1.0,0.0,2023
Catanduva,2,25.0,392.0,0.0,285.0,0.0,0.0,5.0,275.0,103.0,9.0,0.0,1.0,1.0,1.0,1.0,2023
Catanduva,2,35.0,802.0,0.0,383.0,0.0,0.0,8.0,383.0,400.0,11.0,0.0,1.0,1.0,1.0,1.0,2023
Catanduva,2,68.0,1123.0,0.0,0.0,0.0,0.0,0.0,17.0,781.0,325.0,0.0,1.0,1.0,1.0,1.0,2023
Santa Adélia,2,35.0,480.0,0.0,153.0,0.0,0.0,0.0,152.0,272.0,56.0,0.0,1.0,1.0,1.0,1.0,2023
Palmares Paulista,2,32.0,603.0,0.0,251.0,0.0,0.0,2.0,234.0,312.0,55.0,0.0,1.0,1.0,1.0,0.0,2023
Ariranha,2,34.0,703.0,0.0,329.0,0.0,0.0,8.0,315.0,288.0,92.0,0.0,1.0,1.0,1.0,0.0,2023
Catanduva,2,49.0,1222.0,0.0,392.0,0.0,0.0,7.0,379.0,762.0,74.0,0.0,1.0,1.0,1.0,0.0,2023
Catanduva,2,17.0,226.0,0.0,0.0,0.0,0.0,0.0,7.0,209.0,10.0,0.0,1.0,1.0,1.0,0.0,2023
Fernandópolis,2,55.0,1172.0,0.0,333.0,0.0,0.0,3.0,313.0,719.0,137.0,0.0,0.0,1.0,1.0,1.0,2023
Ouroeste,2,44.0,786.0,0.0,473.0,0.0,0.0,7.0,447.0,286.0,46.0,0.0,0.0,1.0,1.0,1.0,2023
Pedranópolis,2,15.0,175.0,0.0,103.0,0.0,0.0,1.0,105.0,67.0,2.0,0.0,1.0,1.0,1.0,1.0,2023
São João das Duas Pontes,2,15.0,163.0,0.0,105.0,0.0,0.0,5.0,92.0,61.0,5.0,0.0,1.0,1.0,1.0,0.0,2023
Fernandópolis,2,15.0,199.0,0.0,131.0,0.0,0.0,6.0,110.0,74.0,9.0,0.0,1.0,1.0,1.0,1.0,2023
Fernandópolis,2,25.0,100.0,41.0,40.0,0.0,1.0,40.0,38.0,19.0,2.0,0.0,0.0,1.0,1.0,0.0,2023
Guarani d'Oeste,2,15.0,139.0,0.0,94.0,0.0,0.0,1.0,86.0,50.0,2.0,0.0,1.0,1.0,1.0,1.0,2023
Fernandópolis,2,38.0,646.0,0.0,302.0,0.0,0.0,3.0,282.0,322.0,39.0,0.0,0.0,1.0,1.0,0.0,2023
Fernandópolis,2,,,,,,,,,,,,,,,,2023
Fernandópolis,2,23.0,432.0,0.0,279.0,0.0,0.0,5.0,263.0,160.0,4.0,0.0,0.0,1.0,1.0,1.0,2023
Macedônia,2,18.0,276.0,0.0,176.0,0.0,0.0,3.0,166.0,102.0,5.0,0.0,1.0,1.0,1.0,1.0,2023
Estrela d'Oeste,2,33.0,514.0,0.0,350.0,0.0,0.0,0.0,313.0,189.0,12.0,0.0,1.0,1.0,1.0,1.0,2023
Indiaporã,2,,,,,,,,,,,,,,,,2023
Indiaporã,2,19.0,274.0,0.0,190.0,0.0,0.0,1.0,179.0,82.0,12.0,0.0,1.0,1.0,1.0,1.0,2023
Mira Estrela,2,15.0,185.0,0.0,125.0,0.0,0.0,0.0,110.0,74.0,1.0,0.0,1.0,1.0,1.0,1.0,2023
Fernandópolis,2,,,,,,,,,,,,,,,,2023
Fernandópolis,2,25.0,399.0,0.0,304.0,0.0,0.0,6.0,271.0,112.0,10.0,0.0,0.0,1.0,1.0,0.0,2023
Fernandópolis,2,37.0,734.0,0.0,440.0,0.0,0.0,4.0,418.0,304.0,8.0,0.0,0.0,1.0,1.0,1.0,2023
Meridiano,2,24.0,326.0,0.0,210.0,0.0,0.0,3.0,201.0,117.0,5.0,0.0,1.0,1.0,1.0,1.0,2023
Jales,2,,,,,,,,,,,,,,,,2023
Mesópolis,2,15.0,181.0,0.0,121.0,0.0,0.0,0.0,106.0,72.0,3.0,0.0,1.0,1.0,1.0,1.0,2023
São Francisco,2,24.0,281.0,111.0,123.0,0.0,0.0,110.0,124.0,46.0,1.0,0.0,1.0,1.0,1.0,0.0,2023
Turmalina,2,15.0,108.0,0.0,68.0,0.0,0.0,0.0,62.0,43.0,3.0,0.0,1.0,1.0,1.0,0.0,2023
Dolcinópolis,2,15.0,168.0,0.0,114.0,0.0,0.0,0.0,104.0,58.0,6.0,0.0,1.0,1.0,1.0,0.0,2023
Santa Albertina,2,28.0,438.0,0.0,279.0,0.0,0.0,6.0,254.0,173.0,5.0,0.0,0.0,1.0,1.0,1.0,2023
Populina,2,23.0,341.0,0.0,231.0,0.0,0.0,4.0,214.0,121.0,2.0,0.0,1.0,1.0,1.0,1.0,2023
Santa Salete,2,29.0,344.0,87.0,135.0,0.0,0.0,90.0,126.0,108.0,20.0,0.0,1.0,1.0,1.0,1.0,2023
Jales,2,45.0,814.0,0.0,352.0,0.0,0.0,4.0,323.0,396.0,91.0,0.0,1.0,1.0,1.0,1.0,2023
Jales,2,,,,,,,,,,,,,,,,2023
Vitória Brasil,2,15.0,226.0,0.0,102.0,0.0,0.0,3.0,98.0,114.0,11.0,0.0,1.0,1.0,1.0,0.0,2023
Dirce Reis,2,21.0,184.0,62.0,79.0,0.0,0.0,58.0,77.0,49.0,0.0,0.0,0.0,1.0,1.0,1.0,2023
Pontalinda,2,33.0,368.0,0.0,216.0,0.0,0.0,4.0,191.0,156.0,17.0,0.0,1.0,1.0,1.0,1.0,2023
Paranapuã,2,22.0,269.0,0.0,175.0,0.0,0.0,3.0,158.0,105.0,3.0,0.0,1.0,1.0,1.0,0.0,2023
Urânia,2,13.0,192.0,192.0,0.0,0.0,0.0,190.0,2.0,0.0,0.0,0.0,1.0,1.0,1.0,0.0,2023
Jales,2,29.0,544.0,0.0,321.0,0.0,0.0,9.0,290.0,244.0,1.0,0.0,0.0,1.0,1.0,1.0,2023
Urânia,2,31.0,501.0,0.0,351.0,0.0,0.0,8.0,330.0,155.0,8.0,0.0,1.0,1.0,1.0,0.0,2023
Aspásia,2,25.0,245.0,99.0,90.0,0.0,0.0,98.0,89.0,57.0,1.0,0.0,1.0,1.0,1.0,0.0,2023
Jales,2,18.0,232.0,0.0,155.0,0.0,0.0,1.0,136.0,86.0,9.0,0.0,1.0,1.0,1.0,1.0,2023
Jales,2,,,,,,,,,,,,,,,,2023
Jales,2,25.0,456.0,0.0,329.0,0.0,0.0,5.0,306.0,142.0,3.0,0.0,1.0,1.0,1.0,1.0,2023
José Bonifácio,2,19.0,307.0,91.0,106.0,0.0,0.0,91.0,98.0,112.0,6.0,0.0,1.0,1.0,1.0,0.0,2023
Ubarana,2,25.0,284.0,0.0,0.0,0.0,0.0,0.0,6.0,236.0,42.0,0.0,1.0,1.0,1.0,1.0,2023
José Bonifácio,2,26.0,479.0,0.0,479.0,0.0,0.0,6.0,453.0,20.0,0.0,0.0,1.0,1.0,1.0,1.0,2023
Adolfo,2,11.0,205.0,0.0,0.0,0.0,0.0,0.0,10.0,180.0,15.0,0.0,1.0,1.0,1.0,1.0,2023
Jaci,2,36.0,757.0,0.0,397.0,0.0,0.0,9.0,360.0,359.0,29.0,0.0,0.0,1.0,1.0,0.0,2023
José Bonifácio,2,31.0,509.0,509.0,0.0,0.0,0.0,502.0,7.0,0.0,0.0,0.0,0.0,1.0,1.0,1.0,2023
Nova Aliança,2,32.0,543.0,0.0,311.0,0.0,0.0,2.0,290.0,226.0,25.0,0.0,0.0,1.0,1.0,1.0,2023
Planalto,2,24.0,384.0,0.0,229.0,0.0,0.0,3.0,213.0,161.0,7.0,0.0,1.0,1.0,1.0,0.0,2023
Zacarias,2,16.0,227.0,0.0,139.0,0.0,0.0,4.0,127.0,94.0,2.0,0.0,1.0,1.0,1.0,1.0,2023
Mendonça,2,39.0,598.0,0.0,311.0,0.0,0.0,6.0,296.0,240.0,56.0,0.0,0.0,1.0,1.0,1.0,2023
José Bonifácio,2,49.0,986.0,0.0,0.0,0.0,0.0,0.0,20.0,862.0,104.0,0.0,1.0,1.0,1.0,1.0,2023
União Paulista,2,28.0,307.0,85.0,97.0,0.0,0.0,85.0,92.0,118.0,12.0,0.0,1.0,1.0,1.0,1.0,2023
Nhandeara,2,16.0,84.0,43.0,41.0,0.0,0.0,43.0,39.0,2.0,0.0,0.0,0.0,1.0,1.0,0.0,2023
Nipoã,2,24.0,412.0,0.0,256.0,0.0,0.0,6.0,236.0,165.0,5.0,0.0,1.0,1.0,1.0,0.0,2023
Sebastianópolis do Sul,2,22.0,285.0,0.0,186.0,0.0,0.0,3.0,178.0,101.0,3.0,0.0,0.0,1.0,1.0,0.0,2023
Macaubal,2,28.0,469.0,0.0,277.0,0.0,0.0,9.0,263.0,191.0,6.0,0.0,1.0,1.0,1.0,0.0,2023
Poloni,2,19.0,255.0,255.0,0.0,0.0,0.0,252.0,3.0,0.0,0.0,0.0,0.0,1.0,1.0,1.0,2023
Nova Luzitânia,2,16.0,235.0,0.0,143.0,0.0,0.0,2.0,129.0,101.0,3.0,0.0,1.0,1.0,1.0,1.0,2023
Poloni,2,31.0,485.0,0.0,328.0,0.0,0.0,5.0,308.0,164.0,8.0,0.0,1.0,1.0,1.0,1.0,2023
Monções,2,15.0,137.0,0.0,92.0,0.0,0.0,2.0,90.0,44.0,1.0,0.0,1.0,1.0,1.0,1.0,2023
Macaubal,2,,,,,,,,,,,,,,,,2023
Monte Aprazível,2,36.0,872.0,0.0,169.0,0.0,0.0,3.0,174.0,577.0,118.0,0.0,1.0,1.0,1.0,1.0,2023
Nhandeara,2,30.0,591.0,0.0,355.0,0.0,0.0,7.0,343.0,233.0,8.0,0.0,1.0,1.0,1.0,1.0,2023
Monte Aprazível,2,,,,,,,,,,,,,,,,2023
Neves Paulista,2,36.0,742.0,0.0,357.0,0.0,0.0,4.0,331.0,359.0,48.0,0.0,1.0,1.0,1.0,0.0,2023
Riolândia,2,24.0,326.0,0.0,0.0,0.0,0.0,0.0,4.0,276.0,46.0,0.0,1.0,1.0,1.0,1.0,2023
Palestina,2,19.0,325.0,0.0,0.0,0.0,0.0,0.0,9.0,301.0,15.0,0.0,0.0,1.0,1.0,0.0,2023
Paulo de Faria,2,14.0,201.0,0.0,0.0,0.0,0.0,0.0,0.0,181.0,20.0,0.0,1.0,1.0,1.0,1.0,2023
Onda Verde,2,20.0,445.0,0.0,269.0,0.0,0.0,2.0,251.0,177.0,15.0,0.0,1.0,1.0,1.0,1.0,2023
Orindiúva,2,16.0,270.0,0.0,0.0,0.0,0.0,0.0,1.0,242.0,27.0,0.0,1.0,1.0,1.0,0.0,2023
Riolândia,2,,,,,,,,,,,,,,,,2023
Icém,2,26.0,298.0,0.0,0.0,0.0,0.0,0.0,5.0,226.0,67.0,0.0,1.0,1.0,1.0,1.0,2023
Nova Granada,2,48.0,1222.0,0.0,539.0,0.0,0.0,8.0,510.0,617.0,87.0,0.0,1.0,1.0,1.0,1.0,2023
Urupês,2,22.0,523.0,0.0,0.0,0.0,0.0,0.0,9.0,473.0,41.0,0.0,1.0,1.0,1.0,1.0,2023
Urupês,2,,,,,,,,,,,,,,,,2023
Irapuã,2,41.0,661.0,0.0,345.0,0.0,0.0,6.0,333.0,275.0,47.0,0.0,1.0,1.0,1.0,1.0,2023
Itajobi,2,35.0,481.0,0.0,0.0,0.0,0.0,0.0,13.0,411.0,57.0,0.0,1.0,1.0,1.0,1.0,2023
Marapoama,2,25.0,257.0,0.0,135.0,0.0,0.0,2.0,127.0,127.0,1.0,0.0,0.0,1.0,1.0,0.0,2023
Novo Horizonte,2,18.0,278.0,0.0,0.0,0.0,0.0,0.0,1.0,267.0,10.0,0.0,1.0,1.0,1.0,1.0,2023
Novo Horizonte,2,35.0,789.0,0.0,0.0,0.0,0.0,0.0,2.0,693.0,94.0,0.0,1.0,1.0,1.0,1.0,2023
Novo Horizonte,2,19.0,232.0,0.0,146.0,0.0,0.0,5.0,134.0,87.0,6.0,0.0,1.0,1.0,1.0,1.0,2023
Sales,2,30.0,554.0,0.0,320.0,0.0,0.0,5.0,302.0,208.0,39.0,0.0,1.0,1.0,1.0,1.0,2023
Ibirá,2,21.0,390.0,0.0,0.0,0.0,0.0,0.0,2.0,304.0,84.0,0.0,1.0,1.0,1.0,0.0,2023
Olímpia,2,20.0,427.0,0.0,427.0,0.0,0.0,12.0,411.0,4.0,0.0,0.0,1.0,1.0,1.0,1.0,2023
Olímpia,2,41.0,747.0,0.0,499.0,0.0,0.0,4.0,481.0,252.0,10.0,0.0,1.0,1.0,1.0,1.0,2023
Olímpia,2,29.0,504.0,0.0,316.0,0.0,0.0,8.0,294.0,195.0,7.0,0.0,1.0,1.0,1.0,1.0,2023
Olímpia,2,51.0,1326.0,0.0,434.0,0.0,0.0,6.0,408.0,792.0,120.0,0.0,0.0,1.0,1.0,0.0,2023
Olímpia,2,31.0,569.0,0.0,315.0,0.0,0.0,2.0,302.0,255.0,10.0,0.0,0.0,1.0,1.0,1.0,2023
Guaraci,2,22.0,377.0,0.0,0.0,0.0,0.0,0.0,3.0,294.0,80.0,0.0,1.0,1.0,1.0,1.0,2023
Olímpia,2,15.0,220.0,0.0,144.0,0.0,0.0,4.0,138.0,76.0,2.0,0.0,1.0,1.0,1.0,0.0,2023
Olímpia,2,15.0,151.0,0.0,92.0,0.0,0.0,2.0,85.0,62.0,2.0,0.0,1.0,1.0,1.0,0.0,2023
Severínia,2,27.0,632.0,0.0,0.0,0.0,0.0,0.0,24.0,558.0,50.0,0.0,1.0,1.0,1.0,0.0,2023
Tabapuã,2,36.0,635.0,0.0,163.0,0.0,0.0,2.0,156.0,419.0,58.0,0.0,1.0,1.0,1.0,0.0,2023
Cajobi,2,16.0,193.0,0.0,0.0,0.0,0.0,0.0,8.0,182.0,3.0,0.0,1.0,1.0,1.0,1.0,2023
Embaúba,2,15.0,166.0,0.0,115.0,0.0,0.0,5.0,112.0,48.0,1.0,0.0,1.0,1.0,1.0,1.0,2023
Novais,2,13.0,142.0,0.0,0.0,0.0,0.0,0.0,1.0,136.0,5.0,0.0,1.0,1.0,1.0,0.0,2023
Altair,2,22.0,284.0,0.0,183.0,0.0,0.0,4.0,174.0,103.0,3.0,0.0,0.0,1.0,1.0,0.0,2023
Guapiaçu,2,27.0,802.0,0.0,0.0,0.0,0.0,0.0,12.0,671.0,119.0,0.0,1.0,1.0,1.0,0.0,2023
Santa Rita d'Oeste,2,15.0,153.0,0.0,107.0,0.0,0.0,3.0,97.0,52.0,1.0,0.0,1.0,1.0,1.0,1.0,2023
Santana da Ponte Pensa,2,24.0,163.0,64.0,69.0,0.0,0.0,64.0,65.0,34.0,0.0,0.0,1.0,1.0,1.0,1.0,2023
Três Fronteiras,2,,,,,,,,,,,,,,,,2023
Três Fronteiras,2,31.0,519.0,0.0,299.0,0.0,0.0,0.0,282.0,232.0,5.0,0.0,0.0,1.0,1.0,1.0,2023
Nova Canaã Paulista,2,23.0,147.0,0.0,84.0,0.0,0.0,0.0,79.0,66.0,2.0,0.0,1.0,1.0,1.0,1.0,2023
Marinópolis,2,15.0,132.0,0.0,79.0,0.0,0.0,3.0,76.0,49.0,4.0,0.0,1.0,1.0,1.0,1.0,2023
Palmeira d'Oeste,2,35.0,553.0,0.0,308.0,0.0,0.0,5.0,296.0,235.0,17.0,0.0,1.0,1.0,1.0,0.0,2023
Palmeira d'Oeste,2,,,,,,,,,,,,,,,,2023
Rubinéia,2,21.0,281.0,0.0,195.0,0.0,0.0,2.0,187.0,86.0,6.0,0.0,1.0,1.0,1.0,0.0,2023
Santa Clara d'Oeste,2,15.0,190.0,0.0,138.0,0.0,0.0,4.0,130.0,55.0,1.0,0.0,1.0,1.0,1.0,0.0,2023
Santa Fé do Sul,2,50.0,1126.0,0.0,0.0,0.0,0.0,0.0,11.0,995.0,120.0,0.0,1.0,1.0,1.0,1.0,2023
Aparecida d'Oeste,2,24.0,326.0,0.0,169.0,0.0,0.0,4.0,164.0,142.0,16.0,0.0,1.0,1.0,1.0,0.0,2023
Mirassol,2,44.0,966.0,0.0,613.0,0.0,0.0,14.0,581.0,363.0,8.0,0.0,1.0,1.0,1.0,1.0,2023
Potirendaba,2,31.0,739.0,0.0,0.0,0.0,0.0,0.0,16.0,603.0,120.0,0.0,1.0,1.0,1.0,0.0,2023
São José do Rio Preto,2,45.0,1352.0,0.0,0.0,0.0,0.0,0.0,2.0,1193.0,157.0,0.0,1.0,1.0,1.0,1.0,2023
São José do Rio Preto,2,18.0,281.0,0.0,0.0,0.0,0.0,0.0,2.0,268.0,11.0,0.0,1.0,1.0,1.0,1.0,2023
São José do Rio Preto,2,38.0,844.0,0.0,844.0,0.0,0.0,2.0,777.0,65.0,0.0,0.0,1.0,1.0,1.0,1.0,2023
São José do Rio Preto,2,20.0,398.0,0.0,398.0,0.0,0.0,2.0,367.0,29.0,0.0,0.0,1.0,1.0,1.0,0.0,2023
São José do Rio Preto,2,28.0,607.0,0.0,607.0,0.0,0.0,4.0,542.0,60.0,1.0,0.0,1.0,1.0,1.0,1.0,2023
Ipiguá,2,25.0,615.0,0.0,391.0,0.0,0.0,0.0,365.0,236.0,14.0,0.0,1.0,1.0,1.0,0.0,2023
Bálsamo,2,39.0,660.0,0.0,395.0,0.0,0.0,6.0,368.0,273.0,13.0,0.0,1.0,1.0,1.0,1.0,2023
Bady Bassitt,2,43.0,1255.0,0.0,330.0,0.0,0.0,0.0,317.0,874.0,64.0,0.0,1.0,1.0,1.0,0.0,2023
São José do Rio Preto,2,25.0,395.0,0.0,311.0,0.0,0.0,0.0,289.0,95.0,11.0,0.0,1.0,1.0,1.0,1.0,2023
São José do Rio Preto,2,39.0,1128.0,0.0,573.0,0.0,0.0,2.0,518.0,403.0,205.0,0.0,1.0,1.0,1.0,1.0,2023
São José do Rio Preto,2,52.0,1363.0,0.0,0.0,0.0,0.0,0.0,3.0,1237.0,123.0,0.0,1.0,1.0,0.0,1.0,2023
São José do Rio Preto,2,17.0,198.0,0.0,0.0,0.0,0.0,0.0,1.0,190.0,7.0,0.0,1.0,1.0,1.0,1.0,2023
Mirassol,2,22.0,205.0,0.0,0.0,0.0,0.0,0.0,4.0,160.0,41.0,1.0,1.0,1.0,1.0,1.0,2023
São José do Rio Preto,2,26.0,555.0,0.0,555.0,0.0,0.0,2.0,510.0,43.0,0.0,0.0,1.0,1.0,1.0,0.0,2023
São José do Rio Preto,2,40.0,1207.0,0.0,605.0,0.0,0.0,3.0,562.0,574.0,68.0,0.0,1.0,1.0,1.0,0.0,2023
São José do Rio Preto,2,62.0,1616.0,0.0,499.0,0.0,0.0,1.0,461.0,1051.0,103.0,0.0,1.0,1.0,1.0,1.0,2023
São José do Rio Preto,2,25.0,485.0,0.0,333.0,0.0,0.0,3.0,306.0,165.0,11.0,0.0,1.0,1.0,1.0,1.0,2023
São José do Rio Preto,2,17.0,299.0,0.0,0.0,0.0,0.0,0.0,4.0,280.0,15.0,0.0,1.0,1.0,1.0,1.0,2023
Mirassol,2,29.0,540.0,0.0,345.0,0.0,0.0,6.0,332.0,196.0,6.0,0.0,1.0,1.0,1.0,1.0,2023
Mirassol,2,64.0,1473.0,0.0,612.0,0.0,0.0,10.0,592.0,797.0,74.0,0.0,1.0,1.0,1.0,1.0,2023
São José do Rio Preto,2,137.0,1922.0,0.0,0.0,0.0,0.0,0.0,12.0,1067.0,843.0,1.0,1.0,1.0,1.0,1.0,2023
Uchoa,2,20.0,273.0,0.0,0.0,0.0,0.0,0.0,4.0,229.0,40.0,0.0,1.0,1.0,1.0,0.0,2023
São José do Rio Preto,2,21.0,447.0,0.0,447.0,0.0,0.0,1.0,425.0,21.0,0.0,0.0,1.0,1.0,1.0,1.0,2023
São José do Rio Preto,2,26.0,488.0,0.0,273.0,0.0,0.0,1.0,255.0,211.0,21.0,0.0,1.0,1.0,1.0,1.0,2023
Cedral,2,26.0,524.0,0.0,0.0,0.0,0.0,0.0,3.0,432.0,89.0,0.0,1.0,1.0,1.0,0.0,2023
Mirassolândia,2,25.0,374.0,0.0,263.0,0.0,0.0,1.0,240.0,125.0,8.0,0.0,1.0,1.0,1.0,1.0,2023
São José do Rio Preto,2,37.0,642.0,0.0,486.0,0.0,0.0,2.0,438.0,194.0,8.0,0.0,1.0,1.0,1.0,1.0,2023
São José do Rio Preto,2,22.0,417.0,0.0,0.0,0.0,0.0,0.0,3.0,392.0,22.0,0.0,1.0,1.0,1.0,1.0,2023
São José do Rio Preto,2,45.0,938.0,0.0,383.0,0.0,0.0,3.0,353.0,414.0,168.0,0.0,1.0,1.0,1.0,1.0,2023
Cardoso,2,25.0,422.0,0.0,185.0,0.0,0.0,2.0,174.0,237.0,9.0,0.0,1.0,1.0,1.0,1.0,2023
Tanabi,2,49.0,1275.0,0.0,453.0,0.0,0.0,8.0,446.0,770.0,51.0,0.0,1.0,1.0,1.0,1.0,2023
Álvares Florence,2,15.0,185.0,0.0,81.0,0.0,0.0,1.0,78.0,103.0,3.0,0.0,1.0,1.0,1.0,0.0,2023
Cosmorama,2,23.0,346.0,0.0,144.0,0.0,0.0,1.0,134.0,199.0,12.0,0.0,0.0,1.0,1.0,0.0,2023
Valentim Gentil,2,46.0,922.0,0.0,615.0,0.0,0.0,13.0,579.0,314.0,16.0,0.0,0.0,1.0,1.0,1.0,2023
Votuporanga,2,52.0,1143.0,0.0,388.0,0.0,0.0,7.0,376.0,685.0,75.0,0.0,0.0,1.0,1.0,1.0,2023
Pontes Gestal,2,15.0,138.0,0.0,93.0,0.0,0.0,0.0,88.0,48.0,2.0,0.0,1.0,1.0,1.0,0.0,2023
Votuporanga,2,23.0,485.0,0.0,485.0,0.0,0.0,6.0,473.0,6.0,0.0,0.0,0.0,1.0,1.0,1.0,2023
Américo de Campos,2,15.0,133.0,0.0,83.0,0.0,0.0,2.0,75.0,52.0,4.0,0.0,1.0,1.0,1.0,1.0,2023
Votuporanga,2,,,,,,,,,,,,,,,,2023
Votuporanga,2,32.0,592.0,0.0,0.0,0.0,0.0,0.0,9.0,521.0,62.0,1.0,1.0,1.0,1.0,1.0,2023
Votuporanga,2,46.0,836.0,0.0,373.0,0.0,0.0,5.0,361.0,458.0,12.0,0.0,1.0,1.0,1.0,0.0,2023
Votuporanga,2,29.0,540.0,0.0,400.0,0.0,0.0,9.0,367.0,150.0,14.0,0.0,0.0,1.0,1.0,1.0,2023
Santo André,2,20.0,343.0,0.0,0.0,0.0,0.0,0.0,9.0,323.0,11.0,0.0,1.0,1.0,1.0,1.0,2023
Votuporanga,2,36.0,665.0,0.0,461.0,0.0,0.0,10.0,437.0,212.0,6.0,0.0,1.0,1.0,1.0,1.0,2023
Bauru,2,5.0,30.0,0.0,0.0,0.0,0.0,0.0,0.0,0.0,30.0,0.0,0.0,0.0,0.0,0.0,2023
Parisi,2,15.0,210.0,0.0,136.0,0.0,0.0,4.0,130.0,74.0,2.0,0.0,0.0,1.0,1.0,1.0,2023
Cardoso,2,17.0,105.0,56.0,49.0,0.0,0.0,53.0,50.0,2.0,0.0,0.0,1.0,1.0,1.0,0.0,2023
Tanabi,2,20.0,390.0,0.0,390.0,0.0,0.0,8.0,373.0,9.0,0.0,0.0,1.0,1.0,1.0,0.0,2023
Nova Independência,2,12.0,162.0,0.0,0.0,0.0,0.0,0.0,1.0,148.0,13.0,0.0,1.0,1.0,1.0,1.0,2023
Mirandópolis,2,40.0,843.0,0.0,610.0,0.0,0.0,11.0,555.0,253.0,24.0,0.0,1.0,1.0,1.0,0.0,2023
Andradina,2,25.0,439.0,0.0,318.0,0.0,0.0,6.0,299.0,130.0,4.0,0.0,1.0,1.0,1.0,0.0,2023
Andradina,2,45.0,1271.0,0.0,574.0,0.0,0.0,13.0,545.0,561.0,152.0,0.0,1.0,1.0,1.0,1.0,2023
Andradina,2,33.0,717.0,0.0,410.0,0.0,0.0,7.0,389.0,311.0,10.0,0.0,1.0,1.0,1.0,1.0,2023
Mirandópolis,2,17.0,252.0,0.0,0.0,0.0,0.0,0.0,0.0,243.0,9.0,0.0,1.0,1.0,1.0,0.0,2023
Lavínia,2,14.0,179.0,0.0,0.0,0.0,0.0,0.0,1.0,170.0,8.0,0.0,1.0,1.0,1.0,0.0,2023
Itapura,2,23.0,324.0,0.0,218.0,0.0,0.0,0.0,212.0,110.0,2.0,0.0,1.0,1.0,1.0,0.0,2023
Guaraçaí,2,24.0,508.0,0.0,306.0,0.0,0.0,7.0,278.0,205.0,18.0,0.0,1.0,1.0,1.0,0.0,2023
Castilho,2,51.0,1094.0,0.0,581.0,0.0,0.0,8.0,544.0,529.0,13.0,0.0,1.0,1.0,1.0,0.0,2023
Andradina,2,40.0,925.0,0.0,551.0,0.0,0.0,13.0,521.0,371.0,20.0,0.0,1.0,1.0,1.0,1.0,2023
Murutinga do Sul,2,16.0,254.0,0.0,155.0,0.0,0.0,2.0,147.0,100.0,5.0,0.0,1.0,1.0,1.0,0.0,2023
Mirandópolis,2,22.0,298.0,0.0,180.0,0.0,0.0,2.0,169.0,125.0,2.0,0.0,1.0,1.0,1.0,0.0,2023
Araçatuba,2,15.0,271.0,0.0,173.0,0.0,0.0,0.0,165.0,104.0,2.0,0.0,1.0,1.0,1.0,1.0,2023
Araçatuba,2,19.0,311.0,0.0,236.0,0.0,0.0,4.0,223.0,83.0,1.0,0.0,1.0,1.0,1.0,1.0,2023
Araçatuba,2,35.0,504.0,0.0,382.0,0.0,0.0,1.0,361.0,139.0,3.0,0.0,1.0,1.0,1.0,1.0,2023
Araçatuba,2,28.0,595.0,0.0,318.0,0.0,0.0,1.0,305.0,278.0,11.0,0.0,1.0,1.0,1.0,0.0,2023
Araçatuba,2,32.0,652.0,0.0,428.0,0.0,0.0,2.0,410.0,232.0,8.0,0.0,0.0,1.0,1.0,1.0,2023
Araçatuba,2,,,,,,,,,,,,,,,,2023
Araçatuba,2,72.0,1590.0,0.0,429.0,0.0,0.0,3.0,402.0,1114.0,71.0,0.0,1.0,1.0,1.0,0.0,2023
Araçatuba,2,63.0,1313.0,0.0,500.0,0.0,0.0,2.0,464.0,803.0,44.0,0.0,1.0,1.0,1.0,0.0,2023
Santo Antônio do Aracanguá,2,13.0,89.0,0.0,0.0,0.0,0.0,0.0,3.0,74.0,12.0,0.0,1.0,1.0,0.0,0.0,2023
São Paulo,2,,,,,,,,,,,0.0,0.0,1.0,0.0,0.0,2023
Santo Antônio do Aracanguá,2,15.0,211.0,0.0,0.0,0.0,0.0,0.0,6.0,185.0,20.0,0.0,0.0,1.0,0.0,1.0,2023
Araçatuba,2,18.0,354.0,0.0,354.0,0.0,0.0,2.0,328.0,24.0,0.0,0.0,1.0,1.0,1.0,1.0,2023
Araçatuba,2,33.0,458.0,0.0,238.0,0.0,0.0,0.0,220.0,226.0,12.0,0.0,1.0,1.0,1.0,1.0,2023
Araçatuba,2,22.0,365.0,0.0,228.0,0.0,0.0,3.0,223.0,136.0,3.0,0.0,1.0,1.0,1.0,1.0,2023
Araçatuba,2,29.0,505.0,0.0,342.0,0.0,0.0,0.0,326.0,173.0,6.0,0.0,1.0,1.0,1.0,0.0,2023
Guararapes,2,,,,,,,,,,,,,,,,2023
Guararapes,2,29.0,547.0,0.0,357.0,0.0,0.0,1.0,342.0,200.0,4.0,0.0,1.0,1.0,1.0,1.0,2023
Guararapes,2,,,,,,,,,,,,,,,,2023
Valparaíso,2,30.0,660.0,0.0,372.0,0.0,0.0,0.0,344.0,296.0,20.0,0.0,1.0,1.0,1.0,0.0,2023
Valparaíso,2,47.0,918.0,0.0,405.0,0.0,0.0,0.0,388.0,392.0,138.0,0.0,1.0,1.0,1.0,1.0,2023
Bento de Abreu,2,24.0,282.0,0.0,127.0,0.0,0.0,1.0,110.0,150.0,21.0,0.0,0.0,1.0,1.0,0.0,2023
Rubiácea,2,21.0,244.0,0.0,144.0,0.0,0.0,0.0,134.0,104.0,6.0,0.0,1.0,1.0,1.0,0.0,2023
Araçatuba,2,22.0,364.0,0.0,289.0,0.0,0.0,0.0,265.0,95.0,4.0,0.0,1.0,1.0,1.0,1.0,2023
Guararapes,2,,,,,,,,,,,,,,,,2023
Guararapes,2,44.0,594.0,0.0,344.0,0.0,0.0,1.0,319.0,184.0,90.0,0.0,1.0,1.0,1.0,1.0,2023
Araçatuba,2,23.0,420.0,0.0,278.0,0.0,0.0,1.0,258.0,151.0,10.0,0.0,1.0,1.0,1.0,1.0,2023
Araçatuba,2,21.0,301.0,0.0,227.0,0.0,0.0,4.0,207.0,86.0,4.0,0.0,1.0,1.0,1.0,1.0,2023
Araçatuba,2,,,,,,,,,,,,,,,,2023
Araçatuba,2,14.0,262.0,0.0,262.0,0.0,0.0,1.0,247.0,14.0,0.0,0.0,1.0,1.0,1.0,1.0,2023
Brejo Alegre,2,22.0,374.0,0.0,154.0,0.0,0.0,0.0,142.0,220.0,12.0,0.0,0.0,1.0,1.0,1.0,2023
Birigui,2,25.0,421.0,0.0,298.0,0.0,0.0,2.0,290.0,127.0,2.0,0.0,1.0,1.0,1.0,0.0,2023
Birigui,2,12.0,221.0,0.0,221.0,0.0,0.0,0.0,217.0,4.0,0.0,0.0,0.0,1.0,1.0,1.0,2023
Buritama,2,44.0,817.0,0.0,336.0,0.0,0.0,4.0,341.0,417.0,55.0,0.0,1.0,1.0,1.0,1.0,2023
Buritama,2,33.0,656.0,0.0,440.0,0.0,0.0,11.0,430.0,212.0,3.0,0.0,1.0,1.0,1.0,1.0,2023
Glicério,2,18.0,286.0,0.0,186.0,0.0,0.0,1.0,174.0,111.0,0.0,0.0,0.0,1.0,1.0,1.0,2023
Lourdes,2,15.0,153.0,0.0,91.0,0.0,0.0,0.0,90.0,57.0,6.0,0.0,1.0,1.0,1.0,0.0,2023
Gabriel Monteiro,2,15.0,200.0,0.0,120.0,0.0,0.0,0.0,111.0,85.0,4.0,0.0,0.0,1.0,1.0,1.0,2023
Bilac,2,36.0,538.0,0.0,329.0,0.0,0.0,1.0,307.0,214.0,16.0,1.0,1.0,1.0,1.0,1.0,2023
Turiúba,2,15.0,139.0,0.0,82.0,0.0,0.0,0.0,75.0,62.0,2.0,0.0,1.0,1.0,1.0,0.0,2023
Birigui,2,15.0,263.0,0.0,263.0,0.0,0.0,0.0,256.0,7.0,0.0,0.0,1.0,1.0,1.0,1.0,2023
Coroados,2,32.0,454.0,0.0,230.0,0.0,0.0,0.0,210.0,231.0,13.0,0.0,1.0,1.0,1.0,1.0,2023
Birigui,2,44.0,598.0,0.0,302.0,0.0,0.0,0.0,294.0,239.0,65.0,0.0,0.0,1.0,1.0,0.0,2023
Penápolis,2,21.0,297.0,297.0,0.0,0.0,0.0,288.0,9.0,0.0,0.0,0.0,1.0,1.0,1.0,0.0,2023
Penápolis,2,29.0,424.0,0.0,327.0,0.0,0.0,2.0,309.0,105.0,8.0,0.0,1.0,1.0,1.0,1.0,2023
Alto Alegre,2,27.0,282.0,0.0,158.0,0.0,0.0,1.0,145.0,121.0,15.0,0.0,0.0,1.0,1.0,0.0,2023
Avanhandava,2,53.0,925.0,0.0,541.0,0.0,0.0,1.0,478.0,364.0,82.0,0.0,1.0,1.0,1.0,1.0,2023
Penápolis,2,40.0,614.0,0.0,309.0,0.0,0.0,1.0,269.0,321.0,23.0,0.0,1.0,1.0,1.0,1.0,2023
Barbosa,2,30.0,465.0,0.0,293.0,0.0,0.0,0.0,265.0,182.0,18.0,0.0,0.0,1.0,1.0,1.0,2023
Penápolis,2,24.0,266.0,0.0,0.0,0.0,0.0,0.0,3.0,212.0,51.0,1.0,1.0,1.0,1.0,1.0,2023
Penápolis,2,37.0,552.0,0.0,394.0,0.0,0.0,0.0,362.0,179.0,11.0,0.0,1.0,1.0,1.0,1.0,2023
Santópolis do Aguapeí,2,30.0,322.0,0.0,184.0,0.0,0.0,1.0,168.0,148.0,5.0,0.0,1.0,1.0,1.0,0.0,2023
Penápolis,2,21.0,310.0,310.0,0.0,0.0,0.0,298.0,12.0,0.0,0.0,0.0,1.0,1.0,1.0,0.0,2023
Luiziânia,2,38.0,522.0,0.0,247.0,0.0,0.0,1.0,216.0,274.0,31.0,0.0,0.0,1.0,1.0,1.0,2023
Piacatu,2,37.0,531.0,0.0,279.0,0.0,0.0,0.0,255.0,252.0,24.0,0.0,0.0,1.0,1.0,1.0,2023
Braúna,2,32.0,450.0,0.0,259.0,0.0,0.0,1.0,231.0,207.0,11.0,0.0,1.0,1.0,1.0,0.0,2023
Clementina,2,39.0,798.0,0.0,427.0,0.0,0.0,1.0,393.0,356.0,48.0,0.0,0.0,1.0,1.0,0.0,2023
Magda,2,17.0,227.0,0.0,148.0,0.0,0.0,1.0,138.0,86.0,2.0,0.0,0.0,1.0,1.0,1.0,2023
Ilha Solteira,2,22.0,376.0,0.0,376.0,0.0,0.0,7.0,355.0,14.0,0.0,0.0,1.0,1.0,1.0,1.0,2023
Pereira Barreto,2,35.0,628.0,0.0,364.0,0.0,0.0,2.0,331.0,292.0,3.0,0.0,1.0,1.0,1.0,1.0,2023
Suzanápolis,2,22.0,284.0,0.0,185.0,0.0,0.0,6.0,165.0,100.0,13.0,0.0,1.0,1.0,1.0,0.0,2023
Floreal,2,14.0,166.0,0.0,101.0,0.0,0.0,0.0,95.0,70.0,1.0,0.0,1.0,1.0,1.0,1.0,2023
Auriflama,2,33.0,533.0,0.0,269.0,0.0,0.0,6.0,240.0,267.0,20.0,0.0,1.0,1.0,1.0,0.0,2023
Auriflama,2,26.0,367.0,0.0,240.0,0.0,0.0,5.0,218.0,142.0,2.0,0.0,1.0,1.0,1.0,0.0,2023
Gastão Vidigal,2,33.0,406.0,132.0,171.0,0.0,0.0,136.0,153.0,115.0,2.0,0.0,1.0,1.0,1.0,0.0,2023
General Salgado,2,17.0,283.0,0.0,0.0,0.0,0.0,0.0,7.0,268.0,8.0,0.0,1.0,1.0,1.0,1.0,2023
Sud Mennucci,2,14.0,214.0,0.0,0.0,0.0,0.0,0.0,0.0,207.0,7.0,0.0,1.0,1.0,1.0,1.0,2023
Nova Castilho,2,15.0,95.0,0.0,60.0,0.0,0.0,0.0,60.0,34.0,1.0,0.0,1.0,1.0,1.0,0.0,2023
Pereira Barreto,2,32.0,689.0,0.0,418.0,0.0,0.0,2.0,394.0,177.0,116.0,0.0,0.0,1.0,1.0,1.0,2023
São João de Iracema,2,15.0,138.0,0.0,94.0,0.0,0.0,1.0,89.0,46.0,2.0,0.0,0.0,1.0,1.0,1.0,2023
Magda,2,,,,,,,,,,,,,,,,2023
Ilha Solteira,2,40.0,704.0,0.0,410.0,0.0,0.0,5.0,369.0,192.0,138.0,0.0,1.0,1.0,1.0,0.0,2023
Guzolândia,2,25.0,392.0,0.0,236.0,0.0,0.0,0.0,226.0,152.0,14.0,0.0,1.0,1.0,1.0,0.0,2023
Pereira Barreto,2,29.0,529.0,0.0,288.0,0.0,0.0,0.0,273.0,240.0,16.0,0.0,1.0,1.0,1.0,1.0,2023
General Salgado,2,17.0,67.0,35.0,32.0,0.0,0.0,36.0,30.0,1.0,0.0,0.0,1.0,1.0,1.0,1.0,2023
Lucélia,2,46.0,798.0,0.0,295.0,0.0,0.0,3.0,269.0,433.0,93.0,0.0,1.0,1.0,1.0,0.0,2023
Adamantina,2,50.0,956.0,0.0,340.0,0.0,0.0,6.0,320.0,470.0,160.0,0.0,1.0,1.0,1.0,1.0,2023
Pracinha,2,19.0,142.0,0.0,60.0,0.0,0.0,1.0,59.0,75.0,7.0,0.0,1.0,1.0,1.0,0.0,2023
Flórida Paulista,2,,,,,,,,,,,,,,,,2023
Mariápolis,2,32.0,259.0,0.0,136.0,0.0,0.0,2.0,132.0,108.0,17.0,0.0,1.0,1.0,1.0,0.0,2023
Flórida Paulista,2,48.0,744.0,0.0,440.0,0.0,0.0,7.0,416.0,264.0,57.0,0.0,1.0,1.0,1.0,1.0,2023
Irapuru,2,42.0,465.0,0.0,247.0,0.0,0.0,8.0,235.0,197.0,25.0,0.0,1.0,1.0,1.0,1.0,2023
Flora Rica,2,11.0,75.0,0.0,0.0,0.0,0.0,0.0,2.0,52.0,21.0,0.0,1.0,1.0,1.0,0.0,2023
Irapuru,2,,,,,,,,,,,,,,,,2023
Adamantina,2,17.0,324.0,0.0,324.0,0.0,0.0,3.0,306.0,15.0,0.0,0.0,1.0,1.0,1.0,0.0,2023
Pacaembu,2,45.0,671.0,0.0,361.0,0.0,0.0,4.0,354.0,273.0,40.0,1.0,1.0,1.0,1.0,1.0,2023
Adamantina,2,53.0,906.0,0.0,0.0,0.0,0.0,0.0,6.0,689.0,211.0,1.0,1.0,1.0,1.0,1.0,2023
Adamantina,2,23.0,270.0,0.0,0.0,0.0,0.0,0.0,1.0,135.0,134.0,1.0,1.0,1.0,1.0,1.0,2023
Adamantina,2,29.0,496.0,0.0,337.0,0.0,0.0,6.0,310.0,166.0,14.0,0.0,1.0,1.0,1.0,1.0,2023
Flórida Paulista,2,,,,,,,,,,,,,,,,2023
Panorama,2,40.0,634.0,0.0,377.0,0.0,0.0,11.0,338.0,210.0,75.0,0.0,1.0,1.0,1.0,0.0,2023
Monte Castelo,2,,,,,,,,,,,,,,,,2023
Dracena,2,51.0,720.0,0.0,0.0,0.0,0.0,0.0,5.0,410.0,305.0,1.0,1.0,1.0,1.0,1.0,2023
Dracena,2,40.0,774.0,0.0,379.0,0.0,0.0,10.0,336.0,400.0,28.0,0.0,1.0,1.0,1.0,0.0,2023
Dracena,2,36.0,698.0,0.0,421.0,0.0,0.0,9.0,400.0,275.0,14.0,0.0,1.0,1.0,1.0,1.0,2023
Dracena,2,54.0,770.0,0.0,439.0,0.0,0.0,3.0,418.0,249.0,100.0,0.0,1.0,1.0,1.0,1.0,2023
Santa Mercedes,2,35.0,279.0,0.0,131.0,0.0,0.0,1.0,127.0,117.0,34.0,0.0,1.0,1.0,1.0,0.0,2023
Junqueirópolis,2,14.0,260.0,0.0,260.0,0.0,0.0,6.0,237.0,17.0,0.0,0.0,1.0,1.0,1.0,1.0,2023
Paulicéia,2,45.0,719.0,0.0,420.0,0.0,0.0,7.0,403.0,239.0,70.0,0.0,0.0,1.0,1.0,0.0,2023
Nova Guataporanga,2,26.0,185.0,0.0,107.0,0.0,0.0,3.0,100.0,63.0,19.0,0.0,1.0,1.0,1.0,0.0,2023
Ouro Verde,2,25.0,330.0,0.0,0.0,0.0,0.0,0.0,1.0,295.0,34.0,0.0,1.0,1.0,1.0,0.0,2023
Panorama,2,31.0,522.0,0.0,350.0,0.0,0.0,5.0,323.0,190.0,4.0,0.0,1.0,1.0,1.0,1.0,2023
São João do Pau d'Alho,2,26.0,177.0,0.0,102.0,0.0,0.0,2.0,97.0,68.0,10.0,0.0,1.0,1.0,1.0,1.0,2023
Monte Castelo,2,35.0,366.0,0.0,183.0,0.0,0.0,4.0,172.0,175.0,15.0,0.0,1.0,1.0,1.0,0.0,2023
Tupi Paulista,2,24.0,336.0,0.0,0.0,0.0,0.0,0.0,1.0,298.0,37.0,0.0,1.0,1.0,1.0,0.0,2023
Junqueirópolis,2,64.0,1361.0,0.0,676.0,0.0,0.0,14.0,627.0,636.0,84.0,0.0,1.0,1.0,1.0,1.0,2023
Salmourão,2,28.0,366.0,0.0,221.0,0.0,0.0,4.0,214.0,119.0,29.0,0.0,1.0,1.0,1.0,0.0,2023
Sagres,2,29.0,203.0,0.0,114.0,0.0,0.0,2.0,112.0,71.0,18.0,0.0,1.0,1.0,1.0,0.0,2023
Osvaldo Cruz,2,25.0,319.0,0.0,215.0,0.0,0.0,8.0,201.0,109.0,1.0,0.0,1.0,1.0,1.0,0.0,2023
Parapuã,2,36.0,487.0,0.0,156.0,0.0,0.0,3.0,151.0,298.0,35.0,0.0,0.0,1.0,1.0,0.0,2023
Inúbia Paulista,2,31.0,258.0,0.0,153.0,0.0,0.0,4.0,147.0,81.0,26.0,0.0,1.0,1.0,1.0,0.0,2023
Rinópolis,2,35.0,366.0,0.0,72.0,0.0,0.0,3.0,67.0,240.0,56.0,0.0,1.0,1.0,1.0,1.0,2023
Osvaldo Cruz,2,22.0,302.0,0.0,219.0,0.0,0.0,3.0,209.0,88.0,2.0,0.0,1.0,1.0,1.0,1.0,2023
Osvaldo Cruz,2,37.0,637.0,0.0,279.0,0.0,0.0,3.0,275.0,301.0,58.0,0.0,1.0,1.0,1.0,0.0,2023
Parapuã,2,14.0,256.0,0.0,256.0,0.0,0.0,6.0,240.0,9.0,1.0,0.0,1.0,1.0,1.0,1.0,2023
Rinópolis,2,27.0,337.0,0.0,337.0,0.0,0.0,12.0,315.0,10.0,0.0,0.0,1.0,1.0,1.0,1.0,2023
Rinópolis,2,19.0,327.0,327.0,0.0,0.0,0.0,325.0,2.0,0.0,0.0,0.0,1.0,1.0,1.0,1.0,2023
Presidente Prudente,2,62.0,1158.0,0.0,383.0,0.0,0.0,0.0,314.0,773.0,71.0,0.0,1.0,1.0,1.0,1.0,2023
Presidente Prudente,2,25.0,456.0,0.0,244.0,0.0,0.0,0.0,223.0,223.0,10.0,0.0,1.0,1.0,1.0,1.0,2023
Presidente Prudente,2,8.0,32.0,0.0,32.0,0.0,0.0,0.0,30.0,2.0,0.0,0.0,0.0,1.0,1.0,0.0,2023
Presidente Prudente,2,52.0,1019.0,0.0,525.0,0.0,0.0,0.0,476.0,518.0,25.0,0.0,1.0,1.0,1.0,0.0,2023
Presidente Prudente,2,31.0,673.0,0.0,316.0,0.0,0.0,2.0,306.0,356.0,9.0,0.0,1.0,1.0,1.0,0.0,2023
Presidente Prudente,2,11.0,171.0,0.0,92.0,0.0,0.0,0.0,87.0,78.0,6.0,0.0,1.0,1.0,1.0,0.0,2023
Alfredo Marcondes,2,34.0,563.0,223.0,194.0,0.0,0.0,218.0,189.0,144.0,12.0,0.0,1.0,1.0,1.0,0.0,2023
Presidente Prudente,2,35.0,599.0,0.0,376.0,0.0,0.0,1.0,346.0,235.0,17.0,0.0,1.0,1.0,1.0,0.0,2023
Presidente Prudente,2,45.0,834.0,0.0,397.0,0.0,0.0,0.0,349.0,455.0,30.0,0.0,1.0,1.0,1.0,0.0,2023
Álvares Machado,2,29.0,550.0,0.0,0.0,0.0,0.0,0.0,3.0,463.0,84.0,0.0,1.0,1.0,1.0,0.0,2023
Presidente Prudente,2,27.0,408.0,0.0,191.0,0.0,0.0,0.0,168.0,233.0,7.0,0.0,1.0,1.0,1.0,0.0,2023
Presidente Prudente,2,19.0,321.0,0.0,240.0,0.0,0.0,0.0,224.0,93.0,4.0,1.0,1.0,1.0,1.0,0.0,2023
Santo Expedito,2,20.0,295.0,0.0,124.0,0.0,0.0,1.0,111.0,171.0,12.0,0.0,1.0,1.0,1.0,0.0,2023
Presidente Prudente,2,32.0,493.0,0.0,294.0,0.0,0.0,0.0,267.0,213.0,13.0,0.0,1.0,1.0,1.0,0.0,2023
Presidente Prudente,2,22.0,301.0,0.0,214.0,0.0,0.0,1.0,198.0,100.0,2.0,0.0,0.0,1.0,1.0,0.0,2023
Presidente Prudente,2,49.0,641.0,0.0,0.0,0.0,0.0,0.0,3.0,421.0,217.0,1.0,1.0,1.0,1.0,1.0,2023
Presidente Prudente,2,34.0,417.0,0.0,178.0,0.0,0.0,0.0,157.0,118.0,142.0,1.0,1.0,1.0,1.0,1.0,2023
Presidente Prudente,2,45.0,722.0,0.0,371.0,0.0,0.0,1.0,328.0,372.0,21.0,0.0,1.0,1.0,1.0,0.0,2023
Presidente Prudente,2,14.0,265.0,0.0,265.0,0.0,0.0,2.0,246.0,17.0,0.0,0.0,1.0,1.0,1.0,1.0,2023
Presidente Prudente,2,16.0,215.0,0.0,163.0,0.0,0.0,1.0,154.0,59.0,1.0,0.0,1.0,1.0,1.0,1.0,2023
Rosana,2,25.0,335.0,0.0,129.0,0.0,0.0,0.0,127.0,169.0,39.0,0.0,1.0,1.0,1.0,1.0,2023
Euclides da Cunha Paulista,2,19.0,279.0,0.0,194.0,0.0,0.0,0.0,190.0,89.0,0.0,0.0,1.0,1.0,1.0,1.0,2023
Teodoro Sampaio,2,,,,,,,,,,,,,,,,2023
Caiuá,2,25.0,153.0,0.0,78.0,0.0,0.0,1.0,75.0,64.0,13.0,0.0,1.0,1.0,1.0,0.0,2023
Teodoro Sampaio,2,47.0,820.0,0.0,426.0,0.0,0.0,1.0,398.0,346.0,75.0,0.0,1.0,1.0,1.0,1.0,2023
Presidente Venceslau,2,28.0,508.0,0.0,399.0,0.0,0.0,4.0,388.0,112.0,4.0,0.0,1.0,1.0,1.0,1.0,2023
Presidente Venceslau,2,53.0,731.0,0.0,279.0,0.0,0.0,5.0,256.0,363.0,107.0,0.0,1.0,1.0,1.0,1.0,2023
Presidente Epitácio,2,26.0,369.0,0.0,293.0,0.0,0.0,0.0,262.0,30.0,77.0,0.0,0.0,1.0,1.0,0.0,2023
Presidente Epitácio,2,47.0,781.0,0.0,172.0,0.0,0.0,0.0,160.0,578.0,43.0,0.0,0.0,1.0,1.0,1.0,2023
Presidente Epitácio,2,29.0,449.0,0.0,266.0,0.0,0.0,0.0,236.0,205.0,8.0,0.0,0.0,1.0,1.0,0.0,2023
Piquerobi,2,21.0,238.0,0.0,157.0,0.0,0.0,6.0,140.0,82.0,10.0,0.0,1.0,1.0,1.0,0.0,2023
Presidente Venceslau,2,22.0,299.0,0.0,197.0,0.0,0.0,4.0,192.0,102.0,1.0,0.0,1.0,1.0,1.0,0.0,2023
Presidente Epitácio,2,24.0,185.0,41.0,95.0,0.0,0.0,37.0,93.0,54.0,1.0,0.0,0.0,1.0,1.0,0.0,2023
Teodoro Sampaio,2,25.0,240.0,91.0,77.0,0.0,0.0,86.0,80.0,40.0,34.0,0.0,1.0,1.0,1.0,1.0,2023
Presidente Venceslau,2,,,,,,,,,,,,,,,,2023
Presidente Venceslau,2,,,,,,,,,,,,,,,,2023
Euclides da Cunha Paulista,2,8.0,42.0,0.0,42.0,0.0,0.0,0.0,40.0,2.0,0.0,0.0,1.0,1.0,1.0,0.0,2023
Presidente Epitácio,2,18.0,297.0,297.0,0.0,0.0,0.0,281.0,16.0,0.0,0.0,0.0,1.0,1.0,1.0,1.0,2023
Presidente Epitácio,2,20.0,391.0,0.0,391.0,0.0,0.0,1.0,379.0,11.0,0.0,0.0,1.0,1.0,1.0,0.0,2023
Rosana,2,10.0,92.0,92.0,0.0,0.0,0.0,85.0,7.0,0.0,0.0,0.0,1.0,1.0,1.0,0.0,2023
Marabá Paulista,2,26.0,243.0,0.0,165.0,0.0,0.0,2.0,161.0,75.0,5.0,0.0,1.0,1.0,1.0,0.0,2023
Teodoro Sampaio,2,31.0,429.0,0.0,292.0,0.0,0.0,0.0,276.0,149.0,4.0,0.0,1.0,1.0,1.0,1.0,2023
João Ramalho,2,27.0,402.0,0.0,265.0,0.0,0.0,2.0,257.0,126.0,17.0,0.0,1.0,1.0,1.0,0.0,2023
Rancharia,2,36.0,451.0,0.0,0.0,0.0,0.0,0.0,0.0,347.0,104.0,1.0,1.0,1.0,1.0,1.0,2023
Rancharia,2,15.0,272.0,0.0,272.0,0.0,0.0,0.0,251.0,21.0,0.0,0.0,1.0,1.0,1.0,0.0,2023
Rancharia,2,20.0,114.0,29.0,51.0,0.0,0.0,26.0,52.0,36.0,0.0,0.0,1.0,1.0,1.0,0.0,2023
Martinópolis,2,12.0,148.0,0.0,0.0,0.0,0.0,0.0,0.0,144.0,4.0,0.0,1.0,1.0,1.0,0.0,2023
Martinópolis,2,41.0,844.0,0.0,469.0,0.0,0.0,0.0,435.0,344.0,65.0,1.0,1.0,1.0,1.0,0.0,2023
Rancharia,2,17.0,350.0,0.0,350.0,0.0,0.0,2.0,338.0,10.0,0.0,0.0,1.0,1.0,1.0,1.0,2023
Martinópolis,2,36.0,705.0,0.0,439.0,0.0,0.0,1.0,399.0,276.0,29.0,0.0,1.0,1.0,1.0,1.0,2023
Iepê,2,36.0,669.0,0.0,389.0,0.0,0.0,9.0,367.0,284.0,9.0,0.0,1.0,1.0,1.0,0.0,2023
Rancharia,2,49.0,916.0,0.0,305.0,0.0,0.0,0.0,276.0,528.0,112.0,0.0,1.0,1.0,1.0,1.0,2023
Nantes,2,18.0,246.0,0.0,169.0,0.0,0.0,5.0,161.0,79.0,1.0,0.0,1.0,1.0,1.0,0.0,2023
Pirapozinho,2,33.0,562.0,0.0,395.0,0.0,0.0,2.0,352.0,200.0,8.0,0.0,1.0,1.0,1.0,1.0,2023
Caiabu,2,28.0,297.0,0.0,184.0,0.0,0.0,4.0,175.0,95.0,23.0,1.0,1.0,1.0,1.0,0.0,2023
Estrela do Norte,2,28.0,306.0,0.0,152.0,0.0,0.0,4.0,135.0,151.0,16.0,0.0,1.0,1.0,1.0,1.0,2023
Indiana,2,21.0,323.0,0.0,209.0,0.0,0.0,0.0,201.0,113.0,9.0,1.0,1.0,1.0,1.0,1.0,2023
Anhumas,2,21.0,272.0,0.0,184.0,0.0,0.0,7.0,169.0,94.0,2.0,0.0,1.0,1.0,1.0,1.0,2023
Regente Feijó,2,43.0,892.0,0.0,409.0,0.0,0.0,2.0,367.0,458.0,65.0,0.0,1.0,1.0,1.0,0.0,2023
Sandovalina,2,24.0,204.0,0.0,0.0,0.0,0.0,0.0,4.0,138.0,62.0,0.0,1.0,1.0,1.0,1.0,2023
Taciba,2,27.0,492.0,0.0,334.0,0.0,0.0,0.0,304.0,178.0,10.0,0.0,1.0,1.0,1.0,0.0,2023
Pirapozinho,2,46.0,965.0,0.0,535.0,0.0,0.0,2.0,495.0,418.0,50.0,0.0,1.0,1.0,1.0,1.0,2023
Pirapozinho,2,18.0,252.0,0.0,159.0,0.0,0.0,3.0,147.0,98.0,4.0,0.0,1.0,1.0,1.0,0.0,2023
Narandiba,2,26.0,207.0,0.0,0.0,0.0,0.0,0.0,0.0,166.0,41.0,0.0,0.0,1.0,1.0,0.0,2023
Tarabai,2,28.0,250.0,0.0,0.0,0.0,0.0,0.0,11.0,182.0,57.0,0.0,1.0,1.0,1.0,1.0,2023
Regente Feijó,2,11.0,71.0,0.0,71.0,0.0,0.0,0.0,67.0,4.0,0.0,0.0,0.0,1.0,0.0,0.0,2023
Ribeirão dos Índios,2,16.0,183.0,0.0,86.0,0.0,0.0,1.0,86.0,73.0,23.0,0.0,1.0,1.0,1.0,1.0,2023
Emilianópolis,2,16.0,146.0,0.0,0.0,0.0,0.0,0.0,3.0,122.0,21.0,0.0,1.0,1.0,1.0,0.0,2023
Presidente Bernardes,2,28.0,301.0,0.0,0.0,0.0,0.0,0.0,7.0,250.0,44.0,0.0,1.0,1.0,1.0,0.0,2023
Mirante do Paranapanema,2,30.0,286.0,111.0,83.0,0.0,0.0,107.0,82.0,77.0,20.0,0.0,1.0,1.0,1.0,0.0,2023
Santo Anastácio,2,36.0,699.0,0.0,277.0,0.0,0.0,5.0,247.0,378.0,69.0,0.0,1.0,1.0,1.0,0.0,2023
Mirante do Paranapanema,2,41.0,549.0,0.0,258.0,0.0,0.0,2.0,236.0,275.0,36.0,0.0,1.0,1.0,1.0,1.0,2023
Mirante do Paranapanema,2,15.0,169.0,0.0,125.0,0.0,0.0,0.0,119.0,48.0,2.0,0.0,1.0,1.0,1.0,0.0,2023
Santo Anastácio,2,22.0,339.0,0.0,245.0,0.0,0.0,2.0,228.0,105.0,4.0,0.0,1.0,1.0,1.0,0.0,2023
Mirante do Paranapanema,2,28.0,245.0,34.0,96.0,0.0,0.0,34.0,90.0,95.0,26.0,0.0,1.0,1.0,1.0,0.0,2023
Mirante do Paranapanema,2,,,,,,,,,,,,,,,,2023
Cândido Mota,2,9.0,25.0,0.0,25.0,0.0,0.0,1.0,23.0,1.0,0.0,0.0,1.0,1.0,1.0,0.0,2023
Cândido Mota,2,20.0,291.0,0.0,242.0,0.0,0.0,10.0,230.0,50.0,1.0,0.0,1.0,1.0,1.0,1.0,2023
Cândido Mota,2,21.0,173.0,72.0,64.0,0.0,0.0,74.0,58.0,39.0,2.0,0.0,1.0,1.0,1.0,0.0,2023
Lutécia,2,26.0,296.0,0.0,156.0,0.0,0.0,5.0,143.0,135.0,13.0,0.0,1.0,1.0,1.0,0.0,2023
Maracaí,2,24.0,341.0,0.0,245.0,0.0,0.0,4.0,244.0,92.0,1.0,0.0,1.0,1.0,1.0,0.0,2023
Cândido Mota,2,35.0,668.0,0.0,0.0,0.0,0.0,0.0,4.0,515.0,149.0,1.0,1.0,1.0,1.0,1.0,2023
Cândido Mota,2,40.0,615.0,0.0,341.0,0.0,0.0,6.0,332.0,271.0,6.0,0.0,1.0,1.0,1.0,1.0,2023
Cândido Mota,2,34.0,508.0,0.0,210.0,0.0,0.0,4.0,203.0,290.0,11.0,0.0,0.0,1.0,1.0,1.0,2023
Maracaí,2,15.0,64.0,0.0,33.0,0.0,0.0,1.0,32.0,30.0,1.0,0.0,1.0,1.0,0.0,1.0,2023
Cruzália,2,15.0,152.0,0.0,106.0,0.0,0.0,2.0,104.0,46.0,0.0,0.0,0.0,1.0,1.0,1.0,2023
Pedrinhas Paulista,2,15.0,197.0,0.0,118.0,0.0,0.0,6.0,111.0,79.0,1.0,0.0,1.0,1.0,1.0,1.0,2023
Florínea,2,15.0,221.0,0.0,142.0,0.0,0.0,5.0,137.0,78.0,1.0,0.0,1.0,1.0,1.0,0.0,2023
Assis,2,25.0,410.0,0.0,259.0,0.0,0.0,2.0,250.0,151.0,7.0,0.0,1.0,1.0,1.0,0.0,2023
Assis,2,34.0,495.0,0.0,304.0,0.0,0.0,5.0,277.0,202.0,11.0,0.0,1.0,1.0,1.0,0.0,2023
Tarumã,2,35.0,616.0,0.0,225.0,0.0,0.0,2.0,208.0,182.0,224.0,0.0,1.0,1.0,1.0,1.0,2023
Assis,2,22.0,395.0,0.0,287.0,0.0,0.0,6.0,277.0,109.0,3.0,0.0,1.0,1.0,1.0,1.0,2023
Cândido Mota,2,35.0,651.0,225.0,426.0,0.0,1.0,236.0,409.0,5.0,0.0,0.0,1.0,1.0,1.0,0.0,2023
Assis,2,69.0,1118.0,0.0,0.0,0.0,0.0,0.0,22.0,652.0,444.0,1.0,1.0,1.0,1.0,0.0,2023
Assis,2,20.0,256.0,0.0,210.0,0.0,0.0,8.0,197.0,50.0,1.0,0.0,1.0,1.0,1.0,0.0,2023
Assis,2,21.0,317.0,0.0,317.0,0.0,0.0,6.0,300.0,11.0,0.0,0.0,1.0,1.0,1.0,1.0,2023
Assis,2,32.0,457.0,0.0,282.0,0.0,0.0,3.0,271.0,175.0,8.0,0.0,1.0,1.0,1.0,1.0,2023
Assis,2,24.0,308.0,0.0,243.0,0.0,0.0,3.0,235.0,65.0,5.0,0.0,1.0,1.0,1.0,1.0,2023
Assis,2,69.0,1349.0,0.0,617.0,0.0,0.0,13.0,603.0,585.0,148.0,0.0,1.0,1.0,1.0,1.0,2023
Assis,2,29.0,491.0,0.0,323.0,0.0,0.0,8.0,310.0,171.0,2.0,0.0,1.0,1.0,1.0,1.0,2023
Assis,2,40.0,842.0,0.0,474.0,0.0,0.0,9.0,438.0,366.0,29.0,0.0,1.0,1.0,1.0,1.0,2023
Paraguaçu Paulista,2,34.0,553.0,0.0,0.0,0.0,0.0,0.0,1.0,351.0,201.0,1.0,1.0,1.0,1.0,1.0,2023
Quatá,2,46.0,725.0,0.0,471.0,0.0,0.0,9.0,455.0,201.0,60.0,0.0,1.0,1.0,1.0,0.0,2023
Paraguaçu Paulista,2,40.0,880.0,0.0,189.0,0.0,0.0,0.0,179.0,576.0,125.0,0.0,1.0,1.0,1.0,1.0,2023
Paraguaçu Paulista,2,27.0,483.0,0.0,211.0,0.0,0.0,0.0,208.0,254.0,21.0,0.0,0.0,1.0,1.0,0.0,2023
Platina,2,18.0,262.0,0.0,187.0,0.0,0.0,2.0,176.0,79.0,5.0,0.0,0.0,1.0,1.0,1.0,2023
Quatá,2,31.0,387.0,0.0,0.0,0.0,0.0,0.0,5.0,220.0,162.0,1.0,1.0,1.0,1.0,1.0,2023
Alvinlândia,2,24.0,341.0,0.0,193.0,0.0,0.0,3.0,178.0,123.0,37.0,0.0,1.0,1.0,1.0,1.0,2023
Garça,2,34.0,298.0,0.0,162.0,0.0,0.0,3.0,148.0,138.0,9.0,0.0,0.0,1.0,1.0,0.0,2023
Garça,2,,,,,,,,,,,,,,,,2023
Garça,2,46.0,757.0,0.0,362.0,0.0,0.0,6.0,325.0,326.0,100.0,0.0,1.0,1.0,1.0,0.0,2023
Garça,2,,,,,,,,,,,,,,,,2023
Garça,2,23.0,400.0,0.0,304.0,0.0,0.0,8.0,290.0,100.0,2.0,0.0,1.0,1.0,1.0,1.0,2023
Garça,2,69.0,1041.0,0.0,0.0,0.0,0.0,0.0,14.0,569.0,458.0,0.0,1.0,1.0,1.0,1.0,2023
Garça,2,30.0,203.0,0.0,109.0,0.0,0.0,3.0,102.0,72.0,26.0,0.0,1.0,1.0,1.0,1.0,2023
Lupércio,2,26.0,288.0,0.0,129.0,0.0,0.0,2.0,123.0,131.0,32.0,0.0,1.0,1.0,1.0,0.0,2023
Lupércio,2,8.0,73.0,0.0,73.0,0.0,0.0,0.0,66.0,7.0,0.0,0.0,0.0,1.0,1.0,0.0,2023
Ocauçu,2,23.0,433.0,0.0,241.0,0.0,0.0,5.0,227.0,190.0,11.0,0.0,1.0,1.0,1.0,0.0,2023
Garça,2,34.0,580.0,0.0,262.0,0.0,0.0,4.0,240.0,222.0,114.0,0.0,1.0,1.0,1.0,1.0,2023
Garça,2,34.0,232.0,0.0,0.0,0.0,0.0,0.0,4.0,154.0,74.0,1.0,1.0,1.0,1.0,1.0,2023
Álvaro de Carvalho,2,25.0,276.0,0.0,189.0,0.0,0.0,9.0,174.0,93.0,0.0,0.0,1.0,1.0,1.0,0.0,2023
Fernão,2,15.0,196.0,0.0,123.0,0.0,0.0,3.0,115.0,78.0,0.0,0.0,1.0,1.0,1.0,1.0,2023
Gália,2,34.0,475.0,0.0,226.0,0.0,0.0,4.0,213.0,206.0,52.0,0.0,1.0,1.0,1.0,1.0,2023
Vera Cruz,2,32.0,395.0,0.0,217.0,0.0,0.0,3.0,209.0,177.0,6.0,0.0,1.0,1.0,1.0,0.0,2023
Marília,2,35.0,492.0,0.0,289.0,0.0,0.0,1.0,274.0,210.0,7.0,0.0,1.0,1.0,1.0,1.0,2023
Marília,2,70.0,977.0,0.0,0.0,0.0,0.0,0.0,7.0,557.0,413.0,1.0,1.0,1.0,0.0,1.0,2023
Vera Cruz,2,23.0,238.0,0.0,0.0,0.0,0.0,0.0,2.0,210.0,26.0,1.0,1.0,1.0,1.0,1.0,2023
Vera Cruz,2,22.0,240.0,0.0,206.0,0.0,0.0,2.0,199.0,5.0,34.0,0.0,0.0,1.0,1.0,1.0,2023
Pompéia,2,55.0,1172.0,0.0,546.0,0.0,0.0,3.0,511.0,554.0,104.0,0.0,1.0,1.0,1.0,1.0,2023
Marília,2,17.0,185.0,68.0,69.0,0.0,0.0,67.0,72.0,44.0,2.0,0.0,1.0,1.0,0.0,0.0,2023
Oscar Bressane,2,12.0,79.0,0.0,0.0,0.0,0.0,0.0,7.0,62.0,10.0,0.0,1.0,1.0,1.0,0.0,2023
Marília,2,22.0,375.0,375.0,0.0,0.0,0.0,373.0,2.0,0.0,0.0,0.0,0.0,1.0,1.0,1.0,2023
Marília,2,15.0,288.0,0.0,288.0,0.0,0.0,6.0,279.0,3.0,0.0,0.0,0.0,1.0,1.0,1.0,2023
Marília,2,13.0,120.0,67.0,53.0,0.0,0.0,67.0,52.0,1.0,0.0,0.0,1.0,1.0,0.0,0.0,2023
Marília,2,29.0,351.0,0.0,232.0,0.0,0.0,5.0,223.0,116.0,7.0,0.0,0.0,1.0,1.0,0.0,2023
Marília,2,15.0,279.0,0.0,279.0,0.0,0.0,5.0,268.0,6.0,0.0,0.0,1.0,1.0,1.0,1.0,2023
Marília,2,22.0,290.0,290.0,0.0,0.0,0.0,288.0,2.0,0.0,0.0,0.0,0.0,1.0,1.0,1.0,2023
Marília,2,20.0,327.0,0.0,0.0,0.0,0.0,0.0,12.0,309.0,6.0,0.0,1.0,1.0,1.0,1.0,2023
Marília,2,19.0,347.0,347.0,0.0,0.0,0.0,345.0,2.0,0.0,0.0,0.0,1.0,1.0,1.0,0.0,2023
Marília,2,18.0,260.0,260.0,0.0,0.0,0.0,260.0,0.0,0.0,0.0,0.0,0.0,1.0,1.0,0.0,2023
Marília,2,44.0,627.0,0.0,450.0,0.0,0.0,14.0,434.0,174.0,5.0,0.0,1.0,1.0,1.0,1.0,2023
Marília,2,17.0,299.0,0.0,299.0,0.0,0.0,7.0,288.0,4.0,0.0,0.0,1.0,1.0,1.0,1.0,2023
Marília,2,32.0,391.0,81.0,158.0,0.0,0.0,82.0,165.0,141.0,3.0,0.0,0.0,1.0,0.0,0.0,2023
Marília,2,13.0,45.0,19.0,0.0,0.0,0.0,18.0,1.0,0.0,26.0,0.0,1.0,0.0,0.0,0.0,2023
Oriente,2,37.0,414.0,0.0,238.0,0.0,0.0,9.0,223.0,168.0,14.0,0.0,1.0,1.0,1.0,0.0,2023
Marília,2,44.0,847.0,129.0,351.0,0.0,0.0,129.0,343.0,363.0,12.0,0.0,1.0,1.0,1.0,0.0,2023
Marília,2,19.0,228.0,228.0,0.0,0.0,0.0,228.0,0.0,0.0,0.0,0.0,1.0,1.0,1.0,1.0,2023
Marília,2,47.0,979.0,0.0,235.0,0.0,0.0,2.0,236.0,712.0,29.0,0.0,1.0,1.0,1.0,1.0,2023
Marília,2,44.0,1033.0,0.0,323.0,0.0,0.0,3.0,321.0,687.0,22.0,0.0,1.0,1.0,1.0,1.0,2023
Pompéia,2,15.0,249.0,0.0,249.0,0.0,0.0,0.0,238.0,11.0,0.0,0.0,1.0,1.0,1.0,0.0,2023
Chavantes,2,44.0,897.0,0.0,446.0,0.0,0.0,12.0,425.0,386.0,74.0,0.0,1.0,1.0,1.0,0.0,2023
Palmital,2,22.0,342.0,0.0,269.0,0.0,0.0,1.0,261.0,75.0,5.0,0.0,1.0,1.0,1.0,1.0,2023
Ourinhos,2,38.0,879.0,0.0,316.0,0.0,0.0,4.0,310.0,532.0,33.0,0.0,1.0,1.0,1.0,1.0,2023
Ourinhos,2,32.0,580.0,0.0,0.0,0.0,0.0,0.0,14.0,451.0,115.0,0.0,1.0,1.0,1.0,1.0,2023
Ourinhos,2,82.0,1377.0,0.0,0.0,0.0,0.0,0.0,20.0,750.0,607.0,1.0,1.0,1.0,1.0,0.0,2023
Ibirarema,2,32.0,574.0,0.0,329.0,0.0,0.0,2.0,310.0,199.0,63.0,0.0,1.0,1.0,1.0,0.0,2023
Ipaussu,2,32.0,440.0,0.0,0.0,0.0,0.0,0.0,5.0,340.0,95.0,1.0,1.0,1.0,1.0,0.0,2023
Salto Grande,2,39.0,705.0,0.0,431.0,0.0,0.0,6.0,400.0,209.0,90.0,0.0,1.0,1.0,1.0,0.0,2023
Ipaussu,2,28.0,469.0,0.0,0.0,0.0,0.0,0.0,4.0,359.0,106.0,0.0,1.0,1.0,1.0,1.0,2023
Ourinhos,2,19.0,314.0,0.0,225.0,0.0,0.0,6.0,215.0,93.0,0.0,0.0,1.0,1.0,1.0,0.0,2023
Ourinhos,2,22.0,284.0,0.0,231.0,0.0,0.0,3.0,214.0,63.0,4.0,0.0,1.0,1.0,1.0,0.0,2023
Ourinhos,2,37.0,529.0,0.0,199.0,0.0,0.0,1.0,187.0,256.0,85.0,0.0,1.0,1.0,1.0,0.0,2023
Ourinhos,2,19.0,323.0,0.0,248.0,0.0,0.0,4.0,239.0,77.0,3.0,0.0,1.0,1.0,1.0,0.0,2023
Canitar,2,25.0,246.0,0.0,0.0,0.0,0.0,0.0,7.0,218.0,21.0,0.0,0.0,1.0,1.0,1.0,2023
Timburi,2,13.0,200.0,0.0,123.0,0.0,0.0,1.0,112.0,86.0,1.0,0.0,1.0,1.0,1.0,1.0,2023
Campos Novos Paulista,2,22.0,393.0,0.0,240.0,0.0,0.0,7.0,220.0,159.0,7.0,0.0,1.0,1.0,1.0,0.0,2023
Ribeirão do Sul,2,35.0,425.0,0.0,250.0,0.0,0.0,5.0,238.0,147.0,35.0,0.0,1.0,1.0,1.0,0.0,2023
Ourinhos,2,23.0,62.0,19.0,23.0,0.0,0.0,19.0,24.0,18.0,1.0,0.0,1.0,1.0,1.0,0.0,2023
Palmital,2,26.0,492.0,0.0,285.0,0.0,0.0,4.0,273.0,208.0,7.0,0.0,1.0,1.0,1.0,1.0,2023
Ourinhos,2,19.0,260.0,102.0,158.0,0.0,0.0,107.0,151.0,2.0,0.0,0.0,1.0,1.0,1.0,0.0,2023
Ourinhos,2,34.0,594.0,163.0,431.0,0.0,0.0,164.0,419.0,11.0,0.0,0.0,1.0,1.0,1.0,1.0,2023
Ourinhos,2,23.0,437.0,0.0,282.0,0.0,0.0,5.0,271.0,161.0,0.0,0.0,1.0,1.0,1.0,1.0,2023
Tejupá,2,17.0,199.0,0.0,79.0,0.0,0.0,2.0,74.0,115.0,8.0,0.0,1.0,1.0,1.0,0.0,2023
Taguaí,2,41.0,1227.0,0.0,684.0,0.0,0.0,1.0,645.0,574.0,7.0,0.0,1.0,1.0,1.0,1.0,2023
Santa Cruz do Rio Pardo,2,46.0,761.0,0.0,0.0,0.0,0.0,0.0,2.0,621.0,138.0,0.0,1.0,1.0,1.0,1.0,2023
São Pedro do Turvo,2,37.0,590.0,0.0,388.0,0.0,0.0,4.0,352.0,217.0,17.0,0.0,1.0,1.0,1.0,0.0,2023
Óleo,2,16.0,217.0,0.0,151.0,0.0,0.0,2.0,138.0,73.0,4.0,0.0,1.0,1.0,1.0,1.0,2023
Sarutaiá,2,28.0,381.0,0.0,205.0,0.0,0.0,1.0,187.0,180.0,13.0,0.0,0.0,1.0,1.0,1.0,2023
Piraju,2,24.0,279.0,0.0,178.0,0.0,0.0,0.0,165.0,109.0,5.0,0.0,1.0,1.0,1.0,1.0,2023
Santa Cruz do Rio Pardo,2,38.0,786.0,242.0,544.0,0.0,0.0,251.0,504.0,31.0,0.0,0.0,1.0,1.0,1.0,1.0,2023
Piraju,2,25.0,427.0,0.0,214.0,0.0,0.0,0.0,195.0,219.0,13.0,0.0,0.0,1.0,1.0,0.0,2023
Piraju,2,25.0,484.0,0.0,279.0,0.0,0.0,0.0,272.0,207.0,5.0,0.0,1.0,1.0,1.0,1.0,2023
Fartura,2,40.0,701.0,0.0,416.0,0.0,0.0,10.0,394.0,290.0,7.0,0.0,1.0,1.0,1.0,1.0,2023
Fartura,2,33.0,565.0,0.0,356.0,0.0,0.0,9.0,343.0,210.0,3.0,0.0,1.0,1.0,1.0,0.0,2023
Bernardino de Campos,2,32.0,652.0,0.0,342.0,0.0,0.0,4.0,330.0,298.0,20.0,1.0,1.0,1.0,1.0,0.0,2023
Manduri,2,35.0,832.0,0.0,459.0,0.0,0.0,12.0,430.0,369.0,21.0,0.0,1.0,1.0,1.0,0.0,2023
Piraju,2,16.0,226.0,0.0,177.0,0.0,0.0,2.0,165.0,57.0,2.0,0.0,1.0,1.0,1.0,1.0,2023
Santa Cruz do Rio Pardo,2,19.0,355.0,0.0,255.0,0.0,0.0,7.0,227.0,118.0,3.0,0.0,0.0,1.0,1.0,1.0,2023
Santa Cruz do Rio Pardo,2,53.0,706.0,0.0,0.0,0.0,0.0,0.0,4.0,401.0,301.0,1.0,1.0,1.0,1.0,1.0,2023
Iacri,2,28.0,411.0,0.0,287.0,0.0,0.0,4.0,269.0,131.0,7.0,0.0,1.0,1.0,1.0,1.0,2023
Quintana,2,30.0,564.0,0.0,316.0,0.0,0.0,9.0,302.0,212.0,41.0,0.0,1.0,1.0,1.0,1.0,2023
Queiroz,2,26.0,334.0,0.0,195.0,0.0,0.0,3.0,189.0,124.0,18.0,0.0,1.0,1.0,1.0,1.0,2023
Arco-Íris,2,15.0,118.0,0.0,78.0,0.0,0.0,2.0,76.0,39.0,1.0,0.0,1.0,1.0,1.0,0.0,2023
Tupã,2,34.0,630.0,0.0,480.0,0.0,0.0,11.0,455.0,159.0,5.0,0.0,1.0,1.0,1.0,1.0,2023
Tupã,2,12.0,124.0,124.0,0.0,0.0,0.0,124.0,0.0,0.0,0.0,0.0,1.0,1.0,1.0,1.0,2023
Tupã,2,41.0,698.0,0.0,360.0,0.0,0.0,12.0,334.0,265.0,87.0,0.0,1.0,1.0,1.0,1.0,2023
Tupã,2,35.0,741.0,0.0,533.0,0.0,0.0,11.0,515.0,211.0,4.0,0.0,0.0,1.0,1.0,1.0,2023
Tupã,2,11.0,129.0,53.0,76.0,0.0,0.0,57.0,72.0,0.0,0.0,0.0,1.0,1.0,1.0,0.0,2023
Tupã,2,61.0,1048.0,0.0,517.0,0.0,0.0,7.0,499.0,529.0,13.0,0.0,1.0,1.0,1.0,1.0,2023
Tupã,2,11.0,206.0,206.0,0.0,0.0,0.0,205.0,1.0,0.0,0.0,0.0,1.0,1.0,1.0,1.0,2023
Tupã,2,14.0,280.0,280.0,0.0,0.0,0.0,278.0,1.0,1.0,0.0,0.0,1.0,1.0,1.0,0.0,2023
Tupã,2,16.0,210.0,210.0,0.0,0.0,0.0,209.0,1.0,0.0,0.0,0.0,1.0,1.0,1.0,0.0,2023
Bastos,2,49.0,913.0,0.0,344.0,0.0,0.0,11.0,330.0,518.0,54.0,0.0,1.0,1.0,1.0,1.0,2023
Herculândia,2,32.0,552.0,0.0,354.0,0.0,0.0,10.0,338.0,199.0,5.0,0.0,1.0,1.0,1.0,1.0,2023
Tupã,2,12.0,125.0,125.0,0.0,0.0,0.0,124.0,1.0,0.0,0.0,0.0,1.0,1.0,1.0,0.0,2023
Bastos,2,,,,,,,,,,,,,,,,2023
Bastos,2,27.0,474.0,0.0,382.0,0.0,0.0,5.0,367.0,101.0,1.0,0.0,1.0,1.0,1.0,1.0,2023
Iguape,2,12.0,179.0,0.0,179.0,0.0,0.0,4.0,173.0,2.0,0.0,0.0,1.0,1.0,1.0,0.0,2023
Iguape,2,32.0,463.0,0.0,0.0,0.0,0.0,0.0,12.0,373.0,78.0,0.0,1.0,1.0,1.0,1.0,2023
Iguape,2,12.0,242.0,0.0,242.0,0.0,0.0,4.0,233.0,5.0,0.0,0.0,1.0,1.0,1.0,0.0,2023
Iguape,2,27.0,273.0,0.0,0.0,0.0,0.0,0.0,1.0,215.0,57.0,1.0,1.0,1.0,1.0,1.0,2023
Iguape,2,27.0,406.0,0.0,376.0,0.0,0.0,6.0,361.0,13.0,26.0,0.0,1.0,1.0,1.0,1.0,2023
Itariri,2,24.0,287.0,102.0,125.0,0.0,0.0,92.0,124.0,69.0,2.0,0.0,0.0,1.0,1.0,0.0,2023
Itariri,2,34.0,640.0,0.0,384.0,0.0,0.0,1.0,367.0,263.0,9.0,0.0,1.0,1.0,1.0,0.0,2023
Miracatu,2,15.0,191.0,0.0,104.0,0.0,0.0,2.0,96.0,86.0,7.0,0.0,1.0,1.0,1.0,1.0,2023
Miracatu,2,32.0,450.0,0.0,283.0,0.0,0.0,5.0,271.0,169.0,5.0,0.0,0.0,1.0,1.0,0.0,2023
Juquiá,2,16.0,124.0,0.0,79.0,0.0,0.0,0.0,77.0,44.0,3.0,1.0,0.0,1.0,1.0,0.0,2023
Juquiá,2,24.0,355.0,0.0,220.0,0.0,0.0,2.0,214.0,135.0,4.0,0.0,1.0,1.0,1.0,1.0,2023
Juquiá,2,31.0,470.0,0.0,274.0,0.0,0.0,5.0,258.0,203.0,4.0,0.0,1.0,1.0,1.0,1.0,2023
Juquiá,2,,,,,,,,,,,,,,,,2023
Juquiá,2,38.0,729.0,0.0,354.0,0.0,0.0,6.0,352.0,307.0,64.0,0.0,1.0,1.0,1.0,0.0,2023
Miracatu,2,15.0,115.0,0.0,65.0,0.0,0.0,1.0,66.0,48.0,0.0,0.0,1.0,1.0,1.0,1.0,2023
Itariri,2,24.0,255.0,74.0,112.0,0.0,0.0,73.0,106.0,74.0,2.0,0.0,1.0,1.0,1.0,0.0,2023
Pedro de Toledo,2,32.0,604.0,0.0,378.0,0.0,0.0,5.0,358.0,224.0,17.0,0.0,0.0,1.0,1.0,0.0,2023
Cajati,2,36.0,630.0,0.0,447.0,0.0,0.0,9.0,419.0,200.0,2.0,0.0,0.0,1.0,1.0,1.0,2023
Cajati,2,48.0,1156.0,0.0,567.0,0.0,0.0,10.0,535.0,533.0,78.0,0.0,1.0,1.0,1.0,0.0,2023
Jacupiranga,2,42.0,684.0,0.0,0.0,0.0,0.0,0.0,11.0,581.0,92.0,0.0,0.0,1.0,1.0,0.0,2023
Pariquera-Açu,2,17.0,275.0,0.0,169.0,0.0,0.0,5.0,147.0,121.0,2.0,0.0,1.0,1.0,1.0,0.0,2023
Registro,2,22.0,340.0,0.0,340.0,0.0,0.0,5.0,317.0,18.0,0.0,0.0,1.0,1.0,1.0,0.0,2023
Registro,2,40.0,672.0,0.0,320.0,0.0,0.0,4.0,300.0,343.0,25.0,0.0,1.0,1.0,1.0,0.0,2023
Registro,2,19.0,234.0,0.0,144.0,0.0,0.0,3.0,132.0,93.0,6.0,0.0,1.0,1.0,1.0,1.0,2023
Registro,2,19.0,177.0,0.0,129.0,0.0,0.0,3.0,121.0,47.0,6.0,0.0,1.0,1.0,1.0,0.0,2023
Registro,2,26.0,489.0,0.0,489.0,0.0,0.0,6.0,462.0,21.0,0.0,0.0,1.0,1.0,1.0,0.0,2023
Registro,2,15.0,243.0,0.0,0.0,0.0,0.0,0.0,5.0,229.0,9.0,0.0,1.0,1.0,1.0,1.0,2023
Sete Barras,2,26.0,539.0,0.0,328.0,0.0,0.0,2.0,309.0,226.0,2.0,0.0,1.0,1.0,1.0,1.0,2023
Sete Barras,2,30.0,625.0,0.0,309.0,0.0,0.0,5.0,287.0,311.0,22.0,0.0,1.0,1.0,1.0,1.0,2023
Eldorado,2,32.0,535.0,0.0,535.0,0.0,0.0,12.0,490.0,33.0,0.0,0.0,1.0,1.0,1.0,1.0,2023
Eldorado,2,29.0,471.0,0.0,0.0,0.0,0.0,0.0,7.0,382.0,82.0,0.0,1.0,1.0,1.0,0.0,2023
Jacupiranga,2,26.0,406.0,0.0,406.0,0.0,0.0,7.0,368.0,31.0,0.0,0.0,1.0,1.0,1.0,0.0,2023
Cananéia,2,27.0,456.0,0.0,250.0,0.0,0.0,3.0,219.0,177.0,57.0,0.0,1.0,1.0,1.0,1.0,2023
Pariquera-Açu,2,19.0,298.0,0.0,0.0,0.0,0.0,0.0,10.0,272.0,16.0,0.0,1.0,1.0,1.0,0.0,2023
Eldorado,2,15.0,150.0,0.0,78.0,0.0,0.0,4.0,72.0,72.0,2.0,0.0,1.0,1.0,1.0,0.0,2023
Promissão,2,68.0,1696.0,0.0,559.0,0.0,0.0,14.0,542.0,920.0,220.0,0.0,1.0,1.0,1.0,1.0,2023
Itu,2,15.0,268.0,0.0,268.0,0.0,0.0,8.0,244.0,16.0,0.0,0.0,1.0,1.0,1.0,0.0,2023
Miracatu,2,16.0,140.0,0.0,71.0,0.0,0.0,0.0,67.0,66.0,7.0,0.0,1.0,1.0,1.0,0.0,2023
Pedro de Toledo,2,24.0,292.0,0.0,146.0,0.0,0.0,0.0,141.0,146.0,5.0,0.0,1.0,1.0,1.0,1.0,2023
Sete Barras,2,9.0,57.0,0.0,57.0,0.0,0.0,0.0,55.0,2.0,0.0,0.0,1.0,1.0,1.0,1.0,2023
Cajati,2,40.0,692.0,0.0,480.0,0.0,0.0,10.0,436.0,238.0,8.0,0.0,1.0,1.0,1.0,1.0,2023
Riversul,2,20.0,100.0,24.0,28.0,0.0,0.0,24.0,26.0,49.0,1.0,0.0,1.0,1.0,1.0,1.0,2023
Itapeva,2,18.0,163.0,0.0,0.0,0.0,0.0,0.0,0.0,150.0,13.0,0.0,1.0,1.0,1.0,1.0,2023
Itapeva,2,13.0,166.0,0.0,0.0,0.0,0.0,0.0,0.0,156.0,10.0,1.0,0.0,1.0,1.0,1.0,2023
São José dos Campos,2,14.0,228.0,0.0,0.0,0.0,0.0,0.0,3.0,214.0,11.0,0.0,1.0,1.0,1.0,0.0,2023
São José dos Campos,2,16.0,256.0,0.0,0.0,0.0,0.0,0.0,1.0,238.0,17.0,0.0,1.0,1.0,1.0,1.0,2023
São José dos Campos,2,31.0,455.0,90.0,228.0,0.0,0.0,84.0,203.0,157.0,11.0,0.0,0.0,1.0,1.0,0.0,2023
São José dos Campos,2,78.0,1497.0,439.0,355.0,0.0,0.0,410.0,347.0,688.0,52.0,0.0,1.0,1.0,1.0,1.0,2023
Embu-Guaçu,2,29.0,436.0,0.0,290.0,0.0,0.0,5.0,283.0,145.0,3.0,0.0,1.0,1.0,1.0,1.0,2023
Itapecerica da Serra,2,31.0,429.0,226.0,172.0,0.0,0.0,226.0,162.0,40.0,1.0,0.0,1.0,1.0,1.0,1.0,2023
Itapecerica da Serra,2,28.0,543.0,0.0,375.0,0.0,0.0,5.0,345.0,183.0,10.0,0.0,1.0,1.0,1.0,1.0,2023
Carapicuíba,2,45.0,1076.0,0.0,636.0,0.0,0.0,15.0,579.0,465.0,17.0,0.0,1.0,1.0,1.0,1.0,2023
Barueri,2,25.0,423.0,0.0,0.0,0.0,0.0,0.0,2.0,307.0,114.0,0.0,1.0,1.0,1.0,0.0,2023
Carapicuíba,2,65.0,1653.0,593.0,550.0,0.0,0.0,588.0,521.0,515.0,29.0,0.0,1.0,1.0,1.0,1.0,2023
Carapicuíba,2,26.0,546.0,546.0,0.0,0.0,1.0,524.0,21.0,0.0,0.0,0.0,1.0,1.0,0.0,1.0,2023
Carapicuíba,2,58.0,1373.0,1373.0,0.0,0.0,2.0,1347.0,24.0,0.0,0.0,0.0,1.0,1.0,1.0,0.0,2023
Cotia,2,25.0,488.0,0.0,0.0,0.0,0.0,0.0,20.0,453.0,15.0,0.0,1.0,1.0,1.0,0.0,2023
Cotia,2,,,,,,,,,,,,,,,,2023
Ferraz de Vasconcelos,2,37.0,772.0,0.0,438.0,0.0,0.0,0.0,403.0,344.0,25.0,0.0,1.0,1.0,1.0,1.0,2023
Suzano,2,100.0,2378.0,0.0,609.0,0.0,0.0,1.0,565.0,1398.0,414.0,0.0,1.0,1.0,1.0,1.0,2023
Poá,2,26.0,394.0,0.0,253.0,0.0,0.0,2.0,230.0,159.0,3.0,0.0,1.0,1.0,1.0,0.0,2023
Ferraz de Vasconcelos,2,46.0,872.0,0.0,513.0,0.0,0.0,3.0,469.0,358.0,42.0,0.0,0.0,1.0,1.0,1.0,2023
Mogi das Cruzes,2,41.0,816.0,0.0,554.0,0.0,0.0,2.0,496.0,303.0,15.0,0.0,0.0,1.0,1.0,0.0,2023
São Paulo,2,37.0,902.0,902.0,0.0,0.0,0.0,866.0,36.0,0.0,0.0,0.0,1.0,1.0,1.0,1.0,2023
São Paulo,2,62.0,1069.0,156.0,425.0,0.0,0.0,137.0,403.0,450.0,79.0,0.0,1.0,1.0,1.0,0.0,2023
São Paulo,2,68.0,1313.0,511.0,390.0,0.0,0.0,487.0,378.0,399.0,49.0,0.0,1.0,1.0,1.0,1.0,2023
São Paulo,2,57.0,1483.0,35.0,673.0,0.0,0.0,37.0,598.0,722.0,126.0,0.0,1.0,1.0,1.0,0.0,2023
São Paulo,2,52.0,988.0,0.0,624.0,0.0,0.0,0.0,582.0,379.0,27.0,0.0,1.0,1.0,1.0,1.0,2023
São Paulo,2,35.0,487.0,487.0,0.0,0.0,0.0,468.0,19.0,0.0,0.0,1.0,0.0,1.0,1.0,1.0,2023
São Paulo,2,41.0,1015.0,1015.0,0.0,0.0,0.0,939.0,75.0,1.0,0.0,0.0,0.0,1.0,1.0,0.0,2023
São Paulo,2,32.0,537.0,537.0,0.0,0.0,0.0,515.0,22.0,0.0,0.0,0.0,1.0,1.0,1.0,0.0,2023
São Paulo,2,69.0,1601.0,169.0,442.0,0.0,0.0,136.0,410.0,646.0,409.0,1.0,1.0,1.0,1.0,1.0,2023
Diadema,2,43.0,1288.0,0.0,521.0,0.0,0.0,5.0,512.0,693.0,78.0,0.0,0.0,1.0,1.0,0.0,2023
Santo André,2,80.0,1863.0,329.0,679.0,0.0,0.0,335.0,629.0,648.0,251.0,0.0,1.0,1.0,1.0,1.0,2023
Guarulhos,2,28.0,427.0,0.0,304.0,0.0,0.0,0.0,287.0,133.0,7.0,0.0,0.0,1.0,1.0,0.0,2023
Guarulhos,2,61.0,1782.0,0.0,778.0,0.0,0.0,0.0,725.0,962.0,95.0,0.0,1.0,1.0,0.0,0.0,2023
Guarulhos,2,31.0,426.0,68.0,238.0,0.0,0.0,54.0,238.0,122.0,12.0,0.0,1.0,1.0,1.0,1.0,2023
Bernardino de Campos,2,15.0,196.0,0.0,138.0,0.0,0.0,3.0,129.0,62.0,2.0,0.0,1.0,1.0,1.0,1.0,2023
São José do Rio Preto,2,12.0,233.0,0.0,0.0,0.0,0.0,0.0,0.0,216.0,17.0,0.0,1.0,1.0,1.0,1.0,2023
Barra Bonita,2,14.0,263.0,0.0,263.0,0.0,0.0,0.0,245.0,18.0,0.0,0.0,1.0,1.0,1.0,0.0,2023
Lençóis Paulista,2,29.0,330.0,0.0,219.0,0.0,0.0,1.0,190.0,89.0,50.0,0.0,1.0,1.0,1.0,0.0,2023
Caraguatatuba,2,14.0,170.0,0.0,0.0,0.0,0.0,0.0,1.0,163.0,6.0,0.0,1.0,1.0,1.0,1.0,2023
Caraguatatuba,2,46.0,1070.0,0.0,554.0,0.0,0.0,6.0,513.0,511.0,40.0,0.0,0.0,1.0,1.0,0.0,2023
Itanhaém,2,,,,,,,,,,,,,,,,2023
Campinas,2,9.0,131.0,131.0,0.0,0.0,0.0,129.0,2.0,0.0,0.0,0.0,1.0,1.0,1.0,1.0,2023
Mogi Mirim,2,14.0,256.0,0.0,256.0,0.0,0.0,0.0,241.0,15.0,0.0,0.0,1.0,1.0,1.0,1.0,2023
Mogi Guaçu,2,15.0,237.0,0.0,0.0,0.0,0.0,0.0,9.0,211.0,17.0,0.0,1.0,1.0,1.0,1.0,2023
Campinas,2,27.0,451.0,0.0,249.0,0.0,0.0,3.0,228.0,206.0,14.0,0.0,1.0,1.0,1.0,0.0,2023
Paulínia,2,40.0,830.0,0.0,549.0,0.0,0.0,2.0,500.0,307.0,21.0,0.0,1.0,1.0,1.0,1.0,2023
Sumaré,2,18.0,307.0,0.0,0.0,0.0,0.0,0.0,5.0,295.0,7.0,0.0,1.0,1.0,1.0,0.0,2023
Jundiaí,2,31.0,522.0,0.0,383.0,0.0,0.0,1.0,372.0,145.0,4.0,0.0,0.0,1.0,1.0,1.0,2023
Jundiaí,2,30.0,525.0,0.0,372.0,0.0,0.0,1.0,351.0,169.0,4.0,0.0,1.0,1.0,1.0,0.0,2023
Campo Limpo Paulista,2,29.0,541.0,0.0,296.0,0.0,0.0,4.0,282.0,232.0,23.0,0.0,1.0,1.0,1.0,0.0,2023
Jundiaí,2,37.0,702.0,0.0,470.0,0.0,0.0,0.0,442.0,256.0,4.0,0.0,0.0,1.0,1.0,0.0,2023
Campo Limpo Paulista,2,23.0,455.0,0.0,294.0,0.0,0.0,1.0,282.0,161.0,11.0,0.0,1.0,1.0,1.0,0.0,2023
Limeira,2,14.0,274.0,0.0,274.0,0.0,0.0,0.0,252.0,22.0,0.0,0.0,1.0,1.0,1.0,1.0,2023
Mongaguá,2,54.0,1722.0,0.0,0.0,0.0,0.0,0.0,20.0,1470.0,232.0,0.0,1.0,1.0,0.0,0.0,2023
Santa Isabel,2,20.0,357.0,0.0,240.0,0.0,0.0,3.0,218.0,125.0,11.0,0.0,1.0,1.0,1.0,0.0,2023
Guarulhos,2,51.0,1090.0,0.0,556.0,0.0,0.0,1.0,515.0,517.0,57.0,0.0,1.0,1.0,1.0,0.0,2023
Piedade,2,26.0,414.0,0.0,282.0,0.0,0.0,7.0,275.0,130.0,2.0,0.0,1.0,1.0,1.0,1.0,2023
Cabreúva,2,29.0,821.0,0.0,488.0,0.0,0.0,3.0,438.0,326.0,54.0,0.0,1.0,1.0,1.0,0.0,2023
Piedade,2,32.0,577.0,0.0,389.0,0.0,0.0,9.0,361.0,205.0,2.0,0.0,0.0,1.0,1.0,0.0,2023
Ilha Solteira,2,25.0,396.0,0.0,181.0,0.0,0.0,2.0,170.0,209.0,15.0,0.0,1.0,1.0,1.0,0.0,2023
Ribeirão Pires,2,23.0,372.0,129.0,140.0,0.0,2.0,126.0,134.0,104.0,6.0,0.0,1.0,1.0,1.0,0.0,2023
Santo André,2,35.0,932.0,0.0,434.0,0.0,0.0,10.0,404.0,448.0,70.0,0.0,1.0,1.0,1.0,0.0,2023
Marília,2,18.0,193.0,193.0,0.0,0.0,0.0,189.0,4.0,0.0,0.0,0.0,1.0,1.0,1.0,0.0,2023
São Paulo,2,37.0,852.0,462.0,390.0,0.0,0.0,437.0,372.0,43.0,0.0,0.0,1.0,1.0,1.0,1.0,2023
São Paulo,2,70.0,1526.0,399.0,376.0,0.0,0.0,370.0,366.0,577.0,213.0,1.0,1.0,1.0,1.0,0.0,2023
São Paulo,2,62.0,1351.0,0.0,640.0,0.0,0.0,1.0,577.0,606.0,167.0,1.0,1.0,1.0,1.0,0.0,2023
São Paulo,2,22.0,313.0,0.0,264.0,0.0,0.0,1.0,236.0,76.0,0.0,0.0,1.0,1.0,1.0,1.0,2023
Rio Claro,2,,,,,,,,,,,,,,,,2023
Águas de Lindóia,2,,,,,,,,,,,,,,,,2023
Pirassununga,2,28.0,401.0,0.0,269.0,0.0,0.0,3.0,256.0,136.0,6.0,0.0,1.0,1.0,1.0,0.0,2023
Jacareí,2,55.0,1361.0,0.0,325.0,0.0,0.0,1.0,296.0,1003.0,61.0,0.0,1.0,1.0,1.0,0.0,2023
Itaquaquecetuba,2,30.0,519.0,0.0,0.0,0.0,0.0,0.0,4.0,458.0,57.0,0.0,1.0,1.0,0.0,0.0,2023
Juquitiba,2,32.0,643.0,0.0,376.0,0.0,0.0,8.0,356.0,267.0,12.0,0.0,0.0,1.0,1.0,1.0,2023
Carapicuíba,2,44.0,1018.0,692.0,0.0,0.0,1.0,675.0,16.0,39.0,287.0,0.0,1.0,1.0,1.0,0.0,2023
Itapecerica da Serra,2,49.0,1039.0,0.0,431.0,0.0,0.0,8.0,403.0,380.0,248.0,0.0,1.0,1.0,1.0,0.0,2023
Embu das Artes,2,30.0,420.0,167.0,159.0,0.0,0.0,161.0,157.0,96.0,6.0,0.0,1.0,1.0,1.0,1.0,2023
São Carlos,2,18.0,307.0,307.0,0.0,0.0,0.0,299.0,8.0,0.0,0.0,0.0,1.0,1.0,1.0,1.0,2023
São Carlos,2,36.0,473.0,219.0,161.0,0.0,0.0,208.0,161.0,97.0,7.0,0.0,0.0,1.0,1.0,1.0,2023
São Paulo,2,66.0,1615.0,633.0,556.0,0.0,0.0,578.0,553.0,446.0,38.0,0.0,1.0,1.0,1.0,1.0,2023
São Paulo,2,49.0,948.0,0.0,366.0,0.0,0.0,2.0,331.0,547.0,68.0,0.0,1.0,1.0,1.0,0.0,2023
Hortolândia,2,51.0,1372.0,0.0,671.0,0.0,0.0,1.0,617.0,598.0,156.0,1.0,1.0,1.0,1.0,1.0,2023
Piracicaba,2,25.0,434.0,0.0,304.0,0.0,0.0,1.0,280.0,145.0,8.0,0.0,0.0,1.0,1.0,0.0,2023
São Paulo,2,22.0,401.0,401.0,0.0,0.0,0.0,387.0,14.0,0.0,0.0,0.0,1.0,1.0,1.0,1.0,2023
São Paulo,2,16.0,218.0,218.0,0.0,0.0,0.0,208.0,10.0,0.0,0.0,1.0,1.0,1.0,1.0,0.0,2023
São Paulo,2,51.0,1139.0,1139.0,0.0,0.0,0.0,1077.0,61.0,1.0,0.0,0.0,1.0,1.0,1.0,1.0,2023
São Paulo,2,55.0,1255.0,1255.0,0.0,0.0,0.0,1182.0,72.0,1.0,0.0,0.0,1.0,1.0,1.0,1.0,2023
Capão Bonito,2,,,,,,,,,,,,,,,,2023
Sorocaba,2,25.0,506.0,506.0,0.0,0.0,1.0,485.0,20.0,0.0,0.0,0.0,1.0,1.0,1.0,1.0,2023
Sorocaba,2,23.0,362.0,138.0,119.0,0.0,0.0,133.0,122.0,99.0,8.0,0.0,0.0,1.0,1.0,0.0,2023
Vargem Grande Paulista,2,40.0,950.0,0.0,431.0,0.0,0.0,7.0,407.0,491.0,45.0,0.0,1.0,1.0,1.0,1.0,2023
Cotia,2,31.0,552.0,0.0,398.0,0.0,0.0,5.0,380.0,163.0,4.0,0.0,0.0,1.0,1.0,0.0,2023
Guarulhos,2,24.0,379.0,0.0,0.0,0.0,0.0,0.0,1.0,364.0,14.0,0.0,1.0,1.0,1.0,1.0,2023
Guarulhos,2,33.0,711.0,711.0,0.0,0.0,0.0,683.0,28.0,0.0,0.0,0.0,1.0,1.0,1.0,0.0,2023
São Paulo,2,71.0,2017.0,939.0,540.0,0.0,0.0,835.0,589.0,462.0,131.0,0.0,1.0,1.0,1.0,0.0,2023
São Paulo,2,36.0,859.0,440.0,419.0,0.0,0.0,417.0,404.0,38.0,0.0,0.0,0.0,1.0,1.0,1.0,2023
São Paulo,2,57.0,1062.0,0.0,339.0,0.0,0.0,3.0,294.0,452.0,313.0,1.0,1.0,1.0,1.0,1.0,2023
São Paulo,2,90.0,1911.0,0.0,392.0,0.0,0.0,0.0,330.0,1110.0,471.0,0.0,1.0,1.0,1.0,0.0,2023
São Paulo,2,33.0,540.0,0.0,299.0,0.0,0.0,0.0,271.0,236.0,33.0,1.0,1.0,1.0,1.0,0.0,2023
São Paulo,2,43.0,882.0,0.0,533.0,0.0,0.0,4.0,496.0,364.0,18.0,0.0,1.0,1.0,1.0,0.0,2023
São Paulo,2,74.0,1734.0,546.0,401.0,0.0,0.0,515.0,401.0,603.0,215.0,0.0,1.0,1.0,0.0,0.0,2023
São Paulo,2,39.0,770.0,770.0,0.0,0.0,0.0,738.0,32.0,0.0,0.0,1.0,0.0,1.0,1.0,1.0,2023
São Paulo,2,26.0,510.0,0.0,510.0,0.0,0.0,1.0,479.0,30.0,0.0,0.0,0.0,1.0,1.0,0.0,2023
São Paulo,2,32.0,724.0,724.0,0.0,0.0,0.0,678.0,46.0,0.0,0.0,0.0,1.0,1.0,1.0,1.0,2023
São Paulo,2,18.0,259.0,259.0,0.0,0.0,0.0,246.0,13.0,0.0,0.0,0.0,1.0,1.0,1.0,0.0,2023
São Paulo,2,31.0,507.0,0.0,327.0,0.0,0.0,0.0,314.0,173.0,20.0,0.0,1.0,1.0,1.0,1.0,2023
São Paulo,2,44.0,1193.0,0.0,144.0,0.0,0.0,0.0,129.0,909.0,155.0,0.0,1.0,1.0,1.0,1.0,2023
Ribeirão Preto,2,18.0,286.0,286.0,0.0,0.0,0.0,265.0,21.0,0.0,0.0,0.0,1.0,1.0,1.0,0.0,2023
Franca,2,19.0,289.0,0.0,247.0,0.0,0.0,0.0,233.0,56.0,0.0,0.0,1.0,1.0,1.0,0.0,2023
Franca,2,12.0,250.0,250.0,0.0,0.0,0.0,239.0,11.0,0.0,0.0,0.0,1.0,1.0,1.0,0.0,2023
Barretos,2,17.0,372.0,0.0,372.0,0.0,0.0,1.0,355.0,16.0,0.0,0.0,0.0,1.0,1.0,1.0,2023
Alambari,2,27.0,470.0,0.0,319.0,0.0,0.0,9.0,306.0,151.0,4.0,0.0,0.0,1.0,1.0,1.0,2023
Peruíbe,2,26.0,584.0,0.0,281.0,0.0,0.0,0.0,256.0,302.0,26.0,0.0,1.0,1.0,1.0,0.0,2023
São Paulo,2,53.0,1118.0,0.0,417.0,0.0,0.0,0.0,388.0,662.0,68.0,0.0,1.0,1.0,1.0,1.0,2023
São Paulo,2,84.0,2259.0,661.0,568.0,0.0,0.0,623.0,535.0,931.0,170.0,0.0,1.0,1.0,1.0,1.0,2023
São Paulo,2,35.0,556.0,0.0,208.0,0.0,0.0,1.0,194.0,331.0,30.0,0.0,1.0,1.0,1.0,0.0,2023
São Paulo,2,21.0,349.0,349.0,0.0,0.0,0.0,342.0,7.0,0.0,0.0,0.0,1.0,1.0,1.0,0.0,2023
São Paulo,2,26.0,521.0,521.0,0.0,0.0,0.0,505.0,16.0,0.0,0.0,0.0,1.0,1.0,1.0,1.0,2023
São Paulo,2,41.0,891.0,485.0,406.0,0.0,0.0,453.0,390.0,48.0,0.0,0.0,0.0,1.0,1.0,1.0,2023
São Paulo,2,60.0,1324.0,0.0,411.0,0.0,0.0,1.0,368.0,684.0,271.0,0.0,1.0,1.0,1.0,0.0,2023
São Paulo,2,37.0,640.0,0.0,403.0,0.0,0.0,2.0,389.0,246.0,3.0,0.0,1.0,1.0,0.0,1.0,2023
São Paulo,2,18.0,348.0,0.0,0.0,0.0,0.0,0.0,2.0,325.0,21.0,0.0,1.0,1.0,1.0,1.0,2023
São Paulo,2,21.0,378.0,378.0,0.0,0.0,0.0,362.0,16.0,0.0,0.0,0.0,0.0,1.0,1.0,0.0,2023
São Paulo,2,35.0,682.0,682.0,0.0,0.0,0.0,643.0,37.0,1.0,1.0,0.0,1.0,1.0,1.0,0.0,2023
São Paulo,2,39.0,660.0,328.0,195.0,0.0,0.0,310.0,213.0,128.0,9.0,0.0,1.0,1.0,1.0,0.0,2023
São Paulo,2,56.0,1129.0,568.0,357.0,0.0,0.0,541.0,356.0,203.0,29.0,0.0,1.0,1.0,1.0,0.0,2023
São Paulo,2,50.0,1242.0,0.0,489.0,0.0,0.0,2.0,440.0,699.0,101.0,0.0,1.0,1.0,1.0,0.0,2023
São Paulo,2,47.0,927.0,0.0,625.0,0.0,0.0,0.0,581.0,323.0,23.0,0.0,1.0,1.0,1.0,0.0,2023
São Paulo,2,39.0,848.0,0.0,0.0,0.0,0.0,0.0,1.0,610.0,237.0,0.0,1.0,1.0,1.0,1.0,2023
Embu das Artes,2,48.0,1286.0,0.0,548.0,0.0,0.0,0.0,510.0,668.0,108.0,0.0,0.0,1.0,1.0,0.0,2023
Itapecerica da Serra,2,65.0,1688.0,0.0,766.0,0.0,0.0,8.0,727.0,884.0,69.0,0.0,1.0,1.0,1.0,0.0,2023
Campinas,2,14.0,278.0,278.0,0.0,0.0,0.0,272.0,6.0,0.0,0.0,0.0,1.0,1.0,1.0,0.0,2023
Ribeirão Preto,2,22.0,350.0,0.0,258.0,0.0,0.0,1.0,246.0,100.0,3.0,0.0,1.0,1.0,1.0,0.0,2023
Monte Aprazível,2,37.0,520.0,0.0,0.0,0.0,0.0,0.0,10.0,265.0,245.0,1.0,1.0,1.0,1.0,1.0,2023
Guaratinguetá,2,22.0,212.0,0.0,143.0,0.0,0.0,0.0,119.0,87.0,6.0,0.0,1.0,1.0,1.0,0.0,2023
Aparecida,2,,,,,,,,,,,,,,,,2023
Aparecida,2,,,,,,,,,,,,,,,,2023
Pindamonhangaba,2,12.0,139.0,0.0,139.0,0.0,0.0,1.0,136.0,2.0,0.0,0.0,1.0,1.0,1.0,1.0,2023
Guarujá,2,48.0,1499.0,0.0,457.0,0.0,0.0,0.0,439.0,961.0,99.0,0.0,1.0,1.0,1.0,0.0,2023
São Sebastião,2,35.0,592.0,0.0,0.0,0.0,0.0,0.0,8.0,422.0,162.0,0.0,0.0,1.0,1.0,0.0,2023
Praia Grande,2,72.0,1439.0,0.0,382.0,0.0,0.0,0.0,321.0,891.0,227.0,0.0,1.0,1.0,1.0,0.0,2023
Itanhaém,2,44.0,826.0,0.0,268.0,0.0,0.0,0.0,231.0,547.0,48.0,0.0,1.0,1.0,1.0,0.0,2023
Santo André,2,22.0,440.0,0.0,303.0,0.0,0.0,5.0,272.0,147.0,16.0,0.0,1.0,1.0,1.0,0.0,2023
Rio Grande da Serra,2,24.0,450.0,205.0,148.0,0.0,2.0,200.0,137.0,106.0,5.0,0.0,1.0,1.0,1.0,0.0,2023
Diadema,2,43.0,1110.0,0.0,554.0,0.0,0.0,13.0,537.0,539.0,21.0,0.0,1.0,1.0,1.0,1.0,2023
Mauá,2,31.0,535.0,278.0,257.0,0.0,4.0,273.0,242.0,16.0,0.0,0.0,1.0,1.0,1.0,0.0,2023
Mauá,2,30.0,506.0,506.0,0.0,0.0,1.0,498.0,6.0,1.0,0.0,0.0,0.0,1.0,0.0,0.0,2023
Mauá,2,69.0,2559.0,0.0,992.0,0.0,0.0,11.0,977.0,1495.0,76.0,0.0,1.0,1.0,1.0,1.0,2023
Mauá,2,55.0,1195.0,0.0,557.0,0.0,0.0,7.0,524.0,627.0,37.0,0.0,1.0,1.0,1.0,1.0,2023
São Paulo,2,18.0,361.0,361.0,0.0,0.0,0.0,349.0,12.0,0.0,0.0,0.0,1.0,1.0,1.0,0.0,2023
São Paulo,2,41.0,896.0,0.0,415.0,0.0,0.0,2.0,382.0,474.0,38.0,0.0,1.0,1.0,1.0,1.0,2023
São Paulo,2,70.0,2050.0,532.0,606.0,0.0,0.0,500.0,574.0,852.0,124.0,0.0,1.0,1.0,0.0,1.0,2023
São Paulo,2,28.0,546.0,546.0,0.0,0.0,0.0,517.0,29.0,0.0,0.0,0.0,1.0,1.0,1.0,0.0,2023
São Paulo,2,44.0,845.0,0.0,413.0,0.0,0.0,0.0,379.0,438.0,28.0,0.0,1.0,1.0,1.0,0.0,2023
São Paulo,2,57.0,1874.0,466.0,426.0,0.0,0.0,442.0,409.0,882.0,141.0,0.0,1.0,1.0,1.0,0.0,2023
São Paulo,2,24.0,523.0,260.0,263.0,0.0,0.0,249.0,253.0,21.0,0.0,0.0,1.0,1.0,1.0,1.0,2023
São Paulo,2,34.0,737.0,737.0,0.0,0.0,0.0,694.0,43.0,0.0,0.0,0.0,1.0,1.0,1.0,0.0,2023
São Paulo,2,37.0,886.0,886.0,0.0,0.0,0.0,835.0,51.0,0.0,0.0,0.0,1.0,1.0,1.0,1.0,2023
São Paulo,2,39.0,685.0,0.0,140.0,0.0,0.0,0.0,125.0,493.0,67.0,0.0,1.0,1.0,1.0,1.0,2023
São Paulo,2,47.0,1056.0,0.0,220.0,0.0,0.0,0.0,200.0,613.0,243.0,0.0,1.0,1.0,1.0,1.0,2023
São Paulo,2,42.0,1028.0,0.0,284.0,0.0,0.0,1.0,258.0,704.0,65.0,0.0,1.0,1.0,1.0,1.0,2023
São Paulo,2,32.0,588.0,0.0,388.0,0.0,0.0,1.0,359.0,212.0,16.0,0.0,1.0,1.0,1.0,1.0,2023
São Paulo,2,69.0,1342.0,442.0,389.0,0.0,0.0,408.0,391.0,360.0,183.0,0.0,1.0,1.0,1.0,0.0,2023
São Paulo,2,67.0,1935.0,697.0,596.0,0.0,0.0,649.0,597.0,613.0,76.0,0.0,1.0,1.0,1.0,1.0,2023
Arujá,2,,,,,,,,,,,,,,,,2023
Guarulhos,2,38.0,678.0,0.0,678.0,0.0,0.0,2.0,647.0,29.0,0.0,0.0,1.0,1.0,1.0,0.0,2023
Guarulhos,2,51.0,1042.0,0.0,780.0,0.0,0.0,2.0,726.0,51.0,263.0,0.0,1.0,1.0,1.0,1.0,2023
Guarulhos,2,25.0,391.0,391.0,0.0,0.0,0.0,373.0,18.0,0.0,0.0,0.0,1.0,1.0,1.0,0.0,2023
Embu das Artes,2,59.0,1431.0,440.0,408.0,0.0,0.0,424.0,383.0,444.0,180.0,0.0,1.0,1.0,1.0,1.0,2023
Embu das Artes,2,29.0,457.0,0.0,281.0,0.0,0.0,2.0,260.0,185.0,10.0,0.0,1.0,1.0,1.0,0.0,2023
Salto,2,21.0,360.0,360.0,0.0,0.0,0.0,350.0,10.0,0.0,0.0,0.0,1.0,1.0,1.0,1.0,2023
São Vicente,2,37.0,550.0,54.0,228.0,0.0,0.0,43.0,209.0,249.0,49.0,0.0,1.0,1.0,0.0,0.0,2023
São Paulo,2,28.0,814.0,814.0,0.0,0.0,0.0,782.0,32.0,0.0,0.0,0.0,1.0,1.0,1.0,0.0,2023
São Paulo,2,26.0,596.0,596.0,0.0,0.0,0.0,585.0,11.0,0.0,0.0,0.0,1.0,1.0,1.0,0.0,2023
São Paulo,2,69.0,2060.0,1139.0,0.0,0.0,0.0,1069.0,70.0,574.0,347.0,0.0,1.0,1.0,1.0,1.0,2023
São Paulo,2,55.0,1224.0,427.0,265.0,0.0,0.0,405.0,277.0,439.0,103.0,0.0,0.0,1.0,1.0,1.0,2023
São Paulo,2,75.0,1848.0,0.0,844.0,0.0,0.0,1.0,778.0,902.0,167.0,0.0,1.0,1.0,1.0,1.0,2023
Guarulhos,2,32.0,562.0,562.0,0.0,0.0,0.0,534.0,28.0,0.0,0.0,0.0,1.0,1.0,1.0,0.0,2023
São Paulo,2,21.0,385.0,0.0,385.0,0.0,0.0,4.0,355.0,26.0,0.0,1.0,0.0,1.0,1.0,0.0,2023
São Paulo,2,31.0,596.0,0.0,443.0,0.0,0.0,0.0,404.0,172.0,20.0,0.0,0.0,1.0,1.0,1.0,2023
São Paulo,2,25.0,421.0,421.0,0.0,0.0,0.0,405.0,16.0,0.0,0.0,0.0,0.0,1.0,1.0,0.0,2023
São Paulo,2,53.0,911.0,0.0,410.0,0.0,0.0,1.0,375.0,497.0,38.0,0.0,1.0,1.0,1.0,0.0,2023
São Paulo,2,39.0,904.0,904.0,0.0,0.0,0.0,835.0,69.0,0.0,0.0,0.0,1.0,1.0,1.0,0.0,2023
São Paulo,2,25.0,505.0,0.0,284.0,0.0,0.0,0.0,275.0,217.0,13.0,0.0,1.0,1.0,1.0,1.0,2023
São Paulo,2,55.0,1285.0,0.0,384.0,0.0,0.0,1.0,349.0,659.0,276.0,0.0,1.0,1.0,1.0,1.0,2023
São Paulo,2,17.0,359.0,0.0,0.0,0.0,0.0,0.0,4.0,343.0,12.0,0.0,1.0,1.0,0.0,1.0,2023
São Paulo,2,35.0,768.0,768.0,0.0,0.0,0.0,738.0,30.0,0.0,0.0,0.0,1.0,1.0,0.0,0.0,2023
São Paulo,2,36.0,771.0,771.0,0.0,0.0,0.0,738.0,33.0,0.0,0.0,0.0,0.0,1.0,1.0,1.0,2023
São Paulo,2,25.0,489.0,489.0,0.0,0.0,0.0,474.0,15.0,0.0,0.0,0.0,1.0,1.0,1.0,0.0,2023
São Paulo,2,27.0,486.0,486.0,0.0,0.0,0.0,480.0,6.0,0.0,0.0,0.0,0.0,1.0,1.0,0.0,2023
São Paulo,2,26.0,537.0,537.0,0.0,0.0,0.0,516.0,21.0,0.0,0.0,1.0,1.0,1.0,1.0,1.0,2023
São Paulo,2,21.0,374.0,374.0,0.0,0.0,0.0,361.0,13.0,0.0,0.0,0.0,1.0,1.0,1.0,0.0,2023
São Paulo,2,58.0,1192.0,0.0,407.0,0.0,0.0,1.0,372.0,492.0,327.0,1.0,1.0,1.0,1.0,0.0,2023
São Paulo,2,47.0,1262.0,0.0,520.0,0.0,0.0,0.0,469.0,673.0,120.0,0.0,1.0,1.0,1.0,1.0,2023
São Paulo,2,24.0,417.0,417.0,0.0,0.0,0.0,404.0,13.0,0.0,0.0,0.0,1.0,1.0,1.0,1.0,2023
São Paulo,2,39.0,790.0,790.0,0.0,0.0,0.0,761.0,29.0,0.0,0.0,0.0,1.0,1.0,1.0,1.0,2023
São José dos Campos,2,50.0,1499.0,430.0,430.0,0.0,0.0,407.0,419.0,593.0,80.0,0.0,1.0,1.0,1.0,1.0,2023
São José dos Campos,2,43.0,838.0,352.0,297.0,0.0,0.0,336.0,286.0,197.0,19.0,0.0,1.0,1.0,1.0,1.0,2023
São Luiz do Paraitinga,2,27.0,443.0,0.0,0.0,0.0,0.0,0.0,12.0,413.0,18.0,0.0,1.0,1.0,1.0,1.0,2023
Taubaté,2,33.0,385.0,0.0,0.0,0.0,0.0,0.0,7.0,309.0,69.0,0.0,1.0,1.0,1.0,0.0,2023
Tremembé,2,14.0,178.0,0.0,0.0,0.0,0.0,0.0,8.0,160.0,10.0,0.0,1.0,1.0,1.0,1.0,2023
Americana,2,12.0,215.0,215.0,0.0,0.0,1.0,214.0,0.0,0.0,0.0,0.0,1.0,1.0,1.0,0.0,2023
Santa Bárbara d'Oeste,2,31.0,530.0,0.0,411.0,0.0,0.0,8.0,393.0,121.0,8.0,0.0,1.0,1.0,1.0,1.0,2023
Sumaré,2,32.0,653.0,424.0,229.0,0.0,0.0,425.0,221.0,7.0,0.0,0.0,0.0,1.0,1.0,0.0,2023
Hortolândia,2,,,,,,,,,,,,,,,,2023
Campinas,2,19.0,332.0,0.0,332.0,0.0,0.0,0.0,307.0,25.0,0.0,0.0,1.0,1.0,1.0,0.0,2023
Piracicaba,2,31.0,619.0,0.0,345.0,0.0,0.0,1.0,325.0,277.0,16.0,0.0,1.0,1.0,1.0,0.0,2023
Piracicaba,2,29.0,513.0,0.0,346.0,0.0,0.0,1.0,320.0,187.0,5.0,0.0,0.0,1.0,1.0,0.0,2023
Bauru,2,23.0,401.0,218.0,183.0,0.0,2.0,214.0,180.0,5.0,0.0,0.0,1.0,1.0,1.0,0.0,2023
Pederneiras,2,18.0,268.0,0.0,178.0,0.0,0.0,1.0,171.0,94.0,2.0,0.0,1.0,1.0,1.0,0.0,2023
Lençóis Paulista,2,43.0,990.0,0.0,252.0,0.0,0.0,0.0,213.0,664.0,113.0,0.0,1.0,1.0,1.0,0.0,2023
Espírito Santo do Turvo,2,31.0,376.0,0.0,234.0,0.0,0.0,0.0,221.0,139.0,16.0,0.0,1.0,1.0,1.0,0.0,2023
São Paulo,2,65.0,1959.0,0.0,582.0,0.0,0.0,1.0,540.0,1204.0,214.0,0.0,1.0,1.0,1.0,0.0,2023
São Paulo,2,29.0,653.0,653.0,0.0,0.0,0.0,637.0,16.0,0.0,0.0,0.0,1.0,1.0,1.0,1.0,2023
São Paulo,2,44.0,922.0,922.0,0.0,0.0,0.0,872.0,50.0,0.0,0.0,0.0,1.0,1.0,0.0,1.0,2023
São Paulo,2,43.0,855.0,423.0,432.0,0.0,0.0,404.0,405.0,45.0,1.0,0.0,1.0,1.0,0.0,1.0,2023
São Paulo,2,26.0,587.0,255.0,332.0,0.0,0.0,241.0,325.0,21.0,0.0,0.0,1.0,1.0,1.0,0.0,2023
São Paulo,2,64.0,1488.0,485.0,525.0,0.0,0.0,443.0,485.0,467.0,93.0,0.0,1.0,1.0,1.0,1.0,2023
São Paulo,2,20.0,522.0,522.0,0.0,0.0,0.0,500.0,21.0,0.0,1.0,0.0,1.0,1.0,1.0,1.0,2023
São Paulo,2,29.0,986.0,0.0,0.0,0.0,0.0,0.0,6.0,902.0,78.0,0.0,1.0,1.0,1.0,1.0,2023
São Paulo,2,18.0,288.0,0.0,288.0,0.0,0.0,2.0,268.0,18.0,0.0,0.0,1.0,1.0,1.0,1.0,2023
São Paulo,2,27.0,571.0,571.0,0.0,0.0,0.0,545.0,26.0,0.0,0.0,0.0,1.0,1.0,1.0,0.0,2023
São Paulo,2,19.0,335.0,335.0,0.0,0.0,0.0,322.0,13.0,0.0,0.0,0.0,0.0,1.0,1.0,0.0,2023
São Paulo,2,29.0,418.0,0.0,335.0,0.0,0.0,1.0,317.0,94.0,6.0,0.0,1.0,1.0,1.0,0.0,2023
São Paulo,2,46.0,940.0,940.0,0.0,0.0,0.0,888.0,52.0,0.0,0.0,0.0,1.0,1.0,1.0,0.0,2023
São Paulo,2,42.0,813.0,0.0,550.0,0.0,0.0,0.0,496.0,287.0,30.0,0.0,1.0,1.0,1.0,0.0,2023
São Paulo,2,23.0,564.0,564.0,0.0,0.0,0.0,550.0,14.0,0.0,0.0,0.0,1.0,1.0,1.0,1.0,2023
São Paulo,2,90.0,2970.0,692.0,844.0,0.0,0.0,664.0,791.0,1312.0,203.0,0.0,1.0,1.0,1.0,1.0,2023
São Paulo,2,40.0,537.0,217.0,215.0,0.0,0.0,206.0,206.0,114.0,11.0,0.0,1.0,1.0,1.0,1.0,2023
São Paulo,2,31.0,601.0,54.0,206.0,0.0,0.0,46.0,192.0,327.0,36.0,0.0,1.0,1.0,1.0,1.0,2023
São Paulo,2,52.0,1020.0,360.0,446.0,0.0,0.0,332.0,418.0,238.0,32.0,0.0,0.0,1.0,1.0,1.0,2023
São Paulo,2,75.0,1768.0,0.0,0.0,0.0,0.0,0.0,7.0,1579.0,182.0,0.0,1.0,1.0,1.0,0.0,2023
São Paulo,2,72.0,1971.0,661.0,486.0,0.0,0.0,611.0,454.0,829.0,77.0,0.0,1.0,1.0,1.0,1.0,2023
São Paulo,2,24.0,374.0,0.0,288.0,0.0,0.0,0.0,259.0,107.0,8.0,0.0,1.0,1.0,1.0,0.0,2023
Caieiras,2,36.0,675.0,0.0,506.0,0.0,0.0,10.0,483.0,13.0,169.0,0.0,1.0,1.0,0.0,0.0,2023
Cajamar,2,43.0,1362.0,0.0,124.0,0.0,0.0,0.0,126.0,1096.0,140.0,0.0,1.0,1.0,1.0,0.0,2023
Francisco Morato,2,73.0,2179.0,0.0,1041.0,0.0,0.0,18.0,990.0,1085.0,86.0,0.0,1.0,1.0,1.0,0.0,2023
Franco da Rocha,2,,,,,,,,,,,,,,,,2023
Guarulhos,2,41.0,764.0,0.0,500.0,0.0,0.0,0.0,473.0,266.0,25.0,0.0,0.0,1.0,1.0,0.0,2023
Guarulhos,2,53.0,1053.0,0.0,574.0,0.0,0.0,2.0,481.0,475.0,95.0,1.0,1.0,1.0,1.0,1.0,2023
Santa Isabel,2,24.0,349.0,0.0,173.0,0.0,0.0,3.0,159.0,175.0,12.0,0.0,0.0,1.0,1.0,0.0,2023
Guararema,2,30.0,594.0,0.0,391.0,0.0,0.0,10.0,368.0,208.0,8.0,0.0,1.0,1.0,1.0,1.0,2023
Itaquaquecetuba,2,,,,,,,,,,,,,,,,2023
Itaquaquecetuba,2,50.0,754.0,138.0,318.0,0.0,0.0,142.0,305.0,301.0,6.0,0.0,1.0,1.0,1.0,0.0,2023
Diadema,2,,,,,,,,,,,,,,,,2023
Diadema,2,,,,,,,,,,,,,,,,2023
Mauá,2,63.0,1355.0,0.0,588.0,0.0,0.0,12.0,583.0,750.0,10.0,1.0,1.0,1.0,1.0,1.0,2023
Mauá,2,26.0,638.0,638.0,0.0,0.0,0.0,633.0,5.0,0.0,0.0,0.0,0.0,1.0,1.0,0.0,2023
Ribeirão Pires,2,19.0,324.0,154.0,170.0,0.0,1.0,158.0,164.0,1.0,0.0,1.0,1.0,1.0,1.0,1.0,2023
São Bernardo do Campo,2,44.0,1037.0,0.0,436.0,0.0,0.0,0.0,382.0,472.0,183.0,0.0,1.0,1.0,1.0,0.0,2023
Carapicuíba,2,25.0,528.0,528.0,0.0,0.0,2.0,524.0,2.0,0.0,0.0,0.0,0.0,1.0,1.0,0.0,2023
Carapicuíba,2,44.0,862.0,0.0,555.0,0.0,0.0,4.0,511.0,336.0,11.0,0.0,1.0,1.0,1.0,1.0,2023
Carapicuíba,2,49.0,1017.0,688.0,107.0,0.0,2.0,669.0,124.0,12.0,210.0,0.0,1.0,1.0,1.0,1.0,2023
Carapicuíba,2,36.0,664.0,283.0,381.0,0.0,1.0,281.0,355.0,27.0,0.0,0.0,0.0,1.0,1.0,1.0,2023
Embu das Artes,2,39.0,724.0,0.0,469.0,0.0,0.0,3.0,438.0,258.0,25.0,0.0,1.0,1.0,1.0,0.0,2023
Embu das Artes,2,44.0,1056.0,483.0,378.0,0.0,0.0,468.0,361.0,208.0,19.0,0.0,1.0,1.0,1.0,1.0,2023
Taboão da Serra,2,,,,,,,,,,,,,,,,2023
Osasco,2,22.0,468.0,0.0,0.0,0.0,0.0,0.0,2.0,443.0,23.0,0.0,1.0,1.0,1.0,1.0,2023
Osasco,2,34.0,808.0,0.0,520.0,0.0,0.0,0.0,483.0,307.0,18.0,0.0,1.0,1.0,1.0,1.0,2023
Osasco,2,20.0,261.0,0.0,261.0,0.0,0.0,1.0,244.0,16.0,0.0,0.0,1.0,1.0,1.0,0.0,2023
Osasco,2,70.0,1859.0,0.0,703.0,0.0,0.0,0.0,647.0,893.0,319.0,0.0,1.0,1.0,1.0,1.0,2023
Osasco,2,26.0,499.0,0.0,499.0,0.0,0.0,4.0,467.0,28.0,0.0,0.0,1.0,1.0,1.0,1.0,2023
Ubatuba,2,26.0,396.0,0.0,244.0,0.0,0.0,4.0,230.0,152.0,10.0,0.0,0.0,1.0,1.0,1.0,2023
Ubatuba,2,36.0,775.0,0.0,283.0,0.0,0.0,1.0,256.0,486.0,32.0,0.0,1.0,1.0,1.0,0.0,2023
Guarujá,2,74.0,2405.0,0.0,551.0,0.0,0.0,3.0,520.0,1719.0,163.0,0.0,1.0,1.0,1.0,0.0,2023
Santos,2,106.0,1429.0,0.0,0.0,0.0,0.0,0.0,14.0,730.0,685.0,1.0,1.0,1.0,1.0,0.0,2023
Santos,2,49.0,1234.0,170.0,350.0,0.0,0.0,162.0,331.0,630.0,111.0,0.0,1.0,1.0,1.0,0.0,2023
Peruíbe,2,51.0,1153.0,0.0,312.0,0.0,0.0,2.0,284.0,628.0,239.0,0.0,1.0,1.0,1.0,0.0,2023
São Vicente,2,60.0,1488.0,0.0,486.0,0.0,0.0,1.0,428.0,918.0,141.0,0.0,1.0,1.0,1.0,1.0,2023
Apiaí,2,29.0,397.0,114.0,214.0,0.0,0.0,119.0,203.0,71.0,4.0,0.0,0.0,1.0,1.0,0.0,2023
Apiaí,2,29.0,302.0,66.0,136.0,0.0,0.0,70.0,127.0,63.0,42.0,0.0,0.0,1.0,1.0,0.0,2023
Ribeirão Branco,2,20.0,251.0,0.0,152.0,0.0,0.0,6.0,142.0,100.0,3.0,0.0,0.0,1.0,1.0,0.0,2023
Avaré,2,31.0,584.0,0.0,290.0,0.0,0.0,1.0,279.0,287.0,17.0,0.0,0.0,1.0,1.0,1.0,2023
São Miguel Arcanjo,2,26.0,312.0,0.0,220.0,0.0,0.0,9.0,203.0,96.0,4.0,0.0,1.0,1.0,0.0,0.0,2023
Itu,2,41.0,819.0,0.0,412.0,0.0,0.0,10.0,374.0,406.0,29.0,0.0,1.0,1.0,1.0,0.0,2023
Sorocaba,2,39.0,650.0,0.0,316.0,0.0,0.0,4.0,297.0,157.0,192.0,0.0,1.0,1.0,1.0,1.0,2023
Mogi Guaçu,2,23.0,331.0,0.0,219.0,0.0,0.0,1.0,209.0,111.0,10.0,0.0,1.0,1.0,1.0,0.0,2023
Araraquara,2,28.0,526.0,0.0,358.0,0.0,0.0,0.0,350.0,170.0,6.0,0.0,1.0,1.0,1.0,0.0,2023
Franca,2,19.0,268.0,0.0,203.0,0.0,0.0,0.0,192.0,72.0,4.0,0.0,1.0,1.0,1.0,0.0,2023
São Carlos,2,22.0,430.0,430.0,0.0,0.0,0.0,417.0,13.0,0.0,0.0,0.0,1.0,1.0,1.0,1.0,2023
São José do Rio Preto,2,,,,,,,,,,,,,,,,2023
Iguape,2,26.0,226.0,95.0,79.0,0.0,0.0,91.0,81.0,52.0,2.0,0.0,0.0,1.0,1.0,0.0,2023
Juquiá,2,,,,,,,,,,,,,,,,2023
São Paulo,2,29.0,603.0,603.0,0.0,0.0,0.0,576.0,27.0,0.0,0.0,0.0,1.0,1.0,1.0,0.0,2023
São Paulo,2,19.0,327.0,327.0,0.0,0.0,0.0,309.0,18.0,0.0,0.0,0.0,1.0,1.0,1.0,0.0,2023
São Paulo,2,15.0,264.0,264.0,0.0,0.0,0.0,249.0,15.0,0.0,0.0,0.0,1.0,1.0,1.0,1.0,2023
São Paulo,2,80.0,1919.0,0.0,611.0,0.0,0.0,1.0,576.0,1164.0,178.0,0.0,1.0,1.0,1.0,0.0,2023
São Paulo,2,24.0,450.0,450.0,0.0,0.0,0.0,437.0,13.0,0.0,0.0,0.0,1.0,1.0,1.0,1.0,2023
São Paulo,2,33.0,626.0,0.0,393.0,0.0,0.0,1.0,366.0,238.0,21.0,0.0,1.0,1.0,1.0,1.0,2023
São Paulo,2,62.0,1810.0,0.0,805.0,0.0,0.0,0.0,727.0,909.0,174.0,0.0,1.0,1.0,1.0,0.0,2023
São Paulo,2,32.0,781.0,0.0,325.0,0.0,0.0,0.0,306.0,423.0,52.0,0.0,1.0,1.0,1.0,1.0,2023
Guarulhos,2,39.0,753.0,0.0,753.0,0.0,0.0,2.0,716.0,35.0,0.0,0.0,1.0,1.0,1.0,0.0,2023
Osasco,2,45.0,728.0,0.0,256.0,0.0,0.0,0.0,226.0,248.0,254.0,0.0,0.0,1.0,1.0,1.0,2023
Mogi Guaçu,2,36.0,437.0,0.0,132.0,0.0,0.0,2.0,128.0,211.0,96.0,0.0,1.0,1.0,1.0,0.0,2023
São Paulo,2,31.0,686.0,686.0,0.0,0.0,0.0,656.0,30.0,0.0,0.0,0.0,1.0,1.0,1.0,0.0,2023
São Paulo,2,30.0,773.0,773.0,0.0,0.0,0.0,736.0,37.0,0.0,0.0,0.0,1.0,1.0,1.0,1.0,2023
São Paulo,2,29.0,565.0,565.0,0.0,0.0,0.0,545.0,20.0,0.0,0.0,0.0,0.0,1.0,1.0,0.0,2023
São Paulo,2,63.0,1566.0,230.0,538.0,0.0,0.0,199.0,517.0,724.0,126.0,0.0,1.0,1.0,1.0,1.0,2023
São Paulo,2,60.0,1460.0,475.0,455.0,0.0,0.0,439.0,435.0,532.0,54.0,0.0,1.0,1.0,1.0,0.0,2023
São Paulo,2,30.0,455.0,0.0,306.0,0.0,0.0,1.0,290.0,154.0,10.0,0.0,1.0,1.0,1.0,1.0,2023
São Paulo,2,35.0,761.0,761.0,0.0,0.0,0.0,713.0,47.0,1.0,0.0,0.0,1.0,1.0,1.0,1.0,2023
São Paulo,2,71.0,2022.0,0.0,590.0,0.0,0.0,1.0,527.0,1310.0,184.0,0.0,1.0,1.0,1.0,1.0,2023
São Paulo,2,21.0,489.0,0.0,0.0,0.0,0.0,0.0,6.0,458.0,25.0,1.0,1.0,1.0,1.0,1.0,2023
São Paulo,2,26.0,670.0,670.0,0.0,0.0,0.0,651.0,19.0,0.0,0.0,0.0,1.0,1.0,1.0,0.0,2023
São Paulo,2,44.0,1005.0,66.0,488.0,0.0,0.0,52.0,463.0,451.0,39.0,1.0,1.0,1.0,1.0,1.0,2023
Diadema,2,44.0,775.0,0.0,476.0,0.0,0.0,7.0,452.0,299.0,17.0,0.0,1.0,1.0,1.0,0.0,2023
Santa Bárbara d'Oeste,2,49.0,1034.0,0.0,376.0,0.0,0.0,3.0,366.0,635.0,30.0,0.0,1.0,1.0,1.0,0.0,2023
São Paulo,2,21.0,286.0,139.0,88.0,0.0,0.0,133.0,88.0,56.0,9.0,0.0,1.0,1.0,1.0,1.0,2023
São Paulo,2,41.0,867.0,867.0,0.0,0.0,0.0,835.0,32.0,0.0,0.0,0.0,1.0,1.0,1.0,0.0,2023
São Paulo,2,44.0,673.0,0.0,368.0,0.0,0.0,0.0,316.0,324.0,33.0,0.0,1.0,1.0,1.0,0.0,2023
São Paulo,2,35.0,735.0,735.0,0.0,0.0,0.0,691.0,44.0,0.0,0.0,0.0,1.0,1.0,1.0,0.0,2023
São Paulo,2,42.0,870.0,274.0,264.0,0.0,0.0,255.0,258.0,315.0,42.0,0.0,0.0,1.0,1.0,0.0,2023
São Paulo,2,28.0,525.0,195.0,192.0,0.0,0.0,184.0,187.0,137.0,17.0,0.0,1.0,1.0,1.0,1.0,2023
São Paulo,2,35.0,824.0,824.0,0.0,0.0,0.0,784.0,40.0,0.0,0.0,0.0,1.0,1.0,1.0,1.0,2023
Franco da Rocha,2,,,,,,,,,,,,,,,,2023
Mairiporã,2,34.0,674.0,0.0,336.0,0.0,0.0,6.0,313.0,315.0,40.0,0.0,1.0,1.0,1.0,0.0,2023
Arujá,2,25.0,432.0,0.0,248.0,0.0,0.0,4.0,229.0,194.0,5.0,0.0,1.0,1.0,1.0,0.0,2023
Guarulhos,2,15.0,190.0,190.0,0.0,0.0,0.0,180.0,9.0,1.0,0.0,0.0,0.0,1.0,1.0,0.0,2023
Diadema,2,23.0,394.0,394.0,0.0,0.0,1.0,388.0,5.0,0.0,0.0,0.0,0.0,1.0,1.0,1.0,2023
Diadema,2,41.0,875.0,628.0,0.0,0.0,3.0,614.0,11.0,0.0,247.0,0.0,1.0,1.0,1.0,0.0,2023
Diadema,2,22.0,416.0,416.0,0.0,0.0,0.0,398.0,18.0,0.0,0.0,0.0,0.0,1.0,1.0,0.0,2023
São Bernardo do Campo,2,25.0,338.0,0.0,254.0,0.0,0.0,2.0,237.0,93.0,6.0,0.0,1.0,1.0,1.0,1.0,2023
Caraguatatuba,2,22.0,300.0,0.0,213.0,0.0,0.0,3.0,200.0,97.0,0.0,0.0,0.0,1.0,1.0,1.0,2023
Jacareí,2,23.0,296.0,0.0,215.0,0.0,0.0,1.0,198.0,92.0,5.0,0.0,0.0,1.0,1.0,0.0,2023
Jacareí,2,,,,,,,,,,,,,,,,2023
Jacareí,2,,,,,,,,,,,,,,,,2023
Jacareí,2,,,,,,,,,,,,,,,,2023
Jacareí,2,33.0,386.0,0.0,262.0,0.0,0.0,0.0,238.0,129.0,19.0,0.0,1.0,1.0,1.0,1.0,2023
São José dos Campos,2,41.0,819.0,230.0,298.0,0.0,0.0,218.0,295.0,292.0,14.0,0.0,1.0,1.0,1.0,1.0,2023
Jacareí,2,18.0,210.0,0.0,158.0,0.0,0.0,0.0,146.0,62.0,2.0,0.0,1.0,1.0,0.0,0.0,2023
Taubaté,2,17.0,296.0,0.0,0.0,0.0,0.0,0.0,5.0,282.0,9.0,0.0,0.0,1.0,1.0,1.0,2023
Caçapava,2,26.0,356.0,0.0,230.0,0.0,0.0,5.0,218.0,123.0,10.0,0.0,0.0,1.0,1.0,1.0,2023
São Manuel,2,25.0,392.0,0.0,296.0,0.0,0.0,3.0,290.0,95.0,4.0,0.0,0.0,1.0,1.0,0.0,2023
Pratânia,2,37.0,631.0,0.0,329.0,0.0,0.0,3.0,314.0,289.0,25.0,0.0,0.0,1.0,1.0,0.0,2023
Itaberá,2,33.0,333.0,0.0,223.0,0.0,0.0,5.0,222.0,105.0,1.0,0.0,1.0,1.0,1.0,0.0,2023
Taquarivaí,2,20.0,268.0,0.0,0.0,0.0,0.0,0.0,8.0,231.0,29.0,0.0,1.0,1.0,1.0,1.0,2023
Cabreúva,2,23.0,527.0,0.0,245.0,0.0,0.0,2.0,231.0,262.0,32.0,0.0,1.0,1.0,0.0,0.0,2023
Salto,2,28.0,426.0,0.0,306.0,0.0,0.0,1.0,281.0,139.0,5.0,0.0,1.0,1.0,1.0,0.0,2023
Sorocaba,2,26.0,639.0,639.0,0.0,0.0,0.0,613.0,26.0,0.0,0.0,0.0,1.0,1.0,1.0,0.0,2023
Sorocaba,2,24.0,366.0,190.0,176.0,0.0,0.0,181.0,170.0,15.0,0.0,0.0,1.0,1.0,1.0,0.0,2023
Votorantim,2,36.0,737.0,0.0,499.0,0.0,0.0,10.0,465.0,258.0,4.0,0.0,1.0,1.0,1.0,0.0,2023
Nova Odessa,2,31.0,568.0,0.0,432.0,0.0,0.0,9.0,415.0,141.0,3.0,0.0,0.0,1.0,1.0,0.0,2023
Santa Bárbara d'Oeste,2,23.0,319.0,0.0,266.0,0.0,0.0,6.0,257.0,54.0,2.0,0.0,1.0,1.0,1.0,0.0,2023
Sumaré,2,48.0,1244.0,0.0,561.0,0.0,0.0,8.0,515.0,649.0,72.0,1.0,1.0,1.0,1.0,0.0,2023
Americana,2,47.0,1066.0,0.0,387.0,0.0,0.0,5.0,348.0,681.0,32.0,0.0,1.0,1.0,1.0,0.0,2023
Hortolândia,2,16.0,306.0,0.0,0.0,0.0,0.0,0.0,3.0,289.0,14.0,0.0,1.0,1.0,1.0,0.0,2023
Hortolândia,2,22.0,271.0,0.0,184.0,0.0,0.0,0.0,172.0,93.0,6.0,0.0,1.0,1.0,1.0,0.0,2023
Campinas,2,61.0,1632.0,735.0,521.0,0.0,0.0,714.0,503.0,384.0,31.0,0.0,0.0,1.0,1.0,1.0,2023
Campinas,2,51.0,1523.0,0.0,606.0,0.0,0.0,0.0,557.0,879.0,87.0,1.0,1.0,1.0,1.0,1.0,2023
Paulínia,2,67.0,1907.0,0.0,546.0,0.0,0.0,2.0,471.0,1233.0,201.0,0.0,1.0,1.0,1.0,0.0,2023
Jundiaí,2,44.0,1392.0,0.0,667.0,0.0,0.0,1.0,628.0,729.0,34.0,0.0,1.0,1.0,1.0,0.0,2023
Jundiaí,2,14.0,267.0,0.0,267.0,0.0,0.0,1.0,256.0,10.0,0.0,0.0,1.0,1.0,1.0,1.0,2023
Santo Antônio de Posse,2,,,,,,,,,,,,,,,,2023
Guariba,2,27.0,569.0,0.0,0.0,0.0,0.0,0.0,10.0,513.0,46.0,0.0,1.0,1.0,1.0,1.0,2023
Pirapozinho,2,13.0,57.0,0.0,40.0,0.0,0.0,0.0,35.0,19.0,3.0,0.0,1.0,1.0,1.0,1.0,2023
Maracaí,2,15.0,55.0,0.0,33.0,0.0,0.0,0.0,34.0,20.0,1.0,0.0,1.0,1.0,1.0,1.0,2023
Santa Cruz do Rio Pardo,2,10.0,116.0,0.0,49.0,0.0,0.0,1.0,48.0,61.0,6.0,0.0,1.0,1.0,1.0,0.0,2023
Miracatu,2,15.0,176.0,0.0,126.0,0.0,0.0,2.0,112.0,60.0,2.0,0.0,1.0,1.0,1.0,1.0,2023
Juquiá,2,,,,,,,,,,,,,,,,2023
Juquiá,2,15.0,160.0,0.0,107.0,0.0,0.0,2.0,106.0,50.0,2.0,0.0,1.0,1.0,1.0,0.0,2023
São Paulo,2,40.0,838.0,472.0,366.0,0.0,0.0,451.0,364.0,23.0,0.0,0.0,1.0,1.0,1.0,0.0,2023
São Paulo,2,44.0,813.0,813.0,0.0,0.0,0.0,770.0,42.0,1.0,0.0,0.0,1.0,1.0,1.0,1.0,2023
São Paulo,2,22.0,362.0,362.0,0.0,0.0,0.0,352.0,10.0,0.0,0.0,0.0,1.0,1.0,1.0,1.0,2023
São José dos Campos,2,,,,,,,,,,,,,,,,2023
Itaporanga,2,14.0,98.0,0.0,54.0,0.0,0.0,3.0,51.0,43.0,1.0,0.0,1.0,1.0,1.0,0.0,2023
Atibaia,2,20.0,330.0,0.0,214.0,0.0,0.0,2.0,198.0,118.0,12.0,0.0,1.0,1.0,1.0,1.0,2023
Valinhos,2,28.0,741.0,0.0,322.0,0.0,0.0,0.0,301.0,384.0,56.0,0.0,1.0,1.0,1.0,0.0,2023
Campinas,2,16.0,269.0,269.0,0.0,0.0,0.0,261.0,8.0,0.0,0.0,0.0,1.0,1.0,1.0,0.0,2023
Piracicaba,2,35.0,878.0,0.0,481.0,0.0,0.0,1.0,432.0,418.0,27.0,0.0,1.0,1.0,1.0,1.0,2023
Piracicaba,2,28.0,500.0,0.0,320.0,0.0,0.0,0.0,299.0,197.0,4.0,0.0,1.0,1.0,1.0,0.0,2023
São Paulo,2,19.0,440.0,440.0,0.0,0.0,0.0,419.0,21.0,0.0,0.0,0.0,1.0,1.0,1.0,0.0,2023
São Paulo,2,29.0,570.0,570.0,0.0,0.0,0.0,538.0,32.0,0.0,0.0,0.0,1.0,1.0,1.0,0.0,2023
Guararema,2,,,,,,,,,,,,,,,,2023
Mogi das Cruzes,2,15.0,190.0,0.0,124.0,0.0,0.0,0.0,116.0,69.0,5.0,0.0,1.0,1.0,1.0,1.0,2023
Itaquaquecetuba,2,11.0,126.0,0.0,62.0,0.0,0.0,1.0,53.0,61.0,11.0,0.0,1.0,1.0,1.0,0.0,2023
Suzano,2,37.0,703.0,0.0,461.0,0.0,0.0,1.0,446.0,241.0,15.0,0.0,1.0,1.0,1.0,0.0,2023
Barueri,2,15.0,301.0,0.0,0.0,0.0,0.0,0.0,1.0,274.0,26.0,0.0,1.0,1.0,1.0,1.0,2023
Barueri,2,19.0,227.0,0.0,0.0,0.0,0.0,0.0,0.0,115.0,112.0,0.0,1.0,1.0,1.0,1.0,2023
Carapicuíba,2,83.0,2610.0,514.0,905.0,0.0,4.0,512.0,837.0,1204.0,53.0,0.0,1.0,1.0,1.0,1.0,2023
Carapicuíba,2,55.0,995.0,476.0,519.0,0.0,1.0,475.0,494.0,25.0,0.0,0.0,1.0,1.0,1.0,0.0,2023
Carapicuíba,2,23.0,496.0,0.0,496.0,0.0,0.0,10.0,455.0,31.0,0.0,0.0,1.0,1.0,1.0,0.0,2023
Carapicuíba,2,59.0,1460.0,0.0,573.0,0.0,0.0,9.0,513.0,870.0,68.0,0.0,1.0,1.0,1.0,0.0,2023
Carapicuíba,2,41.0,973.0,973.0,0.0,0.0,1.0,959.0,13.0,0.0,0.0,0.0,1.0,1.0,1.0,0.0,2023
Embu das Artes,2,19.0,276.0,118.0,158.0,0.0,0.0,117.0,151.0,8.0,0.0,0.0,1.0,1.0,1.0,0.0,2023
Embu das Artes,2,69.0,1418.0,0.0,507.0,0.0,0.0,1.0,462.0,738.0,217.0,0.0,0.0,1.0,1.0,0.0,2023
Embu das Artes,2,25.0,265.0,0.0,125.0,0.0,0.0,0.0,111.0,109.0,45.0,0.0,1.0,1.0,1.0,0.0,2023
Embu das Artes,2,28.0,432.0,0.0,269.0,0.0,0.0,2.0,242.0,182.0,6.0,0.0,1.0,1.0,1.0,1.0,2023
Embu das Artes,2,54.0,1441.0,0.0,692.0,0.0,0.0,7.0,656.0,669.0,109.0,0.0,1.0,1.0,1.0,1.0,2023
Embu-Guaçu,2,27.0,472.0,0.0,275.0,0.0,0.0,10.0,268.0,191.0,3.0,0.0,0.0,1.0,1.0,1.0,2023
Itapecerica da Serra,2,25.0,440.0,0.0,247.0,0.0,0.0,4.0,229.0,198.0,9.0,0.0,1.0,1.0,1.0,1.0,2023
Itapecerica da Serra,2,25.0,262.0,0.0,155.0,0.0,0.0,5.0,143.0,106.0,8.0,0.0,0.0,1.0,1.0,0.0,2023
Itapecerica da Serra,2,25.0,318.0,0.0,184.0,0.0,0.0,5.0,173.0,133.0,7.0,0.0,0.0,1.0,1.0,0.0,2023
Itapecerica da Serra,2,21.0,416.0,0.0,285.0,0.0,0.0,8.0,273.0,129.0,6.0,0.0,0.0,1.0,1.0,0.0,2023
Taboão da Serra,2,29.0,670.0,0.0,378.0,0.0,0.0,3.0,366.0,271.0,30.0,0.0,1.0,1.0,1.0,0.0,2023
Osasco,2,66.0,1994.0,0.0,852.0,0.0,0.0,1.0,797.0,1090.0,106.0,0.0,1.0,1.0,1.0,1.0,2023
Osasco,2,51.0,1603.0,0.0,756.0,0.0,0.0,1.0,694.0,806.0,102.0,0.0,1.0,1.0,1.0,0.0,2023
Guarujá,2,56.0,1676.0,0.0,709.0,0.0,0.0,0.0,650.0,890.0,136.0,0.0,1.0,1.0,1.0,0.0,2023
Pindamonhangaba,2,31.0,377.0,0.0,0.0,0.0,0.0,0.0,5.0,317.0,55.0,0.0,1.0,1.0,1.0,0.0,2023
Itapirapuã Paulista,2,21.0,263.0,0.0,162.0,0.0,0.0,6.0,154.0,101.0,2.0,0.0,0.0,1.0,1.0,0.0,2023
Campinas,2,33.0,427.0,179.0,172.0,0.0,0.0,174.0,163.0,82.0,8.0,0.0,1.0,1.0,1.0,1.0,2023
Campinas,2,18.0,193.0,193.0,0.0,0.0,0.0,186.0,7.0,0.0,0.0,0.0,1.0,1.0,1.0,0.0,2023
Campinas,2,22.0,405.0,0.0,253.0,0.0,0.0,2.0,235.0,159.0,9.0,0.0,1.0,1.0,1.0,1.0,2023
Jundiaí,2,22.0,329.0,0.0,181.0,0.0,0.0,0.0,176.0,149.0,4.0,0.0,1.0,1.0,1.0,0.0,2023
Bauru,2,69.0,1840.0,550.0,518.0,0.0,7.0,539.0,495.0,750.0,49.0,0.0,1.0,1.0,1.0,1.0,2023
São Paulo,2,43.0,1064.0,327.0,341.0,0.0,0.0,311.0,321.0,385.0,47.0,0.0,1.0,1.0,1.0,0.0,2023
São Paulo,2,41.0,978.0,0.0,190.0,0.0,0.0,1.0,175.0,528.0,274.0,1.0,1.0,1.0,1.0,0.0,2023
São Paulo,2,43.0,926.0,531.0,395.0,0.0,0.0,506.0,388.0,32.0,0.0,0.0,1.0,1.0,1.0,0.0,2023
São Paulo,2,26.0,436.0,0.0,223.0,0.0,0.0,2.0,198.0,211.0,25.0,0.0,1.0,1.0,1.0,0.0,2023
São Paulo,2,65.0,1574.0,0.0,558.0,0.0,0.0,2.0,517.0,794.0,261.0,0.0,1.0,1.0,1.0,1.0,2023
São Paulo,2,25.0,500.0,500.0,0.0,0.0,0.0,482.0,18.0,0.0,0.0,0.0,0.0,1.0,1.0,1.0,2023
São Paulo,2,40.0,929.0,455.0,152.0,0.0,0.0,434.0,160.0,247.0,88.0,0.0,1.0,1.0,1.0,1.0,2023
São Paulo,2,61.0,1556.0,136.0,480.0,0.0,0.0,137.0,447.0,757.0,215.0,1.0,1.0,1.0,1.0,1.0,2023
São Paulo,2,40.0,846.0,0.0,272.0,0.0,0.0,1.0,250.0,443.0,152.0,0.0,1.0,1.0,1.0,0.0,2023
São Paulo,2,67.0,1174.0,0.0,332.0,0.0,0.0,0.0,291.0,574.0,309.0,0.0,1.0,1.0,1.0,0.0,2023
São Paulo,2,82.0,2069.0,0.0,0.0,0.0,0.0,0.0,10.0,1758.0,301.0,1.0,1.0,1.0,1.0,1.0,2023
Mairiporã,2,17.0,321.0,0.0,321.0,0.0,0.0,2.0,314.0,5.0,0.0,0.0,1.0,1.0,1.0,0.0,2023
Guarulhos,2,46.0,853.0,0.0,522.0,0.0,0.0,1.0,508.0,331.0,13.0,0.0,1.0,1.0,1.0,1.0,2023
Mogi das Cruzes,2,19.0,324.0,0.0,264.0,0.0,0.0,2.0,247.0,73.0,2.0,0.0,1.0,1.0,1.0,0.0,2023
Mogi das Cruzes,2,21.0,366.0,0.0,366.0,0.0,0.0,3.0,335.0,28.0,0.0,0.0,1.0,1.0,1.0,0.0,2023
Mogi das Cruzes,2,34.0,408.0,0.0,408.0,0.0,0.0,0.0,380.0,28.0,0.0,0.0,1.0,1.0,1.0,0.0,2023
Mogi das Cruzes,2,28.0,393.0,0.0,250.0,0.0,0.0,0.0,225.0,154.0,14.0,0.0,0.0,1.0,1.0,0.0,2023
Mogi das Cruzes,2,47.0,829.0,0.0,664.0,0.0,0.0,1.0,632.0,195.0,1.0,0.0,1.0,1.0,1.0,1.0,2023
Poá,2,15.0,147.0,0.0,104.0,0.0,0.0,3.0,87.0,55.0,2.0,0.0,1.0,1.0,1.0,0.0,2023
Ferraz de Vasconcelos,2,29.0,439.0,0.0,300.0,0.0,0.0,2.0,286.0,144.0,7.0,0.0,1.0,1.0,1.0,1.0,2023
Diadema,2,29.0,443.0,0.0,327.0,0.0,0.0,10.0,303.0,123.0,7.0,0.0,1.0,1.0,1.0,1.0,2023
Diadema,2,23.0,360.0,0.0,238.0,0.0,0.0,5.0,228.0,120.0,7.0,0.0,0.0,1.0,1.0,1.0,2023
Diadema,2,39.0,766.0,604.0,0.0,0.0,1.0,594.0,9.0,0.0,162.0,0.0,1.0,1.0,1.0,1.0,2023
Diadema,2,,,,,,,,,,,,,,,,2023
Mauá,2,32.0,711.0,337.0,374.0,0.0,0.0,339.0,364.0,8.0,0.0,0.0,0.0,1.0,1.0,0.0,2023
Ribeirão Pires,2,20.0,357.0,194.0,163.0,0.0,1.0,196.0,160.0,0.0,0.0,0.0,0.0,1.0,1.0,0.0,2023
Ribeirão Pires,2,17.0,317.0,317.0,0.0,0.0,3.0,311.0,3.0,0.0,0.0,0.0,0.0,1.0,1.0,0.0,2023
São Bernardo do Campo,2,14.0,296.0,0.0,296.0,0.0,0.0,2.0,274.0,20.0,0.0,0.0,1.0,1.0,1.0,1.0,2023
São Bernardo do Campo,2,72.0,2457.0,0.0,1075.0,0.0,0.0,3.0,988.0,1141.0,325.0,0.0,0.0,1.0,1.0,1.0,2023
São Bernardo do Campo,2,18.0,360.0,0.0,296.0,0.0,0.0,1.0,289.0,70.0,0.0,0.0,1.0,1.0,1.0,0.0,2023
São Bernardo do Campo,2,48.0,1160.0,0.0,511.0,0.0,0.0,2.0,465.0,504.0,189.0,0.0,1.0,1.0,1.0,1.0,2023
São Bernardo do Campo,2,18.0,384.0,0.0,384.0,0.0,0.0,0.0,364.0,20.0,0.0,0.0,1.0,1.0,1.0,1.0,2023
São Bernardo do Campo,2,39.0,776.0,0.0,453.0,0.0,0.0,0.0,408.0,329.0,39.0,0.0,1.0,1.0,1.0,0.0,2023
Carapicuíba,2,45.0,947.0,947.0,0.0,0.0,1.0,927.0,19.0,0.0,0.0,0.0,1.0,1.0,0.0,1.0,2023
Carapicuíba,2,32.0,618.0,243.0,196.0,0.0,1.0,231.0,182.0,197.0,7.0,0.0,1.0,1.0,0.0,0.0,2023
Carapicuíba,2,58.0,1476.0,0.0,927.0,0.0,0.0,9.0,878.0,568.0,21.0,0.0,0.0,1.0,1.0,1.0,2023
Jandira,2,27.0,516.0,0.0,306.0,0.0,0.0,4.0,288.0,217.0,7.0,0.0,1.0,1.0,1.0,1.0,2023
Jandira,2,37.0,811.0,0.0,520.0,0.0,0.0,12.0,517.0,276.0,6.0,0.0,1.0,1.0,1.0,1.0,2023
Santos,2,,,,,,,,,,,,,,,,2023
Apiaí,2,28.0,480.0,158.0,165.0,0.0,0.0,158.0,167.0,124.0,31.0,0.0,1.0,1.0,1.0,0.0,2023
Barra do Chapéu,2,17.0,97.0,0.0,48.0,0.0,0.0,1.0,47.0,36.0,13.0,0.0,0.0,1.0,1.0,1.0,2023
Itaoca,2,18.0,129.0,36.0,50.0,0.0,0.0,39.0,48.0,42.0,0.0,0.0,0.0,1.0,1.0,0.0,2023
Itapira,2,31.0,487.0,0.0,214.0,0.0,0.0,3.0,182.0,138.0,164.0,0.0,1.0,1.0,1.0,0.0,2023
Mococa,2,25.0,395.0,0.0,303.0,0.0,0.0,1.0,283.0,101.0,10.0,0.0,0.0,1.0,1.0,0.0,2023
Espírito Santo do Pinhal,2,12.0,218.0,103.0,115.0,0.0,0.0,101.0,115.0,2.0,0.0,0.0,1.0,1.0,1.0,0.0,2023
Ribeirão Preto,2,42.0,894.0,0.0,271.0,0.0,0.0,1.0,231.0,445.0,217.0,0.0,1.0,1.0,1.0,1.0,2023
Registro,2,20.0,236.0,0.0,165.0,0.0,0.0,4.0,150.0,78.0,4.0,0.0,0.0,1.0,1.0,0.0,2023
São Paulo,2,34.0,651.0,0.0,409.0,0.0,0.0,1.0,353.0,274.0,23.0,0.0,1.0,1.0,1.0,0.0,2023
Guarujá,2,,,,,,,,,,,,,,,,2023
Mongaguá,2,,,,,,,,,,,,,,,,2023
São Vicente,2,56.0,1020.0,0.0,294.0,0.0,0.0,0.0,248.0,643.0,129.0,0.0,1.0,1.0,1.0,0.0,2023
Sorocaba,2,18.0,314.0,314.0,0.0,0.0,0.0,306.0,8.0,0.0,0.0,0.0,0.0,1.0,1.0,1.0,2023
Sorocaba,2,17.0,339.0,339.0,0.0,0.0,0.0,326.0,13.0,0.0,0.0,0.0,0.0,1.0,1.0,0.0,2023
Rio Claro,2,32.0,794.0,0.0,342.0,0.0,0.0,1.0,306.0,441.0,46.0,0.0,0.0,1.0,1.0,0.0,2023
São Paulo,2,25.0,453.0,453.0,0.0,0.0,0.0,434.0,19.0,0.0,0.0,0.0,1.0,1.0,1.0,1.0,2023
São Paulo,2,29.0,698.0,698.0,0.0,0.0,0.0,662.0,36.0,0.0,0.0,0.0,1.0,1.0,1.0,0.0,2023
São Paulo,2,47.0,1049.0,542.0,507.0,0.0,0.0,519.0,491.0,39.0,0.0,0.0,1.0,1.0,1.0,1.0,2023
São Paulo,2,28.0,691.0,691.0,0.0,0.0,0.0,657.0,34.0,0.0,0.0,0.0,1.0,1.0,1.0,1.0,2023
São Paulo,2,40.0,846.0,0.0,401.0,0.0,0.0,0.0,356.0,441.0,49.0,0.0,1.0,1.0,1.0,0.0,2023
São Paulo,2,69.0,1655.0,535.0,443.0,0.0,1.0,512.0,418.0,573.0,151.0,0.0,1.0,1.0,1.0,1.0,2023
São Paulo,2,52.0,1456.0,0.0,551.0,0.0,0.0,4.0,494.0,795.0,163.0,0.0,1.0,1.0,1.0,1.0,2023
São Paulo,2,32.0,633.0,633.0,0.0,0.0,0.0,608.0,24.0,1.0,0.0,1.0,1.0,1.0,1.0,1.0,2023
São Paulo,2,57.0,1153.0,456.0,321.0,0.0,0.0,422.0,327.0,339.0,65.0,0.0,1.0,1.0,1.0,1.0,2023
São Paulo,2,55.0,903.0,334.0,320.0,0.0,0.0,310.0,295.0,252.0,46.0,0.0,1.0,1.0,1.0,0.0,2023
São Paulo,2,49.0,1166.0,120.0,560.0,0.0,0.0,87.0,523.0,459.0,97.0,0.0,1.0,1.0,1.0,1.0,2023
São Paulo,2,67.0,1567.0,579.0,499.0,0.0,0.0,545.0,478.0,385.0,159.0,0.0,1.0,1.0,1.0,0.0,2023
São Paulo,2,90.0,2476.0,838.0,782.0,0.0,0.0,787.0,746.0,837.0,106.0,0.0,1.0,1.0,1.0,1.0,2023
São Paulo,2,73.0,1918.0,0.0,401.0,0.0,0.0,0.0,353.0,1168.0,397.0,0.0,1.0,1.0,1.0,1.0,2023
Caieiras,2,22.0,426.0,205.0,221.0,0.0,0.0,210.0,202.0,14.0,0.0,0.0,1.0,1.0,1.0,0.0,2023
Francisco Morato,2,52.0,1493.0,0.0,739.0,0.0,0.0,12.0,699.0,715.0,67.0,0.0,0.0,1.0,1.0,0.0,2023
Guarulhos,2,35.0,648.0,648.0,0.0,0.0,0.0,624.0,24.0,0.0,0.0,1.0,1.0,1.0,1.0,0.0,2023
Guarulhos,2,51.0,1151.0,1151.0,0.0,0.0,0.0,1120.0,31.0,0.0,0.0,0.0,1.0,1.0,1.0,1.0,2023
Arujá,2,8.0,137.0,0.0,137.0,0.0,0.0,2.0,131.0,4.0,0.0,0.0,1.0,1.0,1.0,1.0,2023
Guarulhos,2,58.0,1430.0,0.0,586.0,0.0,0.0,2.0,540.0,778.0,110.0,0.0,1.0,1.0,1.0,0.0,2023
Guarulhos,2,63.0,2298.0,0.0,765.0,0.0,0.0,1.0,679.0,1438.0,180.0,0.0,1.0,1.0,1.0,0.0,2023
Guarulhos,2,66.0,1595.0,0.0,664.0,0.0,0.0,2.0,627.0,881.0,85.0,1.0,1.0,1.0,1.0,1.0,2023
Mogi das Cruzes,2,41.0,572.0,0.0,190.0,0.0,0.0,0.0,174.0,374.0,24.0,0.0,1.0,1.0,1.0,0.0,2023
Suzano,2,38.0,843.0,378.0,465.0,0.0,0.0,372.0,455.0,16.0,0.0,0.0,1.0,1.0,1.0,1.0,2023
Mauá,2,51.0,1155.0,1155.0,0.0,0.0,1.0,1137.0,17.0,0.0,0.0,1.0,0.0,1.0,1.0,1.0,2023
Mauá,2,50.0,1493.0,0.0,551.0,0.0,0.0,9.0,537.0,870.0,77.0,0.0,1.0,1.0,1.0,1.0,2023
Rio Grande da Serra,2,36.0,643.0,262.0,226.0,0.0,2.0,268.0,211.0,161.0,1.0,1.0,1.0,1.0,1.0,1.0,2023
Rio Grande da Serra,2,52.0,1200.0,380.0,360.0,0.0,1.0,389.0,330.0,344.0,136.0,0.0,1.0,1.0,1.0,0.0,2023
Santo André,2,15.0,198.0,0.0,156.0,0.0,0.0,3.0,152.0,43.0,0.0,0.0,1.0,1.0,1.0,0.0,2023
Santo André,2,,,,,,,,,,,,,,,,2023
São Bernardo do Campo,2,25.0,487.0,0.0,382.0,0.0,0.0,0.0,356.0,126.0,5.0,0.0,1.0,1.0,1.0,0.0,2023
São Bernardo do Campo,2,43.0,994.0,0.0,632.0,0.0,0.0,1.0,562.0,410.0,21.0,0.0,1.0,1.0,1.0,1.0,2023
São Bernardo do Campo,2,57.0,1281.0,0.0,583.0,0.0,0.0,0.0,485.0,612.0,184.0,0.0,1.0,1.0,1.0,0.0,2023
Taboão da Serra,2,29.0,515.0,0.0,347.0,0.0,0.0,7.0,331.0,166.0,11.0,0.0,1.0,1.0,1.0,1.0,2023
Ilhabela,2,32.0,471.0,0.0,0.0,0.0,0.0,0.0,1.0,441.0,29.0,0.0,0.0,1.0,1.0,0.0,2023
Guarujá,2,26.0,573.0,573.0,0.0,0.0,0.0,540.0,33.0,0.0,0.0,0.0,1.0,1.0,1.0,0.0,2023
Guarujá,2,31.0,846.0,0.0,275.0,0.0,0.0,0.0,215.0,457.0,174.0,0.0,1.0,1.0,0.0,0.0,2023
Guarujá,2,27.0,451.0,451.0,0.0,0.0,0.0,430.0,21.0,0.0,0.0,0.0,1.0,1.0,1.0,0.0,2023
Guarujá,2,19.0,251.0,0.0,204.0,0.0,0.0,0.0,192.0,58.0,1.0,0.0,1.0,1.0,1.0,1.0,2023
Itanhaém,2,,,,,,,,,,,,,,,,2023
Peruíbe,2,18.0,338.0,0.0,0.0,0.0,0.0,0.0,1.0,319.0,18.0,0.0,1.0,1.0,1.0,1.0,2023
Praia Grande,2,16.0,233.0,0.0,0.0,0.0,0.0,0.0,0.0,207.0,26.0,0.0,1.0,1.0,1.0,0.0,2023
Praia Grande,2,37.0,824.0,0.0,118.0,0.0,0.0,0.0,104.0,636.0,84.0,0.0,1.0,1.0,1.0,0.0,2023
Pindamonhangaba,2,22.0,257.0,0.0,0.0,0.0,0.0,0.0,4.0,237.0,16.0,0.0,1.0,1.0,1.0,1.0,2023
Pindamonhangaba,2,11.0,186.0,0.0,186.0,0.0,0.0,4.0,179.0,3.0,0.0,0.0,1.0,1.0,1.0,0.0,2023
Jacareí,2,61.0,1061.0,0.0,505.0,0.0,0.0,1.0,454.0,524.0,82.0,0.0,0.0,1.0,1.0,1.0,2023
Paraibuna,2,13.0,142.0,0.0,90.0,0.0,0.0,1.0,83.0,56.0,2.0,0.0,1.0,1.0,0.0,0.0,2023
São José dos Campos,2,48.0,1423.0,0.0,0.0,0.0,0.0,0.0,1.0,1186.0,236.0,1.0,1.0,1.0,1.0,1.0,2023
São José dos Campos,2,49.0,1194.0,283.0,439.0,0.0,0.0,272.0,431.0,447.0,44.0,0.0,1.0,1.0,1.0,0.0,2023
São José dos Campos,2,18.0,336.0,0.0,0.0,0.0,0.0,0.0,1.0,323.0,12.0,0.0,1.0,1.0,1.0,1.0,2023
São José dos Campos,2,28.0,325.0,116.0,209.0,0.0,0.0,113.0,195.0,17.0,0.0,0.0,1.0,1.0,1.0,0.0,2023
Caçapava,2,42.0,1034.0,0.0,327.0,0.0,0.0,6.0,313.0,640.0,75.0,0.0,1.0,1.0,1.0,1.0,2023
Itu,2,33.0,755.0,0.0,533.0,0.0,0.0,5.0,528.0,216.0,6.0,0.0,1.0,1.0,0.0,0.0,2023
Sorocaba,2,26.0,440.0,208.0,232.0,0.0,0.0,198.0,228.0,14.0,0.0,0.0,0.0,1.0,1.0,1.0,2023
Sorocaba,2,12.0,246.0,0.0,246.0,0.0,0.0,0.0,227.0,19.0,0.0,0.0,1.0,1.0,1.0,1.0,2023
Sorocaba,2,18.0,383.0,383.0,0.0,0.0,0.0,375.0,8.0,0.0,0.0,0.0,0.0,1.0,1.0,0.0,2023
Votorantim,2,28.0,440.0,0.0,300.0,0.0,0.0,2.0,285.0,148.0,5.0,0.0,0.0,1.0,1.0,0.0,2023
Americana,2,19.0,271.0,0.0,196.0,0.0,0.0,6.0,185.0,77.0,3.0,0.0,1.0,1.0,1.0,1.0,2023
Americana,2,9.0,114.0,114.0,0.0,0.0,1.0,112.0,1.0,0.0,0.0,0.0,1.0,1.0,1.0,0.0,2023
Americana,2,,,,,,,,,,,,,,,,2023
Sumaré,2,16.0,206.0,0.0,0.0,0.0,0.0,0.0,4.0,192.0,10.0,0.0,1.0,1.0,1.0,0.0,2023
Sumaré,2,32.0,357.0,153.0,116.0,0.0,0.0,150.0,116.0,89.0,2.0,0.0,1.0,1.0,1.0,0.0,2023
Sumaré,2,23.0,393.0,174.0,219.0,0.0,0.0,172.0,213.0,8.0,0.0,0.0,1.0,1.0,1.0,0.0,2023
Sumaré,2,43.0,835.0,0.0,554.0,0.0,0.0,16.0,525.0,288.0,6.0,0.0,1.0,1.0,1.0,0.0,2023
Sumaré,2,33.0,705.0,0.0,230.0,0.0,0.0,1.0,232.0,335.0,137.0,0.0,1.0,1.0,1.0,0.0,2023
Sumaré,2,53.0,1085.0,323.0,309.0,0.0,0.0,321.0,295.0,433.0,36.0,0.0,1.0,1.0,1.0,0.0,2023
Atibaia,2,28.0,606.0,0.0,282.0,0.0,0.0,1.0,266.0,324.0,15.0,0.0,1.0,1.0,1.0,0.0,2023
Bragança Paulista,2,,,,,,,,,,,,,,,,2023
Piracaia,2,27.0,607.0,0.0,304.0,0.0,0.0,4.0,278.0,301.0,24.0,0.0,0.0,1.0,1.0,1.0,2023
Campinas,2,15.0,271.0,271.0,0.0,0.0,0.0,268.0,3.0,0.0,0.0,0.0,1.0,1.0,1.0,1.0,2023
Campinas,2,14.0,176.0,0.0,176.0,0.0,0.0,0.0,167.0,9.0,0.0,0.0,1.0,1.0,1.0,0.0,2023
Campinas,2,29.0,653.0,653.0,0.0,0.0,0.0,630.0,23.0,0.0,0.0,1.0,1.0,1.0,1.0,1.0,2023
Campinas,2,14.0,251.0,251.0,0.0,0.0,0.0,239.0,12.0,0.0,0.0,0.0,0.0,1.0,1.0,1.0,2023
Campinas,2,41.0,500.0,0.0,202.0,0.0,0.0,2.0,190.0,250.0,58.0,0.0,1.0,1.0,1.0,0.0,2023
Monte Mor,2,,,,,,,,,,,,,,,,2023
Jundiaí,2,23.0,312.0,0.0,201.0,0.0,0.0,0.0,191.0,119.0,2.0,0.0,1.0,1.0,1.0,1.0,2023
Leme,2,34.0,582.0,0.0,582.0,0.0,0.0,1.0,527.0,54.0,0.0,0.0,1.0,1.0,1.0,0.0,2023
São João da Boa Vista,2,10.0,60.0,0.0,60.0,0.0,0.0,1.0,55.0,4.0,0.0,0.0,1.0,1.0,0.0,0.0,2023
São João da Boa Vista,2,34.0,676.0,0.0,403.0,0.0,0.0,0.0,367.0,293.0,16.0,0.0,1.0,1.0,1.0,0.0,2023
Américo Brasiliense,2,26.0,392.0,0.0,257.0,0.0,0.0,1.0,241.0,142.0,8.0,0.0,1.0,1.0,0.0,0.0,2023
Franca,2,16.0,288.0,288.0,0.0,0.0,0.0,277.0,11.0,0.0,0.0,0.0,1.0,1.0,1.0,0.0,2023
Ribeirão Preto,2,33.0,699.0,0.0,437.0,0.0,0.0,1.0,419.0,266.0,13.0,0.0,1.0,1.0,1.0,1.0,2023
Ribeirão Preto,2,23.0,305.0,175.0,130.0,0.0,0.0,156.0,135.0,13.0,1.0,0.0,1.0,1.0,1.0,1.0,2023
São Carlos,2,22.0,380.0,0.0,247.0,0.0,0.0,0.0,240.0,127.0,13.0,0.0,1.0,1.0,1.0,1.0,2023
Itápolis,2,32.0,646.0,291.0,355.0,0.0,0.0,276.0,356.0,14.0,0.0,0.0,1.0,1.0,1.0,1.0,2023
Bauru,2,36.0,595.0,0.0,325.0,0.0,0.0,1.0,315.0,268.0,11.0,0.0,1.0,1.0,1.0,1.0,2023
Barra Bonita,2,45.0,1275.0,0.0,639.0,0.0,0.0,2.0,583.0,642.0,48.0,0.0,1.0,1.0,1.0,0.0,2023
Getulina,2,,,,,,,,,,,,,,,,2023
Guaiçara,2,,,,,,,,,,,,,,,,2023
Guarantã,2,,,,,,,,,,,,,,,,2023
Fernandópolis,2,,,,,,,,,,,,,,,,2023
Fernandópolis,2,22.0,220.0,0.0,149.0,0.0,0.0,2.0,136.0,78.0,4.0,0.0,0.0,1.0,1.0,1.0,2023
São José do Rio Preto,2,18.0,364.0,0.0,364.0,0.0,0.0,0.0,346.0,18.0,0.0,0.0,1.0,1.0,1.0,1.0,2023
São José do Rio Preto,2,58.0,1479.0,0.0,748.0,0.0,0.0,3.0,689.0,725.0,62.0,0.0,0.0,1.0,1.0,0.0,2023
São José do Rio Preto,2,,,,,,,,,,,,,,,,2023
Bento de Abreu,2,,,,,,,,,,,,,,,,2023
Birigui,2,69.0,1647.0,0.0,522.0,0.0,0.0,0.0,495.0,1038.0,114.0,0.0,0.0,1.0,1.0,1.0,2023
Penápolis,2,31.0,547.0,0.0,316.0,0.0,0.0,1.0,296.0,234.0,16.0,0.0,1.0,1.0,1.0,0.0,2023
Álvares Machado,2,11.0,177.0,0.0,0.0,0.0,0.0,0.0,0.0,167.0,10.0,0.0,1.0,1.0,1.0,0.0,2023
Presidente Prudente,2,20.0,351.0,0.0,351.0,0.0,0.0,1.0,323.0,27.0,0.0,0.0,1.0,1.0,1.0,1.0,2023
Presidente Prudente,2,33.0,572.0,0.0,252.0,0.0,0.0,0.0,217.0,328.0,27.0,0.0,1.0,1.0,1.0,0.0,2023
Cândido Mota,2,16.0,189.0,189.0,0.0,0.0,5.0,184.0,0.0,0.0,0.0,0.0,0.0,1.0,1.0,0.0,2023
Paraguaçu Paulista,2,23.0,335.0,0.0,118.0,0.0,0.0,1.0,113.0,213.0,8.0,0.0,1.0,1.0,1.0,0.0,2023
Marília,2,39.0,1196.0,0.0,407.0,0.0,0.0,6.0,398.0,763.0,29.0,0.0,1.0,1.0,1.0,0.0,2023
Marília,2,38.0,503.0,0.0,211.0,0.0,0.0,4.0,209.0,279.0,11.0,0.0,1.0,1.0,1.0,1.0,2023
Oriente,2,,,,,,,,,,,,,,,,2023
Cananéia,2,15.0,180.0,0.0,119.0,0.0,0.0,2.0,106.0,66.0,6.0,0.0,0.0,1.0,1.0,1.0,2023
Registro,2,34.0,482.0,0.0,319.0,0.0,0.0,6.0,295.0,173.0,8.0,0.0,1.0,1.0,1.0,1.0,2023
São Paulo,2,25.0,378.0,378.0,0.0,0.0,0.0,365.0,13.0,0.0,0.0,0.0,0.0,1.0,1.0,1.0,2023
Guarulhos,2,23.0,402.0,205.0,197.0,0.0,0.0,200.0,182.0,20.0,0.0,0.0,0.0,1.0,1.0,1.0,2023
Diadema,2,46.0,1360.0,58.0,680.0,0.0,0.0,70.0,663.0,575.0,52.0,0.0,1.0,1.0,1.0,1.0,2023
Pirapora do Bom Jesus,2,15.0,300.0,0.0,0.0,0.0,0.0,0.0,3.0,280.0,17.0,0.0,1.0,1.0,1.0,1.0,2023
Guarujá,2,64.0,1967.0,0.0,473.0,0.0,0.0,2.0,431.0,1173.0,361.0,0.0,1.0,1.0,1.0,1.0,2023
Itanhaém,2,39.0,583.0,0.0,73.0,0.0,0.0,0.0,59.0,480.0,44.0,0.0,1.0,1.0,1.0,0.0,2023
Guapiara,2,14.0,127.0,0.0,72.0,0.0,0.0,3.0,69.0,55.0,0.0,0.0,1.0,1.0,0.0,0.0,2023
Itapetininga,2,25.0,375.0,0.0,178.0,0.0,0.0,1.0,170.0,188.0,16.0,0.0,0.0,1.0,1.0,1.0,2023
Itapeva,2,14.0,183.0,0.0,0.0,0.0,0.0,0.0,1.0,156.0,26.0,0.0,1.0,1.0,1.0,0.0,2023
Itu,2,,,,,,,,,,,,,,,,2023
Sorocaba,2,31.0,417.0,0.0,299.0,0.0,0.0,2.0,285.0,127.0,3.0,0.0,0.0,1.0,1.0,1.0,2023
Serra Negra,2,9.0,90.0,90.0,0.0,0.0,0.0,89.0,1.0,0.0,0.0,0.0,1.0,1.0,1.0,1.0,2023
Jundiaí,2,39.0,808.0,0.0,413.0,0.0,0.0,1.0,391.0,403.0,13.0,1.0,1.0,1.0,1.0,0.0,2023
Araraquara,2,32.0,643.0,643.0,0.0,0.0,0.0,622.0,21.0,0.0,0.0,0.0,1.0,1.0,1.0,1.0,2023
Bebedouro,2,32.0,625.0,0.0,485.0,0.0,0.0,0.0,448.0,163.0,14.0,0.0,0.0,1.0,1.0,0.0,2023
Pedregulho,2,,,,,,,,,,,,,,,,2023
São Joaquim da Barra,2,31.0,725.0,725.0,0.0,0.0,0.0,718.0,7.0,0.0,0.0,1.0,0.0,1.0,1.0,0.0,2023
São Joaquim da Barra,2,18.0,297.0,0.0,297.0,0.0,0.0,8.0,282.0,7.0,0.0,0.0,1.0,1.0,1.0,0.0,2023
Bauru,2,47.0,837.0,0.0,407.0,0.0,0.0,3.0,366.0,431.0,37.0,0.0,1.0,1.0,1.0,1.0,2023
Rosana,2,45.0,642.0,111.0,365.0,0.0,0.0,107.0,349.0,142.0,44.0,0.0,1.0,1.0,1.0,0.0,2023
Marília,2,38.0,603.0,0.0,398.0,0.0,0.0,11.0,380.0,204.0,8.0,0.0,1.0,1.0,1.0,1.0,2023
Marília,2,14.0,221.0,0.0,221.0,0.0,0.0,3.0,211.0,7.0,0.0,0.0,1.0,1.0,1.0,1.0,2023
São Paulo,2,39.0,757.0,757.0,0.0,0.0,0.0,723.0,34.0,0.0,0.0,0.0,1.0,1.0,1.0,0.0,2023
São Paulo,2,54.0,1469.0,454.0,246.0,0.0,0.0,439.0,241.0,675.0,114.0,0.0,0.0,1.0,0.0,0.0,2023
São Paulo,2,59.0,1282.0,0.0,597.0,0.0,0.0,3.0,547.0,671.0,61.0,0.0,1.0,1.0,1.0,1.0,2023
São Paulo,2,22.0,271.0,0.0,178.0,0.0,0.0,1.0,156.0,106.0,8.0,0.0,1.0,1.0,1.0,1.0,2023
Mogi das Cruzes,2,29.0,513.0,0.0,310.0,0.0,0.0,1.0,294.0,199.0,19.0,0.0,1.0,1.0,1.0,0.0,2023
Itaquaquecetuba,2,24.0,537.0,0.0,465.0,0.0,0.0,10.0,432.0,23.0,72.0,0.0,1.0,1.0,0.0,0.0,2023
Itaquaquecetuba,2,,,,,,,,,,,,,,,,2023
Mauá,2,34.0,592.0,233.0,236.0,0.0,0.0,232.0,225.0,126.0,9.0,0.0,1.0,1.0,1.0,1.0,2023
Cotia,2,26.0,450.0,0.0,450.0,0.0,0.0,7.0,417.0,26.0,0.0,0.0,0.0,1.0,1.0,0.0,2023
Cotia,2,38.0,1067.0,0.0,504.0,0.0,0.0,11.0,460.0,535.0,61.0,0.0,1.0,1.0,1.0,1.0,2023
Itapevi,2,24.0,548.0,0.0,265.0,0.0,0.0,5.0,255.0,276.0,12.0,0.0,0.0,1.0,0.0,0.0,2023
Taubaté,2,27.0,356.0,0.0,0.0,0.0,0.0,0.0,11.0,328.0,17.0,0.0,1.0,1.0,1.0,0.0,2023
São Paulo,2,62.0,1370.0,0.0,543.0,0.0,0.0,3.0,505.0,647.0,215.0,0.0,1.0,1.0,1.0,1.0,2023
São Paulo,2,71.0,1385.0,0.0,605.0,0.0,0.0,0.0,562.0,716.0,107.0,0.0,1.0,1.0,1.0,0.0,2023
São Paulo,2,30.0,681.0,681.0,0.0,0.0,0.0,659.0,22.0,0.0,0.0,0.0,1.0,1.0,1.0,1.0,2023
São Paulo,2,38.0,861.0,0.0,358.0,0.0,0.0,0.0,318.0,451.0,92.0,0.0,1.0,1.0,1.0,1.0,2023
Itapetininga,2,23.0,467.0,0.0,467.0,0.0,0.0,12.0,440.0,15.0,0.0,0.0,0.0,1.0,1.0,0.0,2023
Biritiba Mirim,2,32.0,602.0,0.0,0.0,0.0,0.0,0.0,12.0,545.0,45.0,0.0,1.0,1.0,1.0,1.0,2023
Poá,2,56.0,1151.0,0.0,412.0,0.0,0.0,2.0,374.0,681.0,94.0,0.0,1.0,1.0,1.0,1.0,2023
Itaquaquecetuba,2,30.0,476.0,0.0,341.0,0.0,0.0,4.0,320.0,147.0,5.0,0.0,1.0,1.0,1.0,1.0,2023
São Paulo,2,26.0,534.0,534.0,0.0,0.0,0.0,489.0,45.0,0.0,0.0,0.0,1.0,1.0,1.0,1.0,2023
Macatuba,2,20.0,300.0,0.0,206.0,0.0,0.0,0.0,188.0,109.0,3.0,0.0,1.0,1.0,1.0,0.0,2023
Igaraçu do Tietê,2,,,,,,,,,,,,,,,,2023
Bauru,2,18.0,301.0,301.0,0.0,0.0,4.0,294.0,3.0,0.0,0.0,0.0,0.0,1.0,1.0,0.0,2023
Presidente Alves,2,43.0,440.0,167.0,158.0,0.0,0.0,167.0,149.0,106.0,18.0,0.0,1.0,1.0,1.0,0.0,2023
Bariri,2,,,,,,,,,,,,,,,,2023
Itapuí,2,41.0,1135.0,0.0,654.0,0.0,0.0,10.0,594.0,495.0,36.0,0.0,1.0,1.0,1.0,0.0,2023
Jaú,2,41.0,611.0,0.0,345.0,0.0,0.0,0.0,308.0,272.0,31.0,0.0,1.0,1.0,1.0,0.0,2023
Meridiano,2,,,,,,,,,,,,,,,,2023
Votuporanga,2,43.0,833.0,0.0,296.0,0.0,0.0,8.0,281.0,518.0,26.0,0.0,1.0,1.0,1.0,1.0,2023
São José do Rio Preto,2,18.0,385.0,0.0,385.0,0.0,0.0,0.0,364.0,21.0,0.0,0.0,1.0,1.0,1.0,1.0,2023
Riolândia,2,,,,,,,,,,,,,,,,2023
São Paulo,2,30.0,395.0,174.0,120.0,0.0,0.0,168.0,112.0,110.0,5.0,1.0,1.0,1.0,1.0,1.0,2023
São Paulo,2,20.0,424.0,424.0,0.0,0.0,0.0,407.0,17.0,0.0,0.0,0.0,1.0,1.0,1.0,1.0,2023
São Paulo,2,22.0,438.0,0.0,195.0,0.0,0.0,0.0,184.0,238.0,16.0,0.0,1.0,1.0,1.0,0.0,2023
São Paulo,2,48.0,1014.0,0.0,702.0,0.0,0.0,2.0,630.0,370.0,12.0,0.0,1.0,1.0,1.0,0.0,2023
São Paulo,2,33.0,598.0,598.0,0.0,0.0,0.0,563.0,34.0,1.0,0.0,0.0,1.0,1.0,1.0,1.0,2023
São Paulo,2,43.0,1023.0,0.0,507.0,0.0,0.0,3.0,461.0,516.0,43.0,0.0,1.0,1.0,1.0,1.0,2023
São Paulo,2,82.0,1578.0,266.0,391.0,0.0,0.0,232.0,392.0,638.0,316.0,0.0,1.0,1.0,1.0,0.0,2023
São Paulo,2,43.0,1012.0,0.0,565.0,0.0,0.0,3.0,533.0,451.0,25.0,0.0,1.0,1.0,1.0,1.0,2023
São Paulo,2,25.0,421.0,0.0,0.0,0.0,0.0,0.0,1.0,394.0,26.0,0.0,1.0,1.0,1.0,1.0,2023
São Paulo,2,15.0,200.0,0.0,200.0,0.0,0.0,2.0,190.0,8.0,0.0,0.0,1.0,1.0,1.0,1.0,2023
São Paulo,2,33.0,794.0,794.0,0.0,0.0,0.0,757.0,37.0,0.0,0.0,0.0,1.0,1.0,1.0,1.0,2023
São Paulo,2,32.0,645.0,0.0,340.0,0.0,0.0,0.0,308.0,292.0,45.0,0.0,1.0,1.0,1.0,0.0,2023
São Paulo,2,51.0,857.0,208.0,336.0,0.0,0.0,191.0,328.0,321.0,17.0,1.0,1.0,1.0,1.0,0.0,2023
São Paulo,2,35.0,553.0,0.0,404.0,0.0,0.0,0.0,381.0,152.0,20.0,0.0,1.0,1.0,1.0,1.0,2023
São Paulo,2,36.0,671.0,0.0,406.0,0.0,0.0,0.0,373.0,275.0,23.0,0.0,1.0,1.0,1.0,0.0,2023
São Paulo,2,31.0,756.0,756.0,0.0,0.0,0.0,724.0,32.0,0.0,0.0,0.0,1.0,1.0,1.0,1.0,2023
São Paulo,2,22.0,479.0,479.0,0.0,0.0,0.0,453.0,26.0,0.0,0.0,0.0,1.0,1.0,0.0,0.0,2023
São Paulo,2,36.0,723.0,296.0,275.0,0.0,0.0,285.0,267.0,162.0,9.0,0.0,1.0,1.0,1.0,0.0,2023
São Paulo,2,56.0,1077.0,0.0,682.0,0.0,0.0,0.0,615.0,431.0,31.0,0.0,1.0,1.0,1.0,1.0,2023
São Paulo,2,81.0,2401.0,837.0,638.0,0.0,0.0,807.0,603.0,848.0,143.0,0.0,1.0,1.0,1.0,0.0,2023
São Paulo,2,25.0,332.0,0.0,203.0,0.0,0.0,0.0,182.0,134.0,16.0,0.0,1.0,1.0,1.0,0.0,2023
Borá,2,13.0,94.0,0.0,59.0,0.0,0.0,5.0,51.0,36.0,2.0,0.0,1.0,1.0,1.0,0.0,2023
Marília,2,50.0,1048.0,0.0,495.0,0.0,0.0,12.0,472.0,545.0,19.0,0.0,1.0,1.0,1.0,0.0,2023
Palmital,2,37.0,534.0,0.0,290.0,0.0,0.0,7.0,263.0,147.0,117.0,0.0,1.0,1.0,1.0,1.0,2023
Bebedouro,2,30.0,502.0,0.0,295.0,0.0,0.0,0.0,278.0,209.0,15.0,0.0,1.0,1.0,1.0,0.0,2023
Monte Alto,2,22.0,295.0,0.0,170.0,0.0,0.0,3.0,164.0,127.0,1.0,0.0,1.0,1.0,1.0,1.0,2023
Sertãozinho,2,38.0,581.0,0.0,146.0,0.0,0.0,0.0,129.0,287.0,165.0,0.0,1.0,1.0,1.0,1.0,2023
Ribeirão Preto,2,42.0,831.0,446.0,385.0,0.0,0.0,417.0,367.0,47.0,0.0,0.0,1.0,1.0,1.0,1.0,2023
Ribeirão Preto,2,22.0,360.0,0.0,0.0,0.0,0.0,0.0,1.0,338.0,21.0,0.0,1.0,1.0,1.0,1.0,2023
Ribeirão Preto,2,44.0,854.0,0.0,602.0,0.0,0.0,1.0,528.0,303.0,22.0,0.0,1.0,1.0,1.0,1.0,2023
Matão,2,18.0,202.0,202.0,0.0,0.0,0.0,201.0,1.0,0.0,0.0,0.0,1.0,1.0,1.0,1.0,2023
Presidente Prudente,2,25.0,410.0,0.0,295.0,0.0,0.0,1.0,276.0,125.0,8.0,0.0,0.0,1.0,1.0,0.0,2023
Rosana,2,14.0,192.0,0.0,0.0,0.0,0.0,0.0,5.0,175.0,12.0,0.0,1.0,1.0,1.0,1.0,2023
Cotia,2,16.0,243.0,0.0,243.0,0.0,0.0,5.0,226.0,12.0,0.0,0.0,1.0,1.0,1.0,0.0,2023
Jandira,2,21.0,389.0,0.0,267.0,0.0,0.0,5.0,245.0,130.0,9.0,0.0,1.0,1.0,1.0,1.0,2023
Embu das Artes,2,17.0,317.0,317.0,0.0,0.0,0.0,312.0,5.0,0.0,0.0,0.0,0.0,1.0,1.0,1.0,2023
Embu das Artes,2,32.0,458.0,161.0,156.0,0.0,0.0,160.0,159.0,131.0,8.0,0.0,1.0,1.0,1.0,1.0,2023
Itapecerica da Serra,2,45.0,1136.0,0.0,448.0,0.0,0.0,9.0,424.0,649.0,54.0,0.0,1.0,1.0,1.0,1.0,2023
Embu-Guaçu,2,29.0,514.0,0.0,320.0,0.0,0.0,9.0,299.0,190.0,16.0,0.0,0.0,1.0,1.0,0.0,2023
Taboão da Serra,2,28.0,543.0,0.0,323.0,0.0,0.0,9.0,302.0,212.0,20.0,0.0,1.0,1.0,1.0,0.0,2023
Juquitiba,2,21.0,266.0,0.0,142.0,0.0,0.0,2.0,127.0,131.0,6.0,0.0,0.0,1.0,1.0,0.0,2023
Barueri,2,18.0,253.0,0.0,0.0,0.0,0.0,0.0,3.0,217.0,33.0,0.0,1.0,1.0,1.0,1.0,2023
Barueri,2,26.0,572.0,0.0,0.0,0.0,0.0,0.0,3.0,511.0,58.0,0.0,1.0,1.0,1.0,0.0,2023
Caieiras,2,31.0,749.0,0.0,269.0,0.0,0.0,5.0,265.0,460.0,19.0,0.0,1.0,1.0,0.0,1.0,2023
Francisco Morato,2,22.0,680.0,0.0,297.0,0.0,0.0,3.0,294.0,367.0,16.0,0.0,1.0,1.0,1.0,0.0,2023
Franco da Rocha,2,,,,,,,,,,,,,,,,2023
Mogi das Cruzes,2,44.0,724.0,0.0,407.0,0.0,0.0,0.0,383.0,325.0,16.0,0.0,1.0,1.0,1.0,0.0,2023
Itaquaquecetuba,2,36.0,645.0,0.0,426.0,0.0,0.0,5.0,391.0,237.0,12.0,0.0,0.0,1.0,1.0,1.0,2023
Itaquaquecetuba,2,59.0,1078.0,0.0,718.0,0.0,0.0,10.0,664.0,381.0,23.0,0.0,1.0,1.0,1.0,1.0,2023
Mauá,2,18.0,471.0,471.0,0.0,0.0,1.0,467.0,3.0,0.0,0.0,0.0,1.0,1.0,1.0,0.0,2023
Mauá,2,43.0,732.0,732.0,0.0,0.0,1.0,723.0,8.0,0.0,0.0,0.0,0.0,1.0,0.0,1.0,2023
Mauá,2,24.0,483.0,483.0,0.0,0.0,0.0,476.0,7.0,0.0,0.0,0.0,1.0,1.0,1.0,0.0,2023
Mauá,2,53.0,1319.0,271.0,394.0,0.0,0.0,271.0,397.0,621.0,30.0,0.0,1.0,1.0,1.0,1.0,2023
Ribeirão Pires,2,8.0,54.0,54.0,0.0,0.0,0.0,53.0,1.0,0.0,0.0,0.0,1.0,1.0,1.0,0.0,2023
Cananéia,2,22.0,530.0,0.0,340.0,0.0,0.0,9.0,311.0,205.0,5.0,0.0,0.0,1.0,1.0,1.0,2023
Ubatuba,2,40.0,703.0,0.0,412.0,0.0,0.0,0.0,395.0,297.0,11.0,0.0,1.0,1.0,1.0,1.0,2023
Caraguatatuba,2,26.0,322.0,0.0,208.0,0.0,0.0,1.0,191.0,124.0,6.0,0.0,1.0,1.0,1.0,1.0,2023
Ilhabela,2,,,,,,,,,,,,,,,,2023
Mongaguá,2,31.0,607.0,0.0,0.0,0.0,0.0,0.0,14.0,526.0,67.0,0.0,1.0,1.0,1.0,0.0,2023
Peruíbe,2,47.0,1183.0,0.0,609.0,0.0,0.0,2.0,542.0,509.0,130.0,0.0,1.0,1.0,0.0,1.0,2023
Praia Grande,2,61.0,1434.0,0.0,477.0,0.0,0.0,2.0,365.0,931.0,136.0,0.0,1.0,1.0,0.0,1.0,2023
Tietê,2,,,,,,,,,,,,,,,,2023
Avaré,2,34.0,527.0,0.0,527.0,0.0,0.0,1.0,488.0,38.0,0.0,0.0,1.0,1.0,1.0,0.0,2023
Guareí,2,15.0,253.0,0.0,253.0,0.0,0.0,0.0,233.0,20.0,0.0,0.0,0.0,1.0,1.0,0.0,2023
Itararé,2,34.0,547.0,0.0,392.0,0.0,0.0,2.0,362.0,176.0,7.0,0.0,1.0,1.0,1.0,1.0,2023
Itu,2,40.0,854.0,0.0,530.0,0.0,0.0,16.0,523.0,310.0,5.0,0.0,0.0,1.0,1.0,1.0,2023
Ibiúna,2,15.0,318.0,0.0,318.0,0.0,0.0,6.0,300.0,12.0,0.0,0.0,1.0,1.0,0.0,0.0,2023
Piedade,2,15.0,224.0,0.0,139.0,0.0,0.0,1.0,133.0,89.0,1.0,0.0,0.0,1.0,1.0,0.0,2023
Roseira,2,,,,,,,,,,,,,,,,2023
Guaratinguetá,2,22.0,351.0,0.0,262.0,0.0,0.0,7.0,248.0,89.0,7.0,0.0,1.0,1.0,1.0,1.0,2023
Pindamonhangaba,2,14.0,264.0,0.0,264.0,0.0,0.0,4.0,257.0,3.0,0.0,0.0,1.0,1.0,1.0,1.0,2023
Jacareí,2,31.0,527.0,0.0,377.0,0.0,0.0,0.0,360.0,164.0,3.0,0.0,0.0,1.0,1.0,0.0,2023
Jacareí,2,28.0,330.0,0.0,218.0,0.0,0.0,0.0,190.0,135.0,5.0,0.0,0.0,1.0,1.0,0.0,2023
Jacareí,2,28.0,519.0,0.0,395.0,0.0,0.0,0.0,358.0,154.0,7.0,0.0,1.0,1.0,1.0,0.0,2023
Jacareí,2,11.0,108.0,0.0,68.0,0.0,0.0,0.0,63.0,45.0,0.0,0.0,0.0,1.0,1.0,0.0,2023
Santa Branca,2,26.0,488.0,0.0,0.0,0.0,0.0,0.0,0.0,393.0,95.0,0.0,0.0,1.0,1.0,0.0,2023
São José dos Campos,2,43.0,859.0,0.0,355.0,0.0,0.0,1.0,329.0,399.0,130.0,0.0,0.0,1.0,1.0,0.0,2023
São José dos Campos,2,35.0,781.0,193.0,240.0,0.0,0.0,192.0,225.0,324.0,40.0,0.0,0.0,1.0,1.0,1.0,2023
Caçapava,2,28.0,434.0,0.0,282.0,0.0,0.0,7.0,264.0,153.0,10.0,0.0,1.0,1.0,0.0,1.0,2023
Caçapava,2,26.0,376.0,0.0,243.0,0.0,0.0,8.0,221.0,132.0,15.0,0.0,0.0,1.0,1.0,1.0,2023
Americana,2,22.0,422.0,0.0,322.0,0.0,0.0,4.0,314.0,98.0,6.0,0.0,1.0,1.0,1.0,1.0,2023
Santa Bárbara d'Oeste,2,31.0,472.0,0.0,122.0,0.0,0.0,0.0,121.0,332.0,19.0,0.0,1.0,1.0,1.0,0.0,2023
Hortolândia,2,34.0,624.0,0.0,464.0,0.0,0.0,0.0,431.0,191.0,2.0,0.0,0.0,1.0,1.0,1.0,2023
Sumaré,2,59.0,1295.0,0.0,700.0,0.0,0.0,10.0,629.0,588.0,68.0,0.0,0.0,1.0,1.0,0.0,2023
Sumaré,2,39.0,737.0,0.0,486.0,0.0,0.0,12.0,467.0,255.0,3.0,0.0,0.0,1.0,1.0,0.0,2023
Hortolândia,2,33.0,565.0,0.0,565.0,0.0,0.0,1.0,519.0,45.0,0.0,0.0,1.0,1.0,1.0,0.0,2023
Sumaré,2,50.0,1603.0,0.0,727.0,0.0,0.0,15.0,669.0,836.0,83.0,0.0,1.0,1.0,1.0,0.0,2023
Sumaré,2,47.0,1428.0,0.0,542.0,0.0,0.0,10.0,502.0,839.0,77.0,0.0,1.0,1.0,1.0,0.0,2023
Sumaré,2,39.0,867.0,0.0,476.0,0.0,0.0,9.0,459.0,387.0,12.0,0.0,0.0,1.0,1.0,0.0,2023
Sumaré,2,31.0,744.0,744.0,0.0,0.0,0.0,721.0,22.0,1.0,0.0,0.0,1.0,1.0,1.0,0.0,2023
Serra Negra,2,30.0,447.0,188.0,259.0,0.0,0.0,189.0,250.0,8.0,0.0,0.0,1.0,1.0,1.0,0.0,2023
Pedreira,2,47.0,1106.0,0.0,464.0,0.0,0.0,6.0,457.0,621.0,22.0,0.0,0.0,1.0,1.0,0.0,2023
Bom Jesus dos Perdões,2,47.0,1149.0,0.0,607.0,0.0,0.0,1.0,556.0,435.0,157.0,0.0,1.0,1.0,1.0,1.0,2023
Vinhedo,2,32.0,763.0,0.0,0.0,0.0,0.0,0.0,1.0,686.0,76.0,0.0,1.0,1.0,0.0,0.0,2023
Campinas,2,28.0,495.0,0.0,255.0,0.0,0.0,0.0,244.0,211.0,40.0,0.0,1.0,1.0,1.0,0.0,2023
Campinas,2,54.0,1003.0,147.0,539.0,0.0,0.0,135.0,516.0,324.0,28.0,0.0,1.0,1.0,1.0,0.0,2023
Campinas,2,25.0,407.0,0.0,246.0,0.0,0.0,1.0,235.0,166.0,5.0,0.0,1.0,1.0,1.0,0.0,2023
Campinas,2,26.0,463.0,463.0,0.0,0.0,0.0,450.0,13.0,0.0,0.0,0.0,0.0,1.0,1.0,0.0,2023
Campinas,2,51.0,1122.0,0.0,373.0,0.0,0.0,1.0,350.0,655.0,116.0,1.0,1.0,1.0,1.0,1.0,2023
Indaiatuba,2,27.0,598.0,0.0,378.0,0.0,0.0,3.0,350.0,231.0,14.0,0.0,1.0,1.0,1.0,0.0,2023
Casa Branca,2,8.0,82.0,0.0,82.0,0.0,0.0,0.0,78.0,4.0,0.0,0.0,1.0,1.0,1.0,0.0,2023
Jundiaí,2,17.0,316.0,0.0,316.0,0.0,0.0,2.0,299.0,15.0,0.0,0.0,1.0,1.0,1.0,0.0,2023
Limeira,2,33.0,677.0,0.0,456.0,0.0,0.0,1.0,437.0,230.0,9.0,0.0,1.0,1.0,1.0,0.0,2023
Limeira,2,40.0,803.0,0.0,526.0,0.0,0.0,1.0,490.0,308.0,4.0,0.0,1.0,1.0,1.0,1.0,2023
Cosmópolis,2,31.0,1041.0,0.0,0.0,0.0,0.0,0.0,8.0,890.0,143.0,0.0,1.0,1.0,1.0,0.0,2023
Piracicaba,2,51.0,1096.0,0.0,552.0,0.0,0.0,1.0,508.0,517.0,70.0,0.0,1.0,1.0,1.0,0.0,2023
Capivari,2,,,,,,,,,,,,,,,,2023
Rio Claro,2,42.0,1425.0,0.0,608.0,0.0,0.0,1.0,547.0,794.0,83.0,0.0,1.0,1.0,1.0,0.0,2023
Rio Claro,2,,,,,,,,,,,,,,,,2023
São João da Boa Vista,2,20.0,241.0,0.0,186.0,0.0,0.0,1.0,170.0,63.0,7.0,0.0,1.0,1.0,1.0,1.0,2023
Campinas,2,60.0,1176.0,0.0,0.0,0.0,0.0,0.0,11.0,806.0,359.0,1.0,0.0,1.0,0.0,1.0,2023
Campinas,2,38.0,1556.0,0.0,0.0,0.0,0.0,0.0,7.0,718.0,831.0,1.0,1.0,1.0,1.0,1.0,2023
Limeira,2,73.0,1246.0,0.0,0.0,0.0,0.0,0.0,9.0,998.0,239.0,0.0,0.0,1.0,0.0,0.0,2023
Americana,2,97.0,2014.0,0.0,0.0,0.0,0.0,0.0,30.0,1509.0,475.0,1.0,1.0,1.0,1.0,1.0,2023
Mococa,2,36.0,764.0,0.0,0.0,0.0,0.0,0.0,5.0,569.0,190.0,1.0,1.0,1.0,1.0,1.0,2023
Jundiaí,2,108.0,1640.0,0.0,0.0,0.0,0.0,0.0,14.0,903.0,723.0,1.0,1.0,1.0,0.0,1.0,2023
Jaboticabal,2,30.0,269.0,0.0,0.0,0.0,0.0,0.0,4.0,230.0,35.0,0.0,1.0,1.0,0.0,0.0,2023
Guaratinguetá,2,42.0,337.0,0.0,0.0,0.0,0.0,0.0,8.0,298.0,31.0,0.0,1.0,1.0,1.0,0.0,2023
São Bernardo do Campo,2,176.0,3566.0,0.0,0.0,0.0,0.0,0.0,25.0,1974.0,1567.0,1.0,1.0,1.0,1.0,1.0,2023
São Paulo,2,51.0,711.0,298.0,241.0,0.0,0.0,288.0,238.0,176.0,9.0,1.0,1.0,1.0,1.0,0.0,2023
São Paulo,2,18.0,297.0,297.0,0.0,0.0,0.0,286.0,11.0,0.0,0.0,0.0,1.0,1.0,1.0,0.0,2023
São Paulo,2,21.0,360.0,360.0,0.0,0.0,0.0,349.0,11.0,0.0,0.0,0.0,1.0,1.0,1.0,0.0,2023
São Paulo,2,59.0,1763.0,0.0,727.0,0.0,0.0,3.0,655.0,968.0,137.0,0.0,1.0,1.0,1.0,1.0,2023
São Paulo,2,53.0,1000.0,0.0,342.0,0.0,0.0,0.0,303.0,594.0,103.0,0.0,0.0,1.0,1.0,1.0,2023
Guaratinguetá,2,,,,,,,,,,,,,,,,2023
Araraquara,2,59.0,1300.0,0.0,607.0,0.0,0.0,0.0,554.0,689.0,57.0,0.0,1.0,1.0,1.0,0.0,2023
Praia Grande,2,31.0,767.0,0.0,0.0,0.0,0.0,0.0,2.0,684.0,81.0,0.0,1.0,1.0,1.0,1.0,2023
Mongaguá,2,,,,,,,,,,,,,,,,2023
Praia Grande,2,25.0,319.0,0.0,86.0,0.0,0.0,0.0,80.0,214.0,25.0,0.0,0.0,1.0,1.0,0.0,2023
Piedade,2,26.0,457.0,0.0,296.0,0.0,0.0,14.0,285.0,155.0,3.0,0.0,0.0,1.0,1.0,0.0,2023
Franca,2,24.0,357.0,0.0,264.0,0.0,0.0,0.0,238.0,113.0,6.0,0.0,1.0,1.0,1.0,0.0,2023
Santos,2,61.0,1607.0,0.0,201.0,0.0,0.0,0.0,170.0,1230.0,207.0,1.0,1.0,1.0,1.0,0.0,2023
Campinas,2,76.0,2241.0,496.0,487.0,0.0,1.0,475.0,467.0,1155.0,143.0,0.0,1.0,1.0,1.0,1.0,2023
Poá,2,19.0,256.0,0.0,130.0,0.0,0.0,0.0,116.0,134.0,6.0,0.0,1.0,1.0,1.0,0.0,2023
Suzano,2,47.0,1219.0,0.0,442.0,0.0,0.0,0.0,414.0,761.0,44.0,0.0,1.0,1.0,1.0,0.0,2023
São Paulo,2,28.0,431.0,191.0,240.0,0.0,0.0,178.0,236.0,17.0,0.0,0.0,1.0,1.0,1.0,0.0,2023
São Paulo,2,54.0,1465.0,456.0,375.0,0.0,0.0,420.0,351.0,602.0,92.0,0.0,1.0,1.0,1.0,0.0,2023
Itapecerica da Serra,2,10.0,147.0,147.0,0.0,0.0,0.0,145.0,2.0,0.0,0.0,0.0,0.0,1.0,1.0,0.0,2023
São Paulo,2,62.0,1607.0,432.0,485.0,0.0,0.0,414.0,470.0,654.0,69.0,0.0,1.0,1.0,1.0,1.0,2023
São Paulo,2,37.0,839.0,686.0,0.0,0.0,0.0,653.0,33.0,0.0,153.0,0.0,0.0,1.0,1.0,0.0,2023
São Paulo,2,21.0,404.0,404.0,0.0,0.0,0.0,375.0,29.0,0.0,0.0,0.0,1.0,1.0,1.0,1.0,2023
São Paulo,2,72.0,1615.0,0.0,390.0,0.0,0.0,0.0,348.0,820.0,447.0,0.0,1.0,1.0,1.0,1.0,2023
São Paulo,2,37.0,882.0,882.0,0.0,0.0,0.0,835.0,46.0,1.0,0.0,0.0,1.0,1.0,1.0,1.0,2023
São Paulo,2,44.0,733.0,0.0,385.0,0.0,0.0,0.0,356.0,363.0,14.0,0.0,1.0,1.0,1.0,1.0,2023
São Paulo,2,26.0,520.0,0.0,0.0,0.0,0.0,0.0,5.0,494.0,21.0,0.0,0.0,1.0,1.0,1.0,2023
São Paulo,2,53.0,1169.0,529.0,640.0,0.0,0.0,505.0,600.0,64.0,0.0,0.0,1.0,1.0,1.0,1.0,2023
São Paulo,2,28.0,419.0,196.0,189.0,0.0,0.0,185.0,178.0,56.0,0.0,0.0,0.0,1.0,1.0,1.0,2023
São Paulo,2,61.0,1267.0,401.0,244.0,0.0,0.0,379.0,246.0,540.0,102.0,0.0,1.0,1.0,1.0,1.0,2023
São Paulo,2,72.0,2344.0,0.0,994.0,0.0,0.0,3.0,905.0,1240.0,196.0,0.0,1.0,1.0,0.0,1.0,2023
São Paulo,2,41.0,608.0,0.0,348.0,0.0,0.0,0.0,290.0,269.0,49.0,0.0,1.0,1.0,1.0,0.0,2023
Guarulhos,2,23.0,438.0,438.0,0.0,0.0,0.0,420.0,18.0,0.0,0.0,0.0,1.0,1.0,1.0,0.0,2023
Arujá,2,41.0,779.0,0.0,431.0,0.0,0.0,11.0,404.0,337.0,27.0,0.0,1.0,1.0,1.0,0.0,2023
Guarulhos,2,51.0,1253.0,0.0,476.0,0.0,0.0,0.0,437.0,746.0,70.0,0.0,1.0,1.0,0.0,1.0,2023
Guarulhos,2,41.0,1461.0,0.0,512.0,0.0,0.0,2.0,473.0,865.0,121.0,0.0,0.0,1.0,1.0,0.0,2023
Guarulhos,2,69.0,2062.0,0.0,759.0,0.0,0.0,0.0,720.0,1238.0,104.0,0.0,1.0,1.0,0.0,1.0,2023
Mogi das Cruzes,2,33.0,733.0,0.0,733.0,0.0,0.0,0.0,698.0,35.0,0.0,0.0,1.0,1.0,1.0,1.0,2023
Suzano,2,57.0,1428.0,0.0,510.0,0.0,0.0,1.0,471.0,863.0,93.0,0.0,1.0,1.0,1.0,0.0,2023
Diadema,2,42.0,921.0,0.0,454.0,0.0,0.0,1.0,440.0,450.0,30.0,1.0,1.0,1.0,1.0,1.0,2023
Mauá,2,,,,,,,,,,,,,,,,2023
Ribeirão Pires,2,33.0,424.0,138.0,188.0,0.0,0.0,138.0,183.0,102.0,1.0,0.0,1.0,1.0,1.0,1.0,2023
Caraguatatuba,2,24.0,468.0,0.0,0.0,0.0,0.0,0.0,5.0,435.0,28.0,0.0,1.0,1.0,1.0,1.0,2023
Ribeirão Pires,2,22.0,214.0,72.0,84.0,0.0,0.0,73.0,78.0,56.0,7.0,0.0,0.0,1.0,1.0,0.0,2023
São Bernardo do Campo,2,36.0,806.0,0.0,428.0,0.0,0.0,2.0,399.0,377.0,28.0,0.0,1.0,1.0,1.0,0.0,2023
Carapicuíba,2,25.0,460.0,0.0,460.0,0.0,0.0,3.0,424.0,33.0,0.0,0.0,1.0,1.0,1.0,0.0,2023
Embu-Guaçu,2,17.0,482.0,482.0,0.0,0.0,1.0,477.0,4.0,0.0,0.0,0.0,1.0,1.0,1.0,1.0,2023
Embu-Guaçu,2,33.0,719.0,719.0,0.0,0.0,3.0,713.0,3.0,0.0,0.0,0.0,1.0,1.0,1.0,0.0,2023
Taboão da Serra,2,53.0,1794.0,0.0,764.0,0.0,0.0,13.0,700.0,936.0,145.0,0.0,1.0,1.0,1.0,1.0,2023
Cotia,2,28.0,773.0,0.0,374.0,0.0,0.0,11.0,358.0,376.0,28.0,0.0,0.0,1.0,1.0,0.0,2023
Itapevi,2,45.0,1233.0,0.0,660.0,0.0,0.0,14.0,589.0,589.0,41.0,0.0,1.0,1.0,1.0,1.0,2023
Osasco,2,32.0,591.0,0.0,429.0,0.0,0.0,2.0,401.0,179.0,9.0,0.0,1.0,1.0,1.0,0.0,2023
Osasco,2,35.0,640.0,0.0,487.0,0.0,0.0,2.0,445.0,182.0,11.0,0.0,1.0,1.0,1.0,1.0,2023
Ilhabela,2,,,,,,,,,,,,,,,,2023
São Sebastião,2,19.0,275.0,0.0,0.0,0.0,0.0,0.0,1.0,257.0,17.0,0.0,1.0,1.0,1.0,1.0,2023
São Sebastião,2,14.0,172.0,0.0,0.0,0.0,0.0,0.0,1.0,160.0,11.0,0.0,1.0,1.0,0.0,1.0,2023
Ubatuba,2,31.0,597.0,0.0,326.0,0.0,0.0,1.0,307.0,280.0,9.0,0.0,1.0,1.0,1.0,0.0,2023
Santos,2,42.0,837.0,0.0,462.0,0.0,0.0,0.0,426.0,383.0,28.0,0.0,1.0,1.0,0.0,1.0,2023
Peruíbe,2,39.0,730.0,0.0,497.0,0.0,0.0,3.0,436.0,272.0,19.0,0.0,1.0,1.0,1.0,1.0,2023
Pindamonhangaba,2,15.0,315.0,0.0,315.0,0.0,0.0,6.0,303.0,6.0,0.0,0.0,1.0,1.0,1.0,1.0,2023
Jacareí,2,14.0,278.0,0.0,278.0,0.0,0.0,0.0,263.0,15.0,0.0,0.0,1.0,1.0,1.0,0.0,2023
São José dos Campos,2,,,,,,,,,,,,,,,,2023
Taubaté,2,28.0,359.0,0.0,0.0,0.0,0.0,0.0,9.0,309.0,41.0,0.0,1.0,1.0,1.0,0.0,2023
Apiaí,2,23.0,168.0,56.0,79.0,0.0,0.0,57.0,77.0,32.0,2.0,0.0,0.0,1.0,1.0,0.0,2023
Itapetininga,2,34.0,597.0,0.0,396.0,0.0,0.0,3.0,375.0,209.0,10.0,0.0,1.0,1.0,1.0,1.0,2023
Itapetininga,2,22.0,313.0,0.0,183.0,0.0,0.0,4.0,168.0,132.0,9.0,0.0,1.0,1.0,1.0,0.0,2023
São Miguel Arcanjo,2,15.0,139.0,0.0,85.0,0.0,0.0,2.0,79.0,57.0,1.0,0.0,1.0,1.0,1.0,1.0,2023
Salto,2,49.0,1015.0,0.0,581.0,0.0,0.0,1.0,541.0,435.0,38.0,0.0,0.0,1.0,1.0,0.0,2023
Salto,2,42.0,1230.0,0.0,507.0,0.0,0.0,0.0,481.0,677.0,72.0,0.0,1.0,1.0,1.0,0.0,2023
Sorocaba,2,16.0,296.0,296.0,0.0,0.0,0.0,284.0,12.0,0.0,0.0,0.0,0.0,1.0,1.0,1.0,2023
Americana,2,14.0,297.0,297.0,0.0,0.0,6.0,288.0,3.0,0.0,0.0,0.0,0.0,1.0,1.0,0.0,2023
Santa Bárbara d'Oeste,2,37.0,525.0,0.0,138.0,0.0,0.0,3.0,136.0,284.0,102.0,0.0,1.0,1.0,1.0,0.0,2023
Hortolândia,2,,,,,,,,,,,,,,,,2023
Amparo,2,55.0,1040.0,0.0,497.0,0.0,0.0,7.0,454.0,501.0,78.0,0.0,0.0,1.0,1.0,1.0,2023
Jaguariúna,2,36.0,981.0,0.0,0.0,0.0,0.0,0.0,7.0,860.0,114.0,0.0,1.0,1.0,1.0,1.0,2023
Serra Negra,2,9.0,89.0,89.0,0.0,0.0,0.0,89.0,0.0,0.0,0.0,0.0,1.0,1.0,1.0,1.0,2023
Atibaia,2,21.0,366.0,0.0,258.0,0.0,0.0,1.0,253.0,97.0,15.0,0.0,1.0,1.0,1.0,0.0,2023
Atibaia,2,35.0,682.0,0.0,371.0,0.0,0.0,1.0,355.0,292.0,34.0,0.0,1.0,1.0,1.0,0.0,2023
Campinas,2,39.0,959.0,0.0,362.0,0.0,0.0,1.0,329.0,474.0,155.0,1.0,1.0,1.0,1.0,1.0,2023
Campinas,2,28.0,720.0,720.0,0.0,0.0,0.0,702.0,18.0,0.0,0.0,0.0,0.0,1.0,1.0,1.0,2023
Campinas,2,71.0,1321.0,352.0,443.0,0.0,0.0,336.0,419.0,442.0,124.0,1.0,1.0,1.0,1.0,1.0,2023
Campinas,2,23.0,453.0,453.0,0.0,0.0,0.0,434.0,19.0,0.0,0.0,0.0,0.0,1.0,1.0,1.0,2023
Campinas,2,22.0,341.0,341.0,0.0,0.0,0.0,328.0,13.0,0.0,0.0,0.0,1.0,1.0,1.0,0.0,2023
Campinas,2,14.0,262.0,262.0,0.0,0.0,0.0,254.0,8.0,0.0,0.0,0.0,1.0,1.0,1.0,1.0,2023
Campinas,2,11.0,113.0,113.0,0.0,0.0,0.0,107.0,6.0,0.0,0.0,0.0,1.0,1.0,0.0,0.0,2023
Campinas,2,80.0,2738.0,691.0,617.0,0.0,0.0,663.0,610.0,1323.0,142.0,0.0,1.0,1.0,1.0,1.0,2023
Monte Mor,2,,,,,,,,,,,,,,,,2023
Várzea Paulista,2,48.0,1533.0,0.0,697.0,0.0,0.0,1.0,642.0,804.0,86.0,0.0,1.0,1.0,1.0,0.0,2023
Araras,2,37.0,619.0,0.0,378.0,0.0,0.0,7.0,351.0,241.0,20.0,0.0,1.0,1.0,1.0,0.0,2023
Cosmópolis,2,37.0,800.0,0.0,305.0,0.0,0.0,4.0,276.0,378.0,142.0,0.0,1.0,1.0,1.0,1.0,2023
Iracemápolis,2,41.0,889.0,0.0,362.0,0.0,0.0,1.0,346.0,507.0,35.0,0.0,1.0,1.0,1.0,0.0,2023
Limeira,2,35.0,600.0,0.0,293.0,0.0,0.0,4.0,259.0,302.0,35.0,0.0,1.0,1.0,1.0,1.0,2023
Limeira,2,15.0,196.0,0.0,196.0,0.0,0.0,0.0,177.0,19.0,0.0,0.0,1.0,1.0,1.0,1.0,2023
Limeira,2,23.0,485.0,147.0,338.0,0.0,0.0,144.0,317.0,24.0,0.0,0.0,1.0,1.0,0.0,0.0,2023
Mogi Guaçu,2,22.0,257.0,0.0,198.0,0.0,0.0,0.0,189.0,63.0,5.0,0.0,1.0,1.0,1.0,1.0,2023
Mogi Mirim,2,,,,,,,,,,,,,,,,2023
Santo Antônio de Posse,2,,,,,,,,,,,,,,,,2023
Piracicaba,2,50.0,1542.0,0.0,615.0,0.0,0.0,0.0,571.0,901.0,70.0,0.0,0.0,1.0,1.0,1.0,2023
Piracicaba,2,25.0,563.0,0.0,242.0,0.0,0.0,0.0,231.0,305.0,27.0,0.0,1.0,1.0,0.0,1.0,2023
Araraquara,2,33.0,442.0,0.0,247.0,0.0,0.0,0.0,238.0,199.0,5.0,0.0,1.0,1.0,1.0,0.0,2023
Franca,2,60.0,1250.0,0.0,492.0,0.0,0.0,0.0,431.0,770.0,49.0,0.0,1.0,1.0,1.0,0.0,2023
Ribeirão Preto,2,34.0,600.0,0.0,272.0,0.0,0.0,1.0,241.0,331.0,27.0,0.0,1.0,1.0,1.0,1.0,2023
São Simão,2,,,,,,,,,,,,,,,,2023
Ibitinga,2,39.0,751.0,0.0,388.0,0.0,0.0,7.0,377.0,271.0,96.0,0.0,1.0,1.0,1.0,0.0,2023
Pederneiras,2,14.0,240.0,0.0,240.0,0.0,0.0,4.0,225.0,11.0,0.0,0.0,1.0,1.0,1.0,0.0,2023
Cafelândia,2,,,,,,,,,,,,,,,,2023
Lins,2,10.0,121.0,121.0,0.0,0.0,2.0,117.0,2.0,0.0,0.0,0.0,0.0,1.0,1.0,1.0,2023
Fernandópolis,2,27.0,253.0,46.0,160.0,0.0,0.0,46.0,145.0,59.0,3.0,0.0,0.0,1.0,1.0,1.0,2023
Mirassol,2,41.0,828.0,0.0,481.0,0.0,0.0,8.0,456.0,348.0,16.0,0.0,0.0,1.0,1.0,0.0,2023
Araçatuba,2,21.0,257.0,0.0,180.0,0.0,0.0,0.0,168.0,87.0,2.0,0.0,1.0,1.0,0.0,1.0,2023
Presidente Prudente,2,18.0,379.0,0.0,379.0,0.0,0.0,0.0,355.0,24.0,0.0,0.0,1.0,1.0,1.0,1.0,2023
Echaporã,2,28.0,562.0,0.0,306.0,0.0,0.0,1.0,279.0,252.0,30.0,0.0,1.0,1.0,1.0,0.0,2023
Iguape,2,44.0,642.0,0.0,353.0,0.0,0.0,13.0,331.0,273.0,25.0,0.0,0.0,1.0,1.0,0.0,2023
Iguape,2,15.0,100.0,0.0,68.0,0.0,0.0,2.0,66.0,29.0,3.0,0.0,1.0,1.0,1.0,0.0,2023
Campinas,2,24.0,484.0,484.0,0.0,0.0,0.0,467.0,17.0,0.0,0.0,0.0,1.0,1.0,1.0,1.0,2023
Indaiatuba,2,51.0,2161.0,0.0,962.0,0.0,0.0,1.0,855.0,1178.0,127.0,0.0,1.0,1.0,1.0,0.0,2023
Leme,2,15.0,117.0,0.0,72.0,0.0,0.0,0.0,69.0,47.0,1.0,0.0,1.0,1.0,1.0,0.0,2023
Hortolândia,2,41.0,1285.0,0.0,574.0,0.0,0.0,1.0,525.0,715.0,44.0,0.0,1.0,1.0,1.0,0.0,2023
Cubatão,2,34.0,991.0,0.0,0.0,0.0,0.0,0.0,1.0,870.0,120.0,0.0,1.0,1.0,1.0,1.0,2023
Ubatuba,2,36.0,642.0,0.0,394.0,0.0,0.0,2.0,364.0,266.0,10.0,1.0,1.0,1.0,1.0,1.0,2023
Marília,2,25.0,386.0,0.0,272.0,0.0,0.0,6.0,262.0,114.0,4.0,0.0,1.0,1.0,1.0,1.0,2023
Marília,2,36.0,742.0,0.0,363.0,0.0,0.0,10.0,358.0,367.0,7.0,0.0,1.0,1.0,1.0,0.0,2023
Matão,2,29.0,386.0,0.0,230.0,0.0,0.0,2.0,211.0,163.0,10.0,0.0,1.0,1.0,1.0,0.0,2023
São José dos Campos,2,37.0,743.0,0.0,206.0,0.0,0.0,0.0,176.0,410.0,157.0,0.0,1.0,1.0,1.0,0.0,2023
São José dos Campos,2,,,,,,,,,,,,,,,,2023
São José dos Campos,2,59.0,1366.0,432.0,550.0,0.0,0.0,415.0,533.0,382.0,36.0,0.0,1.0,1.0,1.0,1.0,2023
São José dos Campos,2,,,,,,,,,,,,,,,,2023
Praia Grande,2,52.0,1453.0,0.0,520.0,0.0,0.0,0.0,453.0,854.0,146.0,0.0,1.0,1.0,1.0,0.0,2023
Colina,2,22.0,422.0,0.0,0.0,0.0,0.0,0.0,1.0,390.0,31.0,0.0,1.0,1.0,1.0,0.0,2023
São Paulo,2,39.0,903.0,903.0,0.0,0.0,0.0,861.0,42.0,0.0,0.0,0.0,1.0,1.0,1.0,1.0,2023
São Paulo,2,37.0,1281.0,0.0,576.0,0.0,0.0,0.0,525.0,662.0,94.0,0.0,1.0,1.0,1.0,1.0,2023
Francisco Morato,2,,,,,,,,,,,,,,,,2023
Guarulhos,2,,,,,,,,,,,,,,,,2023
Guarulhos,2,27.0,675.0,675.0,0.0,0.0,0.0,638.0,37.0,0.0,0.0,0.0,0.0,1.0,0.0,1.0,2023
Guararema,2,25.0,408.0,0.0,262.0,0.0,0.0,3.0,239.0,161.0,5.0,0.0,0.0,1.0,1.0,1.0,2023
São Bernardo do Campo,2,,,,,,,,,,,,,,,,2023
Cotia,2,24.0,491.0,0.0,491.0,0.0,0.0,5.0,452.0,34.0,0.0,0.0,1.0,1.0,1.0,0.0,2023
Cotia,2,57.0,1524.0,0.0,591.0,0.0,0.0,5.0,502.0,730.0,287.0,0.0,1.0,1.0,0.0,0.0,2023
Cotia,2,47.0,1240.0,0.0,651.0,0.0,0.0,8.0,576.0,545.0,111.0,0.0,1.0,1.0,1.0,1.0,2023
Vargem Grande Paulista,2,24.0,431.0,0.0,286.0,0.0,0.0,8.0,264.0,152.0,7.0,0.0,1.0,1.0,1.0,0.0,2023
Itapevi,2,42.0,1262.0,0.0,635.0,0.0,0.0,10.0,595.0,621.0,36.0,0.0,1.0,1.0,1.0,1.0,2023
Itapevi,2,51.0,1442.0,0.0,689.0,0.0,0.0,8.0,662.0,721.0,51.0,0.0,1.0,1.0,1.0,0.0,2023
Pindamonhangaba,2,29.0,502.0,0.0,282.0,0.0,0.0,6.0,276.0,203.0,17.0,0.0,1.0,1.0,1.0,1.0,2023
Itaoca,2,18.0,110.0,33.0,41.0,0.0,0.0,34.0,39.0,37.0,0.0,0.0,1.0,1.0,1.0,0.0,2023
Apiaí,2,16.0,265.0,71.0,99.0,0.0,0.0,74.0,97.0,85.0,9.0,0.0,1.0,1.0,1.0,0.0,2023
Guapiara,2,24.0,384.0,0.0,175.0,0.0,0.0,3.0,172.0,205.0,4.0,0.0,1.0,1.0,1.0,0.0,2023
Ribeira,2,14.0,128.0,0.0,73.0,0.0,0.0,2.0,74.0,52.0,0.0,0.0,1.0,1.0,1.0,0.0,2023
Hortolândia,2,37.0,659.0,0.0,405.0,0.0,0.0,1.0,385.0,266.0,7.0,0.0,1.0,1.0,1.0,0.0,2023
Hortolândia,2,51.0,1513.0,0.0,727.0,0.0,0.0,0.0,663.0,790.0,60.0,0.0,1.0,1.0,1.0,0.0,2023
Hortolândia,2,41.0,733.0,0.0,495.0,0.0,0.0,2.0,443.0,279.0,9.0,0.0,0.0,1.0,1.0,0.0,2023
Jundiaí,2,31.0,472.0,0.0,308.0,0.0,0.0,0.0,292.0,177.0,3.0,0.0,1.0,1.0,1.0,0.0,2023
Piracicaba,2,21.0,428.0,0.0,428.0,0.0,0.0,1.0,399.0,28.0,0.0,0.0,1.0,1.0,1.0,1.0,2023
Piracicaba,2,20.0,352.0,0.0,352.0,0.0,0.0,1.0,323.0,28.0,0.0,0.0,0.0,1.0,1.0,1.0,2023
Piracicaba,2,18.0,372.0,0.0,372.0,0.0,0.0,0.0,351.0,21.0,0.0,0.0,1.0,1.0,1.0,1.0,2023
Piracicaba,2,21.0,392.0,392.0,0.0,0.0,0.0,364.0,28.0,0.0,0.0,0.0,1.0,1.0,1.0,1.0,2023
Taquaritinga,2,34.0,688.0,0.0,404.0,0.0,0.0,10.0,381.0,286.0,11.0,0.0,1.0,1.0,1.0,0.0,2023
Embu das Artes,2,24.0,439.0,0.0,309.0,0.0,0.0,0.0,292.0,136.0,11.0,0.0,1.0,1.0,1.0,1.0,2023
Ribeirão Preto,2,26.0,577.0,577.0,0.0,0.0,0.0,548.0,29.0,0.0,0.0,0.0,0.0,1.0,1.0,1.0,2023
Santa Rosa de Viterbo,2,37.0,530.0,0.0,261.0,0.0,0.0,5.0,243.0,203.0,79.0,0.0,1.0,1.0,1.0,0.0,2023
Limeira,2,22.0,353.0,0.0,208.0,0.0,0.0,1.0,196.0,152.0,4.0,0.0,1.0,1.0,1.0,1.0,2023
Guarulhos,2,30.0,498.0,272.0,226.0,0.0,0.0,266.0,219.0,13.0,0.0,0.0,1.0,1.0,1.0,1.0,2023
Mauá,2,9.0,174.0,174.0,0.0,0.0,1.0,172.0,1.0,0.0,0.0,0.0,0.0,1.0,1.0,0.0,2023
Mogi das Cruzes,2,50.0,1079.0,101.0,637.0,0.0,0.0,81.0,601.0,360.0,37.0,0.0,0.0,1.0,1.0,1.0,2023
Piracicaba,2,29.0,550.0,0.0,298.0,0.0,0.0,0.0,277.0,259.0,14.0,0.0,1.0,1.0,1.0,0.0,2023
Araçatuba,2,14.0,273.0,0.0,273.0,0.0,0.0,0.0,270.0,3.0,0.0,0.0,1.0,1.0,1.0,1.0,2023
Caraguatatuba,2,39.0,911.0,0.0,394.0,0.0,0.0,5.0,369.0,524.0,13.0,1.0,0.0,1.0,1.0,0.0,2023
Birigui,2,,,,,,,,,,,,,,,,2023
Birigui,2,34.0,694.0,0.0,445.0,0.0,0.0,0.0,436.0,250.0,8.0,0.0,0.0,1.0,1.0,1.0,2023
Franca,2,13.0,247.0,247.0,0.0,0.0,0.0,240.0,7.0,0.0,0.0,0.0,0.0,1.0,1.0,1.0,2023
São Paulo,2,26.0,443.0,443.0,0.0,0.0,0.0,425.0,18.0,0.0,0.0,0.0,1.0,1.0,1.0,1.0,2023
São Paulo,2,47.0,922.0,606.0,316.0,0.0,0.0,577.0,318.0,27.0,0.0,0.0,1.0,1.0,1.0,1.0,2023
São Paulo,2,45.0,873.0,0.0,528.0,0.0,0.0,1.0,488.0,370.0,14.0,1.0,1.0,1.0,1.0,0.0,2023
São Paulo,2,36.0,837.0,837.0,0.0,0.0,0.0,800.0,37.0,0.0,0.0,0.0,1.0,1.0,0.0,0.0,2023
São Paulo,2,33.0,575.0,0.0,282.0,0.0,0.0,2.0,264.0,296.0,13.0,0.0,1.0,1.0,1.0,1.0,2023
São Paulo,2,41.0,821.0,0.0,515.0,0.0,0.0,1.0,463.0,338.0,19.0,0.0,1.0,1.0,1.0,0.0,2023
São Paulo,2,28.0,617.0,0.0,251.0,0.0,0.0,1.0,228.0,357.0,31.0,0.0,1.0,1.0,1.0,1.0,2023
São Paulo,2,45.0,1061.0,482.0,579.0,0.0,0.0,463.0,559.0,39.0,0.0,0.0,0.0,1.0,1.0,1.0,2023
São Paulo,2,47.0,1134.0,1134.0,0.0,0.0,0.0,1082.0,52.0,0.0,0.0,0.0,1.0,1.0,1.0,0.0,2023
São Paulo,2,59.0,1144.0,0.0,506.0,0.0,0.0,0.0,460.0,631.0,53.0,0.0,1.0,1.0,1.0,0.0,2023
São Paulo,2,31.0,700.0,275.0,425.0,0.0,0.0,251.0,414.0,35.0,0.0,0.0,0.0,1.0,1.0,0.0,2023
São Paulo,2,15.0,212.0,212.0,0.0,0.0,0.0,207.0,5.0,0.0,0.0,0.0,0.0,1.0,0.0,0.0,2023
São Paulo,2,87.0,1642.0,747.0,509.0,0.0,0.0,694.0,506.0,285.0,157.0,0.0,1.0,1.0,1.0,1.0,2023
São Paulo,2,64.0,1790.0,0.0,730.0,0.0,0.0,3.0,650.0,963.0,174.0,0.0,1.0,1.0,1.0,0.0,2023
São Paulo,2,19.0,317.0,317.0,0.0,0.0,0.0,310.0,7.0,0.0,0.0,0.0,1.0,1.0,1.0,1.0,2023
São Paulo,2,88.0,2758.0,0.0,1188.0,0.0,0.0,3.0,1087.0,1508.0,160.0,0.0,1.0,1.0,1.0,0.0,2023
Francisco Morato,2,33.0,833.0,277.0,255.0,0.0,0.0,277.0,249.0,291.0,16.0,0.0,1.0,1.0,0.0,0.0,2023
Franco da Rocha,2,48.0,1179.0,332.0,373.0,0.0,0.0,334.0,355.0,454.0,36.0,0.0,0.0,1.0,1.0,0.0,2023
Franco da Rocha,2,26.0,397.0,0.0,253.0,0.0,0.0,4.0,244.0,143.0,6.0,0.0,1.0,1.0,1.0,1.0,2023
Guarulhos,2,36.0,680.0,0.0,515.0,0.0,0.0,1.0,471.0,192.0,16.0,0.0,0.0,1.0,1.0,1.0,2023
Guarulhos,2,50.0,1066.0,0.0,1066.0,0.0,0.0,1.0,989.0,76.0,0.0,0.0,1.0,1.0,1.0,0.0,2023
Guarulhos,2,33.0,600.0,0.0,406.0,0.0,0.0,2.0,375.0,211.0,12.0,0.0,1.0,1.0,1.0,0.0,2023
Suzano,2,30.0,667.0,667.0,0.0,0.0,0.0,641.0,26.0,0.0,0.0,0.0,1.0,1.0,0.0,1.0,2023
Poá,2,19.0,253.0,0.0,166.0,0.0,0.0,0.0,157.0,95.0,1.0,0.0,1.0,1.0,1.0,0.0,2023
Diadema,2,16.0,333.0,333.0,0.0,0.0,1.0,326.0,6.0,0.0,0.0,0.0,0.0,1.0,0.0,1.0,2023
Ribeirão Pires,2,23.0,297.0,0.0,204.0,0.0,0.0,3.0,194.0,99.0,1.0,0.0,1.0,1.0,1.0,1.0,2023
Rio Grande da Serra,2,26.0,389.0,144.0,160.0,0.0,0.0,145.0,156.0,82.0,6.0,0.0,1.0,1.0,1.0,0.0,2023
Itapevi,2,39.0,947.0,0.0,595.0,0.0,0.0,13.0,581.0,345.0,8.0,1.0,1.0,1.0,1.0,1.0,2023
Itapevi,2,77.0,2183.0,0.0,1157.0,0.0,0.0,12.0,1063.0,1032.0,76.0,0.0,1.0,1.0,1.0,1.0,2023
Jandira,2,21.0,410.0,0.0,300.0,0.0,0.0,4.0,295.0,105.0,6.0,0.0,1.0,1.0,1.0,0.0,2023
Barueri,2,54.0,1308.0,0.0,0.0,0.0,0.0,0.0,3.0,963.0,342.0,0.0,1.0,1.0,1.0,0.0,2023
Carapicuíba,2,30.0,638.0,638.0,0.0,0.0,1.0,626.0,11.0,0.0,0.0,0.0,1.0,1.0,1.0,1.0,2023
Carapicuíba,2,78.0,2521.0,0.0,981.0,0.0,0.0,13.0,923.0,1480.0,105.0,0.0,1.0,1.0,1.0,1.0,2023
Embu-Guaçu,2,40.0,652.0,246.0,225.0,0.0,0.0,245.0,220.0,179.0,8.0,0.0,0.0,1.0,1.0,1.0,2023
Itapecerica da Serra,2,23.0,459.0,0.0,287.0,0.0,0.0,1.0,284.0,171.0,3.0,0.0,0.0,1.0,1.0,0.0,2023
Taboão da Serra,2,62.0,1598.0,0.0,763.0,0.0,0.0,14.0,707.0,742.0,135.0,0.0,1.0,1.0,0.0,1.0,2023
Caraguatatuba,2,,,,,,,,,,,,,,,,2023
Guarujá,2,44.0,869.0,511.0,358.0,0.0,0.0,491.0,357.0,21.0,0.0,0.0,1.0,1.0,1.0,1.0,2023
São Vicente,2,83.0,2160.0,0.0,720.0,0.0,0.0,4.0,610.0,1367.0,179.0,0.0,1.0,1.0,1.0,0.0,2023
Itanhaém,2,,,,,,,,,,,,,,,,2023
Praia Grande,2,16.0,224.0,0.0,150.0,0.0,0.0,0.0,143.0,74.0,7.0,0.0,1.0,1.0,1.0,0.0,2023
Pindamonhangaba,2,8.0,117.0,0.0,117.0,0.0,0.0,0.0,114.0,3.0,0.0,0.0,1.0,1.0,1.0,0.0,2023
Caçapava,2,28.0,414.0,0.0,0.0,0.0,0.0,0.0,5.0,387.0,22.0,0.0,1.0,1.0,1.0,1.0,2023
Taubaté,2,25.0,187.0,0.0,0.0,0.0,0.0,0.0,3.0,173.0,11.0,0.0,1.0,1.0,1.0,1.0,2023
Jacareí,2,31.0,407.0,0.0,312.0,0.0,0.0,2.0,277.0,124.0,4.0,0.0,1.0,1.0,1.0,0.0,2023
Jacareí,2,47.0,1075.0,0.0,602.0,0.0,0.0,0.0,572.0,485.0,18.0,0.0,1.0,1.0,1.0,1.0,2023
São Manuel,2,37.0,594.0,0.0,407.0,0.0,0.0,6.0,391.0,194.0,3.0,0.0,0.0,1.0,1.0,1.0,2023
Itapetininga,2,18.0,291.0,291.0,0.0,0.0,4.0,285.0,2.0,0.0,0.0,0.0,1.0,1.0,1.0,0.0,2023
São Miguel Arcanjo,2,46.0,948.0,0.0,448.0,0.0,0.0,7.0,421.0,410.0,110.0,0.0,0.0,1.0,1.0,0.0,2023
Itapeva,2,16.0,147.0,0.0,0.0,0.0,0.0,0.0,2.0,136.0,9.0,0.0,1.0,1.0,1.0,1.0,2023
Itararé,2,21.0,221.0,0.0,58.0,0.0,0.0,2.0,54.0,139.0,26.0,0.0,1.0,1.0,1.0,0.0,2023
Itu,2,,,,,,,,,,,,,,,,2023
Mairinque,2,34.0,767.0,0.0,0.0,0.0,0.0,0.0,9.0,622.0,136.0,0.0,1.0,1.0,1.0,1.0,2023
Santa Bárbara d'Oeste,2,22.0,400.0,0.0,285.0,0.0,0.0,7.0,272.0,118.0,3.0,0.0,1.0,1.0,1.0,0.0,2023
Sumaré,2,44.0,1247.0,0.0,554.0,0.0,0.0,6.0,523.0,642.0,76.0,0.0,1.0,1.0,1.0,0.0,2023
Amparo,2,30.0,461.0,0.0,170.0,0.0,0.0,2.0,166.0,230.0,63.0,0.0,0.0,1.0,1.0,0.0,2023
Atibaia,2,32.0,492.0,0.0,492.0,0.0,0.0,0.0,476.0,16.0,0.0,0.0,0.0,1.0,0.0,1.0,2023
Valinhos,2,36.0,1014.0,0.0,0.0,0.0,0.0,0.0,15.0,909.0,90.0,0.0,0.0,1.0,1.0,1.0,2023
Indaiatuba,2,19.0,353.0,0.0,231.0,0.0,0.0,3.0,205.0,142.0,3.0,0.0,1.0,1.0,1.0,0.0,2023
Indaiatuba,2,35.0,1097.0,0.0,375.0,0.0,0.0,2.0,355.0,678.0,62.0,0.0,1.0,1.0,1.0,0.0,2023
Tambaú,2,15.0,211.0,0.0,140.0,0.0,0.0,1.0,127.0,81.0,2.0,0.0,1.0,1.0,1.0,0.0,2023
Itatiba,2,25.0,376.0,0.0,0.0,0.0,0.0,0.0,13.0,346.0,17.0,0.0,1.0,1.0,1.0,0.0,2023
Várzea Paulista,2,38.0,751.0,0.0,497.0,0.0,0.0,3.0,463.0,277.0,8.0,0.0,0.0,1.0,1.0,0.0,2023
Limeira,2,15.0,162.0,0.0,0.0,0.0,0.0,0.0,2.0,153.0,7.0,0.0,1.0,1.0,1.0,1.0,2023
Limeira,2,14.0,227.0,0.0,227.0,0.0,0.0,1.0,213.0,13.0,0.0,0.0,1.0,1.0,1.0,1.0,2023
Pirassununga,2,31.0,464.0,0.0,302.0,0.0,0.0,4.0,281.0,172.0,7.0,1.0,1.0,1.0,1.0,1.0,2023
Batatais,2,47.0,1037.0,0.0,402.0,0.0,0.0,1.0,364.0,507.0,165.0,0.0,1.0,1.0,1.0,1.0,2023
Sertãozinho,2,45.0,1143.0,0.0,360.0,0.0,0.0,0.0,316.0,705.0,122.0,0.0,1.0,1.0,1.0,1.0,2023
Ribeirão Preto,2,47.0,1146.0,429.0,412.0,0.0,1.0,399.0,400.0,311.0,35.0,0.0,1.0,1.0,1.0,1.0,2023
Matão,2,17.0,347.0,0.0,347.0,0.0,0.0,5.0,333.0,9.0,0.0,0.0,1.0,1.0,1.0,1.0,2023
Bauru,2,24.0,487.0,0.0,359.0,0.0,0.0,10.0,343.0,130.0,4.0,0.0,1.0,1.0,1.0,0.0,2023
Bauru,2,48.0,999.0,226.0,340.0,0.0,1.0,218.0,325.0,397.0,58.0,0.0,1.0,1.0,1.0,0.0,2023
São Caetano do Sul,2,124.0,1773.0,0.0,0.0,0.0,0.0,0.0,17.0,1117.0,639.0,1.0,1.0,1.0,1.0,1.0,2023
Agudos,2,35.0,640.0,0.0,305.0,0.0,0.0,3.0,294.0,327.0,16.0,0.0,1.0,1.0,1.0,0.0,2023
Lençóis Paulista,2,25.0,491.0,0.0,281.0,0.0,0.0,1.0,262.0,201.0,27.0,0.0,1.0,1.0,1.0,0.0,2023
Jales,2,26.0,416.0,0.0,326.0,0.0,0.0,5.0,299.0,103.0,9.0,0.0,1.0,1.0,1.0,0.0,2023
Olímpia,2,22.0,456.0,0.0,328.0,0.0,0.0,11.0,315.0,129.0,1.0,0.0,0.0,1.0,1.0,1.0,2023
Presidente Prudente,2,70.0,1453.0,0.0,568.0,0.0,0.0,1.0,513.0,878.0,61.0,0.0,1.0,1.0,1.0,0.0,2023
Piraju,2,27.0,516.0,0.0,266.0,0.0,0.0,2.0,245.0,242.0,27.0,0.0,0.0,1.0,1.0,1.0,2023
Cajati,2,19.0,213.0,0.0,139.0,0.0,0.0,6.0,121.0,86.0,0.0,0.0,1.0,1.0,1.0,0.0,2023
Cajati,2,19.0,219.0,0.0,147.0,0.0,0.0,2.0,132.0,82.0,3.0,0.0,1.0,1.0,1.0,0.0,2023
Pariquera-Açu,2,27.0,498.0,0.0,260.0,0.0,0.0,4.0,238.0,236.0,20.0,0.0,0.0,1.0,1.0,0.0,2023
Cruzeiro,2,,,,,,,,,,,,,,,,2023
São José dos Campos,2,,,,,,,,,,,,,,,,2023
Bariri,2,,,,,,,,,,,,,,,,2023
Taquarituba,2,14.0,108.0,0.0,75.0,0.0,0.0,0.0,70.0,35.0,3.0,0.0,0.0,1.0,1.0,0.0,2023
Americana,2,28.0,480.0,480.0,0.0,0.0,5.0,470.0,5.0,0.0,0.0,0.0,1.0,1.0,1.0,0.0,2023
Nova Odessa,2,31.0,512.0,0.0,371.0,0.0,0.0,7.0,349.0,152.0,4.0,0.0,1.0,1.0,1.0,0.0,2023
Santa Bárbara d'Oeste,2,14.0,221.0,0.0,221.0,0.0,0.0,5.0,216.0,0.0,0.0,0.0,1.0,1.0,0.0,1.0,2023
Atibaia,2,36.0,836.0,0.0,367.0,0.0,0.0,0.0,343.0,421.0,72.0,0.0,1.0,1.0,1.0,0.0,2023
Bragança Paulista,2,21.0,341.0,0.0,196.0,0.0,0.0,0.0,185.0,144.0,12.0,0.0,0.0,1.0,0.0,0.0,2023
Piracicaba,2,17.0,315.0,0.0,315.0,0.0,0.0,0.0,299.0,16.0,0.0,0.0,0.0,1.0,1.0,1.0,2023
Rio Claro,2,35.0,1031.0,0.0,496.0,0.0,0.0,0.0,455.0,516.0,60.0,0.0,1.0,1.0,1.0,0.0,2023
Franca,2,29.0,380.0,80.0,259.0,0.0,0.0,71.0,250.0,59.0,0.0,0.0,1.0,1.0,1.0,0.0,2023
São Carlos,2,19.0,229.0,0.0,173.0,0.0,0.0,0.0,165.0,62.0,2.0,0.0,1.0,1.0,1.0,1.0,2023
São Paulo,2,25.0,662.0,662.0,0.0,0.0,0.0,628.0,34.0,0.0,0.0,0.0,1.0,1.0,0.0,0.0,2023
São Paulo,2,38.0,831.0,831.0,0.0,0.0,0.0,791.0,40.0,0.0,0.0,0.0,1.0,1.0,0.0,0.0,2023
Francisco Morato,2,48.0,1479.0,0.0,697.0,0.0,0.0,13.0,666.0,728.0,72.0,0.0,1.0,1.0,1.0,1.0,2023
Franco da Rocha,2,49.0,1472.0,0.0,724.0,0.0,0.0,15.0,692.0,725.0,40.0,0.0,1.0,1.0,1.0,1.0,2023
Franco da Rocha,2,47.0,1202.0,395.0,420.0,0.0,0.0,397.0,411.0,382.0,12.0,0.0,1.0,1.0,1.0,1.0,2023
Diadema,2,,,,,,,,,,,,,,,,2023
Biritiba Mirim,2,40.0,848.0,0.0,848.0,0.0,0.0,19.0,767.0,61.0,1.0,0.0,1.0,1.0,1.0,1.0,2023
Itapecerica da Serra,2,27.0,352.0,0.0,202.0,0.0,0.0,7.0,189.0,152.0,4.0,0.0,1.0,1.0,1.0,1.0,2023
Itapecerica da Serra,2,18.0,327.0,0.0,327.0,0.0,0.0,2.0,301.0,24.0,0.0,0.0,1.0,1.0,1.0,1.0,2023
Lins,2,,,,,,,,,,,,,,,,2023
Birigui,2,4.0,65.0,0.0,0.0,0.0,0.0,0.0,0.0,0.0,65.0,0.0,0.0,1.0,0.0,0.0,2023
Ribeirão Branco,2,21.0,389.0,0.0,252.0,0.0,0.0,8.0,238.0,136.0,7.0,0.0,0.0,1.0,1.0,0.0,2023
Botucatu,2,27.0,375.0,0.0,229.0,0.0,0.0,3.0,209.0,154.0,9.0,0.0,0.0,1.0,1.0,1.0,2023
Campinas,2,22.0,396.0,396.0,0.0,0.0,0.0,385.0,11.0,0.0,0.0,0.0,1.0,1.0,1.0,1.0,2023
Campinas,2,25.0,407.0,0.0,304.0,0.0,0.0,0.0,278.0,125.0,4.0,0.0,1.0,1.0,1.0,1.0,2023
Campinas,2,37.0,940.0,0.0,333.0,0.0,0.0,1.0,306.0,564.0,69.0,0.0,1.0,1.0,1.0,1.0,2023
Campinas,2,29.0,492.0,492.0,0.0,0.0,0.0,470.0,22.0,0.0,0.0,0.0,1.0,1.0,1.0,1.0,2023
Catanduva,2,33.0,734.0,0.0,457.0,0.0,0.0,8.0,423.0,225.0,78.0,0.0,0.0,1.0,1.0,0.0,2023
Franca,2,53.0,1347.0,0.0,490.0,0.0,0.0,0.0,443.0,848.0,56.0,0.0,1.0,1.0,1.0,1.0,2023
Franca,2,20.0,287.0,0.0,253.0,0.0,0.0,1.0,237.0,49.0,0.0,0.0,1.0,1.0,1.0,1.0,2023
Franca,2,38.0,972.0,0.0,314.0,0.0,0.0,0.0,292.0,638.0,42.0,0.0,1.0,1.0,1.0,1.0,2023
Franca,2,16.0,187.0,0.0,166.0,0.0,0.0,0.0,158.0,29.0,0.0,0.0,1.0,1.0,1.0,1.0,2023
Potim,2,,,,,,,,,,,,,,,,2023
Itapetininga,2,26.0,453.0,0.0,292.0,0.0,0.0,7.0,272.0,165.0,9.0,0.0,0.0,1.0,1.0,0.0,2023
Itapetininga,2,12.0,249.0,0.0,249.0,0.0,0.0,2.0,239.0,8.0,0.0,0.0,1.0,1.0,1.0,1.0,2023
Cabreúva,2,45.0,1363.0,0.0,633.0,0.0,0.0,0.0,580.0,721.0,62.0,0.0,1.0,1.0,1.0,0.0,2023
Tietê,2,,,,,,,,,,,,,,,,2023
Leme,2,22.0,298.0,0.0,253.0,0.0,0.0,2.0,242.0,52.0,2.0,0.0,0.0,1.0,1.0,1.0,2023
Leme,2,27.0,523.0,0.0,523.0,0.0,0.0,0.0,484.0,39.0,0.0,0.0,1.0,1.0,1.0,1.0,2023
Sorocaba,2,37.0,791.0,0.0,501.0,0.0,0.0,0.0,458.0,310.0,23.0,0.0,0.0,1.0,1.0,1.0,2023
Hortolândia,2,36.0,997.0,0.0,445.0,0.0,0.0,1.0,415.0,531.0,50.0,0.0,1.0,1.0,1.0,1.0,2023
Assis,2,7.0,87.0,0.0,0.0,0.0,0.0,0.0,0.0,0.0,87.0,1.0,1.0,0.0,0.0,0.0,2023
Bauru,2,39.0,801.0,267.0,319.0,0.0,1.0,266.0,292.0,239.0,3.0,0.0,1.0,1.0,1.0,1.0,2023
São Paulo,2,,,,,,,,,,,,,,,,2023
Bauru,2,17.0,394.0,394.0,0.0,0.0,5.0,384.0,5.0,0.0,0.0,0.0,1.0,1.0,0.0,1.0,2023
São Paulo,2,27.0,515.0,0.0,357.0,0.0,0.0,0.0,328.0,180.0,7.0,0.0,1.0,1.0,1.0,1.0,2023
São Paulo,2,90.0,1336.0,0.0,0.0,0.0,0.0,0.0,2.0,566.0,768.0,1.0,1.0,1.0,0.0,0.0,2023
Mogi das Cruzes,2,55.0,1151.0,0.0,1151.0,0.0,0.0,1.0,1070.0,80.0,0.0,0.0,1.0,1.0,1.0,0.0,2023
São Paulo,2,30.0,643.0,643.0,0.0,0.0,0.0,599.0,44.0,0.0,0.0,0.0,1.0,1.0,0.0,1.0,2023
Guarulhos,2,25.0,313.0,0.0,0.0,0.0,0.0,0.0,0.0,299.0,14.0,0.0,1.0,1.0,1.0,1.0,2023
Mogi das Cruzes,2,14.0,127.0,0.0,86.0,0.0,0.0,0.0,79.0,45.0,3.0,0.0,1.0,1.0,1.0,1.0,2023
Juquitiba,2,15.0,281.0,281.0,0.0,0.0,0.0,278.0,3.0,0.0,0.0,0.0,0.0,1.0,1.0,0.0,2023
São Lourenço da Serra,2,29.0,499.0,0.0,281.0,0.0,0.0,6.0,274.0,215.0,4.0,0.0,0.0,1.0,1.0,0.0,2023
São Paulo,2,,,,,,,,,,,,,,,,2023
Serra Azul,2,28.0,361.0,0.0,208.0,0.0,0.0,1.0,189.0,134.0,37.0,0.0,1.0,1.0,1.0,1.0,2023
Avaí,2,11.0,67.0,22.0,13.0,0.0,5.0,19.0,15.0,8.0,20.0,0.0,0.0,1.0,0.0,0.0,2023
Avaí,2,14.0,43.0,16.0,9.0,3.0,4.0,15.0,9.0,4.0,8.0,0.0,0.0,1.0,0.0,1.0,2023
Avaí,2,13.0,38.0,8.0,10.0,0.0,4.0,8.0,10.0,8.0,8.0,0.0,0.0,1.0,0.0,0.0,2023
Ubatuba,2,12.0,28.0,9.0,7.0,0.0,1.0,8.0,6.0,7.0,6.0,0.0,0.0,1.0,0.0,0.0,2023
Iguape,2,,,,,,,,,,,,,,,,2023
Itariri,2,6.0,14.0,3.0,5.0,0.0,0.0,3.0,2.0,3.0,6.0,0.0,0.0,0.0,0.0,1.0,2023
Itariri,2,1.0,2.0,2.0,0.0,0.0,0.0,2.0,0.0,0.0,0.0,0.0,0.0,0.0,0.0,0.0,2023
Avaí,2,14.0,44.0,15.0,6.0,0.0,2.0,14.0,6.0,2.0,20.0,0.0,0.0,1.0,0.0,1.0,2023
Cananéia,2,1.0,6.0,6.0,0.0,0.0,0.0,4.0,2.0,0.0,0.0,0.0,0.0,0.0,0.0,0.0,2023
Cananéia,2,2.0,9.0,6.0,3.0,0.0,0.0,5.0,4.0,0.0,0.0,0.0,0.0,0.0,0.0,0.0,2023
Itanhaém,2,5.0,27.0,12.0,8.0,0.0,5.0,10.0,6.0,4.0,2.0,0.0,0.0,1.0,0.0,0.0,2023
Limeira,2,5.0,130.0,0.0,0.0,0.0,0.0,0.0,0.0,0.0,130.0,0.0,0.0,0.0,0.0,0.0,2023
São Paulo,2,13.0,78.0,38.0,33.0,0.0,0.0,35.0,30.0,9.0,4.0,0.0,0.0,1.0,0.0,1.0,2023
Jaú,2,5.0,82.0,0.0,0.0,0.0,0.0,0.0,0.0,0.0,82.0,0.0,0.0,0.0,0.0,0.0,2023
São Paulo,2,,,,,,,,,,,,,,,,2023
São Paulo,2,,,,,,,,,,,,,,,,2023
Presidente Bernardes,2,,,,,,,,,,,,,,,,2023
São Paulo,2,,,,,,,,,,,,,,,,2023
São Paulo,2,18.0,219.0,0.0,163.0,0.0,0.0,0.0,149.0,64.0,6.0,0.0,1.0,1.0,0.0,1.0,2023
São José dos Campos,2,12.0,32.0,0.0,7.0,0.0,0.0,0.0,0.0,15.0,17.0,0.0,0.0,1.0,0.0,0.0,2023
São José dos Campos,2,,,,,,,,,,,,,,,,2023
Guaratinguetá,2,5.0,18.0,0.0,0.0,18.0,0.0,0.0,0.0,0.0,0.0,1.0,0.0,1.0,0.0,1.0,2023
São José dos Campos,2,,,,,,,,,,,,,,,,2023
Araraquara,2,6.0,27.0,0.0,0.0,26.0,1.0,0.0,0.0,0.0,0.0,0.0,0.0,1.0,1.0,1.0,2023
Franca,2,3.0,8.0,0.0,0.0,8.0,0.0,0.0,0.0,0.0,0.0,0.0,0.0,1.0,0.0,1.0,2023
São José do Rio Preto,2,5.0,20.0,0.0,0.0,19.0,1.0,0.0,0.0,0.0,0.0,0.0,0.0,1.0,0.0,1.0,2023
Ilha Solteira,2,3.0,19.0,0.0,0.0,16.0,3.0,0.0,0.0,0.0,0.0,1.0,0.0,1.0,0.0,0.0,2023
Presidente Prudente,2,5.0,23.0,0.0,0.0,23.0,0.0,0.0,0.0,0.0,0.0,0.0,0.0,1.0,0.0,0.0,2023
Embu das Artes,2,25.0,389.0,0.0,389.0,0.0,0.0,3.0,349.0,37.0,0.0,0.0,0.0,1.0,0.0,1.0,2023
Campinas,2,24.0,881.0,0.0,0.0,0.0,0.0,0.0,2.0,727.0,152.0,0.0,0.0,1.0,1.0,1.0,2023
Ubatuba,2,7.0,63.0,19.0,22.0,0.0,3.0,13.0,24.0,16.0,7.0,0.0,0.0,1.0,0.0,1.0,2023
Iguape,2,4.0,19.0,10.0,5.0,0.0,3.0,10.0,5.0,1.0,0.0,0.0,0.0,1.0,0.0,1.0,2023
Miracatu,2,2.0,3.0,2.0,1.0,0.0,1.0,1.0,1.0,0.0,0.0,0.0,0.0,1.0,0.0,1.0,2023
Jacareí,2,28.0,537.0,0.0,365.0,0.0,0.0,1.0,340.0,188.0,8.0,0.0,1.0,1.0,1.0,0.0,2023
Campinas,2,37.0,1018.0,268.0,289.0,0.0,0.0,255.0,278.0,423.0,62.0,0.0,1.0,1.0,1.0,1.0,2023
Campinas,2,64.0,1745.0,296.0,591.0,0.0,0.0,285.0,542.0,747.0,171.0,0.0,1.0,1.0,1.0,1.0,2023
Bebedouro,2,34.0,449.0,0.0,248.0,0.0,0.0,1.0,231.0,195.0,22.0,0.0,0.0,1.0,1.0,1.0,2023
Igaratá,2,,,,,,,,,,,,,,,,2023
Pontal,2,33.0,802.0,0.0,0.0,0.0,0.0,0.0,14.0,655.0,133.0,0.0,1.0,1.0,1.0,1.0,2023
São Carlos,2,25.0,373.0,0.0,252.0,0.0,0.0,0.0,228.0,135.0,10.0,0.0,0.0,1.0,1.0,1.0,2023
Bauru,2,,,,,,,,,,,,,,,,2023
São Paulo,2,54.0,1323.0,289.0,261.0,0.0,0.0,272.0,259.0,518.0,274.0,1.0,1.0,1.0,1.0,1.0,2023
São Paulo,2,28.0,705.0,0.0,207.0,0.0,0.0,1.0,190.0,418.0,96.0,0.0,1.0,1.0,1.0,1.0,2023
Marília,2,,,,,,,,,,,,,,,,2023
Itapevi,2,65.0,2181.0,0.0,951.0,0.0,0.0,17.0,918.0,1178.0,68.0,0.0,1.0,1.0,1.0,1.0,2023
Guarulhos,2,80.0,1934.0,0.0,501.0,0.0,0.0,2.0,474.0,1162.0,296.0,0.0,1.0,1.0,1.0,1.0,2023
Guarulhos,2,39.0,863.0,96.0,767.0,0.0,0.0,84.0,746.0,33.0,0.0,0.0,1.0,1.0,1.0,0.0,2023
São Paulo,2,58.0,1090.0,284.0,347.0,0.0,0.0,280.0,318.0,443.0,49.0,0.0,1.0,1.0,1.0,1.0,2023
Itaquaquecetuba,2,,,,,,,,,,,,,,,,2023
Mogi das Cruzes,2,15.0,230.0,0.0,0.0,0.0,0.0,0.0,2.0,220.0,8.0,0.0,1.0,1.0,1.0,1.0,2023
Mogi das Cruzes,2,26.0,253.0,0.0,253.0,0.0,0.0,0.0,235.0,17.0,1.0,0.0,1.0,1.0,1.0,1.0,2023
Mogi das Cruzes,2,23.0,304.0,0.0,263.0,0.0,0.0,0.0,254.0,49.0,1.0,0.0,1.0,1.0,1.0,1.0,2023
Embu das Artes,2,34.0,694.0,0.0,415.0,0.0,0.0,1.0,386.0,292.0,15.0,0.0,1.0,1.0,1.0,1.0,2023
Campinas,2,32.0,621.0,326.0,295.0,0.0,0.0,317.0,289.0,15.0,0.0,0.0,1.0,1.0,1.0,1.0,2023
São José da Bela Vista,2,,,,,,,,,,,,,,,,2023
Iracemápolis,2,16.0,365.0,0.0,365.0,0.0,0.0,0.0,328.0,37.0,0.0,0.0,1.0,1.0,1.0,1.0,2023
Mogi Mirim,2,,,,,,,,,,,,,,,,2023
Cerqueira César,2,25.0,426.0,0.0,317.0,0.0,0.0,0.0,304.0,121.0,1.0,0.0,0.0,1.0,1.0,1.0,2023
São Carlos,2,20.0,159.0,0.0,102.0,0.0,0.0,0.0,98.0,56.0,5.0,0.0,1.0,1.0,1.0,1.0,2023
Presidente Epitácio,2,30.0,477.0,0.0,313.0,0.0,0.0,0.0,282.0,185.0,10.0,0.0,1.0,1.0,1.0,0.0,2023
Lins,2,,,,,,,,,,,,,,,,2023
Sorocaba,2,,,,,,,,,,,,,,,,2023
Sorocaba,2,,,,,,,,,,,,,,,,2023
São Paulo,2,47.0,761.0,0.0,164.0,0.0,0.0,1.0,130.0,556.0,74.0,0.0,0.0,1.0,1.0,1.0,2023
São Paulo,2,33.0,509.0,308.0,173.0,0.0,0.0,287.0,185.0,29.0,8.0,0.0,1.0,1.0,1.0,0.0,2023
São José do Rio Preto,2,,,,,,,,,,,,,,,,2023
Araçatuba,2,,,,,,,,,,,,,,,,2023
Ribeirão Preto,2,,,,,,,,,,,,,,,,2023
Ribeirão Preto,2,,,,,,,,,,,,,,,,2023
Ribeirão Preto,2,,,,,,,,,,,,,,,,2023
Guarujá,2,,,,,,,,,,,,,,,,2023
Miracatu,2,4.0,10.0,2.0,6.0,0.0,2.0,2.0,6.0,0.0,0.0,0.0,0.0,1.0,0.0,1.0,2023
Ribeirão Preto,2,11.0,48.0,0.0,0.0,24.0,21.0,3.0,0.0,0.0,0.0,1.0,0.0,1.0,1.0,1.0,2023
Araçatuba,2,3.0,11.0,0.0,0.0,10.0,1.0,0.0,0.0,0.0,0.0,0.0,0.0,1.0,0.0,1.0,2023
Sarapuí,2,,,,,,,,,,,,,,,,2023
Pariquera-Açu,2,,,,,,,,,,,,,,,,2023
São Paulo,2,10.0,32.0,0.0,0.0,0.0,0.0,0.0,0.0,0.0,32.0,1.0,1.0,1.0,1.0,0.0,2023
Ribeirão Preto,2,5.0,41.0,0.0,0.0,0.0,0.0,0.0,0.0,0.0,41.0,0.0,0.0,1.0,0.0,0.0,2023
Araraquara,2,,,,,,,,,,,,,,,,2023
São Paulo,2,,,,,,,,,,,,,,,,2023
Piracicaba,2,2.0,22.0,0.0,0.0,0.0,0.0,0.0,0.0,0.0,22.0,0.0,0.0,1.0,0.0,0.0,2023
São Paulo,2,,,,,,,,,,,,,,,,2023
Franco da Rocha,2,,,,,,,,,,,,,,,,2023
Birigui,2,59.0,841.0,0.0,0.0,0.0,0.0,0.0,4.0,528.0,309.0,1.0,1.0,1.0,1.0,0.0,2023
Capão Bonito,2,29.0,483.0,0.0,0.0,0.0,0.0,0.0,5.0,389.0,89.0,1.0,1.0,1.0,1.0,1.0,2023
Taubaté,2,65.0,1094.0,0.0,0.0,0.0,0.0,0.0,21.0,857.0,216.0,1.0,0.0,1.0,1.0,1.0,2023
Sumaré,2,16.0,324.0,324.0,0.0,0.0,0.0,321.0,3.0,0.0,0.0,0.0,1.0,1.0,1.0,1.0,2023
Sumaré,2,17.0,363.0,0.0,363.0,0.0,0.0,11.0,349.0,3.0,0.0,0.0,1.0,1.0,1.0,1.0,2023
São Paulo,2,22.0,528.0,528.0,0.0,0.0,0.0,489.0,39.0,0.0,0.0,0.0,1.0,1.0,0.0,1.0,2023
São Paulo,2,71.0,2155.0,599.0,525.0,0.0,0.0,582.0,490.0,938.0,145.0,0.0,1.0,1.0,1.0,1.0,2023
São Paulo,2,26.0,449.0,449.0,0.0,0.0,0.0,430.0,19.0,0.0,0.0,0.0,1.0,1.0,1.0,0.0,2023
São Paulo,2,31.0,593.0,593.0,0.0,0.0,0.0,575.0,18.0,0.0,0.0,0.0,1.0,1.0,1.0,1.0,2023
Suzano,2,41.0,820.0,378.0,442.0,0.0,0.0,369.0,419.0,32.0,0.0,0.0,1.0,1.0,1.0,0.0,2023
Barão de Antonina,2,20.0,25.0,7.0,5.0,0.0,7.0,7.0,4.0,1.0,6.0,0.0,0.0,1.0,0.0,1.0,2023
Rio Claro,2,6.0,165.0,0.0,0.0,0.0,0.0,0.0,0.0,0.0,165.0,0.0,0.0,0.0,0.0,0.0,2023
Bertioga,2,34.0,1043.0,0.0,441.0,0.0,0.0,0.0,403.0,596.0,44.0,0.0,1.0,1.0,1.0,1.0,2023
Praia Grande,2,44.0,522.0,0.0,302.0,0.0,0.0,1.0,244.0,256.0,21.0,0.0,0.0,1.0,1.0,1.0,2023
Bady Bassitt,2,,,,,,,,,,,,,,,,2023
São Paulo,2,58.0,1255.0,0.0,383.0,0.0,0.0,0.0,344.0,834.0,77.0,0.0,1.0,1.0,1.0,0.0,2023
São Paulo,2,45.0,1078.0,1078.0,0.0,0.0,0.0,1016.0,62.0,0.0,0.0,0.0,1.0,1.0,1.0,0.0,2023
São Paulo,2,20.0,465.0,465.0,0.0,0.0,0.0,440.0,25.0,0.0,0.0,0.0,1.0,1.0,1.0,0.0,2023
São Paulo,2,63.0,1527.0,0.0,561.0,0.0,0.0,0.0,504.0,789.0,234.0,0.0,1.0,1.0,1.0,1.0,2023
Franco da Rocha,2,36.0,764.0,0.0,547.0,0.0,0.0,12.0,524.0,219.0,9.0,0.0,1.0,1.0,1.0,1.0,2023
Guarulhos,2,17.0,248.0,248.0,0.0,0.0,0.0,239.0,9.0,0.0,0.0,0.0,1.0,1.0,0.0,1.0,2023
São Paulo,2,28.0,553.0,553.0,0.0,0.0,0.0,524.0,29.0,0.0,0.0,0.0,0.0,1.0,1.0,1.0,2023
São Paulo,2,33.0,450.0,0.0,343.0,0.0,0.0,0.0,314.0,132.0,4.0,0.0,1.0,1.0,1.0,1.0,2023
São Paulo,2,51.0,1643.0,0.0,593.0,0.0,0.0,0.0,529.0,945.0,169.0,0.0,1.0,1.0,1.0,1.0,2023
São Paulo,2,52.0,1710.0,446.0,407.0,0.0,0.0,417.0,391.0,779.0,123.0,0.0,1.0,1.0,1.0,1.0,2023
Diadema,2,66.0,1471.0,0.0,1003.0,0.0,0.0,18.0,966.0,450.0,37.0,0.0,1.0,1.0,1.0,1.0,2023
Suzano,2,34.0,664.0,0.0,475.0,0.0,0.0,1.0,449.0,206.0,8.0,0.0,1.0,1.0,1.0,1.0,2023
Guarulhos,2,25.0,407.0,0.0,288.0,0.0,0.0,1.0,269.0,133.0,4.0,0.0,0.0,1.0,1.0,0.0,2023
Santo André,2,54.0,1185.0,0.0,526.0,0.0,0.0,10.0,488.0,592.0,95.0,0.0,1.0,1.0,1.0,0.0,2023
São Paulo,2,,,,,,,,,,,,,,,,2023
Carapicuíba,2,,,,,,,,,,,,,,,,2023
Mauá,2,57.0,1914.0,0.0,852.0,0.0,0.0,21.0,832.0,967.0,94.0,1.0,1.0,1.0,1.0,1.0,2023
São José dos Campos,2,,,,,,,,,,,,,,,,2023
Mauá,2,82.0,1034.0,0.0,0.0,0.0,0.0,0.0,5.0,626.0,403.0,1.0,1.0,1.0,1.0,1.0,2023
Francisco Morato,2,52.0,1289.0,0.0,667.0,0.0,0.0,14.0,632.0,609.0,34.0,0.0,1.0,1.0,1.0,1.0,2023
Campinas,2,11.0,46.0,0.0,14.0,0.0,0.0,0.0,0.0,35.0,11.0,0.0,0.0,1.0,1.0,0.0,2023
Campinas,2,,,,,,,,,,,,,,,,2023
Barueri,2,13.0,177.0,0.0,0.0,0.0,0.0,0.0,0.0,154.0,23.0,0.0,1.0,1.0,1.0,1.0,2023
São Paulo,2,55.0,1332.0,279.0,336.0,0.0,0.0,265.0,320.0,491.0,256.0,0.0,0.0,1.0,1.0,1.0,2023
Itapetininga,2,6.0,46.0,0.0,20.0,0.0,0.0,0.0,4.0,37.0,5.0,0.0,0.0,1.0,1.0,1.0,2023
Itapetininga,2,,,,,,,,,,,,,,,,2023
Atibaia,2,48.0,871.0,0.0,0.0,0.0,0.0,0.0,6.0,619.0,246.0,1.0,1.0,1.0,1.0,1.0,2023
São Paulo,2,6.0,6567.0,0.0,0.0,0.0,0.0,0.0,0.0,751.0,5816.0,1.0,0.0,1.0,0.0,0.0,2023
Tupã,2,65.0,1016.0,0.0,0.0,0.0,0.0,0.0,17.0,591.0,408.0,1.0,1.0,1.0,1.0,1.0,2023
Taquarituba,2,36.0,415.0,0.0,0.0,0.0,0.0,0.0,3.0,311.0,101.0,0.0,1.0,1.0,0.0,0.0,2023
Franco da Rocha,2,55.0,1032.0,0.0,0.0,0.0,0.0,0.0,11.0,689.0,332.0,0.0,1.0,1.0,1.0,1.0,2023
Pirassununga,2,68.0,851.0,0.0,0.0,0.0,0.0,0.0,7.0,535.0,309.0,1.0,1.0,1.0,1.0,1.0,2023
Bauru,2,85.0,1285.0,0.0,0.0,0.0,0.0,0.0,9.0,730.0,546.0,1.0,1.0,1.0,1.0,1.0,2023
São Paulo,2,131.0,1645.0,0.0,0.0,0.0,0.0,0.0,7.0,773.0,865.0,1.0,1.0,1.0,1.0,1.0,2023
Avaré,2,24.0,326.0,0.0,0.0,0.0,0.0,0.0,11.0,262.0,53.0,1.0,1.0,1.0,1.0,1.0,2023
Fernandópolis,2,58.0,869.0,0.0,0.0,0.0,0.0,0.0,16.0,617.0,236.0,0.0,1.0,1.0,1.0,1.0,2023
Carapicuíba,2,64.0,1101.0,0.0,0.0,0.0,0.0,0.0,8.0,742.0,351.0,1.0,1.0,1.0,0.0,0.0,2023
Ribeirão Pires,2,47.0,977.0,0.0,0.0,0.0,0.0,0.0,5.0,741.0,231.0,1.0,1.0,1.0,1.0,0.0,2023
Osasco,2,47.0,1461.0,0.0,694.0,0.0,0.0,1.0,654.0,732.0,74.0,0.0,1.0,1.0,1.0,1.0,2023
Lins,2,88.0,1525.0,0.0,0.0,0.0,0.0,0.0,9.0,978.0,538.0,1.0,1.0,1.0,1.0,1.0,2023
Bebedouro,2,62.0,995.0,0.0,0.0,0.0,0.0,0.0,11.0,761.0,223.0,1.0,1.0,1.0,1.0,1.0,2023
São José do Rio Pardo,2,54.0,772.0,0.0,0.0,0.0,0.0,0.0,6.0,566.0,200.0,1.0,1.0,1.0,1.0,0.0,2023
Guarujá,2,52.0,922.0,0.0,0.0,0.0,0.0,0.0,6.0,701.0,215.0,1.0,1.0,1.0,1.0,0.0,2023
Ferraz de Vasconcelos,2,,,,,,,,,,,,,,,,2023
Ferraz de Vasconcelos,2,,,,,,,,,,,,,,,,2023
Osasco,2,61.0,1184.0,0.0,0.0,0.0,0.0,0.0,6.0,701.0,477.0,1.0,1.0,1.0,1.0,1.0,2023
Mauá,2,,,,,,,,,,,,,,,,2023
Mauá,2,,,,,,,,,,,,,,,,2023
Piracicaba,2,7.0,44.0,0.0,27.0,0.0,0.0,0.0,2.0,38.0,4.0,0.0,1.0,1.0,1.0,1.0,2023
Itapevi,2,,,,,,,,,,,,,,,,2023
Piracicaba,2,,,,,,,,,,,,,,,,2023
São Paulo,2,9.0,43.0,0.0,25.0,0.0,0.0,0.0,0.0,19.0,24.0,0.0,1.0,1.0,0.0,0.0,2023
São Paulo,2,13.0,54.0,3.0,28.0,0.0,0.0,0.0,3.0,28.0,23.0,0.0,0.0,1.0,0.0,0.0,2023
Mirassol,2,5.0,39.0,0.0,16.0,0.0,0.0,0.0,3.0,28.0,8.0,0.0,1.0,1.0,1.0,1.0,2023
Rio Claro,2,,,,,,,,,,,,,,,,2023
Rio Claro,2,,,,,,,,,,,,,,,,2023
Taquaritinga,2,13.0,39.0,0.0,15.0,0.0,0.0,0.0,2.0,36.0,1.0,0.0,0.0,1.0,1.0,1.0,2023
Ferraz de Vasconcelos,2,,,,,,,,,,,,,,,,2023
Ferraz de Vasconcelos,2,,,,,,,,,,,,,,,,2023
Diadema,2,67.0,1416.0,386.0,567.0,0.0,3.0,379.0,535.0,449.0,50.0,0.0,1.0,1.0,1.0,1.0,2023
Botucatu,2,8.0,48.0,1.0,11.0,0.0,0.0,0.0,3.0,39.0,6.0,0.0,0.0,1.0,0.0,1.0,2023
Botucatu,2,,,,,,,,,,,,,,,,2023
São Paulo,2,,,,,,,,,,,,,,,,2023
São Paulo,2,,,,,,,,,,,,,,,,2023
São Paulo,2,37.0,941.0,941.0,0.0,0.0,0.0,865.0,76.0,0.0,0.0,0.0,0.0,1.0,1.0,1.0,2023
Sorocaba,2,10.0,51.0,0.0,25.0,0.0,0.0,0.0,12.0,35.0,4.0,1.0,0.0,1.0,1.0,1.0,2023
Sorocaba,2,,,,,,,,,,,,,,,,2023
Sorocaba,2,11.0,58.0,2.0,22.0,0.0,0.0,0.0,0.0,42.0,16.0,0.0,0.0,1.0,1.0,1.0,2023
Teodoro Sampaio,2,20.0,125.0,35.0,26.0,0.0,0.0,34.0,26.0,27.0,38.0,0.0,1.0,1.0,1.0,0.0,2023
São Sebastião da Grama,2,13.0,121.0,0.0,74.0,0.0,0.0,1.0,65.0,49.0,6.0,0.0,1.0,1.0,1.0,0.0,2023
São Paulo,2,65.0,2203.0,0.0,366.0,0.0,0.0,0.0,302.0,1605.0,296.0,0.0,1.0,1.0,1.0,1.0,2023
Guarulhos,2,45.0,849.0,570.0,279.0,0.0,0.0,549.0,299.0,1.0,0.0,1.0,1.0,1.0,1.0,1.0,2023
Guarulhos,2,64.0,1323.0,0.0,612.0,0.0,0.0,1.0,554.0,706.0,62.0,0.0,1.0,1.0,1.0,1.0,2023
Guarulhos,2,44.0,844.0,0.0,550.0,0.0,0.0,1.0,518.0,304.0,21.0,0.0,1.0,1.0,1.0,1.0,2023
Piracicaba,2,31.0,622.0,0.0,412.0,0.0,0.0,1.0,379.0,229.0,13.0,0.0,1.0,1.0,1.0,1.0,2023
Atibaia,2,6.0,29.0,0.0,11.0,0.0,0.0,0.0,3.0,19.0,7.0,1.0,1.0,0.0,1.0,1.0,2023
Atibaia,2,,,,,,,,,,,,,,,,2023
Araçatuba,2,7.0,40.0,0.0,15.0,0.0,0.0,0.0,2.0,34.0,4.0,0.0,0.0,1.0,1.0,1.0,2023
São Paulo,2,,,,,,,,,,,,,,,,2023
Jacareí,2,9.0,25.0,0.0,7.0,0.0,0.0,0.0,0.0,23.0,2.0,0.0,0.0,1.0,0.0,0.0,2023
Iaras,2,,,,,,,,,,,,,,,,2023
Praia Grande,2,89.0,1452.0,0.0,0.0,0.0,0.0,0.0,6.0,972.0,474.0,1.0,1.0,1.0,0.0,1.0,2023
Teodoro Sampaio,2,39.0,539.0,0.0,0.0,0.0,0.0,0.0,1.0,337.0,201.0,1.0,1.0,1.0,1.0,1.0,2023
Itanhaém,2,45.0,630.0,0.0,0.0,0.0,0.0,0.0,4.0,369.0,257.0,1.0,1.0,1.0,1.0,1.0,2023
São Paulo,2,40.0,587.0,0.0,0.0,0.0,0.0,0.0,3.0,390.0,194.0,1.0,1.0,1.0,0.0,1.0,2023
São Paulo,2,,,,,,,,,,,,,,,,2023
São Paulo,2,,,,,,,,,,,,,,,,2023
São Paulo,2,,,,,,,,,,,,,,,,2023
São Paulo,2,,,,,,,,,,,,,,,,2023
São Paulo,2,,,,,,,,,,,,,,,,2023
Arujá,2,,,,,,,,,,,,,,,,2023
Arujá,2,,,,,,,,,,,,,,,,2023
Guararema,2,,,,,,,,,,,,,,,,2023
Guararema,2,,,,,,,,,,,,,,,,2023
São Paulo,2,89.0,1248.0,0.0,0.0,0.0,0.0,0.0,7.0,652.0,589.0,1.0,1.0,1.0,0.0,0.0,2023
Itaporanga,2,12.0,17.0,6.0,4.0,0.0,0.0,6.0,4.0,2.0,5.0,0.0,0.0,0.0,0.0,1.0,2023
Ubatuba,2,10.0,31.0,0.0,3.0,0.0,0.0,0.0,3.0,3.0,25.0,0.0,0.0,0.0,0.0,1.0,2023
Cubatão,2,,,,,,,,,,,,,,,,2023
Cunha,2,,,,,,,,,,,,,,,,2023
Cunha,2,,,,,,,,,,,,,,,,2023
Cunha,2,,,,,,,,,,,,,,,,2023
Cunha,2,,,,,,,,,,,,,,,,2023
Cunha,2,,,,,,,,,,,,,,,,2023
Cunha,2,,,,,,,,,,,,,,,,2023
Cunha,2,,,,,,,,,,,,,,,,2023
Cunha,2,,,,,,,,,,,,,,,,2023
Cunha,2,,,,,,,,,,,,,,,,2023
Cunha,2,,,,,,,,,,,,,,,,2023
Cunha,2,,,,,,,,,,,,,,,,2023
Cunha,2,,,,,,,,,,,,,,,,2023
Cunha,2,,,,,,,,,,,,,,,,2023
Cunha,2,,,,,,,,,,,,,,,,2023
Cunha,2,,,,,,,,,,,,,,,,2023
Cunha,2,,,,,,,,,,,,,,,,2023
Cunha,2,,,,,,,,,,,,,,,,2023
Cunha,2,,,,,,,,,,,,,,,,2023
Cunha,2,,,,,,,,,,,,,,,,2023
Cunha,2,,,,,,,,,,,,,,,,2023
Cunha,2,,,,,,,,,,,,,,,,2023
Cunha,2,,,,,,,,,,,,,,,,2023
Cunha,2,,,,,,,,,,,,,,,,2023
Cunha,2,,,,,,,,,,,,,,,,2023
Cunha,2,,,,,,,,,,,,,,,,2023
Cunha,2,,,,,,,,,,,,,,,,2023
Cunha,2,,,,,,,,,,,,,,,,2023
Cunha,2,,,,,,,,,,,,,,,,2023
Cunha,2,,,,,,,,,,,,,,,,2023
Cunha,2,,,,,,,,,,,,,,,,2023
Cunha,2,,,,,,,,,,,,,,,,2023
Cunha,2,,,,,,,,,,,,,,,,2023
Cunha,2,,,,,,,,,,,,,,,,2023
Cunha,2,,,,,,,,,,,,,,,,2023
Cachoeira Paulista,2,,,,,,,,,,,,,,,,2023
Cachoeira Paulista,2,,,,,,,,,,,,,,,,2023
Cachoeira Paulista,2,,,,,,,,,,,,,,,,2023
Cachoeira Paulista,2,,,,,,,,,,,,,,,,2023
Pindamonhangaba,2,,,,,,,,,,,,,,,,2023
São José dos Campos,2,,,,,,,,,,,,,,,,2023
Paraibuna,2,,,,,,,,,,,,,,,,2023
Paraibuna,2,,,,,,,,,,,,,,,,2023
Paraibuna,2,,,,,,,,,,,,,,,,2023
Paraibuna,2,,,,,,,,,,,,,,,,2023
Paraibuna,2,,,,,,,,,,,,,,,,2023
São José dos Campos,2,,,,,,,,,,,,,,,,2023
São José dos Campos,2,,,,,,,,,,,,,,,,2023
São José dos Campos,2,,,,,,,,,,,,,,,,2023
Natividade da Serra,2,,,,,,,,,,,,,,,,2023
Apiaí,2,,,,,,,,,,,,,,,,2023
Apiaí,2,,,,,,,,,,,,,,,,2023
Itaoca,2,,,,,,,,,,,,,,,,2023
Itaberá,2,,,,,,,,,,,,,,,,2023
Itaberá,2,,,,,,,,,,,,,,,,2023
Peruíbe,2,7.0,30.0,0.0,14.0,0.0,0.0,0.0,1.0,24.0,5.0,0.0,0.0,0.0,0.0,0.0,2023
Peruíbe,2,,,,,,,,,,,,,,,,2023
Itaporanga,2,,,,,,,,,,,,,,,,2023
Itaporanga,2,,,,,,,,,,,,,,,,2023
Iaras,2,,,,,,,,,,,,,,,,2023
Iaras,2,,,,,,,,,,,,,,,,2023
Cerqueira César,2,12.0,21.0,0.0,9.0,0.0,0.0,0.0,2.0,15.0,4.0,0.0,0.0,1.0,1.0,1.0,2023
Cerqueira César,2,,,,,,,,,,,,,,,,2023
Cerqueira César,2,14.0,27.0,0.0,9.0,0.0,0.0,0.0,1.0,18.0,8.0,0.0,1.0,1.0,1.0,0.0,2023
Cerqueira César,2,10.0,28.0,0.0,10.0,0.0,0.0,0.0,3.0,20.0,5.0,0.0,0.0,1.0,0.0,1.0,2023
Palmital,2,29.0,389.0,0.0,0.0,0.0,0.0,0.0,6.0,272.0,111.0,0.0,1.0,1.0,1.0,1.0,2023
Ibitinga,2,35.0,385.0,0.0,0.0,0.0,0.0,0.0,10.0,247.0,128.0,0.0,1.0,1.0,0.0,1.0,2023
São Paulo,2,20.0,104.0,0.0,0.0,45.0,56.0,3.0,0.0,0.0,0.0,1.0,0.0,1.0,1.0,0.0,2023
São Paulo,2,,,,,,,,,,,,,,,,2023
Itaquaquecetuba,2,9.0,37.0,1.0,17.0,0.0,0.0,0.0,0.0,24.0,13.0,0.0,0.0,1.0,1.0,1.0,2023
São Carlos,2,14.0,57.0,0.0,0.0,34.0,21.0,2.0,0.0,0.0,0.0,1.0,0.0,1.0,1.0,1.0,2023
Palmital,2,,,,,,,,,,,0.0,0.0,1.0,0.0,1.0,2023
São Paulo,2,5.0,27.0,0.0,13.0,0.0,0.0,0.0,2.0,18.0,7.0,0.0,0.0,1.0,0.0,0.0,2023
Bragança Paulista,2,,,,,,,,,,,,,,,,2023
Miracatu,2,7.0,28.0,9.0,11.0,0.0,4.0,9.0,9.0,2.0,4.0,0.0,0.0,0.0,0.0,0.0,2023
São Paulo,2,,,,,,,,,,,,,,,,2023
Franca,2,10.0,48.0,0.0,26.0,0.0,0.0,0.0,1.0,41.0,6.0,0.0,0.0,1.0,0.0,0.0,2023
Piraju,2,29.0,426.0,0.0,0.0,0.0,0.0,0.0,2.0,244.0,180.0,1.0,1.0,1.0,0.0,0.0,2023
Araçatuba,2,52.0,837.0,0.0,0.0,0.0,0.0,0.0,3.0,582.0,252.0,1.0,1.0,1.0,1.0,1.0,2023
Diadema,2,66.0,1107.0,0.0,0.0,0.0,0.0,0.0,3.0,535.0,569.0,1.0,1.0,1.0,0.0,0.0,2023
Jundiaí,2,39.0,782.0,0.0,584.0,0.0,0.0,0.0,573.0,202.0,7.0,0.0,1.0,1.0,1.0,1.0,2023
Arujá,2,9.0,46.0,0.0,21.0,0.0,0.0,0.0,3.0,36.0,7.0,0.0,0.0,0.0,1.0,1.0,2023
Piracicaba,2,25.0,370.0,0.0,211.0,0.0,0.0,1.0,198.0,165.0,6.0,0.0,1.0,1.0,1.0,1.0,2023
Ribeirão Preto,2,43.0,1140.0,0.0,111.0,0.0,0.0,0.0,84.0,802.0,254.0,0.0,1.0,1.0,1.0,1.0,2023
Serrana,2,30.0,499.0,0.0,350.0,0.0,0.0,1.0,318.0,159.0,21.0,0.0,1.0,1.0,1.0,1.0,2023
São José dos Campos,2,21.0,663.0,0.0,0.0,0.0,0.0,0.0,3.0,590.0,70.0,0.0,0.0,1.0,1.0,1.0,2023
Franca,2,48.0,1178.0,0.0,449.0,0.0,0.0,0.0,423.0,698.0,57.0,0.0,0.0,1.0,1.0,1.0,2023
Anhembi,2,,,,,,,,,,,,,,,,2023
Itapevi,2,28.0,498.0,0.0,317.0,0.0,0.0,5.0,311.0,172.0,10.0,0.0,1.0,1.0,1.0,1.0,2023
São Paulo,2,31.0,812.0,812.0,0.0,0.0,0.0,771.0,40.0,1.0,0.0,0.0,1.0,1.0,1.0,1.0,2023
Guarulhos,2,55.0,1557.0,0.0,688.0,0.0,0.0,0.0,655.0,797.0,105.0,0.0,1.0,1.0,1.0,1.0,2023
Suzano,2,52.0,757.0,0.0,400.0,0.0,0.0,3.0,371.0,354.0,29.0,0.0,1.0,1.0,1.0,0.0,2023
Irapuru,2,10.0,33.0,2.0,9.0,0.0,0.0,0.0,0.0,21.0,12.0,0.0,0.0,0.0,1.0,1.0,2023
Rio Claro,2,,,,,,,,,,,,,,,,2023
Jundiaí,2,,,,,,,,,,,,,,,,2023
Itu,2,29.0,468.0,0.0,395.0,0.0,0.0,6.0,369.0,90.0,3.0,0.0,1.0,1.0,1.0,1.0,2023
Guarulhos,2,10.0,25.0,0.0,7.0,0.0,0.0,0.0,0.0,10.0,15.0,0.0,0.0,1.0,0.0,0.0,2023
São Paulo,2,65.0,1145.0,0.0,0.0,0.0,0.0,0.0,4.0,674.0,467.0,0.0,1.0,1.0,1.0,0.0,2023
Ribeirão Preto,2,,,,,,,,,,,,,,,,2023
Catanduva,2,,,,,,,,,,,0.0,1.0,1.0,1.0,0.0,2023
Ourinhos,2,,,,,,,,,,,0.0,1.0,1.0,1.0,1.0,2023
Ferraz de Vasconcelos,2,44.0,913.0,0.0,0.0,0.0,0.0,0.0,4.0,630.0,279.0,1.0,1.0,1.0,1.0,1.0,2023
Lins,2,17.0,68.0,5.0,20.0,0.0,0.0,0.0,2.0,35.0,31.0,0.0,0.0,0.0,1.0,0.0,2023
São Paulo,2,92.0,1349.0,0.0,0.0,0.0,0.0,0.0,3.0,782.0,564.0,1.0,1.0,1.0,0.0,1.0,2023
Jaú,2,40.0,823.0,0.0,462.0,0.0,0.0,0.0,396.0,394.0,33.0,0.0,1.0,1.0,1.0,1.0,2023
Guarulhos,2,,,,,,,,,,,,,,,,2023
Meridiano,2,,,,,,,,,,,,,,,,2023
Itapeva,2,,,,,,,,,,,0.0,1.0,1.0,1.0,1.0,2023
São Paulo,2,,,,,,,,,,,,,,,,2023
São Paulo,2,,,,,,,,,,,,,,,,2023
Cajamar,2,,,,,,,,,,,,,,,,2023
Mauá,2,39.0,742.0,742.0,0.0,0.0,1.0,730.0,11.0,0.0,0.0,0.0,1.0,1.0,1.0,1.0,2023
Mogi Mirim,2,11.0,47.0,0.0,21.0,0.0,0.0,0.0,0.0,31.0,16.0,0.0,0.0,1.0,0.0,1.0,2023
São Paulo,2,,,,,,,,,,,,,,,,2023
São Paulo,2,,,,,,,,,,,,,,,,2023
São Paulo,2,,,,,,,,,,,,,,,,2023
Cubatão,2,44.0,720.0,0.0,0.0,0.0,0.0,0.0,3.0,415.0,302.0,1.0,1.0,1.0,0.0,0.0,2023
Vargem Grande do Sul,2,42.0,562.0,0.0,0.0,0.0,0.0,0.0,2.0,422.0,138.0,1.0,1.0,1.0,1.0,1.0,2023
Franco da Rocha,2,,,,,,,,,,,,,,,,2023
Guaraçaí,2,,,,,,,,,,,,,,,,2023
São Paulo,2,,,,,,,,,,,,,,,,2023
São Paulo,2,,,,,,,,,,,,,,,,2023
São Paulo,2,76.0,810.0,0.0,0.0,0.0,0.0,0.0,1.0,228.0,581.0,0.0,1.0,1.0,0.0,0.0,2023
Osasco,2,10.0,39.0,4.0,16.0,0.0,0.0,0.0,0.0,25.0,14.0,0.0,0.0,0.0,0.0,0.0,2023
Braúna,2,10.0,24.0,11.0,10.0,0.0,3.0,11.0,10.0,0.0,0.0,0.0,0.0,1.0,0.0,0.0,2023
Osasco,2,,,,,,,,,,,,,,,,2023
São Paulo,2,12.0,46.0,2.0,15.0,0.0,0.0,0.0,0.0,22.0,24.0,1.0,0.0,1.0,1.0,1.0,2023
Piracicaba,2,53.0,715.0,0.0,0.0,0.0,0.0,0.0,2.0,375.0,338.0,1.0,1.0,1.0,1.0,0.0,2023
Votorantim,2,40.0,566.0,0.0,0.0,0.0,0.0,0.0,1.0,441.0,124.0,1.0,1.0,1.0,1.0,1.0,2023
São Vicente,2,64.0,883.0,0.0,0.0,0.0,0.0,0.0,4.0,353.0,526.0,1.0,1.0,1.0,0.0,1.0,2023
Cajamar,2,34.0,532.0,0.0,0.0,0.0,0.0,0.0,14.0,389.0,129.0,1.0,1.0,1.0,1.0,1.0,2023
São Paulo,2,38.0,585.0,0.0,0.0,0.0,0.0,0.0,2.0,498.0,85.0,0.0,1.0,1.0,0.0,0.0,2023
São Paulo,2,75.0,905.0,0.0,0.0,0.0,0.0,0.0,6.0,590.0,309.0,1.0,1.0,1.0,1.0,0.0,2023
Santana de Parnaíba,2,47.0,588.0,0.0,0.0,0.0,0.0,0.0,10.0,465.0,113.0,1.0,0.0,1.0,1.0,0.0,2023
Monte Azul Paulista,2,15.0,215.0,0.0,89.0,0.0,0.0,0.0,82.0,124.0,9.0,1.0,1.0,1.0,1.0,1.0,2023
Monte Mor,2,19.0,347.0,0.0,221.0,0.0,0.0,9.0,185.0,146.0,7.0,0.0,1.0,1.0,1.0,1.0,2023
São José dos Campos,2,75.0,1280.0,0.0,0.0,0.0,0.0,0.0,2.0,936.0,342.0,1.0,1.0,1.0,0.0,1.0,2023
Suzano,2,55.0,906.0,0.0,0.0,0.0,0.0,0.0,1.0,545.0,360.0,1.0,1.0,1.0,1.0,0.0,2023
São Sebastião,2,45.0,807.0,0.0,0.0,0.0,0.0,0.0,12.0,704.0,91.0,1.0,1.0,1.0,1.0,1.0,2023
Teodoro Sampaio,2,,,,,,,,,,,,,,,,2023
Votorantim,2,43.0,682.0,0.0,355.0,0.0,0.0,6.0,330.0,313.0,33.0,0.0,0.0,1.0,1.0,1.0,2023
Franco da Rocha,2,32.0,580.0,0.0,385.0,0.0,0.0,3.0,371.0,199.0,7.0,0.0,1.0,1.0,1.0,1.0,2023
Castilho,2,21.0,367.0,0.0,333.0,0.0,0.0,8.0,313.0,12.0,34.0,0.0,1.0,1.0,1.0,1.0,2023
Guarulhos,2,,,,,,,,,,,0.0,1.0,1.0,0.0,0.0,2023
Carapicuíba,2,,,,,,,,,,,0.0,0.0,1.0,0.0,1.0,2023
São Paulo,2,60.0,1520.0,0.0,508.0,0.0,0.0,2.0,477.0,658.0,383.0,0.0,1.0,1.0,1.0,1.0,2023
Guarulhos,2,37.0,994.0,0.0,201.0,0.0,0.0,0.0,201.0,734.0,59.0,0.0,1.0,1.0,0.0,1.0,2023
Anhembi,2,,,,,,,,,,,,,,,,2023
Taubaté,2,6.0,38.0,0.0,27.0,0.0,0.0,0.0,2.0,31.0,5.0,0.0,0.0,1.0,0.0,0.0,2023
São Paulo,2,,,,,,,,,,,0.0,0.0,0.0,0.0,0.0,2023
São Paulo,2,39.0,697.0,0.0,383.0,0.0,0.0,1.0,357.0,317.0,22.0,0.0,1.0,1.0,1.0,1.0,2023
Ribeirão Preto,2,22.0,427.0,0.0,303.0,0.0,0.0,1.0,273.0,142.0,11.0,0.0,1.0,1.0,1.0,1.0,2023
São Paulo,2,12.0,48.0,0.0,30.0,0.0,0.0,0.0,1.0,31.0,16.0,1.0,0.0,1.0,1.0,1.0,2023
Mauá,2,83.0,1575.0,0.0,694.0,0.0,0.0,6.0,654.0,560.0,355.0,0.0,1.0,1.0,1.0,1.0,2023
São Paulo,2,9.0,40.0,0.0,16.0,0.0,0.0,0.0,0.0,11.0,29.0,0.0,0.0,0.0,0.0,0.0,2023
São Paulo,2,10.0,34.0,2.0,11.0,0.0,0.0,0.0,0.0,12.0,22.0,0.0,0.0,0.0,0.0,0.0,2023
São Paulo,2,8.0,34.0,0.0,14.0,0.0,0.0,0.0,0.0,18.0,16.0,0.0,0.0,0.0,0.0,0.0,2023
São Paulo,2,11.0,14.0,2.0,7.0,0.0,0.0,0.0,1.0,11.0,2.0,0.0,0.0,0.0,0.0,0.0,2023
São Paulo,2,37.0,812.0,812.0,0.0,0.0,0.0,760.0,52.0,0.0,0.0,0.0,0.0,1.0,1.0,0.0,2023
São Paulo,2,67.0,1875.0,0.0,746.0,0.0,0.0,4.0,661.0,1056.0,154.0,0.0,0.0,1.0,1.0,1.0,2023
Mogi Mirim,2,11.0,52.0,1.0,25.0,0.0,0.0,0.0,2.0,38.0,12.0,0.0,0.0,1.0,0.0,1.0,2023
Sorocaba,2,,,,,,,,,,,0.0,1.0,1.0,1.0,0.0,2023
São Sebastião,2,15.0,100.0,0.0,53.0,0.0,0.0,0.0,43.0,35.0,22.0,0.0,1.0,1.0,0.0,0.0,2023
Guarulhos,2,12.0,41.0,4.0,19.0,0.0,0.0,0.0,5.0,32.0,4.0,0.0,0.0,1.0,0.0,0.0,2023
Arco-Íris,2,10.0,70.0,25.0,19.0,0.0,9.0,27.0,16.0,18.0,0.0,0.0,0.0,1.0,0.0,1.0,2023
Iguape,2,,,,,,,,,,,,,,,,2023
Iguape,2,,,,,,,,,,,,,,,,2023
Iguape,2,,,,,,,,,,,,,,,,2023
Iguape,2,,,,,,,,,,,,,,,,2023
Iguape,2,,,,,,,,,,,,,,,,2023
Juquiá,2,,,,,,,,,,,,,,,,2023
Iguape,2,,,,,,,,,,,,,,,,2023
Iguape,2,,,,,,,,,,,,,,,,2023
Iguape,2,,,,,,,,,,,,,,,,2023
Iguape,2,,,,,,,,,,,,,,,,2023
Iguape,2,,,,,,,,,,,,,,,,2023
Juquiá,2,,,,,,,,,,,,,,,,2023
Itariri,2,,,,,,,,,,,,,,,,2023
Itariri,2,,,,,,,,,,,,,,,,2023
Juquiá,2,,,,,,,,,,,,,,,,2023
Juquiá,2,,,,,,,,,,,,,,,,2023
Juquiá,2,,,,,,,,,,,,,,,,2023
Juquiá,2,,,,,,,,,,,,,,,,2023
Juquiá,2,,,,,,,,,,,,,,,,2023
Juquiá,2,,,,,,,,,,,,,,,,2023
Juquiá,2,,,,,,,,,,,,,,,,2023
Juquiá,2,,,,,,,,,,,,,,,,2023
Juquiá,2,,,,,,,,,,,,,,,,2023
Juquiá,2,,,,,,,,,,,,,,,,2023
Juquiá,2,,,,,,,,,,,,,,,,2023
Juquiá,2,,,,,,,,,,,,,,,,2023
São Paulo,2,,,,,,,,,,,,,,,,2023
Assis,2,,,,,,,,,,,0.0,1.0,1.0,1.0,1.0,2023
São Paulo,2,11.0,41.0,2.0,16.0,0.0,0.0,0.0,0.0,25.0,16.0,0.0,0.0,0.0,0.0,0.0,2023
São Paulo,2,10.0,46.0,2.0,17.0,0.0,0.0,0.0,0.0,23.0,23.0,0.0,0.0,0.0,0.0,0.0,2023
São Paulo,2,,,,,,,,,,,,,,,,2023
Monte Mor,2,38.0,572.0,0.0,0.0,0.0,0.0,0.0,7.0,407.0,158.0,1.0,1.0,1.0,0.0,0.0,2023
São Paulo,2,69.0,1659.0,0.0,0.0,0.0,0.0,0.0,1.0,943.0,715.0,1.0,1.0,1.0,1.0,0.0,2023
Piedade,2,33.0,396.0,0.0,0.0,0.0,0.0,0.0,8.0,320.0,68.0,1.0,1.0,1.0,0.0,1.0,2023
São Paulo,2,67.0,1023.0,0.0,0.0,0.0,0.0,0.0,8.0,528.0,487.0,1.0,1.0,1.0,1.0,0.0,2023
Porto Ferreira,2,40.0,365.0,0.0,0.0,0.0,0.0,0.0,1.0,195.0,169.0,1.0,1.0,1.0,1.0,1.0,2023
Osasco,2,,,,,,,,,,,,,,,,2023
Campinas,2,65.0,1507.0,538.0,471.0,0.0,0.0,513.0,442.0,489.0,63.0,0.0,1.0,1.0,1.0,1.0,2023
Promissão,2,17.0,324.0,0.0,324.0,0.0,0.0,6.0,304.0,14.0,0.0,0.0,0.0,1.0,1.0,1.0,2023
São Paulo,2,,,,,,,,,,,0.0,0.0,1.0,0.0,0.0,2023
São Paulo,2,10.0,78.0,0.0,38.0,0.0,0.0,0.0,4.0,52.0,22.0,0.0,0.0,1.0,0.0,0.0,2023
São Paulo,2,8.0,46.0,5.0,23.0,0.0,0.0,0.0,8.0,33.0,5.0,0.0,0.0,0.0,0.0,0.0,2023
São Paulo,2,,,,,,,,,,,,,,,,2023
Campo Limpo Paulista,2,58.0,667.0,0.0,0.0,0.0,0.0,0.0,2.0,385.0,280.0,1.0,1.0,1.0,0.0,1.0,2023
Caraguatatuba,2,5.0,28.0,0.0,11.0,0.0,0.0,0.0,0.0,21.0,7.0,0.0,0.0,1.0,0.0,0.0,2023
Campinas,2,54.0,1190.0,502.0,297.0,0.0,0.0,475.0,296.0,272.0,147.0,0.0,1.0,1.0,1.0,1.0,2023
São Paulo,2,9.0,43.0,0.0,25.0,0.0,0.0,0.0,0.0,23.0,20.0,0.0,0.0,0.0,0.0,0.0,2023
São Paulo,2,,,,,,,,,,,,,,,,2023
São Paulo,2,57.0,1708.0,598.0,306.0,0.0,0.0,576.0,299.0,723.0,110.0,0.0,0.0,1.0,1.0,1.0,2023
Bebedouro,2,,,,,,,,,,,0.0,1.0,1.0,0.0,0.0,2023
Barretos,2,,,,,,,,,,,0.0,1.0,1.0,1.0,1.0,2023
Olímpia,2,,,,,,,,,,,0.0,0.0,1.0,1.0,1.0,2023
São Paulo,2,42.0,1020.0,533.0,487.0,0.0,0.0,506.0,475.0,39.0,0.0,0.0,1.0,1.0,1.0,1.0,2023
Americana,2,,,,,,,,,,,0.0,0.0,1.0,0.0,0.0,2023
Birigui,2,,,,,,,,,,,0.0,1.0,1.0,1.0,0.0,2023
São Paulo,2,69.0,1268.0,0.0,0.0,0.0,0.0,0.0,4.0,845.0,419.0,1.0,1.0,1.0,0.0,1.0,2023
São Paulo,2,75.0,1243.0,0.0,0.0,0.0,0.0,0.0,8.0,770.0,465.0,1.0,1.0,1.0,1.0,1.0,2023
Poá,2,34.0,642.0,0.0,0.0,0.0,0.0,0.0,5.0,522.0,115.0,1.0,1.0,1.0,1.0,0.0,2023
Mogi Guaçu,2,51.0,756.0,0.0,0.0,0.0,0.0,0.0,10.0,524.0,222.0,1.0,1.0,1.0,1.0,1.0,2023
Iguape,2,7.0,32.0,20.0,5.0,0.0,6.0,18.0,6.0,0.0,2.0,0.0,0.0,0.0,0.0,1.0,2023
Salto,2,,,,,,,,,,,,,,,,2023
Mauá,2,60.0,1769.0,0.0,788.0,0.0,0.0,19.0,747.0,955.0,48.0,0.0,0.0,1.0,1.0,1.0,2023
São Paulo,2,28.0,605.0,605.0,0.0,0.0,0.0,581.0,24.0,0.0,0.0,0.0,1.0,1.0,1.0,1.0,2023
Campinas,2,,,,,,,,,,,,,,,,2023
Aguaí,2,32.0,502.0,0.0,0.0,0.0,0.0,0.0,0.0,383.0,119.0,1.0,1.0,1.0,0.0,0.0,2023
Itapira,2,49.0,558.0,0.0,0.0,0.0,0.0,0.0,4.0,352.0,202.0,1.0,1.0,1.0,1.0,1.0,2023
Caraguatatuba,2,28.0,796.0,0.0,0.0,0.0,0.0,0.0,3.0,549.0,244.0,1.0,1.0,1.0,1.0,1.0,2023
Novo Horizonte,2,60.0,677.0,0.0,0.0,0.0,0.0,0.0,5.0,496.0,176.0,1.0,1.0,1.0,0.0,0.0,2023
Serrana,2,33.0,716.0,0.0,0.0,0.0,0.0,0.0,2.0,525.0,189.0,1.0,1.0,1.0,0.0,0.0,2023
São Paulo,2,60.0,1202.0,0.0,0.0,0.0,0.0,0.0,6.0,802.0,394.0,1.0,1.0,1.0,0.0,0.0,2023
São Carlos,2,32.0,470.0,0.0,470.0,0.0,0.0,2.0,430.0,38.0,0.0,0.0,1.0,1.0,1.0,1.0,2023
Ibaté,2,28.0,536.0,0.0,358.0,0.0,0.0,6.0,333.0,188.0,9.0,0.0,1.0,1.0,1.0,1.0,2023
Bragança Paulista,2,32.0,687.0,0.0,406.0,0.0,0.0,4.0,383.0,274.0,26.0,0.0,0.0,1.0,1.0,1.0,2023
Itapecerica da Serra,2,,,,,,,,,,,,,,,,2023
Campinas,2,,,,,,,,,,,,,,,,2023
Ribeirão Preto,2,25.0,411.0,0.0,295.0,0.0,0.0,3.0,275.0,113.0,20.0,0.0,1.0,1.0,1.0,1.0,2023
Jundiaí,2,50.0,1802.0,0.0,903.0,0.0,0.0,4.0,830.0,930.0,38.0,0.0,1.0,1.0,1.0,1.0,2023
Americana,2,21.0,348.0,348.0,0.0,0.0,2.0,343.0,3.0,0.0,0.0,0.0,0.0,1.0,1.0,1.0,2023
Americana,2,33.0,750.0,0.0,300.0,0.0,0.0,5.0,290.0,432.0,23.0,0.0,1.0,1.0,1.0,0.0,2023
Rio Claro,2,44.0,1099.0,0.0,528.0,0.0,0.0,1.0,476.0,481.0,141.0,0.0,1.0,1.0,1.0,1.0,2023
Piracicaba,2,31.0,775.0,0.0,292.0,0.0,0.0,0.0,264.0,471.0,40.0,0.0,1.0,1.0,1.0,1.0,2023
Piracicaba,2,23.0,335.0,0.0,204.0,0.0,0.0,0.0,185.0,143.0,7.0,0.0,1.0,1.0,1.0,1.0,2023
Araraquara,2,49.0,993.0,0.0,512.0,0.0,0.0,1.0,480.0,385.0,127.0,0.0,1.0,1.0,1.0,1.0,2023
Peruíbe,2,,,,,,,,,,,,,,,,2023
Praia Grande,2,,,,,,,,,,,0.0,1.0,1.0,1.0,0.0,2023
Campinas,2,46.0,1358.0,63.0,546.0,0.0,0.0,57.0,503.0,705.0,93.0,0.0,1.0,1.0,1.0,1.0,2023
Franco da Rocha,2,10.0,51.0,0.0,28.0,0.0,0.0,0.0,9.0,42.0,0.0,0.0,1.0,0.0,0.0,0.0,2023
Itu,2,16.0,287.0,0.0,287.0,0.0,0.0,8.0,264.0,15.0,0.0,0.0,1.0,1.0,1.0,1.0,2023
Itanhaém,2,,,,,,,,,,,,,,,,2023
São José do Rio Preto,2,46.0,1302.0,0.0,534.0,0.0,0.0,1.0,498.0,725.0,78.0,0.0,1.0,1.0,1.0,1.0,2023
São Paulo,2,41.0,984.0,0.0,527.0,0.0,0.0,1.0,485.0,445.0,53.0,0.0,1.0,1.0,1.0,1.0,2023
Guarulhos,2,30.0,583.0,0.0,331.0,0.0,0.0,0.0,313.0,246.0,24.0,0.0,0.0,1.0,1.0,0.0,2023
Itaberá,2,22.0,259.0,0.0,133.0,0.0,0.0,4.0,125.0,118.0,12.0,0.0,1.0,1.0,1.0,1.0,2023
Votorantim,2,,,,,,,,,,,0.0,0.0,1.0,0.0,0.0,2023
São Paulo,2,24.0,317.0,0.0,217.0,0.0,0.0,0.0,206.0,108.0,3.0,0.0,1.0,1.0,1.0,0.0,2023
São Paulo,2,34.0,802.0,802.0,0.0,0.0,0.0,765.0,37.0,0.0,0.0,0.0,1.0,1.0,1.0,1.0,2023
São Paulo,2,52.0,1390.0,0.0,394.0,0.0,0.0,0.0,359.0,706.0,325.0,0.0,1.0,1.0,1.0,1.0,2023
São Paulo,2,,,,,,,,,,,,,,,,2023
São Paulo,2,,,,,,,,,,,,,,,,2023
Osasco,2,,,,,,,,,,,,,,,,2023
Osasco,2,8.0,46.0,0.0,30.0,0.0,0.0,0.0,6.0,36.0,4.0,0.0,0.0,0.0,0.0,0.0,2023
São Carlos,2,9.0,51.0,0.0,23.0,0.0,0.0,0.0,1.0,43.0,7.0,0.0,1.0,1.0,0.0,0.0,2023
Cotia,2,36.0,556.0,0.0,0.0,0.0,0.0,0.0,3.0,426.0,127.0,1.0,1.0,1.0,0.0,0.0,2023
São Paulo,2,72.0,965.0,0.0,0.0,0.0,0.0,0.0,5.0,628.0,332.0,1.0,1.0,1.0,1.0,0.0,2023
São Paulo,2,57.0,817.0,0.0,0.0,0.0,0.0,0.0,1.0,384.0,432.0,0.0,1.0,1.0,1.0,1.0,2023
São Paulo,2,81.0,1192.0,0.0,0.0,0.0,0.0,0.0,4.0,534.0,654.0,1.0,1.0,1.0,1.0,0.0,2023
Santa Isabel,2,32.0,424.0,0.0,0.0,0.0,0.0,0.0,4.0,261.0,159.0,1.0,1.0,1.0,1.0,0.0,2023
São Paulo,2,62.0,1068.0,0.0,0.0,0.0,0.0,0.0,5.0,599.0,464.0,1.0,1.0,1.0,1.0,1.0,2023
São Paulo,2,48.0,620.0,0.0,0.0,0.0,0.0,0.0,5.0,385.0,230.0,0.0,1.0,1.0,0.0,0.0,2023
Piracicaba,2,,,,,,,,,,,,,,,,2023
São Paulo,2,37.0,799.0,0.0,0.0,0.0,0.0,0.0,3.0,507.0,289.0,1.0,1.0,1.0,1.0,0.0,2023
São Paulo,2,31.0,300.0,0.0,0.0,0.0,0.0,0.0,1.0,225.0,74.0,1.0,0.0,1.0,0.0,0.0,2023
São Paulo,2,71.0,1311.0,0.0,0.0,0.0,0.0,0.0,5.0,825.0,481.0,1.0,1.0,1.0,1.0,1.0,2023
São Paulo,2,55.0,822.0,0.0,0.0,0.0,0.0,0.0,6.0,493.0,323.0,1.0,1.0,1.0,1.0,0.0,2023
Francisco Morato,2,38.0,833.0,0.0,0.0,0.0,0.0,0.0,13.0,676.0,144.0,1.0,1.0,1.0,1.0,0.0,2023
Olímpia,2,40.0,677.0,0.0,0.0,0.0,0.0,0.0,11.0,483.0,183.0,1.0,1.0,1.0,0.0,0.0,2023
São Paulo,2,32.0,600.0,0.0,0.0,0.0,0.0,0.0,1.0,489.0,110.0,1.0,1.0,1.0,1.0,0.0,2023
Nova Odessa,2,61.0,729.0,0.0,0.0,0.0,0.0,0.0,11.0,546.0,172.0,1.0,1.0,1.0,1.0,1.0,2023
Ituverava,2,45.0,653.0,0.0,0.0,0.0,0.0,0.0,8.0,444.0,201.0,1.0,1.0,1.0,1.0,0.0,2023
Itararé,2,,,,,,,,,,,0.0,1.0,1.0,1.0,1.0,2023
São Pedro,2,26.0,373.0,0.0,0.0,0.0,0.0,0.0,4.0,329.0,40.0,1.0,1.0,1.0,1.0,1.0,2023
Santa Rosa de Viterbo,2,24.0,460.0,0.0,0.0,0.0,0.0,0.0,6.0,360.0,94.0,1.0,1.0,1.0,0.0,1.0,2023
Bauru,2,14.0,327.0,0.0,327.0,0.0,0.0,9.0,308.0,10.0,0.0,0.0,1.0,1.0,1.0,1.0,2023
Assis,2,,,,,,,,,,,,,,,,2023
Franca,2,37.0,679.0,0.0,325.0,0.0,0.0,1.0,297.0,359.0,22.0,0.0,1.0,1.0,1.0,1.0,2023
Franca,2,29.0,574.0,0.0,338.0,0.0,0.0,2.0,300.0,254.0,18.0,0.0,1.0,1.0,1.0,1.0,2023
Campos do Jordão,2,18.0,332.0,0.0,0.0,0.0,0.0,0.0,8.0,299.0,25.0,0.0,1.0,1.0,1.0,1.0,2023
São Roque,2,,,,,,,,,,,,,,,,2023
Mairinque,2,46.0,623.0,0.0,0.0,0.0,0.0,0.0,7.0,335.0,281.0,1.0,1.0,1.0,0.0,0.0,2023
Mongaguá,2,13.0,37.0,1.0,22.0,0.0,0.0,0.0,6.0,26.0,5.0,0.0,0.0,1.0,0.0,0.0,2023
São Paulo,2,43.0,1035.0,1035.0,0.0,0.0,0.0,981.0,54.0,0.0,0.0,0.0,1.0,1.0,1.0,1.0,2023
São Paulo,2,30.0,714.0,714.0,0.0,0.0,0.0,677.0,37.0,0.0,0.0,0.0,1.0,1.0,1.0,1.0,2023
Itapetininga,2,,,,,,,,,,,0.0,1.0,1.0,1.0,1.0,2023
Lorena,2,9.0,37.0,3.0,21.0,0.0,0.0,0.0,2.0,30.0,5.0,0.0,0.0,1.0,0.0,0.0,2023
Embu das Artes,2,36.0,639.0,0.0,375.0,0.0,0.0,1.0,350.0,278.0,10.0,0.0,1.0,1.0,1.0,1.0,2023
Registro,2,37.0,426.0,0.0,0.0,0.0,0.0,0.0,8.0,323.0,95.0,1.0,1.0,1.0,0.0,1.0,2023
Campinas,2,34.0,800.0,0.0,350.0,0.0,0.0,0.0,306.0,391.0,103.0,0.0,1.0,1.0,1.0,1.0,2023
Itararé,2,36.0,593.0,0.0,0.0,0.0,0.0,0.0,2.0,457.0,134.0,1.0,1.0,1.0,1.0,1.0,2023
Poá,2,,,,,,,,,,,0.0,1.0,1.0,0.0,0.0,2023
Piracicaba,2,31.0,504.0,0.0,331.0,0.0,0.0,0.0,299.0,190.0,15.0,0.0,0.0,1.0,1.0,1.0,2023
Piracicaba,2,22.0,399.0,0.0,275.0,0.0,0.0,0.0,253.0,139.0,7.0,0.0,0.0,1.0,1.0,1.0,2023
Osasco,2,63.0,873.0,0.0,0.0,0.0,0.0,0.0,7.0,578.0,288.0,1.0,1.0,1.0,0.0,1.0,2023
Lorena,2,49.0,822.0,0.0,0.0,0.0,0.0,0.0,15.0,538.0,269.0,1.0,1.0,1.0,1.0,0.0,2023
Itaquaquecetuba,2,53.0,837.0,0.0,775.0,0.0,0.0,9.0,699.0,67.0,62.0,0.0,1.0,1.0,1.0,0.0,2023
Mogi das Cruzes,2,31.0,461.0,0.0,254.0,0.0,0.0,0.0,220.0,233.0,8.0,1.0,1.0,1.0,0.0,1.0,2023
Indaiatuba,2,39.0,699.0,0.0,547.0,0.0,0.0,1.0,512.0,176.0,10.0,0.0,1.0,1.0,0.0,1.0,2023
São Paulo,2,80.0,1105.0,0.0,0.0,0.0,0.0,0.0,8.0,480.0,617.0,1.0,1.0,1.0,0.0,0.0,2023
Tietê,2,35.0,597.0,0.0,0.0,0.0,0.0,0.0,5.0,381.0,211.0,1.0,1.0,1.0,1.0,1.0,2023
Cerquilho,2,32.0,375.0,0.0,0.0,0.0,0.0,0.0,9.0,290.0,76.0,1.0,1.0,1.0,0.0,0.0,2023
Lençóis Paulista,2,45.0,681.0,0.0,0.0,0.0,0.0,0.0,0.0,391.0,290.0,1.0,1.0,1.0,1.0,0.0,2023
Hortolândia,2,,,,,,,,,,,,,,,,2023
Itaquaquecetuba,2,50.0,821.0,0.0,0.0,0.0,0.0,0.0,5.0,619.0,197.0,1.0,1.0,1.0,1.0,1.0,2023
Marília,2,15.0,253.0,0.0,253.0,0.0,0.0,5.0,240.0,8.0,0.0,0.0,1.0,1.0,1.0,1.0,2023
Piedade,2,,,,,,,,,,,0.0,0.0,1.0,0.0,0.0,2023
Birigui,2,35.0,533.0,0.0,352.0,0.0,0.0,0.0,333.0,197.0,3.0,0.0,1.0,1.0,1.0,0.0,2023
Embu das Artes,2,48.0,970.0,0.0,0.0,0.0,0.0,0.0,8.0,478.0,484.0,1.0,1.0,1.0,1.0,0.0,2023
Suzano,2,,,,,,,,,,,,,,,,2023
Matão,2,,,,,,,,,,,0.0,0.0,1.0,0.0,0.0,2023
São Paulo,2,47.0,1056.0,0.0,524.0,0.0,0.0,0.0,476.0,549.0,31.0,0.0,1.0,1.0,1.0,1.0,2023
Miracatu,2,,,,,,,,,,,,,,,,2023
São Paulo,2,57.0,687.0,0.0,0.0,0.0,0.0,0.0,2.0,365.0,320.0,1.0,1.0,1.0,1.0,1.0,2023
Barueri,2,73.0,788.0,0.0,0.0,0.0,0.0,0.0,5.0,458.0,325.0,1.0,1.0,1.0,1.0,1.0,2023
Irapuru,2,9.0,22.0,0.0,6.0,0.0,0.0,0.0,4.0,14.0,4.0,0.0,0.0,0.0,1.0,1.0,2023
São Bernardo do Campo,2,7.0,13.0,0.0,5.0,0.0,0.0,0.0,1.0,11.0,1.0,0.0,0.0,1.0,0.0,0.0,2023
Taubaté,2,,,,,,,,,,,,,,,,2023
Lins,2,,,,,,,,,,,0.0,1.0,1.0,0.0,1.0,2023
Amparo,2,32.0,345.0,0.0,172.0,0.0,0.0,4.0,163.0,135.0,43.0,0.0,1.0,1.0,1.0,1.0,2023
Álvaro de Carvalho,2,15.0,260.0,0.0,0.0,0.0,0.0,0.0,0.0,0.0,260.0,0.0,0.0,1.0,0.0,0.0,2023
São Paulo,2,9.0,90.0,0.0,0.0,0.0,0.0,0.0,0.0,0.0,90.0,0.0,0.0,0.0,0.0,0.0,2023
Avaré,2,12.0,121.0,0.0,0.0,0.0,0.0,0.0,0.0,0.0,121.0,0.0,0.0,0.0,0.0,0.0,2023
Marabá Paulista,2,7.0,103.0,0.0,0.0,0.0,0.0,0.0,0.0,0.0,103.0,0.0,0.0,0.0,0.0,0.0,2023
Americana,2,4.0,70.0,0.0,0.0,0.0,0.0,0.0,0.0,0.0,70.0,0.0,0.0,0.0,0.0,0.0,2023
Martinópolis,2,12.0,191.0,0.0,0.0,0.0,0.0,0.0,0.0,0.0,191.0,0.0,0.0,0.0,0.0,0.0,2023
Andradina,2,5.0,97.0,0.0,0.0,0.0,0.0,0.0,0.0,0.0,97.0,0.0,0.0,0.0,0.0,0.0,2023
Marília,2,9.0,137.0,0.0,0.0,0.0,0.0,0.0,0.0,0.0,137.0,1.0,0.0,0.0,0.0,0.0,2023
Araraquara,2,8.0,128.0,0.0,0.0,0.0,0.0,0.0,0.0,0.0,128.0,0.0,0.0,0.0,0.0,0.0,2023
Marília,2,6.0,105.0,0.0,0.0,0.0,0.0,0.0,0.0,0.0,105.0,0.0,0.0,0.0,0.0,0.0,2023
Araraquara,2,5.0,85.0,0.0,0.0,0.0,0.0,0.0,0.0,0.0,85.0,0.0,0.0,0.0,1.0,1.0,2023
Balbinos,2,10.0,111.0,0.0,0.0,0.0,0.0,0.0,0.0,0.0,111.0,0.0,0.0,1.0,0.0,0.0,2023
Balbinos,2,9.0,129.0,0.0,0.0,0.0,0.0,0.0,0.0,0.0,129.0,0.0,0.0,1.0,0.0,0.0,2023
Mirandópolis,2,11.0,115.0,0.0,0.0,0.0,0.0,0.0,0.0,0.0,115.0,0.0,0.0,0.0,0.0,0.0,2023
Bauru,2,13.0,236.0,0.0,0.0,0.0,0.0,0.0,0.0,0.0,236.0,0.0,0.0,0.0,0.0,0.0,2023
Pirajuí,2,10.0,205.0,0.0,0.0,0.0,0.0,0.0,0.0,0.0,205.0,0.0,0.0,0.0,0.0,0.0,2023
Campinas,2,7.0,26.0,0.0,0.0,0.0,0.0,0.0,0.0,0.0,26.0,0.0,0.0,0.0,0.0,0.0,2023
Caraguatatuba,2,6.0,98.0,0.0,0.0,0.0,0.0,0.0,0.0,0.0,98.0,0.0,0.0,1.0,0.0,0.0,2023
Potim,2,14.0,139.0,0.0,0.0,0.0,0.0,0.0,0.0,0.0,139.0,0.0,0.0,0.0,0.0,0.0,2023
Getulina,2,5.0,67.0,0.0,0.0,0.0,0.0,0.0,0.0,0.0,67.0,0.0,0.0,1.0,0.0,0.0,2023
Paraguaçu Paulista,2,6.0,83.0,0.0,0.0,0.0,0.0,0.0,0.0,0.0,83.0,0.0,0.0,0.0,0.0,0.0,2023
Itapetininga,2,13.0,75.0,0.0,0.0,0.0,0.0,0.0,0.0,0.0,75.0,0.0,0.0,0.0,0.0,0.0,2023
Presidente Bernardes,2,,,,,,,,,,,,,,,,2023
Guareí,2,6.0,157.0,0.0,0.0,0.0,0.0,0.0,0.0,0.0,157.0,0.0,0.0,0.0,0.0,0.0,2023
Hortolândia,2,13.0,164.0,0.0,0.0,0.0,0.0,0.0,0.0,0.0,164.0,0.0,0.0,0.0,0.0,0.0,2023
Reginópolis,2,7.0,146.0,0.0,0.0,0.0,0.0,0.0,0.0,0.0,146.0,0.0,0.0,1.0,0.0,0.0,2023
Itaí,2,14.0,233.0,0.0,0.0,0.0,0.0,0.0,0.0,0.0,233.0,0.0,0.0,0.0,0.0,0.0,2023
Itapetininga,2,15.0,174.0,0.0,0.0,0.0,0.0,0.0,0.0,0.0,174.0,0.0,0.0,0.0,0.0,0.0,2023
Reginópolis,2,8.0,228.0,0.0,0.0,0.0,0.0,0.0,0.0,0.0,228.0,0.0,0.0,1.0,0.0,0.0,2023
Riolândia,2,12.0,164.0,0.0,0.0,0.0,0.0,0.0,0.0,0.0,164.0,0.0,0.0,0.0,0.0,0.0,2023
Rio Claro,2,4.0,42.0,0.0,0.0,0.0,0.0,0.0,0.0,0.0,42.0,0.0,0.0,0.0,0.0,0.0,2023
São José do Rio Preto,2,5.0,80.0,0.0,0.0,0.0,0.0,0.0,0.0,0.0,80.0,0.0,0.0,0.0,0.0,0.0,2023
Serra Azul,2,13.0,154.0,0.0,0.0,0.0,0.0,0.0,0.0,0.0,154.0,0.0,0.0,0.0,0.0,0.0,2023
São José dos Campos,2,9.0,37.0,0.0,0.0,0.0,0.0,0.0,0.0,0.0,37.0,0.0,0.0,0.0,0.0,0.0,2023
Itapetininga,2,16.0,241.0,0.0,0.0,0.0,0.0,0.0,0.0,0.0,241.0,0.0,0.0,0.0,0.0,0.0,2023
Sorocaba,2,14.0,332.0,0.0,0.0,0.0,0.0,0.0,0.0,0.0,332.0,0.0,0.0,1.0,0.0,0.0,2023
Iperó,2,13.0,214.0,0.0,0.0,0.0,0.0,0.0,0.0,0.0,214.0,1.0,0.0,0.0,0.0,0.0,2023
Sorocaba,2,11.0,226.0,0.0,0.0,0.0,0.0,0.0,0.0,0.0,226.0,0.0,0.0,0.0,0.0,0.0,2023
Itirapina,2,13.0,140.0,0.0,0.0,0.0,0.0,0.0,0.0,0.0,140.0,0.0,0.0,0.0,0.0,0.0,2023
Lavínia,2,10.0,110.0,0.0,0.0,0.0,0.0,0.0,0.0,0.0,110.0,0.0,0.0,0.0,0.0,0.0,2023
Lavínia,2,9.0,83.0,0.0,0.0,0.0,0.0,0.0,0.0,0.0,83.0,1.0,0.0,0.0,0.0,0.0,2023
Tremembé,2,13.0,232.0,0.0,0.0,0.0,0.0,0.0,0.0,0.0,232.0,1.0,0.0,1.0,0.0,0.0,2023
Lins,2,5.0,77.0,0.0,0.0,0.0,0.0,0.0,0.0,0.0,77.0,0.0,0.0,1.0,0.0,0.0,2023
Tremembé,2,9.0,132.0,0.0,0.0,0.0,0.0,0.0,0.0,0.0,132.0,0.0,0.0,1.0,0.0,0.0,2023
Lucélia,2,12.0,170.0,0.0,0.0,0.0,0.0,0.0,0.0,0.0,170.0,0.0,0.0,0.0,0.0,0.0,2023
Mogi Mirim,2,7.0,90.0,0.0,0.0,0.0,0.0,0.0,0.0,0.0,90.0,0.0,0.0,1.0,0.0,0.0,2023
Mirandópolis,2,11.0,150.0,0.0,0.0,0.0,0.0,0.0,0.0,0.0,150.0,0.0,0.0,0.0,0.0,0.0,2023
Valparaíso,2,15.0,115.0,0.0,0.0,0.0,0.0,0.0,0.0,0.0,115.0,0.0,0.0,0.0,0.0,0.0,2023
Valparaíso,2,11.0,94.0,0.0,0.0,0.0,0.0,0.0,0.0,0.0,94.0,0.0,0.0,0.0,0.0,0.0,2023
Avaré,2,9.0,212.0,0.0,0.0,0.0,0.0,0.0,0.0,0.0,212.0,0.0,0.0,0.0,0.0,0.0,2023
São José do Rio Preto,2,8.0,167.0,0.0,0.0,0.0,0.0,0.0,0.0,0.0,167.0,0.0,0.0,0.0,0.0,0.0,2023
Serra Azul,2,13.0,164.0,0.0,0.0,0.0,0.0,0.0,0.0,0.0,164.0,0.0,0.0,1.0,0.0,0.0,2023
Piracicaba,2,8.0,33.0,0.0,0.0,0.0,0.0,0.0,0.0,0.0,33.0,0.0,0.0,0.0,0.0,0.0,2023
Sumaré,2,5.0,74.0,0.0,0.0,0.0,0.0,0.0,0.0,0.0,74.0,0.0,0.0,0.0,0.0,0.0,2023
Ribeirão Preto,2,13.0,38.0,0.0,0.0,0.0,0.0,0.0,0.0,0.0,38.0,0.0,0.0,0.0,0.0,0.0,2023
Araraquara,2,5.0,44.0,0.0,0.0,0.0,0.0,0.0,0.0,0.0,44.0,0.0,0.0,0.0,0.0,0.0,2023
Lavínia,2,7.0,108.0,0.0,0.0,0.0,0.0,0.0,0.0,0.0,108.0,0.0,0.0,0.0,0.0,0.0,2023
Campinas,2,10.0,268.0,0.0,0.0,0.0,0.0,0.0,0.0,0.0,268.0,0.0,0.0,0.0,0.0,0.0,2023
Iaras,2,19.0,221.0,0.0,0.0,0.0,0.0,0.0,0.0,0.0,221.0,0.0,0.0,1.0,0.0,0.0,2023
São Vicente,2,9.0,141.0,0.0,0.0,0.0,0.0,0.0,0.0,0.0,141.0,0.0,0.0,0.0,0.0,0.0,2023
Casa Branca,2,7.0,241.0,0.0,0.0,0.0,0.0,0.0,0.0,0.0,241.0,0.0,0.0,1.0,0.0,0.0,2023
Mongaguá,2,9.0,231.0,0.0,0.0,0.0,0.0,0.0,0.0,0.0,231.0,0.0,0.0,0.0,0.0,0.0,2023
Diadema,2,3.0,76.0,0.0,0.0,0.0,0.0,0.0,0.0,0.0,76.0,0.0,0.0,0.0,0.0,0.0,2023
Franco da Rocha,2,13.0,174.0,0.0,0.0,0.0,0.0,0.0,0.0,0.0,174.0,0.0,0.0,0.0,0.0,0.0,2023
Franco da Rocha,2,7.0,73.0,0.0,0.0,0.0,0.0,0.0,0.0,0.0,73.0,0.0,0.0,0.0,0.0,0.0,2023
Franco da Rocha,2,12.0,201.0,0.0,0.0,0.0,0.0,0.0,0.0,0.0,201.0,0.0,0.0,0.0,0.0,0.0,2023
Franco da Rocha,2,11.0,96.0,0.0,0.0,0.0,0.0,0.0,0.0,0.0,96.0,1.0,0.0,1.0,0.0,0.0,2023
Guarulhos,2,13.0,228.0,0.0,0.0,0.0,0.0,0.0,0.0,0.0,228.0,0.0,0.0,0.0,0.0,0.0,2023
Franco da Rocha,2,11.0,132.0,0.0,0.0,0.0,0.0,0.0,0.0,0.0,132.0,0.0,0.0,1.0,0.0,0.0,2023
Atibaia,2,6.0,39.0,0.0,0.0,0.0,0.0,0.0,0.0,0.0,39.0,0.0,0.0,1.0,1.0,0.0,2023
Presidente Prudente,2,9.0,88.0,0.0,0.0,0.0,0.0,0.0,0.0,0.0,88.0,0.0,0.0,0.0,0.0,0.0,2023
Junqueirópolis,2,7.0,100.0,0.0,0.0,0.0,0.0,0.0,0.0,0.0,100.0,0.0,0.0,0.0,0.0,0.0,2023
Presidente Bernardes,2,10.0,83.0,0.0,0.0,0.0,0.0,0.0,0.0,0.0,83.0,0.0,0.0,0.0,0.0,0.0,2023
São Paulo,2,13.0,123.0,0.0,0.0,0.0,0.0,0.0,0.0,0.0,123.0,1.0,0.0,0.0,0.0,0.0,2023
Osvaldo Cruz,2,14.0,138.0,0.0,0.0,0.0,0.0,0.0,0.0,0.0,138.0,0.0,0.0,0.0,0.0,0.0,2023
São Paulo,2,6.0,4.0,0.0,0.0,0.0,0.0,0.0,0.0,0.0,4.0,0.0,0.0,0.0,0.0,0.0,2023
Tremembé,2,11.0,77.0,0.0,0.0,0.0,0.0,0.0,0.0,0.0,77.0,0.0,0.0,1.0,0.0,0.0,2023
Taubaté,2,5.0,26.0,0.0,0.0,0.0,0.0,0.0,0.0,0.0,26.0,0.0,0.0,1.0,0.0,1.0,2023
Guareí,2,8.0,141.0,0.0,0.0,0.0,0.0,0.0,0.0,0.0,141.0,0.0,0.0,0.0,0.0,0.0,2023
São Paulo,2,7.0,79.0,0.0,0.0,0.0,0.0,0.0,0.0,0.0,79.0,0.0,0.0,0.0,0.0,0.0,2023
Bragança Paulista,2,8.0,56.0,0.0,0.0,0.0,0.0,0.0,0.0,0.0,56.0,0.0,1.0,1.0,1.0,1.0,2023
Sorocaba,2,,,,,,,,,,,,,,,,2023
Assis,2,11.0,116.0,0.0,0.0,0.0,0.0,0.0,0.0,0.0,116.0,1.0,0.0,0.0,0.0,0.0,2023
Irapuru,2,8.0,83.0,0.0,0.0,0.0,0.0,0.0,0.0,0.0,83.0,0.0,0.0,0.0,0.0,0.0,2023
Presidente Prudente,2,8.0,68.0,0.0,0.0,0.0,0.0,0.0,0.0,0.0,68.0,0.0,0.0,0.0,0.0,0.0,2023
Pracinha,2,14.0,189.0,0.0,0.0,0.0,0.0,0.0,0.0,0.0,189.0,0.0,0.0,0.0,0.0,0.0,2023
Flórida Paulista,2,6.0,124.0,0.0,0.0,0.0,0.0,0.0,0.0,0.0,124.0,0.0,0.0,1.0,0.0,0.0,2023
Tupi Paulista,2,10.0,115.0,0.0,0.0,0.0,0.0,0.0,0.0,0.0,115.0,0.0,0.0,1.0,0.0,0.0,2023
Batatais,2,,,,,,,,,,,,,,,,2023
São Paulo,2,8.0,23.0,0.0,0.0,11.0,9.0,3.0,0.0,0.0,0.0,1.0,0.0,1.0,0.0,1.0,2023
Praia Grande,2,13.0,37.0,1.0,20.0,0.0,0.0,0.0,0.0,25.0,12.0,0.0,0.0,1.0,0.0,0.0,2023
Praia Grande,2,,,,,,,,,,,,,,,,2023
São Paulo,2,64.0,1312.0,514.0,602.0,0.0,0.0,497.0,565.0,54.0,196.0,0.0,1.0,1.0,1.0,1.0,2023
Ribeirão Preto,2,,,,,,,,,,,,,,,,2023
Ribeirão Preto,2,,,,,,,,,,,,,,,,2023
Ribeirão Preto,2,,,,,,,,,,,,,,,,2023
Ribeirão Preto,2,,,,,,,,,,,,,,,,2023
Ribeirão Preto,2,,,,,,,,,,,,,,,,2023
São Paulo,2,29.0,642.0,0.0,0.0,0.0,0.0,0.0,2.0,429.0,211.0,1.0,1.0,1.0,0.0,1.0,2023
Barueri,2,,,,,,,,,,,,,,,,2023
São Bernardo do Campo,2,7.0,22.0,0.0,9.0,0.0,0.0,0.0,1.0,13.0,8.0,0.0,0.0,1.0,0.0,0.0,2023
São Carlos,2,,,,,,,,,,,0.0,0.0,1.0,1.0,0.0,2023
São Paulo,2,6.0,80.0,0.0,0.0,0.0,0.0,0.0,0.0,0.0,80.0,0.0,0.0,0.0,0.0,0.0,2023
São Paulo,2,,,,,,,,,,,,,,,,2023
Taubaté,2,6.0,46.0,0.0,0.0,0.0,0.0,0.0,0.0,0.0,46.0,0.0,0.0,1.0,0.0,0.0,2023
Pirajuí,2,9.0,215.0,0.0,0.0,0.0,0.0,0.0,0.0,0.0,215.0,1.0,0.0,0.0,0.0,0.0,2023
Bauru,2,11.0,327.0,0.0,0.0,0.0,0.0,0.0,0.0,0.0,327.0,0.0,0.0,0.0,0.0,0.0,2023
Avanhandava,2,8.0,175.0,0.0,0.0,0.0,0.0,0.0,0.0,0.0,175.0,0.0,0.0,1.0,0.0,0.0,2023
Tremembé,2,6.0,29.0,0.0,0.0,0.0,0.0,0.0,0.0,0.0,29.0,0.0,0.0,1.0,0.0,0.0,2023
Dracena,2,5.0,95.0,0.0,0.0,0.0,0.0,0.0,0.0,0.0,95.0,0.0,0.0,1.0,0.0,0.0,2023
São Paulo,2,,,,,,,,,,,,,,,,2023
Pacaembu,2,9.0,109.0,0.0,0.0,0.0,0.0,0.0,0.0,0.0,109.0,0.0,0.0,1.0,0.0,0.0,2023
Dracena,2,,,,,,,,,,,,,,,,2023
Franco da Rocha,2,6.0,37.0,0.0,0.0,0.0,0.0,0.0,0.0,0.0,37.0,0.0,0.0,1.0,0.0,0.0,2023
Junqueirópolis,2,,,,,,,,,,,,,,,,2023
Franco da Rocha,2,8.0,91.0,0.0,0.0,0.0,0.0,0.0,0.0,0.0,91.0,0.0,0.0,1.0,0.0,0.0,2023
Ilha Solteira,2,,,,,,,,,,,,,,,,2023
Guapiara,2,,,,,,,,,,,,,,,,2023
Américo Brasiliense,2,,,,,,,,,,,0.0,0.0,1.0,0.0,0.0,2023
Guaíra,2,,,,,,,,,,,0.0,0.0,1.0,1.0,1.0,2023
Lençóis Paulista,2,,,,,,,,,,,0.0,0.0,1.0,0.0,0.0,2023
Botucatu,2,,,,,,,,,,,0.0,0.0,1.0,0.0,0.0,2023
São Paulo,2,,,,,,,,,,,0.0,0.0,1.0,0.0,1.0,2023
Laranjal Paulista,2,,,,,,,,,,,0.0,0.0,1.0,1.0,0.0,2023
São Paulo,2,,,,,,,,,,,1.0,1.0,1.0,1.0,1.0,2023
Pardinho,2,,,,,,,,,,,,,,,,2023
São Paulo,2,,,,,,,,,,,0.0,0.0,1.0,0.0,0.0,2023
Atibaia,2,,,,,,,,,,,,,,,,2023
São Paulo,2,,,,,,,,,,,,,,,,2023
Bragança Paulista,2,,,,,,,,,,,,,,,,2023
São Paulo,2,,,,,,,,,,,,,,,,2023
Cajamar,2,,,,,,,,,,,0.0,0.0,1.0,0.0,0.0,2023
Piracaia,2,,,,,,,,,,,,,,,,2023
Socorro,2,,,,,,,,,,,,,,,,2023
Jaguariúna,2,,,,,,,,,,,,,,,,2023
Pirapora do Bom Jesus,2,,,,,,,,,,,,,,,,2023
Campinas,2,,,,,,,,,,,,,,,,2023
Jandira,2,,,,,,,,,,,,,,,,2023
Campinas,2,,,,,,,,,,,,,,,,2023
Barueri,2,,,,,,,,,,,,,,,,2023
Valinhos,2,,,,,,,,,,,,,,,,2023
Itaquaquecetuba,2,,,,,,,,,,,0.0,0.0,1.0,0.0,0.0,2023
Ribeirão Pires,2,,,,,,,,,,,,,,,,2023
Vinhedo,2,,,,,,,,,,,,,,,,2023
Mauá,2,,,,,,,,,,,0.0,1.0,1.0,0.0,1.0,2023
Capivari,2,,,,,,,,,,,,,,,,2023
Mogi das Cruzes,2,,,,,,,,,,,0.0,0.0,1.0,0.0,0.0,2023
Osasco,2,,,,,,,,,,,,,,,,2023
Rio das Pedras,2,,,,,,,,,,,0.0,1.0,1.0,1.0,1.0,2023
Osasco,2,,,,,,,,,,,,,,,,2023
Osasco,2,,,,,,,,,,,,,,,,2023
Osasco,2,,,,,,,,,,,,,,,,2023
Osasco,2,,,,,,,,,,,,,,,,2023
Suzano,2,,,,,,,,,,,,,,,,2023
Suzano,2,,,,,,,,,,,,,,,,2023
Araçoiaba da Serra,2,,,,,,,,,,,0.0,0.0,1.0,0.0,0.0,2023
Indaiatuba,2,,,,,,,,,,,,,,,,2023
Capela do Alto,2,,,,,,,,,,,,,,,,2023
Pilar do Sul,2,,,,,,,,,,,0.0,0.0,1.0,0.0,0.0,2023
Novo Horizonte,2,,,,,,,,,,,0.0,0.0,1.0,1.0,1.0,2023
Ouroeste,2,,,,,,,,,,,,,,,,2023
Franca,2,,,,,,,,,,,0.0,1.0,1.0,0.0,1.0,2023
Salto de Pirapora,2,,,,,,,,,,,0.0,0.0,1.0,0.0,0.0,2023
Itirapuã,2,,,,,,,,,,,0.0,0.0,1.0,0.0,0.0,2023
Pedregulho,2,,,,,,,,,,,,,,,,2023
Tapiraí,2,,,,,,,,,,,,,,,,2023
Franca,2,,,,,,,,,,,,,,,,2023
Rancharia,2,,,,,,,,,,,,,,,,2023
Taubaté,2,,,,,,,,,,,,,,,,2023
Ibitinga,2,,,,,,,,,,,0.0,1.0,1.0,0.0,1.0,2023
Hortolândia,2,,,,,,,,,,,0.0,0.0,1.0,0.0,0.0,2023
Paulínia,2,,,,,,,,,,,,,,,,2023
Aparecida,2,,,,,,,,,,,,,,,,2023
Terra Roxa,2,,,,,,,,,,,,,,,,2023
Pontal,2,,,,,,,,,,,0.0,1.0,1.0,0.0,0.0,2023
Cunha,2,,,,,,,,,,,0.0,1.0,1.0,1.0,1.0,2023
Dumont,2,,,,,,,,,,,0.0,1.0,1.0,0.0,0.0,2023
Tatuí,2,,,,,,,,,,,,,,,,2023
Capão Bonito,2,,,,,,,,,,,0.0,1.0,1.0,1.0,1.0,2023
Vargem Grande Paulista,2,,,,,,,,,,,,,,,,2023
Porto Feliz,2,,,,,,,,,,,0.0,0.0,1.0,0.0,0.0,2023
Mairinque,2,,,,,,,,,,,,,,,,2023
Guariba,2,,,,,,,,,,,0.0,1.0,1.0,0.0,0.0,2023
Monte Alto,2,,,,,,,,,,,,,,,,2023
Jacareí,2,,,,,,,,,,,0.0,1.0,1.0,0.0,0.0,2023
Dois Córregos,2,,,,,,,,,,,0.0,0.0,1.0,0.0,0.0,2023
Pederneiras,2,,,,,,,,,,,,,,,,2023
Piracicaba,2,9.0,29.0,0.0,0.0,0.0,0.0,0.0,0.0,0.0,29.0,0.0,0.0,0.0,0.0,0.0,2023
Tupi Paulista,2,12.0,101.0,0.0,0.0,0.0,0.0,0.0,0.0,0.0,101.0,0.0,0.0,1.0,0.0,0.0,2023
Hortolândia,2,9.0,148.0,0.0,0.0,0.0,0.0,0.0,0.0,0.0,148.0,0.0,1.0,0.0,0.0,0.0,2023
Hortolândia,2,11.0,167.0,0.0,0.0,0.0,0.0,0.0,0.0,0.0,167.0,0.0,1.0,0.0,0.0,0.0,2023
Rio Claro,2,,,,,,,,,,,,,,,,2023
São Joaquim da Barra,2,,,,,,,,,,,0.0,0.0,0.0,0.0,0.0,2023
Pompéia,2,,,,,,,,,,,0.0,0.0,1.0,0.0,0.0,2023
Orlândia,2,,,,,,,,,,,,,,,,2023
Miracatu,2,,,,,,,,,,,0.0,0.0,1.0,0.0,0.0,2023
Narandiba,2,,,,,,,,,,,,,,,,2023
Mirante do Paranapanema,2,,,,,,,,,,,0.0,0.0,1.0,0.0,0.0,2023
Vargem Grande do Sul,2,,,,,,,,,,,0.0,0.0,1.0,0.0,0.0,2023
Rosana,2,,,,,,,,,,,,,,,,2023
Aguaí,2,,,,,,,,,,,0.0,0.0,1.0,0.0,0.0,2023
Teodoro Sampaio,2,,,,,,,,,,,0.0,0.0,1.0,0.0,0.0,2023
Casa Branca,2,,,,,,,,,,,,,,,,2023
Espírito Santo do Pinhal,2,,,,,,,,,,,0.0,0.0,1.0,0.0,0.0,2023
Mococa,2,,,,,,,,,,,0.0,0.0,1.0,0.0,0.0,2023
Itapira,2,,,,,,,,,,,,,,,,2023
São João da Boa Vista,2,,,,,,,,,,,,,,,,2023
São José do Rio Pardo,2,,,,,,,,,,,,,,,,2023
Tambaú,2,,,,,,,,,,,0.0,0.0,1.0,0.0,0.0,2023
Mogi Guaçu,2,,,,,,,,,,,,,,,,2023
Serra Negra,2,,,,,,,,,,,,,,,,2023
Santa Cruz do Rio Pardo,2,,,,,,,,,,,0.0,1.0,1.0,1.0,1.0,2023
Penápolis,2,,,,,,,,,,,0.0,0.0,1.0,0.0,0.0,2023
Campos do Jordão,2,,,,,,,,,,,0.0,0.0,1.0,0.0,0.0,2023
Ibaté,2,,,,,,,,,,,,,,,,2023
Pindamonhangaba,2,,,,,,,,,,,0.0,0.0,1.0,0.0,0.0,2023
Tremembé,2,,,,,,,,,,,0.0,0.0,1.0,0.0,0.0,2023
Piracicaba,2,,,,,,,,,,,,,,,,2023
Santos,2,,,,,,,,,,,,,,,,2023
Santos,2,,,,,,,,,,,,,,,,2023
Guarujá,2,,,,,,,,,,,,,,,,2023
Piracicaba,2,,,,,,,,,,,0.0,0.0,1.0,0.0,0.0,2023
São Pedro,2,,,,,,,,,,,,,,,,2023
Guarujá,2,,,,,,,,,,,,,,,,2023
Piraju,2,,,,,,,,,,,0.0,0.0,1.0,0.0,0.0,2023
Cubatão,2,,,,,,,,,,,,,,,,2023
Bertioga,2,,,,,,,,,,,,,,,,2023
Araras,2,,,,,,,,,,,,,,,,2023
Ribeirão Preto,2,,,,,,,,,,,0.0,0.0,0.0,0.0,0.0,2023
Martinópolis,2,,,,,,,,,,,0.0,0.0,1.0,0.0,0.0,2023
São José dos Campos,2,,,,,,,,,,,0.0,1.0,1.0,1.0,1.0,2023
São Paulo,2,38.0,946.0,946.0,0.0,0.0,0.0,926.0,20.0,0.0,0.0,0.0,1.0,1.0,1.0,1.0,2023
São Paulo,2,28.0,389.0,0.0,242.0,0.0,0.0,0.0,200.0,179.0,10.0,0.0,1.0,1.0,1.0,1.0,2023
São Paulo,2,43.0,1027.0,1027.0,0.0,0.0,0.0,980.0,47.0,0.0,0.0,0.0,1.0,1.0,1.0,1.0,2023
São Paulo,2,24.0,544.0,0.0,305.0,0.0,0.0,2.0,285.0,249.0,8.0,0.0,1.0,1.0,1.0,1.0,2023
São Paulo,2,46.0,1071.0,1071.0,0.0,0.0,0.0,1026.0,45.0,0.0,0.0,0.0,1.0,1.0,1.0,1.0,2023
Avaré,2,,,,,,,,,,,,,,,,2023
São Paulo,2,59.0,853.0,0.0,0.0,0.0,0.0,0.0,6.0,562.0,285.0,1.0,1.0,1.0,0.0,0.0,2023
Campinas,2,28.0,501.0,260.0,241.0,0.0,0.0,252.0,239.0,10.0,0.0,0.0,0.0,1.0,1.0,1.0,2023
Hortolândia,2,28.0,357.0,0.0,237.0,0.0,0.0,2.0,217.0,134.0,4.0,0.0,1.0,1.0,1.0,1.0,2023
Araraquara,2,,,,,,,,,,,0.0,0.0,1.0,0.0,1.0,2023
São Paulo,2,,,,,,,,,,,,,,,,2023
Araraquara,2,17.0,336.0,0.0,0.0,0.0,0.0,0.0,0.0,333.0,3.0,0.0,1.0,1.0,1.0,1.0,2023
Hortolândia,2,25.0,532.0,0.0,0.0,0.0,0.0,0.0,3.0,514.0,15.0,0.0,1.0,1.0,1.0,1.0,2023
Indaiatuba,2,21.0,440.0,0.0,0.0,0.0,0.0,0.0,4.0,413.0,23.0,0.0,1.0,1.0,1.0,1.0,2023
Presidente Prudente,2,55.0,692.0,0.0,0.0,0.0,0.0,0.0,2.0,465.0,225.0,1.0,1.0,1.0,1.0,1.0,2023
Monte Alto,2,29.0,496.0,0.0,0.0,0.0,0.0,0.0,10.0,350.0,136.0,1.0,1.0,1.0,1.0,1.0,2023
Araraquara,2,18.0,363.0,0.0,259.0,0.0,0.0,0.0,245.0,117.0,1.0,0.0,1.0,1.0,1.0,1.0,2023
Cubatão,2,21.0,471.0,471.0,0.0,0.0,0.0,462.0,9.0,0.0,0.0,0.0,1.0,1.0,1.0,1.0,2023
Marília,2,15.0,244.0,0.0,244.0,0.0,0.0,3.0,235.0,6.0,0.0,0.0,1.0,1.0,1.0,1.0,2023
Pacaembu,2,10.0,50.0,0.0,0.0,0.0,0.0,0.0,0.0,0.0,50.0,0.0,0.0,1.0,0.0,0.0,2023
Bauru,2,22.0,323.0,0.0,267.0,0.0,0.0,7.0,250.0,64.0,2.0,0.0,1.0,1.0,1.0,1.0,2023
Ibiúna,2,18.0,264.0,0.0,264.0,0.0,0.0,2.0,252.0,10.0,0.0,0.0,1.0,1.0,1.0,0.0,2023
Cravinhos,2,18.0,335.0,0.0,188.0,0.0,0.0,0.0,175.0,156.0,4.0,0.0,1.0,1.0,1.0,1.0,2023
Paulínia,2,22.0,410.0,0.0,0.0,0.0,0.0,0.0,1.0,387.0,22.0,0.0,1.0,1.0,1.0,1.0,2023
Descalvado,2,15.0,310.0,0.0,0.0,0.0,0.0,0.0,1.0,286.0,23.0,0.0,1.0,1.0,1.0,1.0,2023
Piracicaba,2,28.0,483.0,0.0,281.0,0.0,0.0,0.0,265.0,206.0,12.0,0.0,0.0,1.0,1.0,1.0,2023
São Paulo,2,18.0,331.0,0.0,0.0,0.0,0.0,0.0,2.0,305.0,24.0,0.0,1.0,1.0,1.0,1.0,2023
São Paulo,2,23.0,441.0,0.0,441.0,0.0,0.0,0.0,400.0,40.0,1.0,0.0,1.0,1.0,1.0,1.0,2023
Guarulhos,2,14.0,236.0,0.0,0.0,0.0,0.0,0.0,0.0,227.0,9.0,0.0,1.0,1.0,1.0,1.0,2023
Guariba,2,38.0,726.0,0.0,0.0,0.0,0.0,0.0,15.0,573.0,138.0,1.0,1.0,1.0,1.0,0.0,2023
Mongaguá,2,,,,,,,,,,,0.0,0.0,1.0,0.0,0.0,2023
Itirapina,2,14.0,282.0,0.0,0.0,0.0,0.0,0.0,0.0,0.0,282.0,0.0,0.0,0.0,0.0,0.0,2023
Franca,2,8.0,204.0,0.0,0.0,0.0,0.0,0.0,0.0,0.0,204.0,0.0,0.0,1.0,0.0,0.0,2023
Ribeirão Preto,2,14.0,120.0,0.0,0.0,0.0,0.0,0.0,0.0,0.0,120.0,0.0,0.0,1.0,0.0,0.0,2023
Serra Azul,2,7.0,112.0,0.0,0.0,0.0,0.0,0.0,0.0,0.0,112.0,0.0,0.0,1.0,0.0,0.0,2023
São Paulo,2,,,,,,,,,,,,,,,,2023
Guarulhos,2,5.0,57.0,0.0,0.0,0.0,0.0,0.0,0.0,0.0,57.0,0.0,0.0,0.0,0.0,0.0,2023
Guarulhos,2,4.0,76.0,0.0,0.0,0.0,0.0,0.0,0.0,0.0,76.0,0.0,0.0,0.0,0.0,0.0,2023
Itaquaquecetuba,2,,,,,,,,,,,,,,,,2023
Ibiúna,2,,,,,,,,,,,1.0,1.0,1.0,1.0,1.0,2023
Mococa,2,7.0,130.0,0.0,0.0,0.0,0.0,0.0,0.0,0.0,130.0,0.0,0.0,0.0,1.0,1.0,2023
São Paulo,2,,,,,,,,,,,,,,,,2023
Potim,2,12.0,192.0,0.0,0.0,0.0,0.0,0.0,0.0,0.0,192.0,0.0,0.0,0.0,0.0,0.0,2023
Itanhaém,2,2.0,10.0,6.0,4.0,0.0,0.0,6.0,4.0,0.0,0.0,0.0,0.0,0.0,0.0,0.0,2023
Peruíbe,2,10.0,29.0,13.0,12.0,0.0,2.0,14.0,8.0,5.0,0.0,0.0,0.0,0.0,0.0,0.0,2023
Praia Grande,2,3.0,19.0,9.0,6.0,0.0,4.0,9.0,4.0,1.0,1.0,0.0,0.0,0.0,0.0,0.0,2023
Tremembé,2,15.0,96.0,0.0,0.0,0.0,0.0,0.0,0.0,0.0,96.0,0.0,0.0,1.0,0.0,0.0,2023
Santa Maria da Serra,2,19.0,350.0,0.0,133.0,0.0,0.0,1.0,119.0,208.0,22.0,0.0,1.0,1.0,1.0,1.0,2023
Presidente Venceslau,2,5.0,38.0,0.0,0.0,0.0,0.0,0.0,0.0,0.0,38.0,0.0,0.0,0.0,0.0,0.0,2023
São Paulo,2,56.0,1825.0,0.0,0.0,0.0,0.0,0.0,1.0,1562.0,262.0,0.0,1.0,1.0,1.0,1.0,2023
Marília,2,38.0,467.0,0.0,325.0,0.0,0.0,4.0,315.0,145.0,3.0,0.0,0.0,1.0,1.0,0.0,2023
Pontal,2,9.0,102.0,0.0,0.0,0.0,0.0,0.0,0.0,0.0,102.0,0.0,0.0,0.0,0.0,0.0,2023
Taiúva,2,9.0,138.0,0.0,0.0,0.0,0.0,0.0,0.0,0.0,138.0,0.0,0.0,1.0,0.0,0.0,2023
Pindamonhangaba,2,,,,,,,,,,,0.0,0.0,1.0,0.0,0.0,2023
Miracatu,2,7.0,303.0,0.0,0.0,0.0,0.0,0.0,0.0,0.0,303.0,0.0,0.0,1.0,0.0,0.0,2023
Cubatão,2,33.0,561.0,333.0,228.0,0.0,0.0,321.0,233.0,7.0,0.0,0.0,1.0,1.0,1.0,1.0,2023
Cubatão,2,46.0,1055.0,0.0,367.0,0.0,0.0,1.0,329.0,529.0,196.0,0.0,1.0,1.0,1.0,1.0,2023
Ibaté,2,32.0,420.0,0.0,0.0,0.0,0.0,0.0,4.0,326.0,90.0,1.0,1.0,1.0,1.0,0.0,2023
São Paulo,2,,,,,,,,,,,,,,,,2023
São Paulo,2,64.0,821.0,0.0,0.0,0.0,0.0,0.0,4.0,557.0,260.0,0.0,1.0,1.0,1.0,1.0,2023
Botucatu,2,13.0,1650.0,0.0,0.0,0.0,0.0,0.0,0.0,0.0,1650.0,0.0,0.0,1.0,0.0,0.0,2023
Embu das Artes,2,28.0,451.0,0.0,298.0,0.0,0.0,0.0,287.0,154.0,10.0,0.0,1.0,1.0,1.0,1.0,2023
Registro,2,4.0,14.0,3.0,5.0,0.0,0.0,2.0,6.0,3.0,3.0,0.0,0.0,0.0,0.0,0.0,2023
Sorocaba,2,63.0,749.0,0.0,0.0,0.0,0.0,0.0,0.0,398.0,351.0,1.0,1.0,1.0,1.0,0.0,2023
São Paulo,2,33.0,753.0,753.0,0.0,0.0,0.0,722.0,31.0,0.0,0.0,0.0,1.0,1.0,1.0,1.0,2023
Itapetininga,2,59.0,803.0,0.0,0.0,0.0,0.0,0.0,14.0,531.0,258.0,1.0,1.0,1.0,0.0,0.0,2023
Artur Nogueira,2,18.0,305.0,0.0,305.0,0.0,0.0,2.0,270.0,33.0,0.0,0.0,1.0,1.0,1.0,1.0,2023
São Paulo,2,33.0,791.0,791.0,0.0,0.0,0.0,750.0,41.0,0.0,0.0,0.0,1.0,1.0,1.0,1.0,2023
Campinas,2,10.0,49.0,0.0,28.0,0.0,0.0,0.0,8.0,41.0,0.0,0.0,0.0,1.0,1.0,0.0,2023
Sorocaba,2,49.0,1115.0,0.0,418.0,0.0,0.0,0.0,403.0,525.0,187.0,0.0,1.0,1.0,1.0,1.0,2023
Mauá,2,5.0,67.0,0.0,0.0,0.0,0.0,0.0,0.0,0.0,67.0,0.0,0.0,0.0,0.0,0.0,2023
São Paulo,2,53.0,1712.0,0.0,754.0,0.0,0.0,1.0,691.0,889.0,131.0,0.0,1.0,1.0,1.0,1.0,2023
Nazaré Paulista,2,15.0,186.0,0.0,124.0,0.0,0.0,1.0,113.0,67.0,5.0,0.0,1.0,1.0,1.0,1.0,2023
Pirajuí,2,12.0,200.0,0.0,0.0,0.0,0.0,0.0,0.0,0.0,200.0,1.0,0.0,0.0,0.0,0.0,2023
Guaiçara,2,14.0,246.0,0.0,246.0,0.0,0.0,5.0,232.0,9.0,0.0,0.0,0.0,1.0,1.0,1.0,2023
Araraquara,2,15.0,265.0,0.0,265.0,0.0,0.0,0.0,258.0,7.0,0.0,0.0,1.0,1.0,1.0,1.0,2023
Mirante do Paranapanema,2,,,,,,,,,,,,,,,,2023
São Roque,2,22.0,349.0,0.0,0.0,0.0,0.0,0.0,6.0,293.0,50.0,0.0,0.0,1.0,1.0,1.0,2023
Rosana,2,,,,,,,,,,,,,,,,2023
São Paulo,2,23.0,359.0,0.0,234.0,0.0,0.0,0.0,215.0,139.0,5.0,0.0,1.0,1.0,1.0,1.0,2023
Santana de Parnaíba,2,50.0,686.0,0.0,0.0,0.0,0.0,0.0,14.0,514.0,158.0,1.0,1.0,1.0,1.0,0.0,2023
Peruíbe,2,39.0,497.0,0.0,0.0,0.0,0.0,0.0,3.0,333.0,161.0,1.0,1.0,1.0,1.0,1.0,2023
Americana,2,,,,,,,,,,,,,,,,2023
Limeira,2,8.0,50.0,0.0,22.0,0.0,0.0,0.0,0.0,34.0,16.0,0.0,0.0,0.0,0.0,0.0,2023
Limeira,2,8.0,46.0,3.0,22.0,0.0,0.0,0.0,0.0,36.0,10.0,0.0,0.0,0.0,0.0,0.0,2023
Jandira,2,37.0,614.0,0.0,0.0,0.0,0.0,0.0,8.0,472.0,134.0,1.0,1.0,1.0,1.0,1.0,2023
São Paulo,2,,,,,,,,,,,0.0,0.0,1.0,0.0,0.0,2023
Barão de Antonina,2,5.0,7.0,4.0,0.0,0.0,1.0,4.0,0.0,0.0,2.0,0.0,0.0,0.0,0.0,1.0,2023
São Paulo,2,,,,,,,,,,,,,,,,2023
Jaú,2,16.0,2128.0,0.0,0.0,0.0,0.0,0.0,0.0,8.0,2120.0,0.0,0.0,1.0,0.0,0.0,2023
Guarujá,2,12.0,956.0,0.0,0.0,0.0,0.0,0.0,0.0,0.0,956.0,0.0,0.0,1.0,1.0,1.0,2023
Cerqueira César,2,12.0,170.0,0.0,0.0,0.0,0.0,0.0,0.0,0.0,170.0,0.0,0.0,1.0,0.0,0.0,2023
Cerqueira César,2,14.0,121.0,0.0,0.0,0.0,0.0,0.0,0.0,0.0,121.0,0.0,0.0,1.0,0.0,0.0,2023
Santo André,2,10.0,39.0,0.0,20.0,0.0,0.0,0.0,0.0,21.0,18.0,0.0,0.0,0.0,0.0,0.0,2023
São Paulo,2,36.0,916.0,916.0,0.0,0.0,0.0,880.0,36.0,0.0,0.0,0.0,1.0,1.0,1.0,1.0,2023
São Paulo,2,27.0,579.0,0.0,579.0,0.0,0.0,1.0,543.0,35.0,0.0,0.0,1.0,1.0,1.0,1.0,2023
São Paulo,2,30.0,261.0,0.0,0.0,0.0,0.0,0.0,0.0,155.0,106.0,1.0,1.0,1.0,1.0,1.0,2023
Sorocaba,2,18.0,265.0,0.0,265.0,0.0,0.0,3.0,247.0,15.0,0.0,0.0,1.0,1.0,1.0,1.0,2023
Cananéia,2,7.0,30.0,7.0,15.0,0.0,0.0,7.0,10.0,11.0,2.0,0.0,0.0,0.0,0.0,0.0,2023
Bofete,2,14.0,220.0,0.0,220.0,0.0,0.0,5.0,213.0,2.0,0.0,0.0,1.0,1.0,1.0,1.0,2023
Ourinhos,2,6.0,48.0,0.0,0.0,0.0,0.0,0.0,0.0,0.0,48.0,0.0,0.0,0.0,0.0,0.0,2023
Capela do Alto,2,8.0,116.0,0.0,0.0,0.0,0.0,0.0,0.0,0.0,116.0,0.0,0.0,0.0,0.0,0.0,2023
São José dos Campos,2,25.0,573.0,0.0,0.0,0.0,0.0,0.0,0.0,430.0,143.0,0.0,0.0,1.0,1.0,1.0,2023
São Vicente,2,,,,,,,,,,,,,,,,2023
Jaú,2,18.0,390.0,0.0,0.0,0.0,0.0,0.0,8.0,373.0,9.0,0.0,1.0,1.0,1.0,1.0,2023
Ferraz de Vasconcelos,2,,,,,,,,,,,,,,,,2023
Ferraz de Vasconcelos,2,,,,,,,,,,,,,,,,2023
Presidente Prudente,2,28.0,370.0,0.0,272.0,0.0,0.0,0.0,255.0,113.0,2.0,0.0,1.0,1.0,1.0,1.0,2023
São Pedro,2,13.0,187.0,0.0,0.0,0.0,0.0,0.0,3.0,171.0,13.0,0.0,1.0,1.0,1.0,1.0,2023
Franca,2,45.0,905.0,0.0,416.0,0.0,0.0,0.0,388.0,470.0,47.0,0.0,1.0,1.0,1.0,1.0,2023
Franca,2,29.0,522.0,0.0,457.0,0.0,0.0,0.0,433.0,89.0,0.0,0.0,0.0,1.0,1.0,1.0,2023
Franca,2,38.0,586.0,0.0,327.0,0.0,0.0,0.0,296.0,277.0,13.0,0.0,1.0,1.0,1.0,1.0,2023
São Carlos,2,23.0,337.0,0.0,204.0,0.0,0.0,0.0,187.0,138.0,12.0,0.0,0.0,1.0,1.0,1.0,2023
Indaiatuba,2,36.0,788.0,0.0,492.0,0.0,0.0,1.0,448.0,320.0,19.0,0.0,1.0,1.0,1.0,1.0,2023
Jandira,2,22.0,400.0,0.0,283.0,0.0,0.0,14.0,270.0,112.0,4.0,0.0,1.0,1.0,1.0,1.0,2023
São José dos Campos,2,35.0,585.0,0.0,290.0,0.0,0.0,0.0,274.0,291.0,20.0,0.0,1.0,1.0,1.0,1.0,2023
Franca,2,46.0,944.0,0.0,456.0,0.0,0.0,1.0,410.0,507.0,26.0,0.0,1.0,1.0,1.0,1.0,2023
Avaré,2,9.0,1008.0,0.0,0.0,0.0,0.0,0.0,0.0,0.0,1008.0,0.0,1.0,1.0,0.0,0.0,2023
Itaquaquecetuba,2,33.0,686.0,0.0,452.0,0.0,0.0,5.0,440.0,220.0,21.0,0.0,0.0,1.0,1.0,1.0,2023
Matão,2,17.0,239.0,0.0,0.0,0.0,0.0,0.0,6.0,229.0,4.0,0.0,0.0,1.0,1.0,1.0,2023
Jardinópolis,2,16.0,273.0,0.0,0.0,0.0,0.0,0.0,0.0,0.0,273.0,0.0,1.0,0.0,0.0,0.0,2023
Nova Odessa,2,37.0,752.0,0.0,336.0,0.0,0.0,3.0,323.0,399.0,27.0,0.0,1.0,1.0,1.0,1.0,2023
Penápolis,2,9.0,609.0,0.0,0.0,0.0,0.0,0.0,0.0,0.0,609.0,0.0,0.0,1.0,0.0,0.0,2023
São Bento do Sapucaí,2,12.0,227.0,0.0,227.0,0.0,0.0,2.0,219.0,6.0,0.0,0.0,1.0,1.0,1.0,1.0,2023
Piraju,2,13.0,834.0,0.0,0.0,0.0,0.0,0.0,0.0,0.0,834.0,0.0,1.0,1.0,0.0,0.0,2023
Lins,2,11.0,1014.0,0.0,0.0,0.0,0.0,0.0,0.0,0.0,1014.0,0.0,1.0,1.0,0.0,0.0,2023
Poá,2,10.0,976.0,0.0,0.0,0.0,0.0,0.0,0.0,0.0,976.0,0.0,0.0,1.0,0.0,0.0,2023
Mogi das Cruzes,2,10.0,1334.0,0.0,0.0,0.0,0.0,0.0,0.0,0.0,1334.0,0.0,0.0,1.0,0.0,0.0,2023
Caraguatatuba,2,11.0,854.0,0.0,0.0,0.0,0.0,0.0,0.0,0.0,854.0,0.0,1.0,1.0,0.0,1.0,2023
Valparaíso,2,14.0,252.0,0.0,252.0,0.0,0.0,1.0,242.0,9.0,0.0,0.0,1.0,1.0,0.0,1.0,2023
Barretos,2,14.0,1650.0,0.0,0.0,0.0,0.0,0.0,0.0,0.0,1650.0,0.0,0.0,1.0,0.0,0.0,2023
Tapiraí,2,22.0,349.0,0.0,238.0,0.0,0.0,0.0,213.0,126.0,10.0,0.0,0.0,1.0,1.0,1.0,2023
Atibaia,2,33.0,694.0,0.0,445.0,0.0,0.0,2.0,415.0,260.0,17.0,0.0,0.0,1.0,1.0,1.0,2023
São Paulo,2,,,,,,,,,,,0.0,0.0,1.0,0.0,0.0,2023
Franca,2,,,,,,,,,,,0.0,1.0,1.0,0.0,0.0,2023
Franca,2,,,,,,,,,,,,,,,,2023
Nazaré Paulista,2,15.0,229.0,0.0,138.0,0.0,0.0,0.0,133.0,92.0,4.0,0.0,1.0,1.0,1.0,1.0,2023
Diadema,2,,,,,,,,,,,,,,,,2023
Franca,2,,,,,,,,,,,,,,,,2023
Franca,2,,,,,,,,,,,0.0,0.0,1.0,0.0,0.0,2023
Eldorado,2,8.0,30.0,9.0,6.0,0.0,2.0,6.0,4.0,10.0,8.0,0.0,0.0,0.0,0.0,0.0,2023
Capela do Alto,2,9.0,122.0,0.0,0.0,0.0,0.0,0.0,0.0,0.0,122.0,0.0,0.0,0.0,0.0,0.0,2023
Caieiras,2,,,,,,,,,,,0.0,0.0,1.0,0.0,1.0,2023
Franco da Rocha,2,,,,,,,,,,,0.0,1.0,1.0,1.0,0.0,2023
Apiaí,2,,,,,,,,,,,,,,,,2023
São Paulo,2,5.0,82.0,0.0,0.0,0.0,0.0,0.0,0.0,0.0,82.0,0.0,0.0,0.0,0.0,0.0,2023
Mairiporã,2,23.0,331.0,0.0,0.0,0.0,0.0,0.0,7.0,211.0,113.0,1.0,1.0,1.0,1.0,1.0,2023
Cunha,2,,,,,,,,,,,,,,,,2023
Juquiá,2,,,,,,,,,,,,,,,,2023
Itariri,2,,,,,,,,,,,,,,,,2023
São José dos Campos,2,,,,,,,,,,,,,,,,2023
Cachoeira Paulista,2,,,,,,,,,,,,,,,,2023
Sorocaba,2,36.0,807.0,0.0,552.0,0.0,0.0,0.0,527.0,271.0,9.0,0.0,0.0,1.0,1.0,1.0,2023
Cunha,2,,,,,,,,,,,,,,,,2023
Guarujá,2,,,,,,,,,,,,,,,,2023
Guarujá,2,4.0,17.0,17.0,0.0,0.0,0.0,17.0,0.0,0.0,0.0,0.0,0.0,1.0,0.0,0.0,2023
Cunha,2,,,,,,,,,,,,,,,,2023
Cunha,2,,,,,,,,,,,,,,,,2023
Apiaí,2,,,,,,,,,,,,,,,,2023
Cunha,2,,,,,,,,,,,,,,,,2023
Cunha,2,,,,,,,,,,,,,,,,2023
Cunha,2,,,,,,,,,,,,,,,,2023
Ribeira,2,,,,,,,,,,,,,,,,2023
Peruíbe,2,3.0,7.0,3.0,1.0,0.0,3.0,3.0,1.0,0.0,0.0,0.0,0.0,1.0,0.0,0.0,2023
Sorocaba,2,,,,,,,,,,,,,,,,2023
Iguape,2,,,,,,,,,,,,,,,,2023
Itaberá,2,,,,,,,,,,,,,,,,2023
Juquiá,2,,,,,,,,,,,,,,,,2023
Cunha,2,,,,,,,,,,,,,,,,2023
Cachoeira Paulista,2,,,,,,,,,,,,,,,,2023
Cachoeira Paulista,2,,,,,,,,,,,,,,,,2023
Juquiá,2,,,,,,,,,,,,,,,,2023
Cunha,2,,,,,,,,,,,,,,,,2023
Itariri,2,,,,,,,,,,,,,,,,2023
Guapiara,2,,,,,,,,,,,,,,,,2023
Itariri,2,,,,,,,,,,,,,,,,2023
Iguape,2,,,,,,,,,,,,,,,,2023
Cachoeira Paulista,2,,,,,,,,,,,,,,,,2023
Cunha,2,,,,,,,,,,,,,,,,2023
Arujá,2,,,,,,,,,,,,,,,,2023
Cunha,2,,,,,,,,,,,,,,,,2023
Cunha,2,,,,,,,,,,,,,,,,2023
José Bonifácio,2,,,,,,,,,,,,,,,,2023
Promissão,2,,,,,,,,,,,,,,,,2023
Itaporanga,2,,,,,,,,,,,,,,,,2023
São Paulo,2,,,,,,,,,,,,,,,,2023
São Paulo,2,,,,,,,,,,,,,,,,2023
São Paulo,2,,,,,,,,,,,,,,,,2023
São Paulo,2,,,,,,,,,,,,,,,,2023
São Paulo,2,,,,,,,,,,,,,,,,2023
Guararema,2,,,,,,,,,,,,,,,,2023
Pederneiras,2,12.0,125.0,0.0,77.0,0.0,0.0,3.0,72.0,48.0,2.0,0.0,1.0,1.0,1.0,0.0,2023
Pedregulho,2,,,,,,,,,,,,,,,,2023
Pedregulho,2,,,,,,,,,,,,,,,,2023
Rosana,2,,,,,,,,,,,,,,,,2023
Pedregulho,2,,,,,,,,,,,,,,,,2023
Pariquera-Açu,2,6.0,35.0,9.0,13.0,0.0,4.0,8.0,12.0,5.0,6.0,0.0,0.0,0.0,0.0,0.0,2023
Sete Barras,2,7.0,25.0,8.0,6.0,0.0,4.0,5.0,6.0,9.0,1.0,0.0,0.0,1.0,0.0,0.0,2023
Mongaguá,2,9.0,59.0,20.0,22.0,0.0,6.0,19.0,18.0,7.0,9.0,0.0,0.0,1.0,0.0,0.0,2023
Mongaguá,2,11.0,58.0,21.0,24.0,0.0,6.0,19.0,23.0,3.0,7.0,0.0,0.0,1.0,0.0,0.0,2023
Peruíbe,2,12.0,42.0,19.0,11.0,0.0,8.0,19.0,12.0,1.0,2.0,0.0,0.0,0.0,0.0,0.0,2023
Ribeira,2,,,,,,,,,,,,,,,,2023
São Paulo,2,,,,,,,,,,,,,,,,2023
São Paulo,2,,,,,,,,,,,,,,,,2023
São Paulo,2,,,,,,,,,,,,,,,,2023
Marília,2,,,,,,,,,,,,,,,,2023
Teodoro Sampaio,2,,,,,,,,,,,,,,,,2023
São Paulo,2,25.0,207.0,101.0,61.0,0.0,0.0,80.0,63.0,38.0,26.0,0.0,0.0,1.0,0.0,1.0,2023
São Paulo,2,,,,,,,,,,,,,,,,2023
São Paulo,2,,,,,,,,,,,,,,,,2023
São Paulo,2,,,,,,,,,,,,,,,,2023
Sorocaba,2,,,,,,,,,,,,,,,,2023
Araçatuba,2,10.0,30.0,0.0,8.0,0.0,0.0,0.0,1.0,17.0,12.0,0.0,1.0,1.0,1.0,1.0,2023
São Paulo,2,11.0,52.0,4.0,20.0,0.0,0.0,0.0,2.0,37.0,13.0,0.0,0.0,1.0,1.0,1.0,2023
São José do Rio Preto,2,9.0,43.0,2.0,15.0,0.0,0.0,0.0,1.0,33.0,9.0,0.0,1.0,0.0,1.0,1.0,2023
São Paulo,2,,,,,,,,,,,,,,,,2023
São Paulo,2,9.0,77.0,7.0,34.0,0.0,0.0,0.0,6.0,51.0,20.0,0.0,0.0,1.0,0.0,0.0,2023
São Carlos,2,,,,,,,,,,,,,,,,2023
Bauru,2,4.0,2.0,2.0,0.0,0.0,0.0,0.0,0.0,2.0,0.0,0.0,0.0,0.0,0.0,0.0,2023
Araraquara,2,3.0,3.0,3.0,0.0,0.0,0.0,0.0,0.0,2.0,1.0,0.0,0.0,1.0,1.0,0.0,2023
Araraquara,2,8.0,46.0,0.0,18.0,0.0,0.0,0.0,0.0,39.0,7.0,0.0,0.0,1.0,1.0,0.0,2023
São Vicente,2,,,,,,,,,,,,,,,,2023
São Vicente,2,16.0,73.0,3.0,43.0,0.0,0.0,0.0,2.0,52.0,19.0,0.0,0.0,1.0,0.0,1.0,2023
Sorocaba,2,12.0,51.0,0.0,15.0,0.0,0.0,0.0,0.0,34.0,17.0,0.0,1.0,1.0,1.0,1.0,2023
Bauru,2,12.0,35.0,0.0,12.0,0.0,0.0,0.0,1.0,15.0,19.0,0.0,0.0,1.0,0.0,0.0,2023
Marília,2,7.0,35.0,0.0,7.0,0.0,0.0,0.0,2.0,27.0,6.0,0.0,0.0,0.0,0.0,0.0,2023
São Paulo,2,,,,,,,,,,,,,,,,2023
São Paulo,2,,,,,,,,,,,,,,,,2023
São Paulo,2,8.0,63.0,0.0,19.0,0.0,0.0,0.0,1.0,48.0,14.0,0.0,0.0,1.0,0.0,0.0,2023
São Paulo,2,10.0,81.0,0.0,35.0,0.0,0.0,0.0,2.0,50.0,29.0,0.0,0.0,0.0,0.0,0.0,2023
São Paulo,2,11.0,74.0,0.0,33.0,0.0,0.0,0.0,5.0,54.0,15.0,0.0,0.0,0.0,0.0,0.0,2023
São Paulo,2,,,,,,,,,,,,,,,,2023
São Paulo,2,,,,,,,,,,,,,,,,2023
São Paulo,2,,,,,,,,,,,,,,,,2023
São Paulo,2,,,,,,,,,,,,,,,,2023
São Paulo,2,,,,,,,,,,,,,,,,2023
São Paulo,2,,,,,,,,,,,,,,,,2023
São Paulo,2,,,,,,,,,,,,,,,,2023
São Paulo,2,,,,,,,,,,,,,,,,2023
São Paulo,2,,,,,,,,,,,,,,,,2023
Franco da Rocha,2,,,,,,,,,,,,,,,,2023
Franco da Rocha,2,,,,,,,,,,,,,,,,2023
Franco da Rocha,2,13.0,57.0,1.0,21.0,0.0,0.0,0.0,0.0,39.0,18.0,0.0,0.0,0.0,0.0,0.0,2023
Franco da Rocha,2,8.0,26.0,0.0,16.0,0.0,0.0,0.0,0.0,20.0,6.0,0.0,1.0,0.0,0.0,0.0,2023
Itaquaquecetuba,2,11.0,30.0,1.0,20.0,0.0,0.0,0.0,7.0,22.0,1.0,0.0,1.0,1.0,1.0,1.0,2023
Campinas,2,,,,,,,,,,,,,,,,2023
Campinas,2,,,,,,,,,,,,,,,,2023
Guarujá,2,7.0,38.0,2.0,26.0,0.0,0.0,0.0,7.0,31.0,0.0,0.0,0.0,1.0,0.0,0.0,2023
São José do Rio Preto,2,,,,,,,,,,,,,,,,2023
Araçatuba,2,3.0,3.0,3.0,0.0,0.0,0.0,0.0,0.0,3.0,0.0,0.0,1.0,1.0,1.0,1.0,2023
Ribeirão Preto,2,,,,,,,,,,,,,,,,2023
Ribeirão Preto,2,16.0,78.0,1.0,31.0,0.0,0.0,0.0,0.0,55.0,23.0,0.0,1.0,1.0,0.0,0.0,2023
Ribeirão Preto,2,13.0,42.0,3.0,17.0,0.0,0.0,0.0,0.0,33.0,9.0,0.0,1.0,1.0,0.0,0.0,2023
Paraibuna,2,,,,,,,,,,,,,,,,2023
Araçatuba,2,,,,,,,,,,,,,,,,2023
Araçatuba,2,,,,,,,,,,,,,,,,2023
Arujá,2,,,,,,,,,,,,,,,,2023
São Paulo,2,23.0,217.0,0.0,0.0,0.0,0.0,0.0,4.0,177.0,36.0,1.0,1.0,1.0,0.0,1.0,2023
Sorocaba,2,35.0,705.0,0.0,517.0,0.0,0.0,2.0,496.0,196.0,11.0,0.0,0.0,1.0,1.0,1.0,2023
Sertãozinho,2,17.0,85.0,4.0,44.0,0.0,0.0,0.0,5.0,69.0,11.0,0.0,1.0,1.0,1.0,1.0,2023
Iaras,2,13.0,38.0,0.0,14.0,0.0,0.0,0.0,3.0,25.0,10.0,0.0,1.0,1.0,0.0,0.0,2023
Iaras,2,18.0,55.0,0.0,16.0,0.0,0.0,0.0,0.0,28.0,27.0,0.0,1.0,1.0,0.0,0.0,2023
Lins,2,13.0,30.0,0.0,7.0,0.0,0.0,0.0,2.0,20.0,8.0,0.0,1.0,0.0,1.0,1.0,2023
Guarulhos,2,30.0,667.0,0.0,667.0,0.0,0.0,0.0,622.0,45.0,0.0,0.0,1.0,1.0,1.0,1.0,2023
Jaú,2,37.0,628.0,0.0,360.0,0.0,0.0,0.0,316.0,296.0,16.0,0.0,1.0,1.0,1.0,1.0,2023
Santos,2,,,,,,,,,,,,,,,,2023
Campinas,2,77.0,2395.0,1163.0,257.0,0.0,0.0,1097.0,254.0,852.0,192.0,0.0,1.0,1.0,1.0,1.0,2023
Arujá,2,37.0,613.0,0.0,0.0,0.0,0.0,0.0,3.0,388.0,222.0,1.0,1.0,1.0,1.0,1.0,2023
Araçoiaba da Serra,2,25.0,310.0,0.0,0.0,0.0,0.0,0.0,7.0,290.0,13.0,0.0,0.0,1.0,1.0,0.0,2023
Campinas,2,21.0,278.0,160.0,118.0,0.0,0.0,153.0,115.0,10.0,0.0,0.0,1.0,1.0,1.0,1.0,2023
Santa Fé do Sul,2,25.0,358.0,0.0,0.0,0.0,0.0,0.0,3.0,257.0,98.0,1.0,1.0,1.0,1.0,1.0,2023
Ribeirão Preto,2,13.0,48.0,6.0,27.0,0.0,0.0,0.0,4.0,42.0,2.0,0.0,1.0,1.0,1.0,1.0,2023
Campinas,2,,,,,,,,,,,,,,,,2023
Caieiras,2,27.0,434.0,0.0,0.0,0.0,0.0,0.0,6.0,286.0,142.0,0.0,1.0,1.0,0.0,1.0,2023
Bragança Paulista,2,33.0,526.0,0.0,526.0,0.0,0.0,8.0,472.0,45.0,1.0,0.0,1.0,1.0,1.0,1.0,2023
Santos,2,,,,,,,,,,,1.0,1.0,0.0,0.0,0.0,2023
Apiaí,2,23.0,348.0,0.0,0.0,0.0,0.0,0.0,3.0,261.0,84.0,1.0,1.0,1.0,1.0,0.0,2023
Bauru,2,10.0,39.0,0.0,17.0,0.0,0.0,0.0,4.0,28.0,7.0,0.0,0.0,1.0,1.0,1.0,2023
Sorocaba,2,34.0,683.0,0.0,506.0,0.0,0.0,0.0,473.0,206.0,4.0,0.0,0.0,1.0,1.0,1.0,2023
Campinas,2,41.0,680.0,235.0,197.0,0.0,0.0,226.0,189.0,214.0,51.0,0.0,1.0,1.0,1.0,0.0,2023
Riolândia,2,10.0,51.0,0.0,0.0,0.0,0.0,0.0,0.0,0.0,51.0,0.0,0.0,0.0,0.0,0.0,2023
Presidente Prudente,2,15.0,315.0,0.0,315.0,0.0,0.0,1.0,295.0,19.0,0.0,0.0,1.0,1.0,1.0,1.0,2023
Ourinhos,2,31.0,458.0,0.0,0.0,0.0,0.0,0.0,11.0,364.0,83.0,0.0,1.0,1.0,1.0,1.0,2023
São José do Rio Preto,2,33.0,552.0,0.0,325.0,0.0,0.0,0.0,303.0,231.0,18.0,0.0,1.0,1.0,1.0,1.0,2023
São José do Rio Preto,2,26.0,635.0,0.0,491.0,0.0,0.0,2.0,451.0,164.0,18.0,0.0,1.0,1.0,1.0,1.0,2023
Araçatuba,2,12.0,1107.0,0.0,0.0,0.0,0.0,0.0,0.0,0.0,1107.0,0.0,0.0,1.0,0.0,0.0,2023
São Paulo,2,,,,,,,,,,,,,,,,2023
Santo André,2,11.0,48.0,5.0,22.0,0.0,0.0,0.0,2.0,37.0,9.0,0.0,0.0,0.0,0.0,0.0,2023
Bauru,2,25.0,347.0,0.0,294.0,0.0,0.0,10.0,268.0,67.0,2.0,0.0,1.0,1.0,1.0,1.0,2023
Conchal,2,22.0,365.0,0.0,248.0,0.0,0.0,5.0,239.0,120.0,1.0,0.0,0.0,1.0,1.0,1.0,2023
São Paulo,2,42.0,997.0,300.0,697.0,0.0,0.0,288.0,677.0,32.0,0.0,0.0,1.0,1.0,1.0,1.0,2023
Iaras,2,11.0,42.0,0.0,0.0,0.0,0.0,0.0,1.0,40.0,1.0,0.0,1.0,1.0,1.0,0.0,2023
Iguape,2,7.0,41.0,13.0,15.0,0.0,4.0,11.0,12.0,5.0,9.0,0.0,0.0,1.0,0.0,1.0,2023
Embu das Artes,2,33.0,608.0,0.0,380.0,0.0,0.0,1.0,346.0,241.0,20.0,0.0,1.0,1.0,1.0,1.0,2023
Rio Grande da Serra,2,39.0,704.0,0.0,0.0,0.0,0.0,0.0,16.0,551.0,137.0,1.0,1.0,1.0,1.0,0.0,2023
Ribeirão Preto,2,35.0,661.0,311.0,350.0,0.0,0.0,298.0,320.0,43.0,0.0,0.0,1.0,1.0,1.0,1.0,2023
Bernardino de Campos,2,9.0,144.0,0.0,0.0,0.0,0.0,0.0,0.0,0.0,144.0,0.0,0.0,0.0,0.0,0.0,2023
Caçapava,2,26.0,471.0,0.0,303.0,0.0,0.0,5.0,278.0,170.0,18.0,0.0,1.0,1.0,1.0,1.0,2023
São Paulo,2,,,,,,,,,,,,,,,,2023
Porto Feliz,2,19.0,305.0,0.0,0.0,0.0,0.0,0.0,0.0,0.0,305.0,0.0,0.0,0.0,0.0,0.0,2023
Pariquera-Açu,2,4.0,25.0,12.0,5.0,0.0,0.0,8.0,9.0,0.0,8.0,0.0,0.0,0.0,0.0,0.0,2023
Mairinque,2,8.0,121.0,0.0,0.0,0.0,0.0,0.0,0.0,0.0,121.0,0.0,0.0,0.0,0.0,0.0,2023
São Paulo,2,3.0,31.0,0.0,0.0,20.0,9.0,2.0,0.0,0.0,0.0,1.0,0.0,1.0,0.0,1.0,2023
Presidente Venceslau,2,,,,,,,,,,,,,,,,2023
Presidente Venceslau,2,,,,,,,,,,,,,,,,2023
Araçatuba,2,7.0,68.0,0.0,0.0,0.0,0.0,0.0,0.0,0.0,68.0,0.0,0.0,0.0,0.0,0.0,2023
Atibaia,2,,,,,,,,,,,,,,,,2023
Bragança Paulista,2,,,,,,,,,,,,,,,,2023
Jales,2,,,,,,,,,,,,,,,,2023
Itirapina,2,,,,,,,,,,,,,,,,2023
Osvaldo Cruz,2,14.0,26.0,0.0,0.0,0.0,0.0,0.0,0.0,0.0,26.0,0.0,0.0,0.0,0.0,0.0,2023
Taquarituba,2,9.0,148.0,0.0,0.0,0.0,0.0,0.0,0.0,0.0,148.0,0.0,0.0,1.0,0.0,0.0,2023
Ribeirão Preto,2,55.0,1015.0,269.0,253.0,0.0,0.0,254.0,227.0,321.0,213.0,0.0,1.0,1.0,1.0,1.0,2023
Ribeirão Preto,2,31.0,590.0,0.0,394.0,0.0,0.0,1.0,360.0,212.0,17.0,0.0,1.0,1.0,1.0,1.0,2023
Ribeirão Preto,2,20.0,311.0,0.0,311.0,0.0,0.0,2.0,278.0,31.0,0.0,0.0,1.0,1.0,1.0,1.0,2023
Paulínia,2,38.0,809.0,0.0,461.0,0.0,0.0,1.0,417.0,355.0,36.0,0.0,1.0,1.0,1.0,1.0,2023
Sumaré,2,33.0,704.0,0.0,458.0,0.0,0.0,7.0,439.0,248.0,10.0,0.0,1.0,1.0,1.0,1.0,2023
Campinas,2,42.0,1024.0,569.0,455.0,0.0,0.0,536.0,447.0,40.0,1.0,0.0,1.0,1.0,1.0,1.0,2023
Guararema,2,11.0,188.0,0.0,112.0,0.0,0.0,0.0,112.0,75.0,1.0,0.0,1.0,1.0,1.0,1.0,2023
Mogi Guaçu,2,17.0,135.0,0.0,0.0,0.0,0.0,0.0,0.0,0.0,135.0,0.0,1.0,1.0,0.0,0.0,2023
Ourinhos,2,22.0,269.0,0.0,216.0,0.0,0.0,4.0,201.0,63.0,1.0,0.0,1.0,1.0,1.0,1.0,2023
Palmares Paulista,2,14.0,275.0,0.0,275.0,0.0,0.0,4.0,264.0,7.0,0.0,0.0,1.0,1.0,1.0,1.0,2023
Penápolis,2,27.0,443.0,0.0,281.0,0.0,0.0,0.0,266.0,150.0,27.0,0.0,1.0,1.0,1.0,1.0,2023
Guarulhos,2,52.0,1760.0,0.0,0.0,0.0,0.0,0.0,2.0,1573.0,185.0,0.0,1.0,1.0,0.0,1.0,2023
Diadema,2,8.0,38.0,0.0,15.0,0.0,0.0,0.0,1.0,29.0,8.0,0.0,0.0,1.0,0.0,0.0,2023
Americana,2,21.0,361.0,0.0,277.0,0.0,0.0,6.0,264.0,90.0,1.0,0.0,1.0,1.0,1.0,1.0,2023
Americana,2,30.0,562.0,0.0,442.0,0.0,0.0,6.0,433.0,122.0,1.0,0.0,0.0,1.0,1.0,1.0,2023
Americana,2,17.0,274.0,0.0,0.0,0.0,0.0,0.0,8.0,259.0,7.0,0.0,1.0,1.0,1.0,1.0,2023
Lucélia,2,18.0,295.0,0.0,211.0,0.0,0.0,3.0,192.0,100.0,0.0,0.0,1.0,1.0,1.0,1.0,2023
Mogi Guaçu,2,31.0,506.0,0.0,376.0,0.0,0.0,4.0,364.0,127.0,11.0,0.0,1.0,1.0,1.0,1.0,2023
Mogi Mirim,2,20.0,210.0,0.0,155.0,0.0,0.0,0.0,141.0,65.0,4.0,0.0,0.0,1.0,1.0,1.0,2023
Ibaté,2,46.0,965.0,0.0,445.0,0.0,0.0,8.0,414.0,398.0,145.0,0.0,1.0,1.0,1.0,1.0,2023
São Carlos,2,25.0,422.0,0.0,318.0,0.0,0.0,0.0,299.0,117.0,6.0,0.0,1.0,1.0,1.0,1.0,2023
Registro,2,15.0,166.0,0.0,0.0,0.0,0.0,0.0,5.0,155.0,6.0,0.0,1.0,1.0,1.0,1.0,2023
São Paulo,2,12.0,220.0,220.0,0.0,0.0,0.0,214.0,6.0,0.0,0.0,0.0,1.0,1.0,1.0,1.0,2023
Presidente Bernardes,2,10.0,27.0,0.0,7.0,0.0,0.0,0.0,0.0,18.0,9.0,0.0,1.0,1.0,0.0,0.0,2023
São Paulo,2,71.0,1068.0,0.0,0.0,0.0,0.0,0.0,8.0,772.0,288.0,1.0,1.0,1.0,0.0,1.0,2023
Barretos,2,15.0,203.0,0.0,0.0,0.0,0.0,0.0,0.0,189.0,14.0,0.0,1.0,1.0,1.0,1.0,2023
Bocaina,2,16.0,229.0,0.0,160.0,0.0,0.0,2.0,160.0,67.0,0.0,0.0,1.0,1.0,1.0,1.0,2023
Capivari,2,24.0,476.0,0.0,325.0,0.0,0.0,1.0,289.0,174.0,12.0,0.0,1.0,1.0,1.0,1.0,2023
Hortolândia,2,28.0,410.0,0.0,306.0,0.0,0.0,3.0,280.0,122.0,5.0,0.0,1.0,1.0,1.0,1.0,2023
Jundiaí,2,1.0,20.0,0.0,0.0,0.0,0.0,0.0,0.0,0.0,20.0,0.0,0.0,0.0,0.0,0.0,2023
Limeira,2,49.0,1510.0,0.0,701.0,0.0,0.0,0.0,646.0,812.0,52.0,0.0,1.0,1.0,1.0,1.0,2023
São Vicente,2,6.0,81.0,0.0,0.0,0.0,0.0,0.0,0.0,0.0,81.0,0.0,0.0,1.0,0.0,0.0,2023
Pederneiras,2,16.0,235.0,0.0,187.0,0.0,0.0,6.0,172.0,55.0,2.0,0.0,1.0,1.0,1.0,1.0,2023
São Carlos,2,31.0,579.0,0.0,429.0,0.0,0.0,0.0,415.0,153.0,11.0,0.0,1.0,1.0,1.0,1.0,2023
Florínea,2,9.0,58.0,0.0,0.0,0.0,0.0,0.0,0.0,0.0,58.0,0.0,0.0,0.0,0.0,0.0,2023
Santa Cruz das Palmeiras,2,33.0,357.0,0.0,0.0,0.0,0.0,0.0,0.0,231.0,126.0,0.0,1.0,1.0,1.0,0.0,2023
Piracicaba,2,8.0,131.0,0.0,0.0,0.0,0.0,0.0,0.0,0.0,131.0,0.0,0.0,1.0,0.0,0.0,2023
Jaú,2,30.0,370.0,0.0,208.0,0.0,0.0,0.0,181.0,182.0,7.0,0.0,1.0,1.0,0.0,0.0,2023
Miracatu,2,32.0,562.0,0.0,271.0,0.0,0.0,5.0,256.0,282.0,19.0,0.0,1.0,1.0,1.0,1.0,2023
São Paulo,2,56.0,1739.0,536.0,399.0,0.0,0.0,500.0,412.0,732.0,95.0,0.0,1.0,1.0,1.0,1.0,2023
Ribeirão Preto,2,40.0,775.0,0.0,500.0,0.0,0.0,0.0,461.0,290.0,24.0,0.0,1.0,1.0,1.0,0.0,2023
São Paulo,2,45.0,828.0,208.0,350.0,0.0,0.0,194.0,337.0,277.0,20.0,0.0,0.0,1.0,1.0,1.0,2023
Guarulhos,2,24.0,325.0,0.0,228.0,0.0,0.0,0.0,211.0,108.0,6.0,0.0,1.0,1.0,1.0,1.0,2023
Guarulhos,2,45.0,885.0,0.0,885.0,0.0,0.0,2.0,829.0,54.0,0.0,0.0,1.0,1.0,1.0,0.0,2023
Guarulhos,2,28.0,492.0,0.0,306.0,0.0,0.0,0.0,291.0,192.0,9.0,0.0,1.0,1.0,1.0,0.0,2023
Guarulhos,2,45.0,1370.0,0.0,551.0,0.0,0.0,2.0,500.0,756.0,112.0,0.0,1.0,1.0,1.0,0.0,2023
Guarulhos,2,76.0,1790.0,0.0,809.0,0.0,0.0,2.0,731.0,860.0,197.0,0.0,1.0,1.0,1.0,1.0,2023
Guarulhos,2,38.0,704.0,0.0,442.0,0.0,0.0,1.0,382.0,304.0,17.0,0.0,1.0,1.0,1.0,1.0,2023
Santo André,2,29.0,386.0,0.0,313.0,0.0,0.0,9.0,301.0,73.0,3.0,0.0,1.0,1.0,1.0,1.0,2023
Bragança Paulista,2,33.0,703.0,0.0,467.0,0.0,0.0,8.0,452.0,222.0,21.0,0.0,1.0,1.0,1.0,0.0,2023
Bauru,2,43.0,1046.0,351.0,325.0,0.0,3.0,349.0,313.0,367.0,14.0,0.0,1.0,1.0,1.0,0.0,2023
Bauru,2,37.0,681.0,0.0,415.0,0.0,0.0,9.0,365.0,287.0,20.0,1.0,1.0,1.0,1.0,0.0,2023
Pederneiras,2,8.0,87.0,0.0,87.0,0.0,0.0,2.0,82.0,3.0,0.0,0.0,1.0,1.0,1.0,0.0,2023
Botucatu,2,35.0,474.0,0.0,286.0,0.0,0.0,2.0,274.0,186.0,12.0,0.0,1.0,1.0,1.0,0.0,2023
Itapetininga,2,36.0,583.0,0.0,368.0,0.0,0.0,6.0,336.0,227.0,14.0,0.0,0.0,1.0,1.0,0.0,2023
Itu,2,39.0,1168.0,0.0,476.0,0.0,0.0,12.0,456.0,663.0,37.0,0.0,1.0,1.0,1.0,0.0,2023
Salto,2,26.0,596.0,596.0,0.0,0.0,1.0,581.0,12.0,2.0,0.0,0.0,1.0,1.0,1.0,0.0,2023
Sorocaba,2,,,,,,,,,,,,,,,,2023
Sorocaba,2,24.0,413.0,0.0,296.0,0.0,0.0,0.0,277.0,129.0,7.0,0.0,1.0,1.0,1.0,0.0,2023
Sorocaba,2,59.0,1074.0,399.0,406.0,0.0,0.0,380.0,394.0,282.0,18.0,0.0,0.0,1.0,1.0,1.0,2023
Sorocaba,2,65.0,1991.0,0.0,748.0,0.0,0.0,1.0,683.0,1179.0,128.0,1.0,1.0,1.0,1.0,1.0,2023
Sorocaba,2,37.0,479.0,0.0,479.0,0.0,0.0,1.0,444.0,34.0,0.0,0.0,0.0,1.0,1.0,0.0,2023
Sorocaba,2,37.0,855.0,0.0,585.0,0.0,0.0,1.0,550.0,292.0,12.0,0.0,0.0,1.0,1.0,0.0,2023
Sorocaba,2,,,,,,,,,,,,,,,,2023
Sorocaba,2,12.0,171.0,0.0,171.0,0.0,0.0,0.0,161.0,10.0,0.0,0.0,0.0,1.0,0.0,0.0,2023
Sorocaba,2,,,,,,,,,,,,,,,,2023
Taquarituba,2,28.0,440.0,0.0,274.0,0.0,0.0,2.0,254.0,173.0,11.0,0.0,0.0,1.0,1.0,1.0,2023
Votorantim,2,29.0,490.0,0.0,364.0,0.0,0.0,6.0,346.0,137.0,1.0,0.0,1.0,1.0,1.0,1.0,2023
Rio Claro,2,,,,,,,,,,,,,,,,2023
Santa Bárbara d'Oeste,2,17.0,220.0,0.0,220.0,0.0,0.0,3.0,205.0,12.0,0.0,0.0,1.0,1.0,1.0,0.0,2023
São João da Boa Vista,2,33.0,528.0,0.0,340.0,0.0,0.0,0.0,317.0,193.0,18.0,0.0,0.0,1.0,1.0,1.0,2023
São José do Rio Pardo,2,21.0,386.0,0.0,386.0,0.0,0.0,7.0,361.0,18.0,0.0,0.0,1.0,1.0,1.0,0.0,2023
Sumaré,2,19.0,324.0,324.0,0.0,0.0,0.0,321.0,3.0,0.0,0.0,0.0,1.0,1.0,0.0,1.0,2023
Sumaré,2,16.0,232.0,0.0,232.0,0.0,0.0,3.0,224.0,5.0,0.0,0.0,1.0,1.0,0.0,0.0,2023
Hortolândia,2,,,,,,,,,,,,,,,,2023
Sumaré,2,42.0,1001.0,526.0,475.0,0.0,0.0,518.0,454.0,29.0,0.0,0.0,1.0,1.0,1.0,0.0,2023
Hortolândia,2,27.0,415.0,0.0,242.0,0.0,0.0,0.0,224.0,185.0,6.0,0.0,1.0,1.0,1.0,1.0,2023
Vargem Grande do Sul,2,21.0,475.0,0.0,279.0,0.0,0.0,0.0,251.0,201.0,23.0,0.0,1.0,1.0,1.0,1.0,2023
Várzea Paulista,2,35.0,685.0,0.0,451.0,0.0,0.0,1.0,417.0,252.0,15.0,0.0,1.0,1.0,1.0,1.0,2023
Cravinhos,2,37.0,737.0,0.0,311.0,0.0,0.0,2.0,267.0,294.0,174.0,0.0,1.0,1.0,1.0,1.0,2023
Franca,2,40.0,509.0,0.0,224.0,0.0,0.0,0.0,204.0,284.0,21.0,1.0,1.0,1.0,1.0,1.0,2023
Franca,2,22.0,343.0,0.0,279.0,0.0,0.0,0.0,254.0,87.0,2.0,0.0,1.0,1.0,1.0,1.0,2023
Franca,2,42.0,1139.0,0.0,290.0,0.0,0.0,0.0,251.0,805.0,83.0,0.0,1.0,1.0,1.0,0.0,2023
Morro Agudo,2,34.0,604.0,0.0,470.0,0.0,0.0,10.0,417.0,116.0,61.0,0.0,1.0,1.0,1.0,1.0,2023
Pitangueiras,2,,,,,,,,,,,,,,,,2023
Ribeirão Preto,2,15.0,245.0,245.0,0.0,0.0,0.0,235.0,10.0,0.0,0.0,0.0,1.0,1.0,1.0,1.0,2023
Ribeirão Preto,2,28.0,514.0,514.0,0.0,0.0,0.0,488.0,25.0,1.0,0.0,0.0,1.0,1.0,1.0,1.0,2023
Ribeirão Preto,2,30.0,706.0,0.0,376.0,0.0,0.0,1.0,347.0,331.0,27.0,1.0,1.0,1.0,1.0,0.0,2023
Ribeirão Preto,2,29.0,548.0,0.0,548.0,0.0,0.0,0.0,483.0,65.0,0.0,0.0,1.0,1.0,1.0,1.0,2023
Ribeirão Preto,2,40.0,763.0,147.0,204.0,0.0,0.0,139.0,198.0,391.0,35.0,0.0,1.0,1.0,1.0,0.0,2023
Santa Rosa de Viterbo,2,,,,,,,,,,,,,,,,2023
São Carlos,2,34.0,727.0,197.0,298.0,0.0,0.0,187.0,287.0,226.0,27.0,0.0,0.0,1.0,1.0,1.0,2023
São Joaquim da Barra,2,,,,,,,,,,,,,,,,2023
Fernandópolis,2,,,,,,,,,,,,,,,,2023
Tarumã,2,18.0,225.0,0.0,202.0,0.0,0.0,3.0,195.0,25.0,2.0,0.0,0.0,1.0,1.0,0.0,2023
Florínea,2,11.0,172.0,172.0,0.0,0.0,0.0,172.0,0.0,0.0,0.0,0.0,1.0,1.0,1.0,1.0,2023
Ourinhos,2,35.0,846.0,0.0,231.0,0.0,0.0,6.0,233.0,540.0,67.0,0.0,1.0,1.0,1.0,0.0,2023
Presidente Epitácio,2,19.0,307.0,307.0,0.0,0.0,0.0,293.0,14.0,0.0,0.0,0.0,0.0,1.0,1.0,0.0,2023
Presidente Prudente,2,16.0,252.0,0.0,170.0,0.0,0.0,0.0,161.0,88.0,3.0,0.0,1.0,1.0,1.0,0.0,2023
Rinópolis,2,8.0,69.0,69.0,0.0,0.0,0.0,69.0,0.0,0.0,0.0,0.0,1.0,1.0,1.0,0.0,2023
Bauru,2,31.0,657.0,0.0,376.0,0.0,0.0,4.0,373.0,274.0,6.0,0.0,1.0,1.0,1.0,0.0,2023
Bauru,2,35.0,370.0,0.0,204.0,0.0,0.0,5.0,195.0,166.0,4.0,0.0,1.0,1.0,1.0,1.0,2023
Bauru,2,17.0,260.0,0.0,191.0,0.0,0.0,10.0,177.0,72.0,1.0,1.0,1.0,1.0,1.0,1.0,2023
Dois Córregos,2,38.0,973.0,0.0,346.0,0.0,0.0,8.0,332.0,563.0,70.0,0.0,1.0,1.0,1.0,1.0,2023
Jaú,2,,,,,,,,,,,,,,,,2023
Araras,2,18.0,209.0,209.0,0.0,0.0,1.0,203.0,5.0,0.0,0.0,0.0,1.0,1.0,0.0,1.0,2023
Araras,2,42.0,1121.0,0.0,453.0,0.0,0.0,5.0,449.0,556.0,111.0,0.0,1.0,1.0,1.0,1.0,2023
Araras,2,39.0,1231.0,0.0,262.0,0.0,0.0,5.0,251.0,907.0,68.0,0.0,1.0,1.0,1.0,0.0,2023
Campinas,2,30.0,513.0,160.0,133.0,0.0,0.0,151.0,130.0,214.0,18.0,0.0,1.0,1.0,1.0,0.0,2023
Campinas,2,31.0,594.0,0.0,450.0,0.0,0.0,1.0,415.0,174.0,4.0,0.0,1.0,1.0,1.0,1.0,2023
Campinas,2,17.0,282.0,282.0,0.0,0.0,0.0,272.0,10.0,0.0,0.0,0.0,0.0,1.0,1.0,1.0,2023
Campinas,2,35.0,625.0,0.0,473.0,0.0,0.0,0.0,439.0,178.0,8.0,1.0,1.0,1.0,1.0,1.0,2023
Campinas,2,97.0,3179.0,981.0,1302.0,0.0,0.0,946.0,1224.0,770.0,239.0,0.0,1.0,1.0,1.0,1.0,2023
Campinas,2,43.0,1138.0,358.0,281.0,0.0,0.0,350.0,264.0,459.0,65.0,0.0,1.0,1.0,1.0,1.0,2023
Campo Limpo Paulista,2,44.0,906.0,0.0,570.0,0.0,0.0,6.0,530.0,335.0,35.0,1.0,1.0,1.0,1.0,0.0,2023
Capivari,2,19.0,311.0,0.0,198.0,0.0,0.0,0.0,172.0,129.0,10.0,0.0,1.0,1.0,1.0,0.0,2023
Casa Branca,2,,,,,,,,,,,,,,,,2023
Indaiatuba,2,,,,,,,,,,,,,,,,2023
Itatiba,2,39.0,1470.0,0.0,0.0,0.0,0.0,0.0,21.0,1340.0,109.0,0.0,0.0,1.0,1.0,1.0,2023
Jarinu,2,26.0,970.0,0.0,481.0,0.0,0.0,6.0,444.0,478.0,42.0,0.0,0.0,1.0,1.0,1.0,2023
Leme,2,30.0,555.0,0.0,383.0,0.0,0.0,3.0,352.0,187.0,13.0,0.0,1.0,1.0,1.0,1.0,2023
Limeira,2,22.0,450.0,147.0,303.0,0.0,0.0,143.0,277.0,30.0,0.0,0.0,1.0,1.0,1.0,0.0,2023
Limeira,2,44.0,906.0,0.0,244.0,0.0,0.0,0.0,215.0,654.0,37.0,0.0,1.0,1.0,1.0,0.0,2023
Louveira,2,57.0,1998.0,0.0,992.0,0.0,0.0,1.0,909.0,1017.0,71.0,0.0,0.0,1.0,1.0,1.0,2023
Louveira,2,8.0,135.0,0.0,135.0,0.0,0.0,1.0,132.0,2.0,0.0,0.0,0.0,1.0,1.0,0.0,2023
Mococa,2,36.0,435.0,0.0,284.0,0.0,0.0,3.0,259.0,161.0,12.0,0.0,1.0,1.0,1.0,0.0,2023
Mogi Mirim,2,40.0,937.0,0.0,488.0,0.0,0.0,2.0,444.0,440.0,51.0,0.0,0.0,1.0,1.0,1.0,2023
Piracicaba,2,23.0,408.0,0.0,281.0,0.0,0.0,0.0,260.0,140.0,8.0,0.0,0.0,1.0,1.0,0.0,2023
Piracicaba,2,22.0,255.0,0.0,108.0,0.0,0.0,0.0,97.0,121.0,37.0,0.0,1.0,1.0,1.0,0.0,2023
Guarujá,2,30.0,729.0,729.0,0.0,0.0,0.0,697.0,32.0,0.0,0.0,0.0,1.0,1.0,1.0,0.0,2023
Guarujá,2,21.0,380.0,380.0,0.0,0.0,0.0,364.0,16.0,0.0,0.0,1.0,0.0,1.0,0.0,1.0,2023
Praia Grande,2,43.0,1176.0,0.0,0.0,0.0,0.0,0.0,3.0,1034.0,139.0,0.0,1.0,1.0,1.0,0.0,2023
Bertioga,2,27.0,490.0,0.0,291.0,0.0,0.0,0.0,257.0,219.0,14.0,0.0,1.0,1.0,1.0,1.0,2023
São Vicente,2,50.0,1124.0,0.0,328.0,0.0,0.0,0.0,290.0,707.0,127.0,0.0,1.0,1.0,1.0,1.0,2023
São Vicente,2,,,,,,,,,,,,,,,,2023
Jacareí,2,25.0,566.0,0.0,566.0,0.0,0.0,0.0,529.0,37.0,0.0,0.0,1.0,1.0,1.0,0.0,2023
Jacareí,2,,,,,,,,,,,,,,,,2023
Lavrinhas,2,13.0,133.0,0.0,0.0,0.0,0.0,0.0,2.0,126.0,5.0,0.0,1.0,1.0,1.0,1.0,2023
Lavrinhas,2,,,,,,,,,,,,,,,,2023
Lorena,2,22.0,289.0,0.0,194.0,0.0,0.0,5.0,184.0,93.0,7.0,0.0,1.0,1.0,1.0,1.0,2023
Pindamonhangaba,2,27.0,481.0,0.0,481.0,0.0,0.0,14.0,454.0,13.0,0.0,0.0,1.0,1.0,0.0,0.0,2023
Pindamonhangaba,2,32.0,593.0,0.0,393.0,0.0,0.0,8.0,383.0,197.0,5.0,0.0,1.0,1.0,1.0,1.0,2023
São José dos Campos,2,50.0,1301.0,389.0,341.0,0.0,0.0,370.0,324.0,557.0,50.0,0.0,1.0,1.0,1.0,1.0,2023
São José dos Campos,2,,,,,,,,,,,,,,,,2023
São José dos Campos,2,,,,,,,,,,,,,,,,2023
São José dos Campos,2,17.0,245.0,127.0,118.0,0.0,0.0,120.0,113.0,12.0,0.0,0.0,1.0,1.0,1.0,0.0,2023
São José dos Campos,2,52.0,1179.0,0.0,549.0,0.0,0.0,0.0,493.0,636.0,50.0,0.0,1.0,1.0,1.0,0.0,2023
Taubaté,2,,,,,,,,,,,,,,,,2023
Taubaté,2,30.0,443.0,0.0,0.0,0.0,0.0,0.0,10.0,398.0,35.0,0.0,0.0,1.0,1.0,0.0,2023
Taubaté,2,,,,,,,,,,,,,,,,2023
Registro,2,48.0,1004.0,0.0,393.0,0.0,0.0,2.0,375.0,590.0,37.0,0.0,1.0,1.0,1.0,1.0,2023
Registro,2,15.0,136.0,0.0,86.0,0.0,0.0,3.0,82.0,49.0,2.0,0.0,1.0,1.0,1.0,1.0,2023
São Paulo,2,24.0,456.0,456.0,0.0,0.0,0.0,441.0,15.0,0.0,0.0,0.0,1.0,1.0,1.0,1.0,2023
São Paulo,2,42.0,717.0,0.0,328.0,0.0,0.0,0.0,302.0,358.0,57.0,0.0,0.0,1.0,1.0,1.0,2023
São Paulo,2,42.0,934.0,0.0,596.0,0.0,0.0,2.0,558.0,348.0,26.0,0.0,1.0,1.0,1.0,1.0,2023
São Paulo,2,44.0,781.0,0.0,348.0,0.0,0.0,1.0,309.0,435.0,36.0,0.0,1.0,1.0,1.0,0.0,2023
São Paulo,2,61.0,1463.0,0.0,613.0,0.0,0.0,2.0,569.0,798.0,94.0,0.0,0.0,1.0,1.0,0.0,2023
São Paulo,2,26.0,560.0,560.0,0.0,0.0,0.0,544.0,16.0,0.0,0.0,0.0,1.0,1.0,1.0,1.0,2023
São Paulo,2,32.0,552.0,143.0,225.0,0.0,0.0,136.0,228.0,144.0,44.0,1.0,1.0,1.0,1.0,1.0,2023
São Paulo,2,49.0,789.0,0.0,435.0,0.0,0.0,2.0,396.0,352.0,39.0,0.0,1.0,1.0,1.0,0.0,2023
São Paulo,2,28.0,655.0,655.0,0.0,0.0,0.0,630.0,25.0,0.0,0.0,0.0,1.0,1.0,1.0,1.0,2023
São Paulo,2,18.0,374.0,374.0,0.0,0.0,0.0,362.0,12.0,0.0,0.0,0.0,1.0,1.0,0.0,0.0,2023
São Paulo,2,28.0,495.0,495.0,0.0,0.0,0.0,472.0,23.0,0.0,0.0,0.0,1.0,1.0,1.0,1.0,2023
São Paulo,2,35.0,661.0,283.0,226.0,0.0,0.0,271.0,221.0,154.0,15.0,0.0,1.0,1.0,1.0,1.0,2023
Caieiras,2,68.0,1983.0,0.0,892.0,0.0,0.0,21.0,850.0,1027.0,85.0,0.0,1.0,1.0,1.0,1.0,2023
Guarulhos,2,31.0,623.0,623.0,0.0,0.0,0.0,593.0,30.0,0.0,0.0,0.0,0.0,0.0,1.0,0.0,2023
Guarulhos,2,58.0,1957.0,0.0,722.0,0.0,0.0,2.0,683.0,1176.0,96.0,0.0,1.0,1.0,1.0,0.0,2023
Guarulhos,2,32.0,635.0,0.0,635.0,0.0,0.0,1.0,594.0,40.0,0.0,0.0,1.0,1.0,1.0,1.0,2023
Arujá,2,36.0,721.0,0.0,721.0,0.0,0.0,14.0,671.0,36.0,0.0,0.0,1.0,1.0,0.0,1.0,2023
Santa Isabel,2,24.0,374.0,0.0,252.0,0.0,0.0,1.0,246.0,123.0,4.0,0.0,1.0,1.0,1.0,0.0,2023
Suzano,2,22.0,312.0,0.0,199.0,0.0,0.0,0.0,192.0,111.0,9.0,0.0,1.0,1.0,1.0,1.0,2023
Suzano,2,48.0,1019.0,380.0,446.0,0.0,0.0,289.0,501.0,47.0,182.0,0.0,1.0,1.0,1.0,1.0,2023
Ferraz de Vasconcelos,2,,,,,,,,,,,,,,,,2023
Poá,2,25.0,463.0,0.0,300.0,0.0,0.0,1.0,278.0,178.0,6.0,0.0,1.0,1.0,1.0,1.0,2023
Itaquaquecetuba,2,55.0,1269.0,0.0,599.0,0.0,0.0,12.0,556.0,592.0,109.0,0.0,0.0,1.0,1.0,1.0,2023
Mogi das Cruzes,2,41.0,565.0,0.0,298.0,0.0,0.0,1.0,273.0,275.0,16.0,0.0,1.0,1.0,1.0,0.0,2023
Diadema,2,31.0,750.0,750.0,0.0,0.0,2.0,740.0,8.0,0.0,0.0,0.0,1.0,1.0,1.0,0.0,2023
Diadema,2,,,,,,,,,,,,,,,,2023
Diadema,2,29.0,474.0,0.0,345.0,0.0,0.0,8.0,330.0,129.0,7.0,0.0,1.0,1.0,1.0,0.0,2023
Diadema,2,34.0,699.0,699.0,0.0,0.0,7.0,687.0,5.0,0.0,0.0,0.0,1.0,1.0,1.0,1.0,2023
Mauá,2,51.0,1366.0,0.0,597.0,0.0,0.0,13.0,580.0,732.0,41.0,0.0,1.0,1.0,1.0,1.0,2023
Santo André,2,21.0,351.0,351.0,0.0,0.0,1.0,347.0,3.0,0.0,0.0,0.0,1.0,1.0,1.0,0.0,2023
São Bernardo do Campo,2,35.0,747.0,0.0,463.0,0.0,0.0,0.0,425.0,302.0,20.0,0.0,1.0,1.0,1.0,0.0,2023
Osasco,2,60.0,1351.0,0.0,608.0,0.0,0.0,2.0,541.0,706.0,102.0,0.0,1.0,1.0,1.0,0.0,2023
Itapevi,2,56.0,1892.0,0.0,882.0,0.0,0.0,13.0,848.0,975.0,56.0,0.0,1.0,1.0,1.0,0.0,2023
Carapicuíba,2,36.0,683.0,683.0,0.0,0.0,4.0,661.0,18.0,0.0,0.0,0.0,1.0,1.0,1.0,1.0,2023
Embu das Artes,2,32.0,612.0,0.0,388.0,0.0,0.0,5.0,358.0,240.0,9.0,0.0,1.0,1.0,1.0,1.0,2023
Itapecerica da Serra,2,23.0,366.0,0.0,238.0,0.0,0.0,4.0,225.0,133.0,4.0,1.0,1.0,1.0,1.0,0.0,2023
Itapecerica da Serra,2,34.0,638.0,0.0,452.0,0.0,0.0,6.0,412.0,205.0,15.0,0.0,0.0,1.0,1.0,1.0,2023
Embu-Guaçu,2,18.0,212.0,0.0,132.0,0.0,0.0,4.0,128.0,78.0,2.0,0.0,1.0,1.0,1.0,0.0,2023
Juquitiba,2,14.0,181.0,0.0,109.0,0.0,0.0,2.0,104.0,71.0,4.0,0.0,1.0,1.0,1.0,0.0,2023
Juquitiba,2,31.0,373.0,171.0,202.0,0.0,2.0,173.0,188.0,10.0,0.0,0.0,1.0,1.0,0.0,0.0,2023
São Paulo,2,62.0,1368.0,226.0,191.0,0.0,0.0,215.0,175.0,739.0,239.0,0.0,1.0,1.0,1.0,0.0,2023
São Paulo,2,18.0,373.0,373.0,0.0,0.0,0.0,342.0,31.0,0.0,0.0,0.0,0.0,1.0,1.0,0.0,2023
São Paulo,2,30.0,566.0,566.0,0.0,0.0,0.0,541.0,25.0,0.0,0.0,0.0,1.0,1.0,1.0,1.0,2023
São Paulo,2,75.0,1764.0,0.0,671.0,0.0,0.0,1.0,616.0,893.0,254.0,0.0,1.0,1.0,1.0,1.0,2023
São Paulo,2,68.0,1616.0,515.0,467.0,0.0,0.0,497.0,413.0,618.0,88.0,0.0,1.0,1.0,1.0,1.0,2023
São Paulo,2,31.0,685.0,685.0,0.0,0.0,0.0,637.0,48.0,0.0,0.0,0.0,1.0,1.0,0.0,1.0,2023
São Paulo,2,57.0,1004.0,321.0,355.0,0.0,0.0,307.0,341.0,254.0,102.0,0.0,1.0,1.0,1.0,0.0,2023
Cajamar,2,34.0,1120.0,0.0,0.0,0.0,0.0,0.0,20.0,1020.0,80.0,0.0,1.0,1.0,1.0,1.0,2023
Franco da Rocha,2,,,,,,,,,,,,,,,,2023
Mairiporã,2,17.0,259.0,0.0,169.0,0.0,0.0,3.0,159.0,95.0,2.0,0.0,0.0,1.0,1.0,0.0,2023
Mairiporã,2,29.0,574.0,0.0,424.0,0.0,0.0,9.0,406.0,150.0,9.0,0.0,1.0,1.0,1.0,0.0,2023
Mairiporã,2,19.0,374.0,0.0,236.0,0.0,0.0,3.0,228.0,136.0,7.0,0.0,1.0,1.0,1.0,1.0,2023
Itaquaquecetuba,2,35.0,666.0,0.0,413.0,0.0,0.0,6.0,382.0,258.0,20.0,0.0,0.0,1.0,1.0,0.0,2023
Taboão da Serra,2,29.0,521.0,0.0,303.0,0.0,0.0,3.0,289.0,205.0,24.0,0.0,0.0,1.0,1.0,1.0,2023
São Paulo,2,67.0,1818.0,0.0,838.0,0.0,0.0,0.0,756.0,920.0,142.0,0.0,1.0,1.0,1.0,1.0,2023
São Paulo,2,61.0,1665.0,0.0,693.0,0.0,0.0,2.0,618.0,856.0,189.0,0.0,1.0,1.0,1.0,1.0,2023
São Paulo,2,22.0,465.0,465.0,0.0,0.0,0.0,441.0,24.0,0.0,0.0,0.0,1.0,1.0,1.0,1.0,2023
São Paulo,2,32.0,714.0,714.0,0.0,0.0,0.0,680.0,34.0,0.0,0.0,0.0,1.0,1.0,1.0,1.0,2023
São José dos Campos,2,46.0,1208.0,339.0,361.0,0.0,1.0,326.0,348.0,494.0,39.0,0.0,1.0,1.0,1.0,0.0,2023
Campinas,2,23.0,390.0,0.0,297.0,0.0,0.0,1.0,272.0,111.0,6.0,0.0,1.0,1.0,1.0,0.0,2023
São Paulo,2,37.0,792.0,0.0,481.0,0.0,0.0,1.0,437.0,315.0,39.0,0.0,1.0,1.0,1.0,1.0,2023
São Paulo,2,21.0,488.0,488.0,0.0,0.0,0.0,470.0,18.0,0.0,0.0,0.0,0.0,1.0,1.0,1.0,2023
São Paulo,2,80.0,2662.0,626.0,707.0,0.0,0.0,600.0,687.0,1092.0,283.0,0.0,1.0,1.0,1.0,1.0,2023
São Paulo,2,54.0,1148.0,775.0,0.0,0.0,0.0,745.0,30.0,0.0,373.0,0.0,1.0,1.0,1.0,1.0,2023
São Paulo,2,67.0,1874.0,618.0,482.0,0.0,0.0,563.0,498.0,729.0,84.0,0.0,0.0,1.0,1.0,0.0,2023
São Paulo,2,55.0,1520.0,307.0,410.0,0.0,0.0,284.0,396.0,763.0,77.0,0.0,1.0,1.0,1.0,0.0,2023
São Paulo,2,81.0,1910.0,510.0,505.0,0.0,0.0,483.0,504.0,753.0,170.0,0.0,1.0,1.0,1.0,0.0,2023
São Paulo,2,23.0,480.0,480.0,0.0,0.0,0.0,458.0,22.0,0.0,0.0,0.0,0.0,1.0,1.0,1.0,2023
Mairiporã,2,21.0,604.0,0.0,285.0,0.0,0.0,6.0,265.0,305.0,28.0,0.0,1.0,1.0,0.0,0.0,2023
São Paulo,2,33.0,444.0,271.0,173.0,0.0,0.0,254.0,181.0,9.0,0.0,0.0,1.0,1.0,1.0,1.0,2023
Franco da Rocha,2,36.0,1262.0,0.0,571.0,0.0,0.0,13.0,562.0,653.0,34.0,0.0,1.0,1.0,1.0,1.0,2023
Franco da Rocha,2,,,,,,,,,,,,,,,,2023
São Paulo,2,12.0,270.0,270.0,0.0,0.0,0.0,261.0,9.0,0.0,0.0,0.0,0.0,1.0,0.0,1.0,2023
São Paulo,2,40.0,773.0,275.0,273.0,0.0,0.0,251.0,273.0,224.0,25.0,0.0,1.0,1.0,1.0,1.0,2023
Guararema,2,28.0,332.0,0.0,200.0,0.0,0.0,2.0,195.0,119.0,16.0,0.0,1.0,1.0,1.0,1.0,2023
Osasco,2,48.0,1058.0,0.0,651.0,0.0,0.0,1.0,596.0,441.0,20.0,0.0,1.0,1.0,1.0,1.0,2023
São Paulo,2,34.0,654.0,654.0,0.0,0.0,0.0,617.0,37.0,0.0,0.0,0.0,0.0,1.0,1.0,1.0,2023
São Paulo,2,35.0,666.0,292.0,209.0,0.0,0.0,273.0,218.0,167.0,8.0,0.0,1.0,1.0,1.0,0.0,2023
São Paulo,2,58.0,1255.0,402.0,276.0,0.0,0.0,383.0,272.0,452.0,148.0,0.0,0.0,1.0,1.0,0.0,2023
São Paulo,2,33.0,689.0,288.0,263.0,0.0,0.0,268.0,255.0,153.0,13.0,0.0,1.0,1.0,1.0,0.0,2023
São Paulo,2,30.0,741.0,741.0,0.0,0.0,0.0,711.0,30.0,0.0,0.0,0.0,1.0,1.0,1.0,1.0,2023
São Paulo,2,31.0,531.0,0.0,351.0,0.0,0.0,4.0,321.0,191.0,15.0,0.0,1.0,1.0,1.0,1.0,2023
São Paulo,2,69.0,1152.0,485.0,507.0,0.0,0.0,462.0,496.0,34.0,160.0,0.0,0.0,1.0,1.0,1.0,2023
São Paulo,2,17.0,367.0,0.0,367.0,0.0,0.0,0.0,354.0,13.0,0.0,0.0,1.0,1.0,1.0,0.0,2023
São Paulo,2,31.0,557.0,0.0,397.0,0.0,0.0,1.0,365.0,183.0,8.0,0.0,1.0,1.0,1.0,1.0,2023
São Paulo,2,24.0,455.0,0.0,455.0,0.0,0.0,0.0,428.0,27.0,0.0,0.0,1.0,1.0,1.0,1.0,2023
São Paulo,2,35.0,777.0,777.0,0.0,0.0,0.0,745.0,32.0,0.0,0.0,0.0,1.0,1.0,1.0,0.0,2023
São Paulo,2,47.0,981.0,981.0,0.0,0.0,0.0,927.0,54.0,0.0,0.0,0.0,1.0,1.0,1.0,1.0,2023
São Paulo,2,80.0,1903.0,676.0,632.0,0.0,0.0,627.0,608.0,573.0,95.0,0.0,0.0,1.0,1.0,1.0,2023
São Paulo,2,72.0,1562.0,0.0,696.0,0.0,0.0,0.0,601.0,731.0,230.0,0.0,1.0,1.0,1.0,1.0,2023
São Paulo,2,68.0,1287.0,54.0,464.0,0.0,0.0,44.0,400.0,731.0,112.0,0.0,1.0,1.0,1.0,1.0,2023
Suzano,2,44.0,762.0,189.0,278.0,0.0,0.0,182.0,263.0,304.0,13.0,0.0,1.0,1.0,1.0,0.0,2023
Suzano,2,47.0,806.0,410.0,396.0,0.0,0.0,394.0,377.0,35.0,0.0,0.0,1.0,1.0,1.0,1.0,2023
Vargem Grande Paulista,2,15.0,219.0,0.0,140.0,0.0,0.0,1.0,129.0,85.0,4.0,0.0,0.0,1.0,1.0,1.0,2023
Juquitiba,2,27.0,278.0,106.0,105.0,0.0,0.0,108.0,97.0,70.0,3.0,0.0,0.0,1.0,1.0,1.0,2023
Taboão da Serra,2,37.0,999.0,0.0,521.0,0.0,0.0,10.0,488.0,435.0,66.0,0.0,1.0,1.0,1.0,0.0,2023
Guarujá,2,34.0,972.0,0.0,248.0,0.0,0.0,0.0,233.0,640.0,99.0,0.0,1.0,1.0,0.0,0.0,2023
Praia Grande,2,42.0,1091.0,0.0,235.0,0.0,0.0,1.0,200.0,705.0,185.0,0.0,1.0,1.0,1.0,0.0,2023
Guaratinguetá,2,,,,,,,,,,,,,,,,2023
Lorena,2,25.0,416.0,0.0,244.0,0.0,0.0,5.0,238.0,168.0,5.0,0.0,1.0,1.0,1.0,1.0,2023
São José dos Campos,2,,,,,,,,,,,,,,,,2023
Jacareí,2,22.0,308.0,0.0,223.0,0.0,0.0,0.0,208.0,96.0,4.0,0.0,0.0,1.0,1.0,0.0,2023
Itaí,2,32.0,644.0,0.0,422.0,0.0,0.0,12.0,400.0,232.0,0.0,0.0,0.0,1.0,1.0,1.0,2023
Angatuba,2,17.0,252.0,0.0,228.0,0.0,0.0,6.0,207.0,38.0,1.0,0.0,1.0,1.0,1.0,0.0,2023
Itaberá,2,21.0,289.0,0.0,169.0,0.0,0.0,1.0,170.0,115.0,3.0,0.0,1.0,1.0,1.0,0.0,2023
Mairinque,2,18.0,292.0,0.0,0.0,0.0,0.0,0.0,7.0,272.0,13.0,0.0,0.0,1.0,1.0,1.0,2023
Mairinque,2,15.0,267.0,0.0,0.0,0.0,0.0,0.0,4.0,235.0,28.0,0.0,1.0,1.0,1.0,0.0,2023
Sorocaba,2,25.0,372.0,148.0,125.0,0.0,0.0,146.0,125.0,93.0,8.0,0.0,1.0,1.0,1.0,0.0,2023
Sorocaba,2,65.0,1658.0,0.0,812.0,0.0,0.0,3.0,753.0,806.0,96.0,0.0,0.0,1.0,1.0,0.0,2023
Sorocaba,2,18.0,296.0,150.0,146.0,0.0,0.0,144.0,144.0,8.0,0.0,0.0,0.0,1.0,1.0,1.0,2023
Sorocaba,2,17.0,352.0,0.0,352.0,0.0,0.0,1.0,336.0,15.0,0.0,0.0,1.0,1.0,1.0,1.0,2023
Tatuí,2,55.0,1370.0,0.0,570.0,0.0,0.0,15.0,526.0,696.0,133.0,0.0,0.0,1.0,1.0,1.0,2023
Salto de Pirapora,2,23.0,378.0,0.0,276.0,0.0,0.0,1.0,256.0,115.0,6.0,0.0,0.0,1.0,1.0,1.0,2023
Araraquara,2,30.0,638.0,638.0,0.0,0.0,0.0,620.0,18.0,0.0,0.0,0.0,1.0,1.0,1.0,0.0,2023
Araraquara,2,36.0,624.0,314.0,310.0,0.0,0.0,299.0,297.0,28.0,0.0,0.0,1.0,1.0,1.0,0.0,2023
Bebedouro,2,31.0,457.0,0.0,315.0,0.0,0.0,1.0,284.0,156.0,16.0,0.0,1.0,1.0,1.0,0.0,2023
Franca,2,30.0,517.0,517.0,0.0,0.0,0.0,492.0,25.0,0.0,0.0,0.0,1.0,1.0,1.0,1.0,2023
Franca,2,18.0,336.0,336.0,0.0,0.0,0.0,322.0,14.0,0.0,0.0,0.0,1.0,1.0,1.0,0.0,2023
Ribeirão Preto,2,23.0,489.0,489.0,0.0,0.0,0.0,474.0,15.0,0.0,0.0,0.0,1.0,1.0,1.0,1.0,2023
Ribeirão Preto,2,36.0,660.0,337.0,323.0,0.0,0.0,316.0,305.0,39.0,0.0,0.0,1.0,1.0,1.0,1.0,2023
Cajuru,2,34.0,627.0,0.0,263.0,0.0,0.0,5.0,249.0,295.0,78.0,0.0,0.0,1.0,1.0,1.0,2023
Borborema,2,21.0,468.0,397.0,71.0,0.0,0.0,402.0,66.0,0.0,0.0,0.0,1.0,1.0,1.0,0.0,2023
Ibitinga,2,33.0,689.0,77.0,451.0,0.0,0.0,79.0,444.0,161.0,5.0,0.0,1.0,1.0,1.0,1.0,2023
Itápolis,2,18.0,234.0,0.0,177.0,0.0,0.0,0.0,167.0,61.0,6.0,0.0,1.0,1.0,1.0,0.0,2023
Matão,2,26.0,414.0,414.0,0.0,0.0,0.0,410.0,4.0,0.0,0.0,0.0,1.0,1.0,1.0,0.0,2023
Presidente Alves,2,15.0,86.0,39.0,47.0,0.0,0.0,37.0,48.0,1.0,0.0,0.0,1.0,1.0,1.0,0.0,2023
Lins,2,12.0,257.0,0.0,257.0,0.0,0.0,0.0,236.0,21.0,0.0,0.0,1.0,1.0,1.0,1.0,2023
Rosana,2,24.0,169.0,48.0,76.0,0.0,0.0,46.0,71.0,49.0,3.0,0.0,1.0,1.0,1.0,1.0,2023
Assis,2,45.0,582.0,0.0,235.0,0.0,0.0,2.0,209.0,234.0,137.0,0.0,1.0,1.0,1.0,0.0,2023
Garça,2,26.0,460.0,0.0,460.0,0.0,0.0,4.0,436.0,19.0,1.0,0.0,1.0,1.0,1.0,0.0,2023
Marília,2,45.0,619.0,0.0,391.0,0.0,0.0,5.0,371.0,233.0,10.0,0.0,0.0,1.0,1.0,0.0,2023
Ourinhos,2,42.0,754.0,109.0,330.0,0.0,0.0,114.0,318.0,303.0,19.0,0.0,1.0,1.0,1.0,1.0,2023
Tupã,2,49.0,859.0,0.0,406.0,0.0,0.0,9.0,381.0,378.0,91.0,0.0,1.0,1.0,1.0,1.0,2023
Ilha Comprida,2,26.0,443.0,0.0,0.0,0.0,0.0,0.0,4.0,382.0,57.0,0.0,1.0,1.0,1.0,1.0,2023
Eldorado,2,14.0,116.0,0.0,82.0,0.0,0.0,1.0,72.0,42.0,1.0,0.0,1.0,1.0,1.0,0.0,2023
Jacupiranga,2,23.0,462.0,0.0,462.0,0.0,0.0,13.0,425.0,24.0,0.0,0.0,1.0,1.0,1.0,0.0,2023
Americana,2,14.0,188.0,0.0,134.0,0.0,0.0,1.0,133.0,52.0,2.0,0.0,1.0,1.0,1.0,0.0,2023
Americana,2,42.0,968.0,0.0,280.0,0.0,0.0,3.0,278.0,665.0,22.0,0.0,1.0,1.0,1.0,1.0,2023
Nova Odessa,2,34.0,460.0,0.0,258.0,0.0,0.0,6.0,245.0,177.0,32.0,0.0,1.0,1.0,1.0,0.0,2023
Santa Bárbara d'Oeste,2,33.0,569.0,0.0,240.0,0.0,0.0,5.0,220.0,311.0,33.0,0.0,1.0,1.0,1.0,1.0,2023
Santa Bárbara d'Oeste,2,22.0,415.0,415.0,0.0,0.0,1.0,410.0,4.0,0.0,0.0,0.0,1.0,1.0,1.0,0.0,2023
Amparo,2,18.0,186.0,53.0,68.0,0.0,1.0,52.0,66.0,55.0,12.0,0.0,1.0,1.0,1.0,0.0,2023
Atibaia,2,34.0,649.0,0.0,509.0,0.0,0.0,0.0,473.0,40.0,136.0,0.0,1.0,1.0,1.0,0.0,2023
Atibaia,2,34.0,561.0,0.0,365.0,0.0,0.0,2.0,344.0,134.0,81.0,0.0,1.0,1.0,1.0,0.0,2023
Bragança Paulista,2,14.0,327.0,0.0,327.0,0.0,0.0,9.0,310.0,8.0,0.0,0.0,1.0,1.0,1.0,1.0,2023
Campinas,2,38.0,799.0,0.0,266.0,0.0,0.0,0.0,241.0,482.0,76.0,0.0,0.0,1.0,1.0,0.0,2023
Campinas,2,18.0,384.0,384.0,0.0,0.0,0.0,368.0,16.0,0.0,0.0,0.0,1.0,1.0,1.0,0.0,2023
Campinas,2,39.0,1423.0,0.0,537.0,0.0,0.0,2.0,484.0,829.0,108.0,0.0,1.0,1.0,1.0,1.0,2023
Campinas,2,11.0,230.0,230.0,0.0,0.0,0.0,223.0,7.0,0.0,0.0,0.0,1.0,1.0,0.0,0.0,2023
Campinas,2,26.0,589.0,589.0,0.0,0.0,0.0,579.0,10.0,0.0,0.0,0.0,1.0,1.0,1.0,1.0,2023
Indaiatuba,2,31.0,619.0,0.0,419.0,0.0,0.0,1.0,375.0,225.0,18.0,0.0,1.0,1.0,1.0,0.0,2023
Monte Mor,2,20.0,575.0,0.0,0.0,0.0,0.0,0.0,3.0,374.0,198.0,0.0,1.0,1.0,1.0,1.0,2023
Araras,2,29.0,490.0,0.0,234.0,0.0,0.0,5.0,227.0,243.0,15.0,0.0,1.0,1.0,1.0,0.0,2023
Artur Nogueira,2,43.0,1385.0,0.0,580.0,0.0,0.0,10.0,526.0,749.0,100.0,1.0,1.0,1.0,1.0,1.0,2023
Limeira,2,24.0,445.0,107.0,251.0,0.0,0.0,106.0,235.0,17.0,87.0,0.0,1.0,1.0,1.0,1.0,2023
Limeira,2,57.0,2107.0,0.0,689.0,0.0,0.0,3.0,647.0,1362.0,95.0,0.0,1.0,1.0,1.0,1.0,2023
Limeira,2,17.0,453.0,0.0,453.0,0.0,0.0,0.0,408.0,45.0,0.0,0.0,0.0,1.0,1.0,0.0,2023
Mogi Guaçu,2,35.0,448.0,0.0,68.0,0.0,0.0,1.0,64.0,300.0,83.0,0.0,1.0,1.0,1.0,1.0,2023
Jundiaí,2,26.0,487.0,0.0,297.0,0.0,0.0,1.0,286.0,194.0,6.0,0.0,0.0,1.0,1.0,0.0,2023
São João da Boa Vista,2,15.0,131.0,0.0,90.0,0.0,0.0,1.0,80.0,46.0,4.0,0.0,1.0,1.0,1.0,0.0,2023
São Paulo,2,51.0,1360.0,0.0,124.0,0.0,0.0,0.0,92.0,882.0,386.0,0.0,1.0,1.0,1.0,1.0,2023
Embu-Guaçu,2,26.0,427.0,0.0,260.0,0.0,0.0,6.0,256.0,160.0,5.0,0.0,0.0,1.0,1.0,0.0,2023
Embu-Guaçu,2,14.0,176.0,0.0,176.0,0.0,0.0,5.0,168.0,3.0,0.0,0.0,1.0,1.0,1.0,0.0,2023
Caiuá,2,16.0,177.0,0.0,116.0,0.0,0.0,0.0,109.0,64.0,4.0,0.0,1.0,1.0,1.0,1.0,2023
Santa Cruz do Rio Pardo,2,25.0,396.0,0.0,289.0,0.0,0.0,10.0,267.0,114.0,5.0,0.0,1.0,1.0,1.0,0.0,2023
São Paulo,2,31.0,955.0,0.0,0.0,0.0,0.0,0.0,0.0,860.0,95.0,0.0,1.0,1.0,1.0,0.0,2023
São Paulo,2,56.0,1443.0,289.0,326.0,0.0,0.0,276.0,293.0,726.0,148.0,0.0,1.0,1.0,1.0,1.0,2023
São Paulo,2,22.0,490.0,490.0,0.0,0.0,1.0,463.0,26.0,0.0,0.0,0.0,0.0,1.0,0.0,0.0,2023
São Paulo,2,21.0,324.0,324.0,0.0,0.0,0.0,309.0,15.0,0.0,0.0,0.0,1.0,1.0,1.0,1.0,2023
São Paulo,2,35.0,674.0,444.0,0.0,0.0,0.0,424.0,20.0,214.0,16.0,0.0,0.0,1.0,1.0,1.0,2023
São Paulo,2,43.0,1140.0,0.0,352.0,0.0,0.0,4.0,317.0,730.0,89.0,1.0,1.0,1.0,1.0,0.0,2023
São Paulo,2,81.0,2007.0,282.0,453.0,0.0,0.0,254.0,437.0,908.0,408.0,0.0,1.0,1.0,1.0,1.0,2023
São Paulo,2,29.0,441.0,0.0,332.0,0.0,0.0,1.0,320.0,109.0,11.0,0.0,0.0,1.0,1.0,1.0,2023
São Paulo,2,42.0,934.0,485.0,449.0,0.0,0.0,459.0,448.0,27.0,0.0,0.0,1.0,1.0,1.0,0.0,2023
São Paulo,2,19.0,342.0,342.0,0.0,0.0,0.0,327.0,15.0,0.0,0.0,0.0,0.0,1.0,1.0,1.0,2023
São Paulo,2,41.0,879.0,451.0,428.0,0.0,0.0,429.0,409.0,41.0,0.0,0.0,1.0,1.0,1.0,1.0,2023
Caieiras,2,14.0,266.0,0.0,266.0,0.0,0.0,2.0,262.0,2.0,0.0,0.0,1.0,1.0,1.0,0.0,2023
Franco da Rocha,2,,,,,,,,,,,,,,,,2023
Guarulhos,2,19.0,365.0,365.0,0.0,0.0,0.0,338.0,27.0,0.0,0.0,0.0,1.0,1.0,1.0,1.0,2023
Suzano,2,43.0,708.0,0.0,449.0,0.0,0.0,3.0,417.0,274.0,14.0,0.0,1.0,1.0,1.0,1.0,2023
Poá,2,31.0,444.0,0.0,314.0,0.0,0.0,4.0,292.0,147.0,1.0,0.0,0.0,1.0,1.0,1.0,2023
Itaquaquecetuba,2,58.0,1425.0,425.0,448.0,0.0,0.0,419.0,438.0,514.0,54.0,0.0,1.0,1.0,0.0,0.0,2023
Ferraz de Vasconcelos,2,,,,,,,,,,,,,,,,2023
Rio Grande da Serra,2,53.0,1112.0,329.0,331.0,0.0,2.0,339.0,313.0,433.0,25.0,0.0,0.0,1.0,1.0,1.0,2023
São Paulo,2,39.0,888.0,888.0,0.0,0.0,0.0,844.0,44.0,0.0,0.0,1.0,0.0,1.0,1.0,1.0,2023
São Paulo,2,52.0,1275.0,0.0,323.0,0.0,0.0,1.0,300.0,749.0,225.0,0.0,1.0,1.0,1.0,0.0,2023
São Paulo,2,73.0,1704.0,0.0,1388.0,0.0,0.0,2.0,1260.0,124.0,318.0,0.0,1.0,1.0,1.0,1.0,2023
Mogi das Cruzes,2,,,,,,,,,,,,,,,,2023
São Paulo,2,47.0,887.0,289.0,278.0,0.0,0.0,278.0,268.0,311.0,30.0,0.0,1.0,1.0,1.0,1.0,2023
São Paulo,2,26.0,530.0,530.0,0.0,0.0,0.0,506.0,24.0,0.0,0.0,0.0,1.0,1.0,1.0,0.0,2023
São Paulo,2,33.0,751.0,751.0,0.0,0.0,0.0,721.0,30.0,0.0,0.0,0.0,0.0,1.0,1.0,0.0,2023
Diadema,2,62.0,1727.0,0.0,842.0,0.0,0.0,13.0,823.0,766.0,125.0,0.0,1.0,1.0,1.0,1.0,2023
Diadema,2,35.0,733.0,0.0,448.0,0.0,0.0,5.0,436.0,280.0,12.0,0.0,1.0,1.0,1.0,1.0,2023
Diadema,2,23.0,451.0,451.0,0.0,0.0,1.0,448.0,2.0,0.0,0.0,0.0,1.0,1.0,1.0,0.0,2023
Diadema,2,32.0,706.0,0.0,298.0,0.0,0.0,3.0,287.0,370.0,46.0,0.0,1.0,1.0,1.0,0.0,2023
Diadema,2,50.0,1330.0,0.0,593.0,0.0,0.0,11.0,569.0,674.0,76.0,0.0,1.0,1.0,1.0,1.0,2023
Mauá,2,35.0,848.0,0.0,543.0,0.0,0.0,7.0,510.0,322.0,9.0,0.0,1.0,1.0,1.0,1.0,2023
Mauá,2,21.0,497.0,497.0,0.0,0.0,0.0,494.0,3.0,0.0,0.0,0.0,1.0,1.0,1.0,0.0,2023
Mauá,2,27.0,481.0,0.0,321.0,0.0,0.0,3.0,310.0,162.0,6.0,0.0,1.0,1.0,1.0,1.0,2023
Osasco,2,56.0,1900.0,0.0,886.0,0.0,0.0,0.0,813.0,989.0,98.0,0.0,1.0,1.0,1.0,1.0,2023
Mogi Guaçu,2,,,,,,,,,,,,,,,,2023
Socorro,2,,,,,,,,,,,,,,,,2023
Guarulhos,2,31.0,554.0,554.0,0.0,0.0,0.0,541.0,13.0,0.0,0.0,0.0,0.0,1.0,1.0,1.0,2023
Guarulhos,2,23.0,512.0,512.0,0.0,0.0,0.0,495.0,17.0,0.0,0.0,0.0,1.0,1.0,1.0,0.0,2023
Guarulhos,2,31.0,580.0,0.0,308.0,0.0,0.0,1.0,287.0,271.0,21.0,0.0,1.0,1.0,1.0,1.0,2023
São Paulo,2,38.0,756.0,756.0,0.0,0.0,0.0,735.0,20.0,1.0,0.0,0.0,1.0,1.0,1.0,0.0,2023
Cruzeiro,2,25.0,251.0,0.0,156.0,0.0,0.0,2.0,145.0,102.0,2.0,0.0,1.0,1.0,1.0,0.0,2023
Cotia,2,28.0,591.0,0.0,443.0,0.0,0.0,7.0,414.0,156.0,14.0,0.0,0.0,1.0,1.0,1.0,2023
São Paulo,2,23.0,477.0,477.0,0.0,0.0,0.0,461.0,16.0,0.0,0.0,0.0,1.0,1.0,1.0,0.0,2023
São Paulo,2,73.0,1749.0,583.0,538.0,0.0,0.0,533.0,535.0,584.0,97.0,0.0,1.0,1.0,1.0,0.0,2023
Campinas,2,17.0,261.0,139.0,122.0,0.0,0.0,132.0,122.0,7.0,0.0,0.0,1.0,1.0,1.0,1.0,2023
Diadema,2,16.0,277.0,151.0,126.0,0.0,1.0,150.0,117.0,9.0,0.0,0.0,0.0,1.0,1.0,0.0,2023
São Paulo,2,22.0,494.0,494.0,0.0,0.0,0.0,460.0,34.0,0.0,0.0,0.0,0.0,1.0,0.0,0.0,2023
Mairiporã,2,28.0,423.0,0.0,216.0,0.0,0.0,6.0,204.0,194.0,19.0,0.0,1.0,1.0,1.0,0.0,2023
Ribeirão Pires,2,27.0,493.0,238.0,255.0,0.0,1.0,239.0,242.0,11.0,0.0,0.0,0.0,1.0,1.0,0.0,2023
São Bernardo do Campo,2,55.0,1165.0,0.0,716.0,0.0,0.0,1.0,670.0,475.0,19.0,0.0,1.0,1.0,1.0,1.0,2023
São Bernardo do Campo,2,42.0,1554.0,0.0,660.0,0.0,0.0,0.0,596.0,831.0,127.0,0.0,0.0,1.0,1.0,1.0,2023
Praia Grande,2,45.0,900.0,0.0,339.0,0.0,0.0,0.0,301.0,542.0,57.0,0.0,1.0,1.0,1.0,1.0,2023
São Vicente,2,36.0,665.0,0.0,385.0,0.0,0.0,0.0,350.0,301.0,14.0,0.0,0.0,1.0,1.0,0.0,2023
Santos,2,29.0,389.0,0.0,285.0,0.0,0.0,0.0,267.0,116.0,6.0,0.0,1.0,1.0,1.0,1.0,2023
Guaratinguetá,2,25.0,472.0,0.0,205.0,0.0,0.0,6.0,201.0,241.0,24.0,0.0,0.0,1.0,1.0,0.0,2023
São José dos Campos,2,33.0,549.0,0.0,144.0,0.0,0.0,0.0,133.0,378.0,38.0,0.0,1.0,1.0,1.0,0.0,2023
São José dos Campos,2,,,,,,,,,,,,,,,,2023
São José dos Campos,2,36.0,539.0,213.0,202.0,0.0,0.0,199.0,199.0,131.0,10.0,0.0,1.0,1.0,1.0,1.0,2023
São José dos Campos,2,,,,,,,,,,,,,,,,2023
Taubaté,2,29.0,674.0,0.0,0.0,0.0,0.0,0.0,11.0,622.0,41.0,0.0,0.0,1.0,0.0,0.0,2023
Avaré,2,28.0,476.0,0.0,256.0,0.0,0.0,2.0,251.0,213.0,10.0,0.0,0.0,1.0,1.0,0.0,2023
Capão Bonito,2,,,,,,,,,,,,,,,,2023
Itapeva,2,20.0,101.0,0.0,60.0,0.0,0.0,0.0,54.0,40.0,7.0,0.0,1.0,1.0,1.0,1.0,2023
Itapetininga,2,23.0,329.0,0.0,238.0,0.0,0.0,3.0,224.0,96.0,6.0,0.0,1.0,1.0,1.0,1.0,2023
Ribeirão Branco,2,23.0,325.0,0.0,206.0,0.0,0.0,4.0,202.0,111.0,8.0,0.0,0.0,1.0,1.0,1.0,2023
Salto,2,20.0,420.0,420.0,0.0,0.0,0.0,400.0,20.0,0.0,0.0,0.0,1.0,1.0,1.0,0.0,2023
Salto,2,38.0,965.0,0.0,425.0,0.0,0.0,3.0,396.0,439.0,127.0,0.0,0.0,1.0,1.0,0.0,2023
São Miguel Arcanjo,2,32.0,626.0,0.0,309.0,0.0,0.0,3.0,299.0,314.0,10.0,0.0,0.0,1.0,1.0,1.0,2023
Sorocaba,2,36.0,751.0,0.0,413.0,0.0,0.0,0.0,374.0,358.0,19.0,0.0,0.0,1.0,1.0,0.0,2023
Sorocaba,2,53.0,1482.0,0.0,647.0,0.0,0.0,1.0,591.0,822.0,68.0,0.0,1.0,1.0,1.0,1.0,2023
Sorocaba,2,12.0,227.0,227.0,0.0,0.0,0.0,220.0,7.0,0.0,0.0,0.0,0.0,1.0,1.0,1.0,2023
Sorocaba,2,28.0,681.0,681.0,0.0,0.0,0.0,666.0,15.0,0.0,0.0,0.0,0.0,1.0,1.0,0.0,2023
Sorocaba,2,40.0,821.0,0.0,533.0,0.0,0.0,2.0,498.0,308.0,13.0,0.0,0.0,1.0,1.0,1.0,2023
Tatuí,2,32.0,602.0,0.0,353.0,0.0,0.0,10.0,344.0,243.0,5.0,0.0,1.0,1.0,1.0,0.0,2023
Tietê,2,,,,,,,,,,,,,,,,2023
Amparo,2,10.0,95.0,95.0,0.0,0.0,0.0,93.0,2.0,0.0,0.0,0.0,1.0,1.0,0.0,1.0,2023
Amparo,2,24.0,360.0,115.0,245.0,0.0,1.0,120.0,225.0,14.0,0.0,0.0,1.0,1.0,1.0,0.0,2023
Araras,2,26.0,583.0,301.0,282.0,0.0,4.0,301.0,270.0,8.0,0.0,0.0,1.0,1.0,1.0,0.0,2023
Atibaia,2,22.0,406.0,0.0,274.0,0.0,0.0,0.0,265.0,135.0,6.0,0.0,1.0,1.0,1.0,1.0,2023
Bragança Paulista,2,,,,,,,,,,,,,,,,2023
Campinas,2,27.0,611.0,611.0,0.0,0.0,0.0,588.0,23.0,0.0,0.0,0.0,0.0,1.0,1.0,1.0,2023
Campinas,2,36.0,865.0,865.0,0.0,0.0,0.0,826.0,39.0,0.0,0.0,0.0,1.0,1.0,1.0,1.0,2023
Campinas,2,15.0,377.0,377.0,0.0,0.0,0.0,366.0,11.0,0.0,0.0,0.0,1.0,1.0,1.0,0.0,2023
Campinas,2,62.0,1879.0,531.0,489.0,0.0,0.0,509.0,468.0,778.0,124.0,0.0,1.0,1.0,1.0,1.0,2023
Campinas,2,35.0,716.0,0.0,504.0,0.0,0.0,0.0,459.0,246.0,11.0,0.0,1.0,1.0,1.0,1.0,2023
Espírito Santo do Pinhal,2,11.0,171.0,171.0,0.0,0.0,5.0,166.0,0.0,0.0,0.0,0.0,1.0,1.0,1.0,0.0,2023
Mococa,2,30.0,595.0,595.0,0.0,0.0,3.0,589.0,3.0,0.0,0.0,0.0,1.0,1.0,1.0,1.0,2023
Nova Odessa,2,33.0,668.0,0.0,437.0,0.0,0.0,9.0,411.0,240.0,8.0,0.0,1.0,1.0,1.0,1.0,2023
Rio Claro,2,17.0,295.0,0.0,295.0,0.0,0.0,0.0,263.0,32.0,0.0,0.0,1.0,1.0,1.0,1.0,2023
Rio Claro,2,42.0,1278.0,0.0,519.0,0.0,0.0,1.0,457.0,738.0,82.0,0.0,1.0,1.0,1.0,0.0,2023
Rio das Pedras,2,30.0,528.0,0.0,365.0,0.0,0.0,4.0,336.0,177.0,11.0,0.0,1.0,1.0,1.0,1.0,2023
Sumaré,2,36.0,683.0,0.0,501.0,0.0,0.0,10.0,481.0,184.0,8.0,0.0,1.0,1.0,1.0,0.0,2023
Sumaré,2,29.0,441.0,0.0,293.0,0.0,0.0,2.0,290.0,144.0,5.0,0.0,1.0,1.0,1.0,0.0,2023
Vargem Grande do Sul,2,41.0,1025.0,0.0,388.0,0.0,0.0,1.0,350.0,472.0,202.0,0.0,1.0,1.0,1.0,0.0,2023
Várzea Paulista,2,31.0,584.0,0.0,420.0,0.0,0.0,0.0,390.0,183.0,11.0,0.0,0.0,1.0,1.0,1.0,2023
Franca,2,41.0,921.0,0.0,363.0,0.0,0.0,1.0,326.0,545.0,49.0,0.0,1.0,1.0,1.0,1.0,2023
Matão,2,21.0,314.0,314.0,0.0,0.0,0.0,312.0,2.0,0.0,0.0,0.0,1.0,1.0,1.0,0.0,2023
Ribeirão Preto,2,20.0,368.0,368.0,0.0,0.0,0.0,351.0,17.0,0.0,0.0,0.0,0.0,1.0,1.0,1.0,2023
Ribeirão Preto,2,19.0,308.0,162.0,146.0,0.0,0.0,157.0,138.0,12.0,1.0,0.0,1.0,1.0,1.0,1.0,2023
São Carlos,2,46.0,808.0,0.0,323.0,0.0,0.0,2.0,284.0,402.0,120.0,0.0,1.0,1.0,1.0,1.0,2023
Sertãozinho,2,55.0,1414.0,0.0,604.0,0.0,0.0,3.0,539.0,619.0,253.0,0.0,1.0,1.0,1.0,1.0,2023
Agudos,2,44.0,875.0,0.0,441.0,0.0,0.0,12.0,401.0,421.0,41.0,0.0,1.0,1.0,1.0,0.0,2023
Andradina,2,12.0,54.0,0.0,34.0,0.0,0.0,0.0,33.0,21.0,0.0,0.0,1.0,1.0,1.0,0.0,2023
Birigui,2,36.0,667.0,0.0,423.0,0.0,0.0,0.0,407.0,257.0,3.0,0.0,0.0,1.0,1.0,1.0,2023
Birigui,2,51.0,1550.0,0.0,681.0,0.0,0.0,1.0,648.0,845.0,56.0,0.0,1.0,1.0,1.0,1.0,2023
Maracaí,2,32.0,561.0,0.0,251.0,0.0,0.0,4.0,244.0,278.0,35.0,0.0,1.0,1.0,0.0,1.0,2023
Itariri,2,23.0,377.0,0.0,204.0,0.0,0.0,1.0,193.0,176.0,7.0,0.0,0.0,1.0,0.0,0.0,2023
Jales,2,24.0,377.0,0.0,296.0,0.0,0.0,1.0,273.0,100.0,3.0,0.0,1.0,1.0,1.0,1.0,2023
José Bonifácio,2,32.0,766.0,217.0,280.0,0.0,0.0,216.0,265.0,277.0,8.0,0.0,1.0,1.0,1.0,0.0,2023
São Paulo,2,49.0,1245.0,550.0,338.0,0.0,0.0,507.0,351.0,334.0,53.0,0.0,1.0,1.0,1.0,1.0,2023
São Paulo,2,55.0,1383.0,1383.0,0.0,0.0,0.0,1345.0,38.0,0.0,0.0,0.0,1.0,1.0,1.0,1.0,2023
São Paulo,2,70.0,1653.0,495.0,602.0,0.0,0.0,473.0,569.0,434.0,177.0,0.0,1.0,1.0,1.0,1.0,2023
São Paulo,2,23.0,357.0,357.0,0.0,0.0,0.0,342.0,15.0,0.0,0.0,0.0,0.0,1.0,1.0,1.0,2023
São Paulo,2,27.0,640.0,640.0,0.0,0.0,0.0,608.0,32.0,0.0,0.0,0.0,1.0,1.0,1.0,0.0,2023
São Paulo,2,34.0,669.0,404.0,265.0,0.0,0.0,395.0,248.0,25.0,1.0,0.0,1.0,1.0,1.0,0.0,2023
São Paulo,2,17.0,356.0,0.0,0.0,0.0,0.0,0.0,6.0,336.0,14.0,0.0,1.0,1.0,1.0,0.0,2023
Caieiras,2,,,,,,,,,,,,,,,,2023
Francisco Morato,2,28.0,620.0,190.0,179.0,0.0,0.0,192.0,178.0,244.0,6.0,0.0,0.0,1.0,1.0,0.0,2023
Guarulhos,2,46.0,759.0,0.0,759.0,0.0,0.0,2.0,706.0,51.0,0.0,0.0,1.0,1.0,1.0,1.0,2023
Guarulhos,2,66.0,1389.0,347.0,879.0,0.0,0.0,295.0,923.0,31.0,140.0,0.0,1.0,1.0,1.0,1.0,2023
Suzano,2,46.0,1020.0,151.0,450.0,0.0,0.0,140.0,442.0,397.0,41.0,0.0,1.0,1.0,1.0,0.0,2023
Suzano,2,44.0,864.0,423.0,441.0,0.0,0.0,407.0,439.0,18.0,0.0,0.0,1.0,1.0,1.0,1.0,2023
Suzano,2,51.0,1117.0,272.0,344.0,0.0,0.0,254.0,329.0,487.0,47.0,0.0,1.0,1.0,1.0,1.0,2023
Ferraz de Vasconcelos,2,38.0,638.0,0.0,310.0,0.0,0.0,0.0,267.0,338.0,33.0,0.0,1.0,1.0,1.0,1.0,2023
Mogi das Cruzes,2,27.0,380.0,0.0,380.0,0.0,0.0,0.0,348.0,32.0,0.0,0.0,1.0,1.0,1.0,0.0,2023
Mogi das Cruzes,2,8.0,133.0,0.0,133.0,0.0,0.0,0.0,127.0,6.0,0.0,0.0,1.0,1.0,1.0,1.0,2023
Osasco,2,66.0,2138.0,0.0,736.0,0.0,0.0,2.0,689.0,1331.0,116.0,0.0,1.0,1.0,1.0,1.0,2023
Jandira,2,,,,,,,,,,,,,,,,2023
Vargem Grande Paulista,2,31.0,605.0,0.0,405.0,0.0,0.0,7.0,382.0,194.0,22.0,0.0,0.0,1.0,1.0,1.0,2023
Taboão da Serra,2,58.0,1539.0,0.0,719.0,0.0,0.0,10.0,693.0,743.0,93.0,1.0,1.0,1.0,1.0,0.0,2023
Taboão da Serra,2,57.0,1523.0,0.0,636.0,0.0,0.0,9.0,610.0,671.0,233.0,0.0,1.0,1.0,1.0,1.0,2023
Taboão da Serra,2,32.0,589.0,0.0,466.0,0.0,0.0,4.0,437.0,139.0,9.0,0.0,1.0,1.0,1.0,1.0,2023
Taboão da Serra,2,58.0,1696.0,0.0,832.0,0.0,0.0,12.0,796.0,759.0,129.0,0.0,1.0,1.0,1.0,0.0,2023
Embu das Artes,2,33.0,558.0,0.0,363.0,0.0,0.0,2.0,341.0,205.0,10.0,0.0,1.0,1.0,1.0,1.0,2023
Itapecerica da Serra,2,33.0,627.0,0.0,396.0,0.0,0.0,7.0,371.0,242.0,7.0,0.0,1.0,1.0,1.0,0.0,2023
São Paulo,2,30.0,626.0,626.0,0.0,0.0,0.0,604.0,22.0,0.0,0.0,0.0,1.0,1.0,1.0,1.0,2023
São Paulo,2,67.0,2031.0,0.0,857.0,0.0,0.0,1.0,765.0,1031.0,234.0,0.0,1.0,1.0,1.0,1.0,2023
São Paulo,2,40.0,1128.0,0.0,570.0,0.0,0.0,0.0,531.0,545.0,52.0,0.0,1.0,1.0,1.0,1.0,2023
São Paulo,2,40.0,1038.0,1038.0,0.0,0.0,0.0,993.0,45.0,0.0,0.0,0.0,1.0,1.0,1.0,1.0,2023
São Paulo,2,61.0,1513.0,477.0,410.0,0.0,0.0,445.0,392.0,536.0,140.0,0.0,1.0,1.0,1.0,0.0,2023
São Paulo,2,31.0,606.0,606.0,0.0,0.0,0.0,587.0,19.0,0.0,0.0,0.0,1.0,1.0,1.0,1.0,2023
São Paulo,2,32.0,588.0,588.0,0.0,0.0,0.0,566.0,22.0,0.0,0.0,0.0,1.0,1.0,1.0,1.0,2023
São Paulo,2,36.0,984.0,364.0,290.0,0.0,0.0,353.0,270.0,324.0,37.0,0.0,1.0,1.0,1.0,1.0,2023
Diadema,2,18.0,384.0,384.0,0.0,0.0,0.0,372.0,12.0,0.0,0.0,0.0,1.0,1.0,0.0,0.0,2023
Diadema,2,17.0,247.0,247.0,0.0,0.0,3.0,242.0,2.0,0.0,0.0,0.0,1.0,1.0,0.0,0.0,2023
Diadema,2,42.0,798.0,600.0,0.0,0.0,6.0,584.0,10.0,0.0,198.0,0.0,0.0,1.0,0.0,0.0,2023
Diadema,2,39.0,1026.0,0.0,294.0,0.0,0.0,4.0,294.0,658.0,70.0,0.0,1.0,1.0,1.0,0.0,2023
Diadema,2,12.0,229.0,229.0,0.0,0.0,0.0,225.0,4.0,0.0,0.0,0.0,0.0,1.0,1.0,0.0,2023
São Bernardo do Campo,2,60.0,1579.0,0.0,655.0,0.0,0.0,2.0,546.0,737.0,294.0,0.0,1.0,1.0,1.0,0.0,2023
São Bernardo do Campo,2,14.0,242.0,0.0,242.0,0.0,0.0,0.0,206.0,36.0,0.0,0.0,0.0,1.0,1.0,1.0,2023
Mogi das Cruzes,2,34.0,585.0,0.0,585.0,0.0,0.0,0.0,547.0,37.0,1.0,0.0,1.0,1.0,1.0,0.0,2023
Carapicuíba,2,48.0,1009.0,0.0,710.0,0.0,0.0,8.0,646.0,335.0,20.0,0.0,1.0,1.0,1.0,1.0,2023
Franco da Rocha,2,,,,,,,,,,,,,,,,2023
Mogi das Cruzes,2,,,,,,,,,,,,,,,,2023
Caçapava,2,28.0,726.0,0.0,314.0,0.0,0.0,2.0,302.0,372.0,50.0,0.0,1.0,1.0,1.0,0.0,2023
Batatais,2,19.0,295.0,295.0,0.0,0.0,3.0,278.0,14.0,0.0,0.0,0.0,1.0,1.0,1.0,1.0,2023
São Carlos,2,26.0,516.0,242.0,274.0,0.0,0.0,233.0,268.0,15.0,0.0,0.0,1.0,1.0,1.0,0.0,2023
Presidente Venceslau,2,52.0,671.0,0.0,0.0,0.0,0.0,0.0,7.0,458.0,206.0,1.0,1.0,1.0,1.0,1.0,2023
São Paulo,2,12.0,231.0,231.0,0.0,0.0,0.0,218.0,13.0,0.0,0.0,0.0,0.0,1.0,1.0,0.0,2023
São Paulo,2,23.0,321.0,0.0,248.0,0.0,0.0,0.0,240.0,79.0,2.0,0.0,1.0,1.0,1.0,1.0,2023
Tarumã,2,37.0,760.0,0.0,482.0,0.0,0.0,11.0,469.0,262.0,18.0,0.0,1.0,1.0,1.0,1.0,2023
Piraju,2,21.0,322.0,0.0,230.0,0.0,0.0,1.0,217.0,101.0,3.0,0.0,1.0,1.0,1.0,1.0,2023
Santa Cruz do Rio Pardo,2,46.0,743.0,0.0,357.0,0.0,0.0,3.0,332.0,363.0,45.0,0.0,1.0,1.0,1.0,1.0,2023
Tejupá,2,19.0,231.0,0.0,118.0,0.0,0.0,4.0,111.0,110.0,6.0,0.0,1.0,1.0,1.0,0.0,2023
Guarujá,2,16.0,274.0,274.0,0.0,0.0,0.0,256.0,18.0,0.0,0.0,0.0,0.0,1.0,0.0,0.0,2023
São Paulo,2,26.0,659.0,659.0,0.0,0.0,0.0,636.0,23.0,0.0,0.0,0.0,1.0,1.0,1.0,0.0,2023
São Paulo,2,34.0,586.0,0.0,0.0,0.0,0.0,0.0,0.0,407.0,179.0,0.0,1.0,1.0,1.0,1.0,2023
Lins,2,12.0,176.0,176.0,0.0,0.0,0.0,171.0,5.0,0.0,0.0,0.0,0.0,1.0,1.0,0.0,2023
São Paulo,2,50.0,1539.0,0.0,604.0,0.0,0.0,0.0,540.0,860.0,139.0,0.0,1.0,1.0,1.0,0.0,2023
São Paulo,2,44.0,1020.0,1020.0,0.0,0.0,0.0,962.0,58.0,0.0,0.0,0.0,1.0,1.0,1.0,1.0,2023
São Paulo,2,70.0,1793.0,0.0,582.0,0.0,0.0,0.0,537.0,870.0,386.0,0.0,1.0,1.0,1.0,0.0,2023
São Paulo,2,35.0,806.0,806.0,0.0,0.0,0.0,767.0,39.0,0.0,0.0,0.0,0.0,1.0,1.0,0.0,2023
Poá,2,37.0,635.0,0.0,131.0,0.0,0.0,2.0,112.0,442.0,79.0,0.0,1.0,1.0,1.0,0.0,2023
Matão,2,75.0,1197.0,0.0,0.0,0.0,0.0,0.0,16.0,678.0,503.0,1.0,1.0,1.0,1.0,1.0,2023
Guarulhos,2,41.0,847.0,451.0,396.0,0.0,0.0,427.0,417.0,3.0,0.0,0.0,1.0,1.0,1.0,1.0,2023
Guarulhos,2,89.0,2045.0,0.0,857.0,0.0,0.0,3.0,796.0,1150.0,96.0,0.0,1.0,1.0,1.0,1.0,2023
Guarulhos,2,42.0,750.0,0.0,607.0,0.0,0.0,1.0,552.0,54.0,143.0,0.0,1.0,1.0,1.0,1.0,2023
São Paulo,2,36.0,919.0,0.0,0.0,0.0,0.0,0.0,3.0,811.0,105.0,0.0,1.0,1.0,1.0,1.0,2023
São Paulo,2,55.0,1265.0,0.0,443.0,0.0,0.0,0.0,403.0,738.0,124.0,0.0,1.0,1.0,0.0,1.0,2023
Mauá,2,36.0,691.0,0.0,460.0,0.0,0.0,10.0,430.0,19.0,232.0,0.0,1.0,1.0,1.0,1.0,2023
Ibiúna,2,29.0,539.0,0.0,357.0,0.0,0.0,6.0,323.0,198.0,12.0,0.0,0.0,1.0,1.0,1.0,2023
São Paulo,2,50.0,1724.0,0.0,381.0,0.0,0.0,0.0,350.0,1174.0,200.0,0.0,1.0,1.0,1.0,1.0,2023
São José do Rio Preto,2,32.0,626.0,0.0,626.0,0.0,0.0,3.0,572.0,51.0,0.0,0.0,1.0,1.0,1.0,1.0,2023
Santo André,2,17.0,340.0,0.0,340.0,0.0,0.0,4.0,320.0,16.0,0.0,0.0,1.0,1.0,1.0,1.0,2023
São Bernardo do Campo,2,54.0,1753.0,0.0,559.0,0.0,0.0,0.0,500.0,1016.0,237.0,0.0,1.0,1.0,1.0,0.0,2023
São Paulo,2,54.0,1586.0,0.0,675.0,0.0,0.0,0.0,588.0,911.0,87.0,0.0,1.0,1.0,1.0,1.0,2023
Lorena,2,14.0,213.0,0.0,213.0,0.0,0.0,5.0,192.0,16.0,0.0,0.0,1.0,1.0,1.0,0.0,2023
Rio Grande da Serra,2,27.0,397.0,162.0,145.0,0.0,2.0,156.0,135.0,96.0,8.0,0.0,1.0,1.0,1.0,1.0,2023
Araçatuba,2,50.0,1137.0,0.0,454.0,0.0,0.0,2.0,430.0,651.0,54.0,0.0,1.0,1.0,1.0,0.0,2023
Araçatuba,2,16.0,241.0,0.0,174.0,0.0,0.0,1.0,164.0,72.0,4.0,0.0,1.0,1.0,1.0,0.0,2023
Guararapes,2,32.0,653.0,0.0,404.0,0.0,0.0,1.0,374.0,269.0,9.0,0.0,1.0,1.0,1.0,1.0,2023
Americana,2,25.0,362.0,0.0,275.0,0.0,0.0,5.0,255.0,99.0,3.0,0.0,1.0,1.0,1.0,0.0,2023
Americana,2,22.0,257.0,0.0,257.0,0.0,0.0,10.0,241.0,6.0,0.0,0.0,1.0,1.0,1.0,0.0,2023
Atibaia,2,20.0,453.0,0.0,453.0,0.0,0.0,0.0,430.0,23.0,0.0,0.0,1.0,1.0,1.0,1.0,2023
Bragança Paulista,2,31.0,570.0,0.0,307.0,0.0,0.0,4.0,284.0,262.0,20.0,0.0,1.0,1.0,1.0,0.0,2023
Bragança Paulista,2,33.0,856.0,0.0,386.0,0.0,0.0,3.0,367.0,433.0,53.0,0.0,1.0,1.0,1.0,0.0,2023
Campinas,2,25.0,387.0,0.0,269.0,0.0,0.0,1.0,253.0,128.0,5.0,0.0,1.0,1.0,1.0,0.0,2023
Campinas,2,14.0,174.0,174.0,0.0,0.0,0.0,170.0,4.0,0.0,0.0,0.0,0.0,1.0,1.0,0.0,2023
Campinas,2,47.0,1280.0,61.0,558.0,0.0,0.0,40.0,536.0,620.0,84.0,0.0,1.0,1.0,1.0,0.0,2023
Campinas,2,33.0,617.0,241.0,204.0,0.0,0.0,229.0,195.0,165.0,28.0,0.0,0.0,1.0,1.0,1.0,2023
Campinas,2,90.0,2652.0,1091.0,773.0,0.0,1.0,1020.0,740.0,693.0,198.0,0.0,1.0,1.0,1.0,1.0,2023
Campinas,2,25.0,404.0,0.0,248.0,0.0,0.0,0.0,221.0,176.0,7.0,0.0,1.0,1.0,1.0,0.0,2023
Campinas,2,10.0,141.0,141.0,0.0,0.0,0.0,134.0,7.0,0.0,0.0,0.0,1.0,1.0,1.0,1.0,2023
Indaiatuba,2,22.0,396.0,0.0,243.0,0.0,0.0,0.0,220.0,170.0,6.0,0.0,1.0,1.0,1.0,0.0,2023
Itobi,2,13.0,179.0,179.0,0.0,0.0,0.0,171.0,8.0,0.0,0.0,0.0,1.0,1.0,1.0,0.0,2023
Leme,2,15.0,106.0,0.0,55.0,0.0,0.0,0.0,48.0,56.0,2.0,0.0,1.0,1.0,0.0,1.0,2023
Pedreira,2,14.0,259.0,0.0,259.0,0.0,0.0,1.0,253.0,5.0,0.0,0.0,1.0,1.0,1.0,1.0,2023
Pirassununga,2,24.0,345.0,0.0,226.0,0.0,0.0,6.0,210.0,119.0,10.0,0.0,1.0,1.0,1.0,0.0,2023
Pirassununga,2,26.0,357.0,0.0,239.0,0.0,0.0,4.0,220.0,124.0,9.0,0.0,1.0,1.0,1.0,1.0,2023
Santa Bárbara d'Oeste,2,32.0,579.0,0.0,289.0,0.0,0.0,7.0,273.0,284.0,15.0,0.0,0.0,1.0,1.0,0.0,2023
Santa Bárbara d'Oeste,2,26.0,490.0,0.0,122.0,0.0,0.0,2.0,117.0,348.0,23.0,0.0,1.0,1.0,1.0,0.0,2023
Santa Cruz das Palmeiras,2,38.0,776.0,0.0,427.0,0.0,0.0,0.0,388.0,340.0,48.0,0.0,1.0,1.0,1.0,0.0,2023
Santo Antônio de Posse,2,,,,,,,,,,,,,,,,2023
São João da Boa Vista,2,,,,,,,,,,,,,,,,2023
Hortolândia,2,27.0,346.0,0.0,246.0,0.0,0.0,0.0,219.0,120.0,7.0,0.0,1.0,1.0,1.0,0.0,2023
Hortolândia,2,,,,,,,,,,,,,,,,2023
Hortolândia,2,,,,,,,,,,,,,,,,2023
São Paulo,2,29.0,546.0,0.0,274.0,0.0,0.0,2.0,268.0,247.0,29.0,1.0,1.0,1.0,1.0,1.0,2023
Marília,2,28.0,408.0,0.0,408.0,0.0,0.0,8.0,384.0,16.0,0.0,0.0,0.0,1.0,1.0,0.0,2023
Marília,2,33.0,436.0,0.0,295.0,0.0,0.0,4.0,287.0,138.0,7.0,0.0,0.0,1.0,1.0,1.0,2023
Teodoro Sampaio,2,,,,,,,,,,,,,,,,2023
Rosana,2,15.0,144.0,0.0,111.0,0.0,0.0,2.0,105.0,35.0,2.0,0.0,1.0,1.0,1.0,0.0,2023
Américo Brasiliense,2,51.0,839.0,0.0,188.0,0.0,0.0,0.0,166.0,435.0,238.0,0.0,1.0,1.0,1.0,1.0,2023
Araraquara,2,23.0,393.0,393.0,0.0,0.0,0.0,386.0,7.0,0.0,0.0,0.0,0.0,1.0,1.0,1.0,2023
Barretos,2,36.0,943.0,0.0,384.0,0.0,0.0,0.0,343.0,559.0,41.0,0.0,1.0,1.0,1.0,1.0,2023
Barretos,2,15.0,99.0,0.0,62.0,0.0,0.0,0.0,58.0,36.0,5.0,0.0,0.0,1.0,1.0,0.0,2023
Dobrada,2,13.0,260.0,260.0,0.0,0.0,0.0,259.0,1.0,0.0,0.0,0.0,1.0,1.0,0.0,1.0,2023
Franca,2,33.0,554.0,0.0,554.0,0.0,0.0,0.0,511.0,43.0,0.0,0.0,1.0,1.0,1.0,1.0,2023
Franca,2,17.0,269.0,269.0,0.0,0.0,0.0,259.0,10.0,0.0,0.0,0.0,0.0,1.0,1.0,1.0,2023
Franca,2,11.0,206.0,206.0,0.0,0.0,0.0,194.0,12.0,0.0,0.0,0.0,1.0,1.0,1.0,0.0,2023
Ibaté,2,22.0,380.0,0.0,278.0,0.0,0.0,5.0,274.0,100.0,1.0,0.0,1.0,1.0,1.0,1.0,2023
Morro Agudo,2,,,,,,,,,,,,,,,,2023
Ribeirão Preto,2,14.0,274.0,0.0,274.0,0.0,0.0,2.0,249.0,23.0,0.0,0.0,1.0,1.0,1.0,1.0,2023
Ribeirão Preto,2,33.0,494.0,162.0,167.0,0.0,0.0,155.0,156.0,171.0,12.0,0.0,1.0,1.0,1.0,0.0,2023
Santa Rita do Passa Quatro,2,30.0,641.0,0.0,203.0,0.0,0.0,4.0,192.0,376.0,69.0,0.0,1.0,1.0,1.0,0.0,2023
São Carlos,2,22.0,407.0,149.0,92.0,0.0,0.0,146.0,94.0,155.0,12.0,0.0,1.0,1.0,1.0,1.0,2023
Itanhaém,2,35.0,416.0,0.0,104.0,0.0,0.0,0.0,95.0,278.0,43.0,0.0,1.0,1.0,1.0,0.0,2023
Itanhaém,2,,,,,,,,,,,,,,,,2023
Itanhaém,2,,,,,,,,,,,,,,,,2023
Itanhaém,2,,,,,,,,,,,,,,,,2023
Praia Grande,2,55.0,1121.0,0.0,184.0,0.0,0.0,0.0,139.0,870.0,112.0,0.0,1.0,1.0,1.0,0.0,2023
Guaratinguetá,2,,,,,,,,,,,,,,,,2023
Jacareí,2,40.0,642.0,0.0,353.0,0.0,0.0,0.0,332.0,247.0,63.0,0.0,1.0,1.0,1.0,0.0,2023
Pindamonhangaba,2,29.0,429.0,0.0,315.0,0.0,0.0,8.0,289.0,124.0,8.0,0.0,1.0,1.0,1.0,0.0,2023
Pindamonhangaba,2,22.0,387.0,0.0,387.0,0.0,0.0,5.0,369.0,13.0,0.0,0.0,1.0,1.0,1.0,0.0,2023
Fernandópolis,2,23.0,278.0,0.0,181.0,0.0,0.0,2.0,170.0,94.0,12.0,0.0,1.0,1.0,1.0,1.0,2023
São José do Rio Preto,2,45.0,1357.0,0.0,587.0,0.0,0.0,0.0,537.0,754.0,66.0,0.0,1.0,1.0,1.0,1.0,2023
São José do Rio Preto,2,38.0,1042.0,0.0,443.0,0.0,0.0,1.0,397.0,570.0,74.0,0.0,1.0,1.0,1.0,1.0,2023
Votuporanga,2,28.0,498.0,0.0,388.0,0.0,0.0,12.0,366.0,117.0,3.0,0.0,0.0,1.0,1.0,1.0,2023
Boituva,2,32.0,535.0,0.0,0.0,0.0,0.0,0.0,5.0,503.0,27.0,0.0,1.0,1.0,1.0,0.0,2023
Iperó,2,26.0,567.0,0.0,0.0,0.0,0.0,0.0,2.0,490.0,75.0,0.0,1.0,1.0,1.0,1.0,2023
Itapetininga,2,12.0,197.0,197.0,0.0,0.0,3.0,191.0,3.0,0.0,0.0,0.0,0.0,1.0,1.0,1.0,2023
Salto,2,18.0,354.0,354.0,0.0,0.0,0.0,343.0,11.0,0.0,0.0,0.0,1.0,1.0,1.0,1.0,2023
Sarapuí,2,24.0,424.0,0.0,296.0,0.0,0.0,7.0,275.0,134.0,8.0,0.0,1.0,1.0,1.0,1.0,2023
Votorantim,2,26.0,500.0,0.0,302.0,0.0,0.0,6.0,280.0,204.0,10.0,0.0,1.0,1.0,1.0,0.0,2023
Votorantim,2,36.0,661.0,0.0,444.0,0.0,0.0,7.0,405.0,236.0,13.0,0.0,0.0,1.0,1.0,1.0,2023
Iguape,2,15.0,203.0,0.0,114.0,0.0,0.0,3.0,103.0,94.0,3.0,0.0,0.0,1.0,1.0,0.0,2023
São Paulo,2,67.0,2183.0,679.0,501.0,0.0,0.0,654.0,463.0,911.0,155.0,0.0,1.0,1.0,1.0,1.0,2023
São Paulo,2,37.0,735.0,0.0,418.0,0.0,0.0,0.0,376.0,338.0,21.0,0.0,1.0,1.0,1.0,1.0,2023
Caieiras,2,31.0,538.0,0.0,351.0,0.0,0.0,7.0,343.0,185.0,3.0,0.0,1.0,1.0,1.0,0.0,2023
São Paulo,2,35.0,280.0,61.0,110.0,0.0,0.0,61.0,109.0,95.0,15.0,0.0,1.0,1.0,0.0,1.0,2023
Mairiporã,2,26.0,408.0,0.0,274.0,0.0,0.0,2.0,268.0,132.0,6.0,0.0,0.0,1.0,1.0,1.0,2023
Guarulhos,2,54.0,1254.0,0.0,258.0,0.0,0.0,1.0,241.0,723.0,289.0,1.0,1.0,1.0,1.0,0.0,2023
Suzano,2,40.0,754.0,0.0,409.0,0.0,0.0,2.0,376.0,350.0,26.0,0.0,1.0,1.0,1.0,0.0,2023
Suzano,2,75.0,1641.0,0.0,743.0,0.0,0.0,0.0,689.0,782.0,170.0,0.0,1.0,1.0,1.0,0.0,2023
Suzano,2,56.0,1310.0,199.0,448.0,0.0,0.0,184.0,443.0,635.0,48.0,0.0,1.0,1.0,1.0,1.0,2023
Ferraz de Vasconcelos,2,19.0,319.0,0.0,178.0,0.0,0.0,0.0,165.0,150.0,4.0,0.0,1.0,1.0,1.0,0.0,2023
Mogi das Cruzes,2,61.0,1321.0,0.0,488.0,0.0,0.0,1.0,451.0,736.0,133.0,0.0,1.0,1.0,1.0,0.0,2023
Carapicuíba,2,40.0,969.0,0.0,642.0,0.0,0.0,8.0,619.0,324.0,18.0,0.0,1.0,1.0,1.0,1.0,2023
Itapevi,2,60.0,1355.0,0.0,694.0,0.0,0.0,18.0,671.0,607.0,59.0,0.0,1.0,1.0,1.0,0.0,2023
Cotia,2,74.0,2464.0,0.0,986.0,0.0,0.0,18.0,931.0,1260.0,255.0,0.0,0.0,1.0,1.0,1.0,2023
Jandira,2,29.0,548.0,0.0,350.0,0.0,0.0,7.0,327.0,203.0,11.0,0.0,1.0,1.0,1.0,1.0,2023
Embu das Artes,2,53.0,1534.0,0.0,637.0,0.0,0.0,1.0,586.0,774.0,173.0,0.0,1.0,1.0,1.0,0.0,2023
Embu das Artes,2,16.0,301.0,151.0,150.0,0.0,1.0,148.0,150.0,2.0,0.0,0.0,1.0,1.0,1.0,1.0,2023
Barueri,2,27.0,429.0,0.0,0.0,0.0,0.0,0.0,1.0,343.0,85.0,0.0,1.0,1.0,1.0,1.0,2023
Carapicuíba,2,33.0,599.0,335.0,264.0,0.0,2.0,334.0,240.0,23.0,0.0,0.0,0.0,1.0,1.0,1.0,2023
Carapicuíba,2,21.0,434.0,434.0,0.0,0.0,1.0,428.0,5.0,0.0,0.0,0.0,1.0,1.0,1.0,1.0,2023
Itaquaquecetuba,2,33.0,642.0,0.0,428.0,0.0,0.0,7.0,397.0,230.0,8.0,0.0,1.0,1.0,1.0,1.0,2023
Monte Mor,2,,,,,,,,,,,,,,,,2023
Itaquaquecetuba,2,,,,,,,,,,,,,,,,2023
Taboão da Serra,2,22.0,309.0,0.0,219.0,0.0,0.0,10.0,207.0,87.0,5.0,1.0,0.0,1.0,1.0,1.0,2023
Embu das Artes,2,45.0,930.0,0.0,375.0,0.0,0.0,2.0,334.0,501.0,93.0,0.0,1.0,1.0,1.0,0.0,2023
São Bernardo do Campo,2,35.0,852.0,0.0,417.0,0.0,0.0,0.0,388.0,442.0,22.0,0.0,1.0,1.0,1.0,1.0,2023
São Bernardo do Campo,2,52.0,1160.0,0.0,476.0,0.0,0.0,2.0,439.0,565.0,154.0,0.0,1.0,1.0,1.0,1.0,2023
São Bernardo do Campo,2,39.0,755.0,0.0,349.0,0.0,0.0,0.0,319.0,326.0,110.0,0.0,1.0,1.0,1.0,0.0,2023
São Paulo,2,31.0,650.0,650.0,0.0,0.0,0.0,613.0,36.0,1.0,0.0,0.0,1.0,1.0,1.0,0.0,2023
Itanhaém,2,,,,,,,,,,,,,,,,2023
Euclides da Cunha Paulista,2,35.0,419.0,0.0,131.0,0.0,0.0,0.0,117.0,254.0,48.0,0.0,1.0,1.0,1.0,1.0,2023
Barueri,2,17.0,277.0,0.0,0.0,0.0,0.0,0.0,1.0,253.0,23.0,0.0,1.0,1.0,1.0,1.0,2023
São Paulo,2,47.0,719.0,386.0,333.0,0.0,0.0,369.0,315.0,35.0,0.0,0.0,1.0,1.0,0.0,0.0,2023
Guarulhos,2,23.0,415.0,415.0,0.0,0.0,0.0,397.0,18.0,0.0,0.0,0.0,0.0,1.0,1.0,1.0,2023
Guarulhos,2,65.0,2021.0,0.0,846.0,0.0,0.0,2.0,797.0,1113.0,109.0,0.0,0.0,1.0,1.0,1.0,2023
Guarulhos,2,31.0,552.0,0.0,363.0,0.0,0.0,0.0,334.0,198.0,20.0,0.0,0.0,1.0,1.0,1.0,2023
Guarujá,2,69.0,1931.0,0.0,507.0,0.0,0.0,0.0,473.0,1277.0,181.0,0.0,1.0,1.0,1.0,0.0,2023
Arujá,2,25.0,384.0,0.0,279.0,0.0,0.0,4.0,255.0,118.0,7.0,0.0,0.0,1.0,1.0,0.0,2023
Suzano,2,82.0,2410.0,0.0,842.0,0.0,0.0,3.0,761.0,1471.0,175.0,0.0,1.0,1.0,1.0,0.0,2023
Ferraz de Vasconcelos,2,54.0,1201.0,0.0,483.0,0.0,0.0,0.0,447.0,654.0,100.0,0.0,1.0,1.0,1.0,0.0,2023
São Paulo,2,25.0,495.0,236.0,259.0,0.0,0.0,232.0,234.0,29.0,0.0,0.0,0.0,1.0,1.0,0.0,2023
São Paulo,2,29.0,636.0,636.0,0.0,0.0,0.0,613.0,23.0,0.0,0.0,0.0,1.0,1.0,1.0,0.0,2023
São Paulo,2,23.0,463.0,463.0,0.0,0.0,0.0,448.0,15.0,0.0,0.0,0.0,1.0,1.0,1.0,1.0,2023
São Paulo,2,28.0,610.0,610.0,0.0,0.0,0.0,584.0,26.0,0.0,0.0,0.0,0.0,1.0,1.0,0.0,2023
São Paulo,2,20.0,412.0,412.0,0.0,0.0,0.0,396.0,16.0,0.0,0.0,0.0,1.0,1.0,1.0,0.0,2023
São Paulo,2,24.0,420.0,420.0,0.0,0.0,0.0,404.0,16.0,0.0,0.0,0.0,1.0,1.0,1.0,0.0,2023
São Paulo,2,35.0,809.0,809.0,0.0,0.0,0.0,760.0,49.0,0.0,0.0,0.0,0.0,1.0,1.0,1.0,2023
São Paulo,2,19.0,417.0,417.0,0.0,0.0,0.0,403.0,14.0,0.0,0.0,0.0,1.0,1.0,1.0,0.0,2023
São Paulo,2,25.0,547.0,547.0,0.0,0.0,0.0,528.0,18.0,1.0,0.0,0.0,1.0,1.0,1.0,1.0,2023
São Paulo,2,31.0,601.0,601.0,0.0,0.0,0.0,586.0,15.0,0.0,0.0,1.0,1.0,1.0,1.0,0.0,2023
São Paulo,2,40.0,892.0,131.0,261.0,0.0,0.0,124.0,241.0,450.0,77.0,0.0,1.0,1.0,1.0,0.0,2023
São Paulo,2,22.0,363.0,363.0,0.0,0.0,0.0,350.0,13.0,0.0,0.0,0.0,1.0,1.0,1.0,1.0,2023
São Paulo,2,34.0,797.0,258.0,298.0,0.0,0.0,237.0,294.0,223.0,43.0,1.0,1.0,1.0,1.0,0.0,2023
São Paulo,2,30.0,647.0,647.0,0.0,0.0,0.0,621.0,26.0,0.0,0.0,0.0,1.0,1.0,1.0,0.0,2023
São Paulo,2,15.0,229.0,0.0,0.0,0.0,0.0,0.0,3.0,215.0,11.0,0.0,0.0,1.0,1.0,1.0,2023
São Paulo,2,21.0,330.0,0.0,177.0,0.0,0.0,0.0,165.0,149.0,16.0,0.0,1.0,1.0,1.0,0.0,2023
São Paulo,2,33.0,709.0,0.0,287.0,0.0,0.0,0.0,262.0,400.0,47.0,1.0,1.0,1.0,1.0,1.0,2023
São Paulo,2,11.0,160.0,160.0,0.0,0.0,0.0,160.0,0.0,0.0,0.0,0.0,1.0,1.0,1.0,1.0,2023
São Paulo,2,38.0,829.0,0.0,502.0,0.0,0.0,2.0,464.0,343.0,20.0,0.0,1.0,1.0,0.0,0.0,2023
São Paulo,2,31.0,590.0,0.0,590.0,0.0,0.0,0.0,512.0,78.0,0.0,1.0,1.0,1.0,1.0,1.0,2023
São Paulo,2,55.0,1615.0,0.0,749.0,0.0,0.0,0.0,690.0,866.0,59.0,0.0,1.0,1.0,1.0,0.0,2023
São Paulo,2,39.0,850.0,850.0,0.0,0.0,0.0,818.0,32.0,0.0,0.0,1.0,1.0,1.0,1.0,1.0,2023
São Paulo,2,21.0,347.0,347.0,0.0,0.0,0.0,327.0,20.0,0.0,0.0,0.0,1.0,1.0,1.0,0.0,2023
São Paulo,2,40.0,818.0,0.0,508.0,0.0,0.0,2.0,465.0,327.0,24.0,0.0,0.0,1.0,1.0,1.0,2023
São Paulo,2,33.0,746.0,746.0,0.0,0.0,0.0,715.0,31.0,0.0,0.0,0.0,1.0,1.0,1.0,1.0,2023
São Paulo,2,33.0,741.0,741.0,0.0,0.0,0.0,696.0,45.0,0.0,0.0,0.0,1.0,1.0,1.0,0.0,2023
Carapicuíba,2,98.0,2736.0,0.0,1329.0,0.0,0.0,30.0,1216.0,1414.0,76.0,0.0,1.0,1.0,1.0,0.0,2023
Araçatuba,2,36.0,876.0,0.0,298.0,0.0,0.0,1.0,288.0,544.0,43.0,0.0,0.0,1.0,1.0,1.0,2023
Igaraçu do Tietê,2,40.0,736.0,0.0,378.0,0.0,0.0,2.0,344.0,369.0,21.0,0.0,1.0,1.0,1.0,0.0,2023
Jaú,2,23.0,354.0,0.0,264.0,0.0,0.0,2.0,227.0,121.0,4.0,0.0,1.0,1.0,1.0,0.0,2023
Lins,2,13.0,232.0,232.0,0.0,0.0,0.0,224.0,8.0,0.0,0.0,0.0,1.0,1.0,1.0,1.0,2023
Santa Bárbara d'Oeste,2,31.0,490.0,223.0,267.0,0.0,1.0,226.0,257.0,6.0,0.0,0.0,1.0,1.0,1.0,0.0,2023
Atibaia,2,,,,,,,,,,,,,,,,2023
Bragança Paulista,2,17.0,417.0,0.0,0.0,0.0,0.0,0.0,9.0,381.0,27.0,1.0,1.0,1.0,1.0,1.0,2023
Bragança Paulista,2,42.0,1124.0,0.0,501.0,0.0,0.0,7.0,463.0,596.0,58.0,0.0,1.0,1.0,1.0,1.0,2023
Piracaia,2,39.0,540.0,0.0,287.0,0.0,0.0,8.0,246.0,274.0,12.0,0.0,0.0,1.0,1.0,0.0,2023
Cosmópolis,2,13.0,227.0,0.0,0.0,0.0,0.0,0.0,7.0,206.0,14.0,0.0,1.0,1.0,1.0,1.0,2023
Campinas,2,24.0,636.0,636.0,0.0,0.0,0.0,603.0,33.0,0.0,0.0,0.0,1.0,1.0,1.0,0.0,2023
Indaiatuba,2,25.0,492.0,0.0,388.0,0.0,0.0,1.0,353.0,134.0,4.0,0.0,1.0,1.0,1.0,1.0,2023
Indaiatuba,2,27.0,517.0,0.0,281.0,0.0,0.0,2.0,248.0,246.0,21.0,0.0,1.0,1.0,1.0,0.0,2023
Indaiatuba,2,49.0,1757.0,0.0,683.0,0.0,0.0,1.0,658.0,964.0,134.0,0.0,1.0,1.0,1.0,0.0,2023
Itupeva,2,35.0,1010.0,0.0,513.0,0.0,0.0,5.0,490.0,470.0,45.0,0.0,1.0,1.0,1.0,0.0,2023
Jundiaí,2,58.0,1392.0,0.0,711.0,0.0,0.0,1.0,693.0,676.0,22.0,0.0,1.0,1.0,1.0,1.0,2023
Conchal,2,17.0,275.0,0.0,275.0,0.0,0.0,3.0,268.0,4.0,0.0,0.0,0.0,1.0,1.0,0.0,2023
Limeira,2,44.0,954.0,0.0,331.0,0.0,0.0,1.0,298.0,593.0,62.0,0.0,1.0,1.0,1.0,1.0,2023
Mogi Mirim,2,,,,,,,,,,,,,,,,2023
Piracicaba,2,13.0,246.0,246.0,0.0,0.0,0.0,234.0,12.0,0.0,0.0,0.0,0.0,1.0,1.0,0.0,2023
Brotas,2,34.0,851.0,0.0,212.0,0.0,0.0,0.0,197.0,499.0,155.0,0.0,1.0,1.0,1.0,1.0,2023
Rio Claro,2,30.0,716.0,0.0,288.0,0.0,0.0,1.0,267.0,424.0,24.0,0.0,1.0,1.0,1.0,0.0,2023
Hortolândia,2,14.0,303.0,0.0,303.0,0.0,0.0,1.0,289.0,13.0,0.0,0.0,1.0,1.0,1.0,1.0,2023
Sumaré,2,25.0,319.0,64.0,161.0,0.0,0.0,67.0,156.0,93.0,3.0,0.0,1.0,1.0,1.0,0.0,2023
Hortolândia,2,52.0,1667.0,0.0,754.0,0.0,0.0,3.0,710.0,888.0,66.0,0.0,1.0,1.0,1.0,0.0,2023
Santa Cruz do Rio Pardo,2,16.0,356.0,356.0,0.0,0.0,0.0,352.0,4.0,0.0,0.0,0.0,1.0,1.0,1.0,0.0,2023
Teodoro Sampaio,2,23.0,123.0,49.0,46.0,0.0,0.0,49.0,43.0,29.0,2.0,0.0,1.0,1.0,1.0,1.0,2023
Euclides da Cunha Paulista,2,13.0,89.0,0.0,32.0,0.0,0.0,0.0,33.0,52.0,4.0,0.0,1.0,1.0,1.0,0.0,2023
Matão,2,28.0,301.0,0.0,301.0,0.0,0.0,7.0,284.0,10.0,0.0,0.0,1.0,1.0,1.0,1.0,2023
Ribeirão Preto,2,18.0,418.0,418.0,0.0,0.0,0.0,383.0,35.0,0.0,0.0,1.0,1.0,1.0,1.0,1.0,2023
São Carlos,2,15.0,242.0,242.0,0.0,0.0,0.0,229.0,13.0,0.0,0.0,1.0,1.0,1.0,1.0,1.0,2023
Itápolis,2,9.0,144.0,144.0,0.0,0.0,0.0,138.0,6.0,0.0,0.0,0.0,1.0,1.0,0.0,1.0,2023
Bertioga,2,33.0,786.0,0.0,443.0,0.0,0.0,2.0,400.0,352.0,32.0,0.0,1.0,1.0,1.0,0.0,2023
Mongaguá,2,,,,,,,,,,,,,,,,2023
Santos,2,31.0,700.0,0.0,310.0,0.0,0.0,0.0,276.0,384.0,40.0,0.0,1.0,1.0,1.0,0.0,2023
Praia Grande,2,28.0,394.0,0.0,264.0,0.0,0.0,0.0,230.0,152.0,12.0,0.0,0.0,1.0,1.0,1.0,2023
Praia Grande,2,56.0,1062.0,0.0,380.0,0.0,0.0,1.0,335.0,652.0,74.0,0.0,1.0,1.0,1.0,0.0,2023
Praia Grande,2,,,,,,,,,,,,,,,,2023
São Vicente,2,41.0,536.0,0.0,272.0,0.0,0.0,1.0,237.0,170.0,128.0,0.0,0.0,1.0,1.0,0.0,2023
São Vicente,2,48.0,754.0,0.0,363.0,0.0,0.0,1.0,306.0,381.0,66.0,0.0,1.0,1.0,1.0,0.0,2023
São Vicente,2,17.0,344.0,0.0,344.0,0.0,0.0,0.0,323.0,21.0,0.0,0.0,1.0,1.0,1.0,1.0,2023
São Vicente,2,31.0,513.0,0.0,328.0,0.0,0.0,0.0,283.0,212.0,18.0,0.0,1.0,1.0,1.0,0.0,2023
Caraguatatuba,2,43.0,1057.0,0.0,400.0,0.0,0.0,5.0,371.0,639.0,42.0,0.0,0.0,1.0,1.0,0.0,2023
Cruzeiro,2,,,,,,,,,,,,,,,,2023
Cruzeiro,2,,,,,,,,,,,,,,,,2023
Jacareí,2,,,,,,,,,,,,,,,,2023
Urânia,2,13.0,164.0,164.0,0.0,0.0,0.0,161.0,3.0,0.0,0.0,0.0,1.0,1.0,1.0,0.0,2023
Guapiara,2,13.0,68.0,0.0,0.0,0.0,0.0,0.0,3.0,63.0,2.0,0.0,1.0,1.0,1.0,0.0,2023
Botucatu,2,,,,,,,,,,,,,,,,2023
Itatinga,2,44.0,855.0,0.0,266.0,0.0,0.0,4.0,246.0,534.0,71.0,0.0,0.0,1.0,1.0,0.0,2023
Capão Bonito,2,40.0,691.0,0.0,432.0,0.0,0.0,3.0,429.0,241.0,18.0,0.0,1.0,1.0,1.0,1.0,2023
Itaberá,2,19.0,233.0,233.0,0.0,0.0,0.0,232.0,1.0,0.0,0.0,0.0,1.0,1.0,1.0,1.0,2023
Porto Feliz,2,12.0,110.0,0.0,0.0,0.0,0.0,0.0,6.0,100.0,4.0,0.0,1.0,1.0,1.0,0.0,2023
Taquarituba,2,31.0,476.0,0.0,227.0,0.0,0.0,0.0,214.0,216.0,46.0,0.0,1.0,1.0,1.0,0.0,2023
Sorocaba,2,,,,,,,,,,,,,,,,2023
Piedade,2,14.0,161.0,0.0,112.0,0.0,0.0,1.0,110.0,49.0,1.0,0.0,1.0,1.0,1.0,0.0,2023
Eldorado,2,8.0,42.0,0.0,42.0,0.0,0.0,0.0,39.0,3.0,0.0,0.0,1.0,1.0,0.0,0.0,2023
Itaquaquecetuba,2,48.0,784.0,0.0,450.0,0.0,0.0,9.0,413.0,337.0,25.0,0.0,1.0,1.0,1.0,1.0,2023
Poá,2,26.0,490.0,0.0,291.0,0.0,0.0,1.0,276.0,208.0,5.0,0.0,1.0,1.0,1.0,0.0,2023
Ribeirão Pires,2,24.0,335.0,0.0,263.0,0.0,0.0,7.0,254.0,71.0,3.0,0.0,1.0,1.0,1.0,0.0,2023
Ribeirão Pires,2,25.0,519.0,328.0,191.0,0.0,0.0,329.0,180.0,10.0,0.0,0.0,1.0,1.0,1.0,0.0,2023
Diadema,2,51.0,1000.0,0.0,634.0,0.0,0.0,16.0,607.0,349.0,28.0,0.0,1.0,1.0,1.0,1.0,2023
Diadema,2,27.0,535.0,0.0,535.0,0.0,0.0,14.0,505.0,16.0,0.0,0.0,1.0,1.0,1.0,0.0,2023
Diadema,2,22.0,230.0,0.0,183.0,0.0,0.0,7.0,175.0,46.0,2.0,0.0,1.0,1.0,1.0,1.0,2023
São Paulo,2,47.0,1121.0,0.0,165.0,0.0,0.0,0.0,145.0,836.0,140.0,0.0,1.0,1.0,1.0,0.0,2023
São Paulo,2,27.0,617.0,617.0,0.0,0.0,0.0,584.0,33.0,0.0,0.0,0.0,1.0,1.0,0.0,0.0,2023
São Paulo,2,54.0,1324.0,0.0,373.0,0.0,0.0,1.0,326.0,748.0,249.0,0.0,1.0,1.0,1.0,1.0,2023
São Paulo,2,46.0,757.0,0.0,501.0,0.0,0.0,1.0,455.0,286.0,15.0,0.0,1.0,1.0,1.0,1.0,2023
São Paulo,2,36.0,864.0,864.0,0.0,0.0,0.0,830.0,34.0,0.0,0.0,0.0,1.0,1.0,1.0,1.0,2023
São Paulo,2,70.0,1979.0,0.0,677.0,0.0,0.0,0.0,624.0,1186.0,169.0,0.0,1.0,1.0,1.0,1.0,2023
São Paulo,2,34.0,891.0,891.0,0.0,0.0,0.0,855.0,35.0,1.0,0.0,0.0,1.0,1.0,1.0,1.0,2023
São Paulo,2,35.0,546.0,0.0,401.0,0.0,0.0,0.0,363.0,171.0,12.0,0.0,1.0,1.0,1.0,0.0,2023
Sumaré,2,37.0,499.0,80.0,303.0,0.0,0.0,80.0,285.0,129.0,5.0,0.0,1.0,1.0,1.0,0.0,2023
Arujá,2,32.0,815.0,0.0,386.0,0.0,0.0,7.0,357.0,431.0,20.0,0.0,1.0,1.0,1.0,0.0,2023
Santa Isabel,2,21.0,275.0,0.0,198.0,0.0,0.0,2.0,187.0,85.0,1.0,0.0,1.0,1.0,1.0,0.0,2023
Mogi das Cruzes,2,44.0,745.0,0.0,745.0,0.0,0.0,1.0,706.0,38.0,0.0,0.0,0.0,1.0,1.0,0.0,2023
Mogi das Cruzes,2,6.0,71.0,0.0,71.0,0.0,0.0,0.0,65.0,6.0,0.0,0.0,1.0,1.0,1.0,0.0,2023
Registro,2,8.0,58.0,0.0,58.0,0.0,0.0,1.0,55.0,2.0,0.0,0.0,1.0,1.0,1.0,0.0,2023
Osasco,2,47.0,969.0,0.0,969.0,0.0,0.0,1.0,902.0,66.0,0.0,0.0,0.0,1.0,1.0,1.0,2023
Itapevi,2,45.0,1037.0,0.0,530.0,0.0,0.0,5.0,506.0,475.0,51.0,1.0,1.0,1.0,1.0,1.0,2023
Barueri,2,25.0,635.0,0.0,0.0,0.0,0.0,0.0,1.0,386.0,248.0,0.0,0.0,1.0,1.0,1.0,2023
Serra Negra,2,,,,,,,,,,,,,,,,2023
Itupeva,2,43.0,1353.0,0.0,598.0,0.0,0.0,10.0,582.0,621.0,140.0,0.0,0.0,1.0,0.0,0.0,2023
Jarinu,2,45.0,1649.0,0.0,728.0,0.0,0.0,11.0,663.0,820.0,155.0,0.0,0.0,1.0,1.0,0.0,2023
Itapetininga,2,27.0,337.0,0.0,189.0,0.0,0.0,4.0,182.0,145.0,6.0,0.0,1.0,1.0,1.0,0.0,2023
Juquitiba,2,31.0,373.0,202.0,171.0,0.0,0.0,203.0,167.0,3.0,0.0,0.0,1.0,1.0,0.0,0.0,2023
Cotia,2,36.0,752.0,0.0,463.0,0.0,0.0,13.0,413.0,307.0,19.0,0.0,0.0,1.0,1.0,0.0,2023
Cotia,2,23.0,440.0,0.0,440.0,0.0,0.0,7.0,422.0,11.0,0.0,0.0,0.0,1.0,1.0,1.0,2023
Campo Limpo Paulista,2,35.0,741.0,0.0,453.0,0.0,0.0,10.0,424.0,290.0,17.0,0.0,1.0,1.0,1.0,0.0,2023
Franco da Rocha,2,40.0,721.0,0.0,476.0,0.0,0.0,12.0,457.0,247.0,5.0,0.0,0.0,1.0,1.0,0.0,2023
São Lourenço da Serra,2,20.0,233.0,0.0,150.0,0.0,0.0,5.0,140.0,81.0,7.0,0.0,0.0,1.0,0.0,0.0,2023
Embu das Artes,2,37.0,743.0,0.0,444.0,0.0,0.0,1.0,415.0,294.0,33.0,0.0,1.0,1.0,1.0,1.0,2023
São Bernardo do Campo,2,29.0,545.0,0.0,345.0,0.0,0.0,0.0,329.0,206.0,10.0,0.0,1.0,1.0,1.0,0.0,2023
São Paulo,2,42.0,891.0,891.0,0.0,0.0,0.0,842.0,48.0,1.0,0.0,0.0,1.0,1.0,1.0,0.0,2023
São Paulo,2,14.0,183.0,0.0,0.0,0.0,0.0,0.0,3.0,175.0,5.0,0.0,1.0,1.0,0.0,1.0,2023
São Paulo,2,47.0,1431.0,644.0,0.0,0.0,0.0,612.0,30.0,682.0,107.0,0.0,1.0,1.0,1.0,1.0,2023
Mogi das Cruzes,2,,,,,,,,,,,,,,,,2023
São Paulo,2,94.0,857.0,0.0,0.0,0.0,0.0,0.0,10.0,524.0,323.0,0.0,1.0,1.0,0.0,1.0,2023
São Paulo,2,67.0,1790.0,655.0,435.0,0.0,0.0,627.0,416.0,656.0,91.0,0.0,1.0,1.0,1.0,0.0,2023
São Paulo,2,37.0,637.0,0.0,637.0,0.0,0.0,3.0,560.0,74.0,0.0,0.0,0.0,1.0,1.0,0.0,2023
São Paulo,2,26.0,558.0,558.0,0.0,0.0,0.0,518.0,40.0,0.0,0.0,0.0,1.0,1.0,1.0,1.0,2023
Santo André,2,20.0,423.0,0.0,423.0,0.0,0.0,7.0,388.0,28.0,0.0,0.0,1.0,1.0,1.0,1.0,2023
Mauá,2,22.0,397.0,397.0,0.0,0.0,3.0,391.0,2.0,1.0,0.0,0.0,1.0,1.0,1.0,0.0,2023
Mauá,2,19.0,463.0,463.0,0.0,0.0,0.0,458.0,5.0,0.0,0.0,0.0,1.0,1.0,1.0,0.0,2023
Taquaritinga,2,83.0,1189.0,0.0,0.0,0.0,0.0,0.0,7.0,769.0,413.0,1.0,1.0,1.0,1.0,1.0,2023
Leme,2,58.0,926.0,0.0,0.0,0.0,0.0,0.0,3.0,534.0,389.0,1.0,1.0,1.0,1.0,1.0,2023
Andradina,2,58.0,874.0,0.0,0.0,0.0,0.0,0.0,4.0,525.0,345.0,1.0,1.0,1.0,1.0,1.0,2023
Jales,2,43.0,797.0,0.0,0.0,0.0,0.0,0.0,5.0,548.0,244.0,1.0,1.0,1.0,0.0,1.0,2023
São Paulo,2,35.0,884.0,0.0,0.0,0.0,0.0,0.0,2.0,726.0,156.0,0.0,1.0,1.0,1.0,0.0,2023
São Paulo,2,36.0,640.0,0.0,423.0,0.0,0.0,0.0,382.0,242.0,16.0,0.0,1.0,1.0,1.0,1.0,2023
São Paulo,2,21.0,352.0,352.0,0.0,0.0,0.0,331.0,21.0,0.0,0.0,0.0,1.0,1.0,1.0,0.0,2023
Pederneiras,2,49.0,1103.0,0.0,426.0,0.0,0.0,4.0,381.0,601.0,117.0,0.0,1.0,1.0,1.0,0.0,2023
Várzea Paulista,2,25.0,471.0,0.0,306.0,0.0,0.0,1.0,283.0,175.0,12.0,0.0,0.0,1.0,1.0,0.0,2023
Itapira,2,22.0,360.0,0.0,279.0,0.0,0.0,1.0,249.0,106.0,4.0,0.0,0.0,1.0,1.0,0.0,2023
Rio Claro,2,13.0,174.0,0.0,122.0,0.0,0.0,0.0,110.0,62.0,2.0,0.0,1.0,1.0,0.0,1.0,2023
Dracena,2,29.0,326.0,0.0,256.0,0.0,0.0,2.0,232.0,86.0,6.0,0.0,1.0,1.0,1.0,0.0,2023
Presidente Epitácio,2,12.0,157.0,157.0,0.0,0.0,0.0,151.0,6.0,0.0,0.0,0.0,0.0,1.0,1.0,0.0,2023
Presidente Epitácio,2,13.0,189.0,189.0,0.0,0.0,0.0,183.0,6.0,0.0,0.0,0.0,0.0,1.0,1.0,1.0,2023
Franca,2,46.0,1127.0,0.0,545.0,0.0,0.0,1.0,509.0,569.0,48.0,0.0,1.0,1.0,1.0,0.0,2023
Franca,2,23.0,319.0,0.0,290.0,0.0,0.0,1.0,276.0,42.0,0.0,0.0,1.0,1.0,1.0,1.0,2023
Franca,2,16.0,220.0,0.0,197.0,0.0,0.0,0.0,182.0,38.0,0.0,0.0,1.0,1.0,1.0,1.0,2023
Franca,2,20.0,335.0,335.0,0.0,0.0,0.0,318.0,17.0,0.0,0.0,0.0,1.0,1.0,1.0,1.0,2023
Ribeirão Preto,2,38.0,792.0,792.0,0.0,0.0,0.0,743.0,48.0,1.0,0.0,0.0,0.0,1.0,1.0,1.0,2023
Peruíbe,2,40.0,691.0,0.0,458.0,0.0,0.0,1.0,421.0,251.0,18.0,0.0,1.0,1.0,1.0,1.0,2023
Peruíbe,2,33.0,573.0,0.0,377.0,0.0,0.0,1.0,342.0,223.0,7.0,0.0,0.0,1.0,1.0,1.0,2023
São José dos Campos,2,20.0,327.0,0.0,0.0,0.0,0.0,0.0,0.0,315.0,12.0,0.0,1.0,1.0,1.0,1.0,2023
Mirassol,2,44.0,676.0,0.0,342.0,0.0,0.0,5.0,300.0,305.0,66.0,0.0,1.0,1.0,1.0,1.0,2023
São José do Rio Preto,2,28.0,636.0,0.0,489.0,0.0,0.0,1.0,446.0,173.0,16.0,0.0,1.0,1.0,1.0,1.0,2023
Buri,2,,,,,,,,,,,,,,,,2023
São Paulo,2,54.0,1234.0,396.0,307.0,0.0,0.0,376.0,304.0,368.0,186.0,0.0,1.0,1.0,1.0,1.0,2023
Promissão,2,19.0,206.0,0.0,121.0,0.0,0.0,0.0,120.0,80.0,6.0,0.0,1.0,1.0,1.0,1.0,2023
Atibaia,2,,,,,,,,,,,,,,,,2023
Nazaré Paulista,2,12.0,224.0,0.0,224.0,0.0,0.0,1.0,216.0,7.0,0.0,0.0,1.0,1.0,1.0,1.0,2023
Socorro,2,,,,,,,,,,,,,,,,2023
Campinas,2,26.0,674.0,674.0,0.0,0.0,0.0,665.0,9.0,0.0,0.0,0.0,1.0,1.0,0.0,1.0,2023
Monte Mor,2,,,,,,,,,,,,,,,,2023
São José do Rio Pardo,2,,,,,,,,,,,,,,,,2023
São João da Boa Vista,2,,,,,,,,,,,,,,,,2023
Rosana,2,26.0,103.0,38.0,42.0,0.0,0.0,36.0,43.0,22.0,2.0,0.0,1.0,1.0,1.0,1.0,2023
Miracatu,2,15.0,144.0,0.0,98.0,0.0,0.0,4.0,90.0,48.0,2.0,0.0,0.0,1.0,1.0,0.0,2023
Matão,2,21.0,423.0,423.0,0.0,0.0,0.0,419.0,4.0,0.0,0.0,0.0,1.0,1.0,1.0,0.0,2023
Apiaí,2,17.0,247.0,69.0,91.0,0.0,0.0,70.0,92.0,84.0,1.0,0.0,1.0,1.0,1.0,1.0,2023
Itapirapuã Paulista,2,12.0,111.0,0.0,62.0,0.0,0.0,2.0,62.0,46.0,1.0,0.0,1.0,1.0,1.0,0.0,2023
Ribeirão Preto,2,54.0,868.0,0.0,276.0,0.0,0.0,0.0,237.0,501.0,130.0,1.0,1.0,1.0,1.0,0.0,2023
São Joaquim da Barra,2,31.0,536.0,0.0,359.0,0.0,0.0,4.0,336.0,189.0,7.0,0.0,0.0,1.0,1.0,1.0,2023
Guararema,2,,,,,,,,,,,,,,,,2023
Mogi das Cruzes,2,15.0,328.0,0.0,328.0,0.0,0.0,1.0,306.0,21.0,0.0,0.0,0.0,1.0,1.0,1.0,2023
Mogi das Cruzes,2,8.0,87.0,0.0,87.0,0.0,0.0,0.0,83.0,4.0,0.0,0.0,1.0,1.0,1.0,0.0,2023
São Paulo,2,39.0,803.0,0.0,439.0,0.0,0.0,0.0,412.0,369.0,22.0,0.0,1.0,1.0,1.0,1.0,2023
Itaquaquecetuba,2,79.0,1911.0,0.0,914.0,0.0,0.0,16.0,839.0,966.0,90.0,0.0,1.0,1.0,1.0,0.0,2023
Itaquaquecetuba,2,59.0,1280.0,0.0,603.0,0.0,0.0,12.0,561.0,651.0,56.0,0.0,1.0,1.0,1.0,1.0,2023
Itaquaquecetuba,2,44.0,1131.0,0.0,518.0,0.0,0.0,13.0,464.0,585.0,69.0,0.0,0.0,1.0,1.0,0.0,2023
Itaquaquecetuba,2,60.0,1529.0,278.0,491.0,0.0,0.0,276.0,481.0,681.0,91.0,0.0,1.0,1.0,1.0,0.0,2023
Itaquaquecetuba,2,19.0,197.0,0.0,140.0,0.0,0.0,2.0,130.0,63.0,2.0,0.0,1.0,1.0,1.0,0.0,2023
Itaquaquecetuba,2,27.0,469.0,0.0,294.0,0.0,0.0,3.0,276.0,185.0,5.0,0.0,1.0,1.0,1.0,1.0,2023
Mogi das Cruzes,2,15.0,218.0,0.0,218.0,0.0,0.0,1.0,201.0,15.0,1.0,0.0,1.0,1.0,1.0,0.0,2023
Mogi das Cruzes,2,,,,,,,,,,,,,,,,2023
Mauá,2,48.0,1285.0,317.0,670.0,0.0,0.0,316.0,645.0,309.0,15.0,0.0,1.0,1.0,1.0,0.0,2023
Osasco,2,31.0,528.0,0.0,389.0,0.0,0.0,1.0,368.0,157.0,2.0,0.0,1.0,1.0,1.0,1.0,2023
Embu-Guaçu,2,12.0,250.0,250.0,0.0,0.0,0.0,240.0,10.0,0.0,0.0,0.0,0.0,1.0,0.0,1.0,2023
Jaú,2,,,,,,,,,,,,,,,,2023
Guarulhos,2,26.0,353.0,0.0,215.0,0.0,0.0,0.0,201.0,138.0,14.0,0.0,0.0,1.0,1.0,1.0,2023
Embu das Artes,2,17.0,213.0,85.0,128.0,0.0,0.0,84.0,125.0,4.0,0.0,0.0,0.0,1.0,1.0,1.0,2023
Taboão da Serra,2,32.0,622.0,0.0,408.0,0.0,0.0,3.0,393.0,207.0,19.0,1.0,1.0,1.0,1.0,1.0,2023
Suzano,2,35.0,605.0,121.0,343.0,0.0,0.0,107.0,335.0,27.0,136.0,0.0,1.0,1.0,1.0,1.0,2023
Taboão da Serra,2,62.0,1476.0,0.0,623.0,0.0,0.0,13.0,601.0,596.0,266.0,1.0,1.0,1.0,1.0,1.0,2023
São José dos Campos,2,9.0,120.0,0.0,0.0,0.0,0.0,0.0,0.0,119.0,1.0,0.0,0.0,1.0,1.0,0.0,2023
Igaratá,2,,,,,,,,,,,,,,,,2023
Santa Bárbara d'Oeste,2,11.0,117.0,0.0,117.0,0.0,0.0,0.0,112.0,5.0,0.0,0.0,1.0,1.0,1.0,1.0,2023
Atibaia,2,,,,,,,,,,,,,,,,2023
Atibaia,2,10.0,147.0,147.0,0.0,0.0,0.0,143.0,4.0,0.0,0.0,0.0,1.0,1.0,0.0,0.0,2023
Bragança Paulista,2,26.0,724.0,0.0,309.0,0.0,0.0,5.0,296.0,387.0,36.0,0.0,1.0,1.0,0.0,0.0,2023
Bragança Paulista,2,25.0,432.0,0.0,251.0,0.0,0.0,1.0,243.0,174.0,14.0,0.0,1.0,1.0,1.0,0.0,2023
Nazaré Paulista,2,22.0,398.0,118.0,165.0,0.0,0.0,111.0,153.0,123.0,11.0,0.0,1.0,1.0,1.0,0.0,2023
Socorro,2,35.0,690.0,47.0,242.0,0.0,0.0,52.0,227.0,375.0,36.0,0.0,1.0,1.0,1.0,1.0,2023
Socorro,2,17.0,231.0,23.0,92.0,0.0,0.0,24.0,86.0,115.0,6.0,0.0,1.0,1.0,1.0,0.0,2023
Campinas,2,16.0,230.0,79.0,151.0,0.0,0.0,77.0,143.0,10.0,0.0,0.0,0.0,1.0,1.0,0.0,2023
Indaiatuba,2,,,,,,,,,,,,,,,,2023
Campinas,2,,,,,,,,,,,,,,,,2023
Campinas,2,15.0,277.0,277.0,0.0,0.0,0.0,266.0,11.0,0.0,0.0,0.0,1.0,1.0,1.0,0.0,2023
Monte Mor,2,17.0,270.0,0.0,0.0,0.0,0.0,0.0,10.0,245.0,15.0,0.0,1.0,1.0,1.0,0.0,2023
Monte Mor,2,,,,,,,,,,,,,,,,2023
Jundiaí,2,14.0,270.0,0.0,270.0,0.0,0.0,1.0,257.0,12.0,0.0,0.0,0.0,1.0,1.0,0.0,2023
Santa Bárbara d'Oeste,2,42.0,863.0,0.0,349.0,0.0,0.0,2.0,332.0,493.0,36.0,0.0,1.0,1.0,1.0,0.0,2023
Atibaia,2,,,,,,,,,,,,,,,,2023
Quadra,2,9.0,238.0,0.0,0.0,0.0,0.0,0.0,5.0,209.0,24.0,0.0,1.0,1.0,1.0,0.0,2023
Mogi das Cruzes,2,,,,,,,,,,,,,,,,2023
Poá,2,23.0,337.0,0.0,201.0,0.0,0.0,3.0,180.0,149.0,5.0,0.0,1.0,1.0,1.0,1.0,2023
Juquitiba,2,28.0,340.0,105.0,128.0,0.0,1.0,105.0,125.0,104.0,5.0,0.0,1.0,1.0,1.0,1.0,2023
São Paulo,2,12.0,286.0,286.0,0.0,0.0,0.0,278.0,8.0,0.0,0.0,0.0,0.0,1.0,1.0,0.0,2023
Francisco Morato,2,43.0,1293.0,0.0,681.0,0.0,0.0,15.0,644.0,595.0,39.0,0.0,1.0,1.0,1.0,1.0,2023
Mairiporã,2,18.0,356.0,0.0,356.0,0.0,0.0,3.0,344.0,9.0,0.0,0.0,1.0,1.0,0.0,0.0,2023
Mirassolândia,2,,,,,,,,,,,,,,,,2023
Barra do Chapéu,2,14.0,122.0,0.0,76.0,0.0,0.0,2.0,74.0,46.0,0.0,0.0,0.0,1.0,1.0,0.0,2023
Guapiara,2,14.0,162.0,0.0,102.0,0.0,0.0,2.0,98.0,55.0,7.0,0.0,1.0,1.0,1.0,1.0,2023
Guapiara,2,21.0,168.0,0.0,47.0,0.0,0.0,0.0,48.0,112.0,8.0,0.0,1.0,1.0,1.0,1.0,2023
Ribeirão Branco,2,14.0,175.0,0.0,112.0,0.0,0.0,2.0,106.0,62.0,5.0,0.0,0.0,1.0,1.0,0.0,2023
Ribeirão Branco,2,14.0,62.0,0.0,33.0,0.0,0.0,0.0,33.0,27.0,2.0,0.0,0.0,1.0,1.0,0.0,2023
Santa Bárbara d'Oeste,2,17.0,276.0,0.0,276.0,0.0,0.0,6.0,257.0,13.0,0.0,0.0,1.0,1.0,1.0,1.0,2023
São Paulo,2,27.0,509.0,509.0,0.0,0.0,0.0,484.0,25.0,0.0,0.0,0.0,1.0,1.0,1.0,0.0,2023
Teodoro Sampaio,2,25.0,120.0,38.0,34.0,0.0,0.0,37.0,32.0,36.0,15.0,0.0,0.0,1.0,1.0,0.0,2023
Teodoro Sampaio,2,28.0,141.0,60.0,45.0,0.0,0.0,58.0,45.0,38.0,0.0,0.0,1.0,1.0,1.0,0.0,2023
Ibaté,2,22.0,356.0,0.0,270.0,0.0,0.0,3.0,249.0,103.0,1.0,0.0,0.0,1.0,1.0,1.0,2023
Salto de Pirapora,2,14.0,277.0,0.0,277.0,0.0,0.0,0.0,259.0,18.0,0.0,0.0,1.0,1.0,1.0,0.0,2023
Ferraz de Vasconcelos,2,,,,,,,,,,,,,,,,2023
Bauru,2,13.0,234.0,234.0,0.0,0.0,1.0,227.0,6.0,0.0,0.0,0.0,0.0,1.0,1.0,0.0,2023
São Bernardo do Campo,2,29.0,512.0,0.0,340.0,0.0,0.0,1.0,301.0,191.0,19.0,0.0,1.0,1.0,1.0,1.0,2023
São Paulo,2,18.0,351.0,0.0,0.0,0.0,0.0,0.0,5.0,327.0,19.0,0.0,0.0,1.0,1.0,0.0,2023
Guarulhos,2,79.0,2178.0,0.0,809.0,0.0,0.0,3.0,764.0,1258.0,153.0,0.0,1.0,1.0,1.0,1.0,2023
Birigui,2,23.0,348.0,0.0,241.0,0.0,0.0,2.0,231.0,112.0,3.0,0.0,1.0,1.0,1.0,1.0,2023
Penápolis,2,41.0,686.0,0.0,416.0,0.0,0.0,1.0,362.0,306.0,17.0,0.0,1.0,1.0,1.0,0.0,2023
Igaraçu do Tietê,2,,,,,,,,,,,,,,,,2023
Socorro,2,,,,,,,,,,,,,,,,2023
Campinas,2,31.0,492.0,163.0,152.0,0.0,0.0,154.0,147.0,163.0,28.0,0.0,1.0,1.0,1.0,0.0,2023
Indaiatuba,2,25.0,537.0,0.0,318.0,0.0,0.0,1.0,286.0,234.0,16.0,0.0,1.0,1.0,1.0,0.0,2023
Campinas,2,34.0,757.0,274.0,188.0,0.0,0.0,259.0,188.0,272.0,38.0,0.0,1.0,1.0,1.0,1.0,2023
Jaguariúna,2,28.0,803.0,0.0,0.0,0.0,0.0,0.0,5.0,708.0,90.0,0.0,1.0,1.0,1.0,0.0,2023
Monte Mor,2,33.0,927.0,0.0,281.0,0.0,0.0,2.0,268.0,576.0,81.0,0.0,1.0,1.0,1.0,0.0,2023
Pedreira,2,22.0,261.0,0.0,194.0,0.0,0.0,3.0,189.0,65.0,4.0,0.0,0.0,1.0,1.0,1.0,2023
Casa Branca,2,,,,,,,,,,,,,,,,2023
Mogi Guaçu,2,,,,,,,,,,,,,,,,2023
Elias Fausto,2,,,,,,,,,,,,,,,,2023
Piracicaba,2,15.0,194.0,0.0,136.0,0.0,0.0,0.0,130.0,63.0,1.0,0.0,1.0,1.0,1.0,0.0,2023
Espírito Santo do Pinhal,2,16.0,135.0,39.0,96.0,0.0,0.0,39.0,95.0,1.0,0.0,0.0,1.0,1.0,0.0,0.0,2023
Marília,2,54.0,925.0,0.0,397.0,0.0,0.0,3.0,387.0,512.0,23.0,0.0,0.0,1.0,1.0,1.0,2023
Araraquara,2,43.0,721.0,0.0,331.0,0.0,0.0,0.0,285.0,338.0,98.0,0.0,1.0,1.0,1.0,0.0,2023
Franca,2,18.0,241.0,0.0,190.0,0.0,0.0,0.0,176.0,59.0,6.0,0.0,1.0,1.0,1.0,0.0,2023
Franca,2,31.0,543.0,0.0,353.0,0.0,0.0,0.0,331.0,190.0,22.0,0.0,1.0,1.0,1.0,1.0,2023
Pontal,2,31.0,644.0,0.0,246.0,0.0,0.0,6.0,227.0,307.0,104.0,0.0,1.0,1.0,1.0,1.0,2023
Ibitinga,2,18.0,277.0,0.0,255.0,0.0,0.0,4.0,245.0,26.0,2.0,0.0,1.0,1.0,1.0,0.0,2023
Itápolis,2,15.0,243.0,243.0,0.0,0.0,0.0,236.0,7.0,0.0,0.0,0.0,1.0,1.0,1.0,0.0,2023
São José do Rio Preto,2,42.0,1039.0,0.0,454.0,0.0,0.0,2.0,403.0,563.0,71.0,0.0,1.0,1.0,1.0,1.0,2023
Pindamonhangaba,2,8.0,116.0,0.0,116.0,0.0,0.0,4.0,109.0,2.0,1.0,0.0,1.0,1.0,1.0,1.0,2023
Caçapava,2,40.0,767.0,0.0,432.0,0.0,0.0,7.0,393.0,329.0,38.0,0.0,0.0,1.0,1.0,0.0,2023
Taubaté,2,35.0,712.0,0.0,0.0,0.0,0.0,0.0,15.0,651.0,46.0,0.0,1.0,1.0,1.0,0.0,2023
Avaré,2,19.0,201.0,0.0,201.0,0.0,0.0,0.0,194.0,7.0,0.0,0.0,1.0,1.0,1.0,0.0,2023
Salto,2,32.0,914.0,0.0,413.0,0.0,0.0,1.0,388.0,482.0,43.0,0.0,1.0,1.0,1.0,0.0,2023
Salto,2,,,,,,,,,,,,,,,,2023
Ibiúna,2,16.0,357.0,0.0,213.0,0.0,0.0,6.0,200.0,143.0,8.0,1.0,0.0,1.0,1.0,0.0,2023
Sorocaba,2,31.0,536.0,0.0,394.0,0.0,0.0,1.0,351.0,182.0,2.0,0.0,0.0,1.0,1.0,1.0,2023
Sorocaba,2,28.0,469.0,0.0,324.0,0.0,0.0,0.0,285.0,177.0,7.0,0.0,1.0,1.0,1.0,0.0,2023
Sorocaba,2,26.0,539.0,0.0,373.0,0.0,0.0,1.0,360.0,163.0,15.0,0.0,1.0,1.0,1.0,0.0,2023
Sorocaba,2,26.0,501.0,0.0,357.0,0.0,0.0,0.0,319.0,178.0,4.0,0.0,0.0,1.0,1.0,0.0,2023
Sorocaba,2,,,,,,,,,,,,,,,,2023
Piedade,2,26.0,361.0,0.0,228.0,0.0,0.0,3.0,225.0,129.0,4.0,0.0,0.0,1.0,1.0,0.0,2023
São Paulo,2,50.0,817.0,817.0,0.0,0.0,0.0,786.0,31.0,0.0,0.0,0.0,1.0,1.0,1.0,1.0,2023
São Paulo,2,52.0,1583.0,0.0,537.0,0.0,0.0,1.0,488.0,964.0,130.0,1.0,1.0,1.0,1.0,1.0,2023
São Paulo,2,77.0,2224.0,0.0,765.0,0.0,0.0,1.0,689.0,1381.0,153.0,0.0,1.0,1.0,1.0,1.0,2023
São Paulo,2,42.0,857.0,624.0,233.0,0.0,0.0,590.0,225.0,42.0,0.0,0.0,1.0,1.0,1.0,1.0,2023
São Paulo,2,48.0,1008.0,0.0,644.0,0.0,0.0,2.0,578.0,398.0,30.0,0.0,1.0,1.0,1.0,1.0,2023
São Paulo,2,68.0,1217.0,0.0,439.0,0.0,0.0,1.0,398.0,571.0,247.0,0.0,1.0,1.0,1.0,1.0,2023
São Paulo,2,52.0,713.0,388.0,325.0,0.0,0.0,361.0,328.0,24.0,0.0,0.0,1.0,1.0,1.0,0.0,2023
Guarulhos,2,40.0,770.0,0.0,493.0,0.0,0.0,0.0,431.0,320.0,19.0,0.0,1.0,1.0,1.0,1.0,2023
Santo André,2,22.0,236.0,0.0,135.0,0.0,0.0,2.0,133.0,96.0,5.0,0.0,1.0,1.0,1.0,1.0,2023
Santo André,2,,,,,,,,,,,,,,,,2023
Embu-Guaçu,2,51.0,1067.0,0.0,515.0,0.0,0.0,7.0,507.0,485.0,68.0,0.0,1.0,1.0,1.0,1.0,2023
Itapecerica da Serra,2,13.0,268.0,268.0,0.0,0.0,1.0,260.0,7.0,0.0,0.0,0.0,0.0,1.0,1.0,0.0,2023
Carapicuíba,2,60.0,1671.0,429.0,522.0,0.0,3.0,428.0,484.0,701.0,55.0,0.0,1.0,1.0,1.0,1.0,2023
São Paulo,2,32.0,651.0,651.0,0.0,0.0,0.0,616.0,35.0,0.0,0.0,0.0,1.0,1.0,1.0,0.0,2023
São Paulo,2,47.0,1223.0,1223.0,0.0,0.0,0.0,1148.0,75.0,0.0,0.0,0.0,1.0,1.0,1.0,1.0,2023
São Paulo,2,32.0,709.0,709.0,0.0,0.0,0.0,679.0,30.0,0.0,0.0,0.0,1.0,1.0,1.0,1.0,2023
Embu-Guaçu,2,25.0,373.0,177.0,129.0,0.0,0.0,177.0,124.0,69.0,3.0,0.0,0.0,1.0,1.0,0.0,2023
Carapicuíba,2,19.0,338.0,338.0,0.0,0.0,1.0,336.0,1.0,0.0,0.0,0.0,0.0,0.0,1.0,0.0,2023
Campinas,2,22.0,331.0,191.0,140.0,0.0,0.0,183.0,143.0,5.0,0.0,0.0,1.0,1.0,1.0,1.0,2023
Campinas,2,27.0,389.0,389.0,0.0,0.0,0.0,384.0,5.0,0.0,0.0,0.0,1.0,1.0,1.0,1.0,2023
Campinas,2,57.0,2028.0,744.0,425.0,0.0,0.0,706.0,413.0,829.0,80.0,0.0,1.0,1.0,1.0,1.0,2023
Limeira,2,12.0,207.0,0.0,207.0,0.0,0.0,0.0,181.0,26.0,0.0,0.0,0.0,1.0,1.0,0.0,2023
Limeira,2,35.0,935.0,126.0,386.0,0.0,0.0,128.0,370.0,418.0,19.0,0.0,1.0,1.0,1.0,0.0,2023
Sumaré,2,15.0,281.0,0.0,281.0,0.0,0.0,4.0,262.0,15.0,0.0,0.0,1.0,1.0,1.0,0.0,2023
São Carlos,2,57.0,1328.0,0.0,411.0,0.0,0.0,0.0,378.0,751.0,199.0,0.0,1.0,1.0,1.0,1.0,2023
São Carlos,2,58.0,1439.0,0.0,482.0,0.0,0.0,0.0,456.0,873.0,110.0,0.0,1.0,1.0,1.0,1.0,2023
Barrinha,2,20.0,509.0,0.0,0.0,0.0,0.0,0.0,13.0,352.0,144.0,0.0,1.0,1.0,1.0,0.0,2023
São José dos Campos,2,24.0,549.0,296.0,253.0,0.0,0.0,285.0,246.0,17.0,1.0,0.0,1.0,1.0,0.0,1.0,2023
Ribeirão Grande,2,13.0,50.0,0.0,30.0,0.0,0.0,0.0,29.0,19.0,2.0,0.0,1.0,1.0,0.0,1.0,2023
Ribeirão Grande,2,17.0,235.0,0.0,89.0,0.0,0.0,0.0,79.0,140.0,16.0,0.0,0.0,1.0,1.0,1.0,2023
Itaberá,2,10.0,115.0,115.0,0.0,0.0,0.0,114.0,1.0,0.0,0.0,0.0,1.0,1.0,1.0,1.0,2023
Nova Campina,2,13.0,155.0,0.0,75.0,0.0,0.0,1.0,75.0,71.0,8.0,0.0,1.0,1.0,1.0,1.0,2023
Francisco Morato,2,45.0,1303.0,0.0,533.0,0.0,0.0,5.0,522.0,727.0,49.0,0.0,1.0,1.0,1.0,1.0,2023
Itaquaquecetuba,2,53.0,1318.0,0.0,640.0,0.0,0.0,12.0,617.0,642.0,47.0,0.0,0.0,1.0,1.0,1.0,2023
Juquitiba,2,10.0,87.0,87.0,0.0,0.0,0.0,86.0,1.0,0.0,0.0,0.0,0.0,1.0,1.0,1.0,2023
Santos,2,9.0,268.0,0.0,0.0,0.0,0.0,0.0,4.0,232.0,32.0,0.0,1.0,1.0,1.0,1.0,2023
Ribeirão Preto,2,31.0,515.0,262.0,253.0,0.0,0.0,252.0,240.0,23.0,0.0,0.0,1.0,1.0,1.0,1.0,2023
Campinas,2,23.0,556.0,556.0,0.0,0.0,0.0,533.0,23.0,0.0,0.0,1.0,1.0,1.0,0.0,1.0,2023
Campinas,2,49.0,1334.0,418.0,370.0,0.0,0.0,396.0,363.0,519.0,56.0,0.0,1.0,1.0,1.0,1.0,2023
Itupeva,2,42.0,1521.0,0.0,764.0,0.0,0.0,10.0,734.0,713.0,64.0,0.0,1.0,1.0,1.0,0.0,2023
São Paulo,2,38.0,741.0,354.0,387.0,0.0,0.0,330.0,371.0,39.0,1.0,0.0,1.0,1.0,1.0,1.0,2023
São Paulo,2,31.0,548.0,266.0,282.0,0.0,0.0,248.0,287.0,13.0,0.0,0.0,0.0,1.0,1.0,1.0,2023
São Paulo,2,37.0,736.0,0.0,412.0,0.0,0.0,0.0,393.0,315.0,28.0,0.0,1.0,1.0,1.0,1.0,2023
São Paulo,2,46.0,988.0,0.0,385.0,0.0,0.0,3.0,352.0,517.0,116.0,0.0,1.0,1.0,1.0,1.0,2023
São Paulo,2,22.0,454.0,454.0,0.0,0.0,0.0,431.0,23.0,0.0,0.0,0.0,1.0,1.0,1.0,1.0,2023
São Paulo,2,54.0,1226.0,1226.0,0.0,0.0,0.0,1189.0,37.0,0.0,0.0,0.0,1.0,1.0,1.0,1.0,2023
São Paulo,2,82.0,1530.0,243.0,239.0,0.0,0.0,226.0,243.0,710.0,351.0,0.0,1.0,1.0,1.0,0.0,2023
Guarulhos,2,20.0,324.0,324.0,0.0,0.0,0.0,311.0,13.0,0.0,0.0,0.0,0.0,1.0,0.0,0.0,2023
Diadema,2,73.0,2050.0,0.0,896.0,0.0,0.0,10.0,866.0,1029.0,145.0,0.0,1.0,1.0,1.0,1.0,2023
São Bernardo do Campo,2,34.0,693.0,0.0,405.0,0.0,0.0,0.0,357.0,289.0,47.0,0.0,1.0,1.0,1.0,1.0,2023
Carapicuíba,2,,,,,,,,,,,,,,,,2023
Cachoeira Paulista,2,42.0,538.0,0.0,0.0,0.0,0.0,0.0,16.0,305.0,217.0,0.0,1.0,1.0,1.0,1.0,2023
Iacri,2,16.0,272.0,272.0,0.0,0.0,0.0,268.0,4.0,0.0,0.0,0.0,1.0,1.0,1.0,1.0,2023
Ferraz de Vasconcelos,2,,,,,,,,,,,,,,,,2023
Osvaldo Cruz,2,68.0,1075.0,0.0,0.0,0.0,0.0,0.0,15.0,728.0,332.0,1.0,1.0,1.0,1.0,1.0,2023
Conchal,2,22.0,473.0,0.0,263.0,0.0,0.0,4.0,260.0,201.0,8.0,0.0,0.0,1.0,1.0,0.0,2023
Leme,2,43.0,1090.0,0.0,438.0,0.0,0.0,0.0,405.0,405.0,280.0,0.0,1.0,1.0,1.0,1.0,2023
Garça,2,,,,,,,,,,,,,,,,2023
Garça,2,,,,,,,,,,,,,,,,2023
Garça,2,,,,,,,,,,,,,,,,2023
Rancharia,2,17.0,317.0,0.0,317.0,0.0,0.0,0.0,291.0,26.0,0.0,0.0,1.0,1.0,1.0,0.0,2023
Franca,2,43.0,825.0,0.0,368.0,0.0,0.0,0.0,329.0,453.0,43.0,0.0,1.0,1.0,1.0,0.0,2023
Pedregulho,2,22.0,321.0,0.0,230.0,0.0,0.0,0.0,206.0,111.0,4.0,0.0,0.0,1.0,1.0,1.0,2023
Cajuru,2,,,,,,,,,,,,,,,,2023
Cravinhos,2,,,,,,,,,,,,,,,,2023
São Carlos,2,23.0,480.0,480.0,0.0,0.0,0.0,466.0,14.0,0.0,0.0,0.0,1.0,1.0,1.0,1.0,2023
Pindamonhangaba,2,32.0,439.0,0.0,205.0,0.0,0.0,8.0,191.0,233.0,7.0,0.0,1.0,1.0,1.0,0.0,2023
Pindamonhangaba,2,30.0,261.0,0.0,154.0,0.0,0.0,0.0,154.0,102.0,5.0,0.0,1.0,1.0,1.0,1.0,2023
São José dos Campos,2,53.0,901.0,471.0,430.0,0.0,0.0,457.0,394.0,50.0,0.0,0.0,1.0,1.0,1.0,1.0,2023
Itaberá,2,10.0,89.0,89.0,0.0,0.0,0.0,88.0,1.0,0.0,0.0,0.0,1.0,1.0,1.0,0.0,2023
Tatuí,2,39.0,752.0,0.0,483.0,0.0,0.0,8.0,472.0,263.0,9.0,0.0,0.0,1.0,1.0,0.0,2023
Salto de Pirapora,2,48.0,1070.0,0.0,465.0,0.0,0.0,1.0,431.0,592.0,46.0,0.0,1.0,1.0,1.0,1.0,2023
São Paulo,2,44.0,785.0,0.0,283.0,0.0,0.0,1.0,250.0,407.0,127.0,0.0,0.0,1.0,1.0,1.0,2023
São Paulo,2,31.0,633.0,633.0,0.0,0.0,0.0,603.0,30.0,0.0,0.0,0.0,1.0,1.0,0.0,0.0,2023
São Paulo,2,32.0,644.0,644.0,0.0,0.0,0.0,610.0,34.0,0.0,0.0,0.0,1.0,1.0,1.0,1.0,2023
São Paulo,2,44.0,1048.0,0.0,292.0,0.0,0.0,1.0,271.0,527.0,249.0,0.0,1.0,1.0,1.0,1.0,2023
São Paulo,2,34.0,800.0,800.0,0.0,0.0,0.0,772.0,28.0,0.0,0.0,0.0,1.0,1.0,1.0,1.0,2023
Suzano,2,50.0,1112.0,0.0,380.0,0.0,0.0,0.0,347.0,628.0,137.0,0.0,1.0,1.0,1.0,1.0,2023
Itaquaquecetuba,2,36.0,518.0,0.0,250.0,0.0,0.0,4.0,230.0,260.0,24.0,0.0,1.0,1.0,0.0,0.0,2023
Pindamonhangaba,2,21.0,386.0,0.0,254.0,0.0,0.0,5.0,240.0,21.0,120.0,0.0,0.0,1.0,1.0,0.0,2023
Taubaté,2,21.0,112.0,0.0,0.0,0.0,0.0,0.0,7.0,103.0,2.0,0.0,1.0,1.0,0.0,0.0,2023
Piedade,2,19.0,234.0,0.0,151.0,0.0,0.0,3.0,147.0,80.0,4.0,0.0,0.0,1.0,1.0,0.0,2023
Cananéia,2,10.0,75.0,0.0,38.0,0.0,0.0,0.0,39.0,31.0,5.0,0.0,0.0,1.0,1.0,0.0,2023
São Paulo,2,60.0,1337.0,0.0,506.0,0.0,0.0,1.0,458.0,658.0,220.0,0.0,1.0,1.0,1.0,1.0,2023
São Paulo,2,77.0,1627.0,0.0,274.0,0.0,0.0,1.0,245.0,1055.0,326.0,0.0,1.0,1.0,1.0,1.0,2023
São Paulo,2,55.0,1908.0,0.0,0.0,0.0,0.0,0.0,4.0,1388.0,516.0,0.0,0.0,1.0,1.0,1.0,2023
São Paulo,2,57.0,1382.0,515.0,316.0,0.0,0.0,484.0,321.0,450.0,127.0,0.0,1.0,1.0,1.0,0.0,2023
São Paulo,2,21.0,459.0,459.0,0.0,0.0,0.0,417.0,42.0,0.0,0.0,0.0,0.0,1.0,1.0,1.0,2023
São Paulo,2,32.0,819.0,819.0,0.0,0.0,0.0,787.0,32.0,0.0,0.0,0.0,1.0,1.0,1.0,1.0,2023
São Paulo,2,57.0,1563.0,0.0,279.0,0.0,0.0,0.0,247.0,1151.0,165.0,0.0,1.0,1.0,1.0,1.0,2023
São Paulo,2,53.0,938.0,620.0,318.0,0.0,0.0,575.0,337.0,26.0,0.0,0.0,1.0,1.0,0.0,1.0,2023
São Paulo,2,13.0,282.0,282.0,0.0,0.0,0.0,273.0,9.0,0.0,0.0,0.0,1.0,1.0,0.0,1.0,2023
Guarulhos,2,46.0,977.0,0.0,977.0,0.0,0.0,3.0,923.0,51.0,0.0,0.0,1.0,1.0,1.0,1.0,2023
Guarulhos,2,48.0,1035.0,0.0,1035.0,0.0,0.0,1.0,959.0,75.0,0.0,0.0,1.0,1.0,1.0,1.0,2023
Guarulhos,2,56.0,1349.0,439.0,581.0,0.0,0.0,415.0,564.0,181.0,189.0,0.0,1.0,1.0,1.0,1.0,2023
Guarulhos,2,36.0,666.0,0.0,472.0,0.0,0.0,1.0,435.0,219.0,11.0,0.0,1.0,1.0,1.0,1.0,2023
Francisco Morato,2,38.0,815.0,0.0,533.0,0.0,0.0,7.0,509.0,295.0,4.0,0.0,1.0,1.0,1.0,1.0,2023
Suzano,2,57.0,1158.0,603.0,555.0,0.0,0.0,572.0,555.0,31.0,0.0,0.0,0.0,1.0,1.0,1.0,2023
Mogi das Cruzes,2,34.0,701.0,0.0,701.0,0.0,0.0,1.0,660.0,40.0,0.0,0.0,0.0,1.0,0.0,0.0,2023
Mogi das Cruzes,2,17.0,223.0,0.0,0.0,0.0,0.0,0.0,0.0,211.0,12.0,0.0,1.0,1.0,1.0,1.0,2023
Mogi das Cruzes,2,34.0,542.0,0.0,542.0,0.0,0.0,2.0,502.0,37.0,1.0,0.0,1.0,1.0,0.0,0.0,2023
Mogi das Cruzes,2,18.0,318.0,0.0,209.0,0.0,0.0,0.0,200.0,109.0,9.0,0.0,0.0,1.0,1.0,0.0,2023
Santo André,2,42.0,814.0,505.0,309.0,0.0,2.0,476.0,319.0,17.0,0.0,0.0,1.0,1.0,1.0,1.0,2023
Ribeirão Pires,2,34.0,483.0,0.0,263.0,0.0,0.0,3.0,248.0,212.0,20.0,0.0,1.0,1.0,1.0,0.0,2023
Cotia,2,25.0,432.0,0.0,432.0,0.0,0.0,5.0,406.0,21.0,0.0,0.0,1.0,1.0,1.0,0.0,2023
Carapicuíba,2,22.0,421.0,421.0,0.0,0.0,3.0,405.0,13.0,0.0,0.0,0.0,0.0,1.0,1.0,1.0,2023
Embu-Guaçu,2,12.0,227.0,227.0,0.0,0.0,1.0,224.0,2.0,0.0,0.0,0.0,1.0,1.0,0.0,0.0,2023
Itaquaquecetuba,2,54.0,1564.0,0.0,693.0,0.0,0.0,11.0,657.0,832.0,64.0,0.0,1.0,1.0,1.0,0.0,2023
Mogi das Cruzes,2,,,,,,,,,,,,,,,,2023
Mogi das Cruzes,2,,,,,,,,,,,,,,,,2023
Amparo,2,12.0,157.0,157.0,0.0,0.0,1.0,156.0,0.0,0.0,0.0,0.0,0.0,1.0,1.0,0.0,2023
Bastos,2,,,,,,,,,,,,,,,,2023
São José dos Campos,2,17.0,289.0,0.0,289.0,0.0,0.0,0.0,277.0,12.0,0.0,0.0,1.0,1.0,1.0,0.0,2023
São José dos Campos,2,56.0,1301.0,382.0,353.0,0.0,0.0,366.0,352.0,536.0,47.0,0.0,1.0,1.0,1.0,1.0,2023
Jales,2,,,,,,,,,,,,,,,,2023
Nova Granada,2,19.0,374.0,0.0,374.0,0.0,0.0,1.0,356.0,16.0,1.0,0.0,1.0,1.0,1.0,0.0,2023
Botucatu,2,31.0,360.0,0.0,160.0,0.0,0.0,1.0,153.0,187.0,19.0,0.0,1.0,1.0,1.0,1.0,2023
São Paulo,2,40.0,1109.0,0.0,491.0,0.0,0.0,2.0,444.0,610.0,53.0,0.0,1.0,1.0,1.0,1.0,2023
São Paulo,2,35.0,841.0,841.0,0.0,0.0,0.0,802.0,39.0,0.0,0.0,0.0,1.0,1.0,1.0,1.0,2023
São José dos Campos,2,39.0,832.0,372.0,460.0,0.0,0.0,364.0,438.0,30.0,0.0,0.0,1.0,1.0,1.0,1.0,2023
Arujá,2,,,,,,,,,,,,,,,,2023
Arujá,2,,,,,,,,,,,,,,,,2023
Guararema,2,,,,,,,,,,,,,,,,2023
São Paulo,2,39.0,1208.0,412.0,397.0,0.0,0.0,381.0,382.0,410.0,35.0,0.0,1.0,1.0,1.0,1.0,2023
São Bernardo do Campo,2,26.0,531.0,0.0,341.0,0.0,0.0,0.0,324.0,191.0,16.0,0.0,1.0,1.0,1.0,1.0,2023
Hortolândia,2,23.0,525.0,0.0,525.0,0.0,0.0,1.0,487.0,37.0,0.0,0.0,1.0,1.0,1.0,0.0,2023
Hortolândia,2,43.0,1239.0,0.0,480.0,0.0,0.0,3.0,447.0,659.0,130.0,0.0,1.0,1.0,1.0,0.0,2023
Santa Cruz das Palmeiras,2,35.0,798.0,0.0,395.0,0.0,0.0,0.0,365.0,369.0,64.0,0.0,1.0,1.0,1.0,0.0,2023
São José dos Campos,2,,,,,,,,,,,,,,,,2023
Birigui,2,35.0,608.0,0.0,417.0,0.0,0.0,1.0,395.0,203.0,9.0,0.0,1.0,1.0,1.0,1.0,2023
Bauru,2,9.0,187.0,187.0,0.0,0.0,0.0,178.0,9.0,0.0,0.0,0.0,0.0,1.0,1.0,0.0,2023
Igaraçu do Tietê,2,,,,,,,,,,,,,,,,2023
Pederneiras,2,18.0,214.0,0.0,167.0,0.0,0.0,4.0,155.0,52.0,3.0,0.0,1.0,1.0,0.0,1.0,2023
Guaiçara,2,,,,,,,,,,,,,,,,2023
Socorro,2,18.0,352.0,82.0,98.0,0.0,0.0,86.0,91.0,171.0,4.0,0.0,1.0,1.0,0.0,1.0,2023
Campinas,2,34.0,556.0,241.0,233.0,0.0,0.0,229.0,233.0,90.0,4.0,0.0,1.0,1.0,1.0,0.0,2023
Cosmópolis,2,15.0,255.0,0.0,0.0,0.0,0.0,0.0,11.0,226.0,18.0,0.0,1.0,1.0,1.0,1.0,2023
Monte Mor,2,19.0,854.0,0.0,0.0,0.0,0.0,0.0,6.0,722.0,126.0,0.0,1.0,1.0,1.0,1.0,2023
Rio das Pedras,2,,,,,,,,,,,,,,,,2023
Limeira,2,29.0,466.0,0.0,407.0,0.0,0.0,0.0,367.0,96.0,3.0,0.0,0.0,1.0,1.0,1.0,2023
Piracicaba,2,22.0,339.0,0.0,218.0,0.0,0.0,0.0,204.0,128.0,7.0,0.0,1.0,1.0,1.0,0.0,2023
Rio das Pedras,2,,,,,,,,,,,,,,,,2023
Rio Claro,2,53.0,1383.0,0.0,608.0,0.0,0.0,0.0,546.0,657.0,180.0,0.0,1.0,1.0,1.0,1.0,2023
Aguaí,2,17.0,230.0,230.0,0.0,0.0,0.0,222.0,8.0,0.0,0.0,0.0,0.0,1.0,1.0,0.0,2023
Sumaré,2,23.0,402.0,402.0,0.0,0.0,0.0,397.0,5.0,0.0,0.0,0.0,0.0,1.0,1.0,0.0,2023
Hortolândia,2,64.0,1390.0,0.0,661.0,0.0,0.0,0.0,617.0,642.0,131.0,0.0,1.0,1.0,1.0,0.0,2023
Assis,2,30.0,534.0,0.0,300.0,0.0,0.0,5.0,288.0,230.0,11.0,0.0,1.0,1.0,1.0,0.0,2023
Marília,2,12.0,175.0,0.0,175.0,0.0,0.0,3.0,170.0,2.0,0.0,0.0,1.0,1.0,1.0,1.0,2023
Euclides da Cunha Paulista,2,17.0,102.0,0.0,44.0,0.0,0.0,1.0,43.0,54.0,4.0,0.0,1.0,1.0,1.0,0.0,2023
Marabá Paulista,2,,,,,,,,,,,,,,,,2023
Regente Feijó,2,22.0,369.0,0.0,265.0,0.0,0.0,1.0,236.0,127.0,5.0,0.0,1.0,1.0,1.0,1.0,2023
Iguape,2,8.0,49.0,0.0,49.0,0.0,0.0,1.0,45.0,3.0,0.0,0.0,1.0,1.0,1.0,0.0,2023
Brodowski,2,,,,,,,,,,,,,,,,2023
Ribeirão Preto,2,33.0,765.0,765.0,0.0,0.0,0.0,732.0,33.0,0.0,0.0,0.0,1.0,1.0,1.0,1.0,2023
Ribeirão Preto,2,33.0,874.0,874.0,0.0,0.0,0.0,852.0,22.0,0.0,0.0,0.0,1.0,1.0,1.0,1.0,2023
São Simão,2,,,,,,,,,,,,,,,,2023
Jales,2,,,,,,,,,,,,,,,,2023
São José do Rio Preto,2,,,,,,,,,,,,,,,,2023
São José do Rio Preto,2,46.0,1323.0,0.0,701.0,0.0,0.0,1.0,634.0,615.0,73.0,0.0,1.0,1.0,1.0,1.0,2023
São José do Rio Preto,2,43.0,1399.0,0.0,591.0,0.0,0.0,1.0,553.0,748.0,97.0,0.0,1.0,1.0,1.0,1.0,2023
Votuporanga,2,26.0,490.0,0.0,368.0,0.0,0.0,8.0,354.0,125.0,3.0,0.0,0.0,1.0,1.0,1.0,2023
Cruzeiro,2,29.0,406.0,0.0,264.0,0.0,0.0,1.0,262.0,138.0,5.0,0.0,1.0,1.0,1.0,0.0,2023
Paraibuna,2,11.0,129.0,0.0,91.0,0.0,0.0,2.0,87.0,39.0,1.0,0.0,0.0,1.0,1.0,0.0,2023
São José dos Campos,2,,,,,,,,,,,,,,,,2023
Avaré,2,14.0,239.0,0.0,239.0,0.0,0.0,1.0,230.0,8.0,0.0,0.0,0.0,1.0,1.0,1.0,2023
Itapetininga,2,22.0,315.0,0.0,277.0,0.0,0.0,4.0,259.0,14.0,38.0,0.0,1.0,1.0,0.0,0.0,2023
Itaberá,2,21.0,317.0,317.0,0.0,0.0,0.0,317.0,0.0,0.0,0.0,0.0,0.0,1.0,0.0,1.0,2023
Itaporanga,2,19.0,249.0,0.0,163.0,0.0,0.0,2.0,158.0,83.0,6.0,0.0,1.0,1.0,1.0,0.0,2023
Salto,2,59.0,1526.0,0.0,815.0,0.0,0.0,1.0,775.0,703.0,47.0,0.0,1.0,1.0,1.0,0.0,2023
Sorocaba,2,41.0,908.0,0.0,496.0,0.0,0.0,0.0,467.0,413.0,28.0,0.0,0.0,1.0,1.0,1.0,2023
Franco da Rocha,2,,,,,,,,,,,,,,,,2023
Ferraz de Vasconcelos,2,49.0,1225.0,0.0,432.0,0.0,0.0,0.0,385.0,748.0,92.0,0.0,1.0,1.0,1.0,0.0,2023
Itapecerica da Serra,2,34.0,657.0,0.0,379.0,0.0,0.0,10.0,356.0,282.0,9.0,0.0,0.0,1.0,1.0,1.0,2023
Embu-Guaçu,2,8.0,132.0,0.0,132.0,0.0,0.0,3.0,124.0,5.0,0.0,0.0,1.0,1.0,1.0,0.0,2023
Suzano,2,39.0,688.0,0.0,688.0,0.0,0.0,2.0,645.0,41.0,0.0,0.0,1.0,1.0,1.0,0.0,2023
São Paulo,2,32.0,792.0,792.0,0.0,0.0,0.0,733.0,59.0,0.0,0.0,0.0,1.0,1.0,1.0,1.0,2023
Cotia,2,23.0,424.0,0.0,251.0,0.0,0.0,2.0,240.0,176.0,6.0,0.0,1.0,1.0,1.0,0.0,2023
Jandira,2,19.0,386.0,0.0,224.0,0.0,0.0,4.0,220.0,159.0,3.0,0.0,1.0,1.0,1.0,1.0,2023
Taboão da Serra,2,42.0,1346.0,0.0,562.0,0.0,0.0,11.0,544.0,693.0,98.0,0.0,1.0,1.0,1.0,1.0,2023
Barueri,2,20.0,278.0,0.0,0.0,0.0,0.0,0.0,3.0,257.0,18.0,0.0,1.0,1.0,1.0,1.0,2023
Embu-Guaçu,2,8.0,112.0,0.0,112.0,0.0,0.0,3.0,107.0,2.0,0.0,0.0,1.0,1.0,1.0,0.0,2023
Carapicuíba,2,84.0,2517.0,0.0,1072.0,0.0,0.0,19.0,967.0,1440.0,91.0,0.0,1.0,1.0,1.0,1.0,2023
Embu-Guaçu,2,9.0,139.0,139.0,0.0,0.0,0.0,138.0,1.0,0.0,0.0,0.0,1.0,1.0,0.0,0.0,2023
Americana,2,12.0,193.0,193.0,0.0,0.0,3.0,188.0,2.0,0.0,0.0,0.0,0.0,1.0,1.0,0.0,2023
Araras,2,21.0,385.0,385.0,0.0,0.0,1.0,379.0,5.0,0.0,0.0,1.0,1.0,1.0,1.0,1.0,2023
Piedade,2,23.0,361.0,0.0,229.0,0.0,0.0,3.0,224.0,127.0,7.0,0.0,1.0,1.0,1.0,0.0,2023
Diadema,2,,,,,,,,,,,,,,,,2023
São Paulo,2,15.0,335.0,335.0,0.0,0.0,0.0,319.0,16.0,0.0,0.0,0.0,0.0,1.0,0.0,0.0,2023
Embu-Guaçu,2,16.0,277.0,277.0,0.0,0.0,0.0,277.0,0.0,0.0,0.0,0.0,0.0,1.0,1.0,0.0,2023
Bauru,2,38.0,680.0,249.0,321.0,0.0,1.0,253.0,303.0,118.0,5.0,0.0,1.0,1.0,1.0,1.0,2023
Embu das Artes,2,43.0,890.0,0.0,415.0,0.0,0.0,0.0,401.0,452.0,37.0,0.0,1.0,1.0,1.0,1.0,2023
Carapicuíba,2,45.0,1010.0,300.0,460.0,0.0,0.0,301.0,429.0,267.0,13.0,0.0,0.0,1.0,1.0,1.0,2023
Cachoeira Paulista,2,,,,,,,,,,,,,,,,2023
Carapicuíba,2,17.0,274.0,274.0,0.0,0.0,0.0,268.0,6.0,0.0,0.0,0.0,0.0,1.0,1.0,1.0,2023
Penápolis,2,24.0,509.0,0.0,146.0,0.0,0.0,0.0,130.0,329.0,50.0,0.0,0.0,1.0,1.0,1.0,2023
Bauru,2,13.0,272.0,272.0,0.0,0.0,0.0,269.0,3.0,0.0,0.0,0.0,1.0,1.0,1.0,1.0,2023
Lins,2,30.0,432.0,0.0,432.0,0.0,0.0,0.0,372.0,59.0,1.0,0.0,1.0,1.0,1.0,0.0,2023
Santa Bárbara d'Oeste,2,30.0,497.0,0.0,391.0,0.0,0.0,11.0,366.0,118.0,2.0,0.0,1.0,1.0,1.0,1.0,2023
Santa Bárbara d'Oeste,2,14.0,166.0,0.0,131.0,0.0,0.0,2.0,127.0,33.0,4.0,0.0,0.0,1.0,1.0,0.0,2023
Santa Bárbara d'Oeste,2,18.0,284.0,284.0,0.0,0.0,2.0,281.0,1.0,0.0,0.0,0.0,0.0,1.0,1.0,1.0,2023
Atibaia,2,,,,,,,,,,,,,,,,2023
Nazaré Paulista,2,11.0,172.0,172.0,0.0,0.0,0.0,164.0,8.0,0.0,0.0,0.0,0.0,1.0,0.0,1.0,2023
Itobi,2,7.0,95.0,95.0,0.0,0.0,0.0,88.0,7.0,0.0,0.0,1.0,0.0,1.0,1.0,0.0,2023
Várzea Paulista,2,47.0,1560.0,0.0,650.0,0.0,0.0,1.0,612.0,883.0,64.0,0.0,1.0,1.0,1.0,1.0,2023
Jarinu,2,36.0,1169.0,0.0,532.0,0.0,0.0,9.0,471.0,604.0,85.0,0.0,0.0,1.0,1.0,1.0,2023
Artur Nogueira,2,40.0,805.0,0.0,363.0,0.0,0.0,7.0,330.0,428.0,40.0,0.0,1.0,1.0,1.0,0.0,2023
Mogi Guaçu,2,,,,,,,,,,,,,,,,2023
Piracicaba,2,35.0,599.0,0.0,277.0,0.0,0.0,1.0,258.0,314.0,26.0,0.0,1.0,1.0,1.0,1.0,2023
São Pedro,2,28.0,638.0,0.0,0.0,0.0,0.0,0.0,7.0,516.0,115.0,0.0,1.0,1.0,1.0,0.0,2023
Santo Antônio do Jardim,2,16.0,212.0,35.0,115.0,0.0,0.0,34.0,108.0,68.0,2.0,0.0,1.0,1.0,1.0,1.0,2023
Hortolândia,2,29.0,504.0,98.0,249.0,0.0,0.0,89.0,246.0,162.0,7.0,0.0,1.0,1.0,1.0,0.0,2023
Matão,2,20.0,265.0,265.0,0.0,0.0,0.0,261.0,4.0,0.0,0.0,0.0,1.0,1.0,1.0,0.0,2023
Matão,2,17.0,268.0,0.0,268.0,0.0,0.0,11.0,253.0,4.0,0.0,0.0,1.0,1.0,1.0,1.0,2023
Batatais,2,40.0,881.0,0.0,592.0,0.0,0.0,5.0,551.0,311.0,14.0,0.0,1.0,1.0,1.0,1.0,2023
Franca,2,10.0,161.0,161.0,0.0,0.0,0.0,157.0,4.0,0.0,0.0,0.0,1.0,1.0,1.0,0.0,2023
Itápolis,2,27.0,412.0,47.0,238.0,0.0,0.0,39.0,225.0,144.0,4.0,0.0,1.0,1.0,0.0,0.0,2023
Dobrada,2,13.0,216.0,216.0,0.0,0.0,0.0,213.0,3.0,0.0,0.0,0.0,1.0,1.0,0.0,0.0,2023
Iguape,2,8.0,55.0,0.0,55.0,0.0,0.0,1.0,54.0,0.0,0.0,0.0,1.0,1.0,0.0,0.0,2023
Miracatu,2,14.0,127.0,0.0,73.0,0.0,0.0,1.0,69.0,54.0,3.0,0.0,1.0,1.0,1.0,1.0,2023
Itanhaém,2,,,,,,,,,,,,,,,,2023
Itanhaém,2,,,,,,,,,,,,,,,,2023
Olímpia,2,12.0,164.0,0.0,164.0,0.0,0.0,2.0,158.0,4.0,0.0,0.0,1.0,1.0,1.0,1.0,2023
São José do Rio Preto,2,41.0,1293.0,0.0,628.0,0.0,0.0,1.0,589.0,639.0,64.0,0.0,1.0,1.0,1.0,1.0,2023
Votuporanga,2,21.0,299.0,0.0,224.0,0.0,0.0,6.0,216.0,76.0,1.0,0.0,1.0,1.0,1.0,1.0,2023
São José dos Campos,2,47.0,747.0,0.0,346.0,0.0,0.0,0.0,314.0,394.0,39.0,0.0,1.0,1.0,1.0,1.0,2023
São José dos Campos,2,,,,,,,,,,,,,,,,2023
São José dos Campos,2,,,,,,,,,,,,,,,,2023
Caçapava,2,29.0,369.0,0.0,257.0,0.0,0.0,3.0,241.0,118.0,7.0,0.0,1.0,1.0,1.0,0.0,2023
Apiaí,2,19.0,87.0,45.0,28.0,0.0,0.0,44.0,27.0,15.0,1.0,0.0,0.0,1.0,0.0,0.0,2023
Itapetininga,2,24.0,358.0,0.0,234.0,0.0,0.0,5.0,219.0,124.0,10.0,0.0,1.0,1.0,1.0,1.0,2023
Itaberá,2,10.0,78.0,78.0,0.0,0.0,0.0,78.0,0.0,0.0,0.0,0.0,0.0,1.0,0.0,1.0,2023
Sorocaba,2,49.0,962.0,0.0,437.0,0.0,0.0,0.0,410.0,500.0,52.0,0.0,0.0,1.0,1.0,1.0,2023
Sorocaba,2,68.0,1377.0,0.0,636.0,0.0,0.0,3.0,583.0,637.0,154.0,0.0,1.0,1.0,1.0,1.0,2023
Salto de Pirapora,2,8.0,78.0,78.0,0.0,0.0,0.0,72.0,6.0,0.0,0.0,0.0,0.0,1.0,1.0,0.0,2023
Salto de Pirapora,2,9.0,127.0,127.0,0.0,0.0,0.0,123.0,4.0,0.0,0.0,0.0,1.0,1.0,1.0,0.0,2023
Itanhaém,2,37.0,783.0,0.0,0.0,0.0,0.0,0.0,1.0,646.0,136.0,0.0,1.0,1.0,1.0,0.0,2023
Franco da Rocha,2,,,,,,,,,,,,,,,,2023
Embu-Guaçu,2,11.0,151.0,151.0,0.0,0.0,0.0,148.0,3.0,0.0,0.0,0.0,0.0,1.0,0.0,1.0,2023
Indaiatuba,2,57.0,1899.0,0.0,879.0,0.0,0.0,5.0,806.0,955.0,133.0,0.0,1.0,1.0,1.0,0.0,2023
Limeira,2,40.0,1382.0,0.0,584.0,0.0,0.0,0.0,545.0,811.0,26.0,0.0,1.0,1.0,1.0,0.0,2023
Ibiúna,2,19.0,463.0,0.0,277.0,0.0,0.0,1.0,253.0,197.0,12.0,0.0,0.0,1.0,1.0,1.0,2023
Ibiúna,2,31.0,709.0,0.0,347.0,0.0,0.0,4.0,326.0,353.0,26.0,0.0,0.0,1.0,0.0,0.0,2023
Sorocaba,2,32.0,645.0,0.0,446.0,0.0,0.0,0.0,424.0,214.0,7.0,0.0,0.0,1.0,1.0,0.0,2023
Sorocaba,2,77.0,1328.0,0.0,505.0,0.0,0.0,2.0,465.0,736.0,125.0,0.0,1.0,1.0,1.0,1.0,2023
Barueri,2,30.0,661.0,0.0,0.0,0.0,0.0,0.0,2.0,546.0,113.0,0.0,1.0,1.0,1.0,0.0,2023
São Paulo,2,23.0,512.0,512.0,0.0,0.0,0.0,488.0,24.0,0.0,0.0,0.0,1.0,1.0,1.0,1.0,2023
São Paulo,2,42.0,786.0,0.0,98.0,0.0,0.0,0.0,101.0,563.0,122.0,0.0,1.0,1.0,0.0,1.0,2023
Mauá,2,39.0,951.0,951.0,0.0,0.0,0.0,943.0,8.0,0.0,0.0,0.0,1.0,1.0,1.0,1.0,2023
Mauá,2,37.0,752.0,752.0,0.0,0.0,0.0,743.0,9.0,0.0,0.0,0.0,1.0,1.0,1.0,0.0,2023
Mauá,2,15.0,326.0,326.0,0.0,0.0,3.0,321.0,2.0,0.0,0.0,0.0,0.0,1.0,1.0,0.0,2023
Mauá,2,26.0,510.0,510.0,0.0,0.0,1.0,504.0,5.0,0.0,0.0,0.0,0.0,1.0,1.0,0.0,2023
Santa Isabel,2,30.0,493.0,0.0,267.0,0.0,0.0,2.0,249.0,225.0,17.0,0.0,1.0,1.0,1.0,0.0,2023
Santo André,2,42.0,1227.0,308.0,356.0,0.0,0.0,311.0,340.0,552.0,24.0,0.0,1.0,1.0,1.0,1.0,2023
Pirassununga,2,26.0,497.0,0.0,382.0,0.0,0.0,6.0,355.0,37.0,99.0,0.0,1.0,1.0,1.0,1.0,2023
Registro,2,31.0,414.0,0.0,257.0,0.0,0.0,5.0,241.0,167.0,1.0,0.0,1.0,1.0,1.0,1.0,2023
Cachoeira Paulista,2,15.0,65.0,0.0,27.0,0.0,0.0,1.0,24.0,38.0,2.0,0.0,1.0,1.0,0.0,1.0,2023
São José dos Campos,2,43.0,817.0,262.0,167.0,0.0,2.0,248.0,169.0,369.0,29.0,0.0,1.0,1.0,1.0,1.0,2023
Bauru,2,54.0,1228.0,687.0,541.0,0.0,2.0,674.0,524.0,28.0,0.0,0.0,1.0,1.0,1.0,1.0,2023
Guarulhos,2,29.0,379.0,0.0,278.0,0.0,0.0,0.0,265.0,108.0,6.0,0.0,0.0,1.0,1.0,1.0,2023
Campinas,2,27.0,431.0,214.0,217.0,0.0,0.0,211.0,201.0,19.0,0.0,0.0,0.0,1.0,1.0,1.0,2023
Barra Bonita,2,43.0,489.0,0.0,0.0,0.0,0.0,0.0,0.0,274.0,215.0,1.0,1.0,1.0,0.0,0.0,2023
Ilha Solteira,2,62.0,874.0,0.0,0.0,0.0,0.0,0.0,6.0,378.0,490.0,1.0,1.0,1.0,0.0,1.0,2023
Mongaguá,2,70.0,930.0,0.0,0.0,0.0,0.0,0.0,7.0,544.0,379.0,1.0,1.0,1.0,1.0,0.0,2023
Araçatuba,2,24.0,353.0,0.0,264.0,0.0,0.0,1.0,230.0,115.0,7.0,0.0,1.0,1.0,1.0,1.0,2023
Macatuba,2,32.0,663.0,0.0,326.0,0.0,0.0,0.0,293.0,343.0,27.0,0.0,1.0,1.0,1.0,1.0,2023
Santa Bárbara d'Oeste,2,11.0,202.0,202.0,0.0,0.0,0.0,197.0,5.0,0.0,0.0,0.0,1.0,1.0,1.0,1.0,2023
Santa Bárbara d'Oeste,2,,,,,,,,,,,,,,,,2023
Valinhos,2,41.0,581.0,0.0,309.0,0.0,0.0,1.0,278.0,271.0,31.0,0.0,0.0,1.0,1.0,0.0,2023
Vinhedo,2,41.0,986.0,0.0,0.0,0.0,0.0,0.0,2.0,928.0,56.0,0.0,1.0,1.0,1.0,0.0,2023
Indaiatuba,2,35.0,831.0,0.0,642.0,0.0,0.0,0.0,571.0,95.0,165.0,0.0,1.0,1.0,1.0,0.0,2023
Monte Mor,2,50.0,1146.0,0.0,695.0,0.0,0.0,10.0,620.0,481.0,35.0,0.0,1.0,1.0,1.0,0.0,2023
Mogi Guaçu,2,31.0,542.0,0.0,381.0,0.0,0.0,5.0,357.0,172.0,8.0,0.0,1.0,1.0,1.0,1.0,2023
Piracicaba,2,14.0,279.0,0.0,279.0,0.0,0.0,0.0,262.0,17.0,0.0,0.0,1.0,1.0,1.0,1.0,2023
Piracicaba,2,58.0,1490.0,0.0,625.0,0.0,0.0,2.0,588.0,841.0,59.0,0.0,0.0,1.0,1.0,0.0,2023
Piracicaba,2,36.0,1033.0,0.0,303.0,0.0,0.0,0.0,289.0,650.0,94.0,0.0,0.0,1.0,1.0,0.0,2023
Piracicaba,2,29.0,452.0,0.0,184.0,0.0,0.0,0.0,170.0,260.0,22.0,0.0,1.0,1.0,0.0,1.0,2023
Itu,2,57.0,1113.0,0.0,634.0,0.0,0.0,9.0,599.0,384.0,121.0,0.0,1.0,1.0,1.0,1.0,2023
São Paulo,2,54.0,1294.0,534.0,369.0,0.0,0.0,507.0,350.0,393.0,44.0,1.0,0.0,1.0,1.0,1.0,2023
Caieiras,2,24.0,293.0,0.0,152.0,0.0,0.0,2.0,150.0,138.0,3.0,0.0,1.0,1.0,1.0,1.0,2023
Francisco Morato,2,61.0,1956.0,0.0,917.0,0.0,0.0,17.0,847.0,875.0,217.0,0.0,1.0,1.0,1.0,1.0,2023
Franco da Rocha,2,35.0,888.0,0.0,440.0,0.0,0.0,7.0,416.0,437.0,28.0,0.0,1.0,1.0,1.0,1.0,2023
Guarulhos,2,37.0,725.0,0.0,506.0,0.0,0.0,1.0,479.0,227.0,18.0,0.0,1.0,1.0,1.0,1.0,2023
Arujá,2,21.0,483.0,0.0,279.0,0.0,0.0,5.0,268.0,201.0,9.0,0.0,1.0,1.0,1.0,0.0,2023
Mogi das Cruzes,2,16.0,190.0,0.0,117.0,0.0,0.0,0.0,103.0,82.0,5.0,0.0,1.0,1.0,1.0,1.0,2023
Suzano,2,84.0,2274.0,374.0,693.0,0.0,0.0,333.0,649.0,982.0,310.0,0.0,1.0,1.0,1.0,1.0,2023
São Bernardo do Campo,2,29.0,487.0,0.0,335.0,0.0,0.0,0.0,307.0,168.0,12.0,0.0,1.0,1.0,1.0,1.0,2023
Ribeirão Pires,2,20.0,365.0,188.0,177.0,0.0,0.0,193.0,167.0,5.0,0.0,0.0,1.0,1.0,1.0,1.0,2023
Ribeirão Pires,2,30.0,373.0,0.0,173.0,0.0,0.0,3.0,170.0,194.0,6.0,0.0,0.0,1.0,1.0,1.0,2023
Diadema,2,68.0,2113.0,0.0,831.0,0.0,0.0,15.0,808.0,1166.0,124.0,0.0,1.0,1.0,1.0,1.0,2023
Taboão da Serra,2,26.0,288.0,105.0,117.0,0.0,1.0,105.0,110.0,68.0,4.0,0.0,1.0,1.0,1.0,1.0,2023
Santa Bárbara d'Oeste,2,30.0,473.0,0.0,337.0,0.0,0.0,8.0,318.0,142.0,5.0,0.0,0.0,1.0,1.0,1.0,2023
Bragança Paulista,2,40.0,793.0,0.0,334.0,0.0,0.0,2.0,318.0,409.0,64.0,0.0,1.0,1.0,1.0,1.0,2023
Mogi Guaçu,2,,,,,,,,,,,,,,,,2023
São José do Rio Preto,2,20.0,386.0,0.0,386.0,0.0,0.0,1.0,356.0,29.0,0.0,0.0,1.0,1.0,1.0,1.0,2023
Itaí,2,,,,,,,,,,,,,,,,2023
Itaquaquecetuba,2,51.0,623.0,0.0,355.0,0.0,0.0,6.0,323.0,241.0,53.0,0.0,1.0,1.0,1.0,0.0,2023
São José dos Campos,2,,,,,,,,,,,,,,,,2023
São Paulo,2,57.0,1529.0,0.0,386.0,0.0,0.0,0.0,353.0,969.0,207.0,0.0,0.0,1.0,1.0,1.0,2023
São Paulo,2,38.0,745.0,0.0,418.0,0.0,0.0,1.0,382.0,336.0,26.0,0.0,1.0,1.0,1.0,1.0,2023
Guarulhos,2,18.0,230.0,230.0,0.0,0.0,0.0,228.0,2.0,0.0,0.0,0.0,1.0,1.0,1.0,1.0,2023
Arujá,2,,,,,,,,,,,,,,,,2023
Santo André,2,33.0,765.0,0.0,765.0,0.0,0.0,11.0,717.0,37.0,0.0,0.0,1.0,1.0,1.0,1.0,2023
Bauru,2,45.0,878.0,0.0,422.0,0.0,0.0,8.0,391.0,456.0,23.0,0.0,1.0,1.0,1.0,1.0,2023
Guarulhos,2,38.0,799.0,0.0,540.0,0.0,0.0,3.0,504.0,280.0,12.0,0.0,1.0,1.0,1.0,1.0,2023
Diadema,2,30.0,925.0,0.0,299.0,0.0,0.0,1.0,293.0,565.0,66.0,0.0,1.0,1.0,1.0,1.0,2023
Diadema,2,,,,,,,,,,,,,,,,2023
Ribeirão Pires,2,13.0,216.0,216.0,0.0,0.0,0.0,214.0,2.0,0.0,0.0,0.0,0.0,1.0,1.0,1.0,2023
Carapicuíba,2,48.0,1141.0,0.0,774.0,0.0,0.0,12.0,715.0,387.0,27.0,0.0,1.0,1.0,1.0,1.0,2023
Itapevi,2,60.0,1556.0,0.0,762.0,0.0,0.0,20.0,713.0,751.0,72.0,0.0,1.0,1.0,1.0,1.0,2023
Jandira,2,74.0,2225.0,0.0,844.0,0.0,0.0,14.0,795.0,1297.0,119.0,0.0,1.0,1.0,1.0,1.0,2023
São Paulo,2,32.0,796.0,796.0,0.0,0.0,0.0,763.0,31.0,2.0,0.0,1.0,1.0,1.0,1.0,0.0,2023
Guarulhos,2,32.0,536.0,0.0,381.0,0.0,0.0,0.0,346.0,181.0,9.0,0.0,1.0,1.0,0.0,1.0,2023
Itaquaquecetuba,2,72.0,1236.0,0.0,651.0,0.0,0.0,15.0,593.0,503.0,125.0,0.0,1.0,1.0,1.0,1.0,2023
Itaquaquecetuba,2,,,,,,,,,,,,,,,,2023
Suzano,2,28.0,400.0,208.0,192.0,0.0,0.0,198.0,188.0,14.0,0.0,0.0,1.0,1.0,1.0,1.0,2023
São Bernardo do Campo,2,72.0,2194.0,0.0,972.0,0.0,0.0,1.0,886.0,1157.0,150.0,0.0,1.0,1.0,1.0,1.0,2023
Americana,2,22.0,356.0,0.0,250.0,0.0,0.0,8.0,235.0,104.0,9.0,0.0,0.0,1.0,1.0,0.0,2023
Serra Negra,2,25.0,461.0,72.0,199.0,0.0,0.0,75.0,191.0,185.0,10.0,0.0,1.0,1.0,1.0,0.0,2023
São José do Rio Pardo,2,13.0,193.0,193.0,0.0,0.0,0.0,188.0,4.0,1.0,0.0,0.0,1.0,1.0,1.0,0.0,2023
Guaratinguetá,2,30.0,433.0,0.0,204.0,0.0,0.0,5.0,186.0,215.0,27.0,0.0,1.0,1.0,1.0,1.0,2023
Bertioga,2,39.0,1223.0,0.0,491.0,0.0,0.0,2.0,439.0,666.0,116.0,0.0,1.0,1.0,1.0,0.0,2023
Bertioga,2,38.0,1223.0,0.0,519.0,0.0,0.0,1.0,471.0,650.0,101.0,0.0,1.0,1.0,1.0,0.0,2023
São Miguel Arcanjo,2,32.0,688.0,0.0,455.0,0.0,0.0,14.0,436.0,236.0,2.0,0.0,1.0,1.0,1.0,0.0,2023
Salto,2,55.0,1252.0,605.0,446.0,0.0,0.0,584.0,431.0,229.0,8.0,0.0,1.0,1.0,1.0,1.0,2023
Lorena,2,,,,,,,,,,,,,,,,2023
Mogi Guaçu,2,14.0,269.0,0.0,269.0,0.0,0.0,3.0,254.0,12.0,0.0,0.0,1.0,1.0,1.0,1.0,2023
Pindamonhangaba,2,,,,,,,,,,,,,,,,2023
São Pedro,2,,,,,,,,,,,,,,,,2023
Presidente Prudente,2,41.0,710.0,0.0,268.0,0.0,0.0,0.0,237.0,439.0,34.0,0.0,1.0,1.0,1.0,0.0,2023
Rio Claro,2,27.0,483.0,0.0,358.0,0.0,0.0,0.0,330.0,139.0,14.0,0.0,1.0,1.0,1.0,1.0,2023
São Carlos,2,55.0,922.0,460.0,462.0,0.0,0.0,448.0,444.0,30.0,0.0,0.0,1.0,1.0,1.0,0.0,2023
São José dos Campos,2,20.0,317.0,0.0,0.0,0.0,0.0,0.0,0.0,298.0,19.0,0.0,1.0,1.0,1.0,1.0,2023
Sorocaba,2,19.0,280.0,280.0,0.0,0.0,0.0,276.0,4.0,0.0,0.0,0.0,1.0,1.0,1.0,1.0,2023
Sorocaba,2,50.0,1080.0,0.0,390.0,0.0,0.0,2.0,359.0,631.0,88.0,0.0,1.0,1.0,1.0,1.0,2023
São Paulo,2,26.0,539.0,539.0,0.0,0.0,0.0,502.0,37.0,0.0,0.0,0.0,0.0,1.0,1.0,1.0,2023
Ferraz de Vasconcelos,2,58.0,1330.0,0.0,624.0,0.0,0.0,1.0,551.0,658.0,120.0,0.0,1.0,1.0,1.0,1.0,2023
São Paulo,2,32.0,644.0,0.0,415.0,0.0,0.0,0.0,386.0,246.0,12.0,0.0,0.0,1.0,1.0,1.0,2023
Avaré,2,,,,,,,,,,,,,,,,2023
Guarulhos,2,16.0,271.0,0.0,271.0,0.0,0.0,1.0,264.0,6.0,0.0,0.0,0.0,1.0,0.0,0.0,2023
Americana,2,12.0,104.0,0.0,93.0,0.0,0.0,0.0,93.0,11.0,0.0,0.0,1.0,1.0,1.0,0.0,2023
São Paulo,2,36.0,487.0,0.0,202.0,0.0,0.0,0.0,186.0,257.0,44.0,0.0,1.0,1.0,1.0,1.0,2023
São Paulo,2,28.0,615.0,615.0,0.0,0.0,0.0,571.0,44.0,0.0,0.0,0.0,1.0,1.0,1.0,0.0,2023
Ferraz de Vasconcelos,2,,,,,,,,,,,,,,,,2023
Embu das Artes,2,22.0,511.0,511.0,0.0,0.0,0.0,497.0,14.0,0.0,0.0,0.0,0.0,1.0,0.0,1.0,2023
Santa Bárbara d'Oeste,2,13.0,263.0,0.0,263.0,0.0,0.0,6.0,252.0,5.0,0.0,0.0,1.0,1.0,1.0,1.0,2023
Andradina,2,25.0,380.0,0.0,264.0,0.0,0.0,3.0,252.0,124.0,1.0,0.0,1.0,1.0,1.0,1.0,2023
Campinas,2,13.0,217.0,217.0,0.0,0.0,0.0,207.0,10.0,0.0,0.0,0.0,0.0,1.0,1.0,0.0,2023
Campinas,2,33.0,784.0,784.0,0.0,0.0,0.0,754.0,30.0,0.0,0.0,0.0,1.0,1.0,0.0,1.0,2023
Franca,2,14.0,218.0,218.0,0.0,0.0,0.0,204.0,14.0,0.0,0.0,0.0,1.0,1.0,1.0,1.0,2023
Guzolândia,2,,,,,,,,,,,,,,,,2023
Mongaguá,2,,,,,,,,,,,,,,,,2023
Porto Feliz,2,19.0,232.0,0.0,0.0,0.0,0.0,0.0,4.0,211.0,17.0,0.0,1.0,1.0,1.0,1.0,2023
Tietê,2,,,,,,,,,,,,,,,,2023
Jaboticabal,2,43.0,783.0,0.0,331.0,0.0,0.0,8.0,307.0,400.0,68.0,1.0,1.0,1.0,1.0,0.0,2023
Cordeirópolis,2,29.0,833.0,0.0,464.0,0.0,0.0,9.0,400.0,376.0,48.0,0.0,0.0,1.0,1.0,1.0,2023
Mirante do Paranapanema,2,33.0,295.0,88.0,113.0,0.0,0.0,85.0,108.0,87.0,15.0,0.0,1.0,1.0,1.0,1.0,2023
Osvaldo Cruz,2,26.0,407.0,0.0,274.0,0.0,0.0,6.0,267.0,131.0,3.0,0.0,1.0,1.0,1.0,1.0,2023
Pindamonhangaba,2,17.0,222.0,0.0,137.0,0.0,0.0,2.0,137.0,82.0,1.0,0.0,1.0,1.0,1.0,1.0,2023
Pindamonhangaba,2,33.0,697.0,0.0,321.0,0.0,0.0,12.0,304.0,370.0,11.0,0.0,1.0,1.0,1.0,1.0,2023
Presidente Venceslau,2,14.0,278.0,0.0,278.0,0.0,0.0,6.0,267.0,5.0,0.0,0.0,1.0,1.0,1.0,1.0,2023
Serrana,2,65.0,1337.0,0.0,509.0,0.0,0.0,1.0,450.0,640.0,246.0,0.0,1.0,1.0,1.0,0.0,2023
Sertãozinho,2,44.0,1453.0,0.0,669.0,0.0,0.0,2.0,592.0,709.0,150.0,0.0,0.0,1.0,1.0,1.0,2023
Sorocaba,2,21.0,325.0,0.0,151.0,0.0,0.0,0.0,143.0,175.0,7.0,0.0,1.0,1.0,1.0,1.0,2023
Sorocaba,2,59.0,1955.0,0.0,885.0,0.0,0.0,2.0,821.0,1037.0,95.0,0.0,0.0,1.0,1.0,1.0,2023
Cerquilho,2,32.0,616.0,0.0,0.0,0.0,0.0,0.0,8.0,491.0,117.0,0.0,1.0,1.0,1.0,0.0,2023
Bertioga,2,14.0,315.0,0.0,315.0,0.0,0.0,1.0,298.0,16.0,0.0,0.0,0.0,1.0,0.0,0.0,2023
São José dos Campos,2,42.0,1113.0,0.0,492.0,0.0,0.0,0.0,463.0,598.0,52.0,0.0,1.0,1.0,1.0,1.0,2023
São Paulo,2,85.0,1853.0,0.0,743.0,0.0,0.0,0.0,695.0,1043.0,115.0,0.0,1.0,1.0,0.0,0.0,2023
São Paulo,2,45.0,973.0,441.0,268.0,0.0,0.0,409.0,280.0,242.0,42.0,0.0,0.0,1.0,1.0,0.0,2023
São Paulo,2,18.0,311.0,0.0,0.0,0.0,0.0,0.0,0.0,288.0,23.0,0.0,1.0,1.0,1.0,1.0,2023
São Bernardo do Campo,2,18.0,380.0,0.0,380.0,0.0,0.0,0.0,346.0,34.0,0.0,0.0,1.0,1.0,1.0,0.0,2023
Lorena,2,21.0,220.0,0.0,0.0,0.0,0.0,0.0,12.0,200.0,8.0,1.0,1.0,1.0,1.0,1.0,2023
Bauru,2,34.0,570.0,0.0,0.0,0.0,0.0,0.0,10.0,456.0,104.0,0.0,1.0,1.0,1.0,1.0,2023
Santa Bárbara d'Oeste,2,18.0,333.0,0.0,231.0,0.0,0.0,9.0,221.0,101.0,2.0,0.0,1.0,1.0,1.0,1.0,2023
Santa Bárbara d'Oeste,2,30.0,391.0,0.0,164.0,0.0,0.0,9.0,152.0,224.0,6.0,0.0,1.0,1.0,1.0,1.0,2023
Araraquara,2,35.0,735.0,228.0,294.0,0.0,0.0,221.0,280.0,225.0,9.0,0.0,1.0,1.0,1.0,1.0,2023
Campinas,2,46.0,1219.0,0.0,504.0,0.0,0.0,1.0,466.0,659.0,93.0,0.0,1.0,1.0,1.0,0.0,2023
Marília,2,10.0,124.0,0.0,0.0,0.0,0.0,0.0,3.0,121.0,0.0,0.0,1.0,1.0,1.0,1.0,2023
Sertãozinho,2,32.0,749.0,0.0,446.0,0.0,0.0,1.0,407.0,323.0,18.0,0.0,1.0,1.0,1.0,1.0,2023
Tatuí,2,33.0,673.0,0.0,361.0,0.0,0.0,6.0,357.0,300.0,10.0,0.0,1.0,1.0,1.0,1.0,2023
São Paulo,2,50.0,1032.0,0.0,664.0,0.0,0.0,0.0,573.0,433.0,26.0,0.0,1.0,1.0,1.0,1.0,2023
São Paulo,2,45.0,1575.0,0.0,653.0,0.0,0.0,1.0,593.0,895.0,86.0,0.0,1.0,1.0,1.0,0.0,2023
Mogi das Cruzes,2,76.0,2225.0,0.0,0.0,0.0,0.0,0.0,4.0,1941.0,280.0,0.0,1.0,1.0,1.0,0.0,2023
Mogi das Cruzes,2,45.0,719.0,0.0,465.0,0.0,0.0,0.0,423.0,276.0,20.0,0.0,1.0,1.0,1.0,1.0,2023
Osasco,2,40.0,750.0,0.0,596.0,0.0,0.0,0.0,564.0,178.0,8.0,0.0,1.0,1.0,1.0,1.0,2023
Francisco Morato,2,52.0,1392.0,0.0,664.0,0.0,0.0,10.0,628.0,680.0,74.0,0.0,1.0,1.0,1.0,0.0,2023
Caieiras,2,31.0,617.0,0.0,383.0,0.0,0.0,8.0,367.0,232.0,10.0,0.0,1.0,1.0,1.0,1.0,2023
Diadema,2,50.0,1571.0,0.0,736.0,0.0,0.0,11.0,704.0,808.0,48.0,0.0,1.0,1.0,1.0,1.0,2023
Diadema,2,33.0,1218.0,0.0,488.0,0.0,0.0,7.0,479.0,676.0,56.0,0.0,1.0,1.0,1.0,0.0,2023
Diadema,2,29.0,458.0,0.0,264.0,0.0,0.0,8.0,265.0,178.0,7.0,0.0,1.0,1.0,1.0,1.0,2023
Guarulhos,2,69.0,2214.0,0.0,918.0,0.0,0.0,6.0,854.0,1251.0,103.0,0.0,1.0,1.0,1.0,1.0,2023
Guarulhos,2,34.0,576.0,0.0,0.0,0.0,0.0,0.0,2.0,515.0,59.0,0.0,1.0,1.0,0.0,1.0,2023
Guarulhos,2,70.0,1618.0,0.0,609.0,0.0,0.0,4.0,539.0,964.0,111.0,0.0,1.0,1.0,1.0,1.0,2023
Arujá,2,56.0,1109.0,0.0,378.0,0.0,0.0,9.0,344.0,604.0,152.0,0.0,1.0,1.0,1.0,0.0,2023
Poá,2,32.0,593.0,0.0,421.0,0.0,0.0,5.0,390.0,189.0,9.0,0.0,0.0,1.0,1.0,0.0,2023
Mauá,2,46.0,1207.0,0.0,623.0,0.0,0.0,11.0,568.0,568.0,60.0,0.0,1.0,1.0,0.0,1.0,2023
São Paulo,2,73.0,1951.0,0.0,725.0,0.0,0.0,0.0,635.0,1018.0,298.0,0.0,1.0,1.0,1.0,1.0,2023
São Paulo,2,53.0,1302.0,0.0,504.0,0.0,0.0,2.0,473.0,783.0,44.0,0.0,1.0,1.0,1.0,1.0,2023
São Paulo,2,44.0,974.0,0.0,287.0,0.0,0.0,0.0,261.0,638.0,75.0,0.0,1.0,1.0,1.0,1.0,2023
São Paulo,2,60.0,1659.0,459.0,371.0,0.0,0.0,429.0,367.0,777.0,86.0,0.0,1.0,1.0,1.0,1.0,2023
Ferraz de Vasconcelos,2,36.0,629.0,0.0,389.0,0.0,0.0,0.0,360.0,253.0,16.0,0.0,1.0,1.0,1.0,0.0,2023
Itapecerica da Serra,2,32.0,460.0,0.0,306.0,0.0,0.0,6.0,279.0,165.0,10.0,0.0,1.0,1.0,1.0,1.0,2023
Itaquaquecetuba,2,47.0,907.0,0.0,601.0,0.0,0.0,11.0,568.0,280.0,48.0,0.0,1.0,1.0,1.0,0.0,2023
Itaquaquecetuba,2,41.0,769.0,0.0,524.0,0.0,0.0,12.0,477.0,268.0,12.0,0.0,1.0,1.0,1.0,1.0,2023
Jandira,2,52.0,1032.0,0.0,361.0,0.0,0.0,7.0,351.0,439.0,235.0,0.0,1.0,1.0,1.0,1.0,2023
Embu das Artes,2,49.0,904.0,0.0,425.0,0.0,0.0,1.0,401.0,374.0,128.0,0.0,0.0,1.0,1.0,0.0,2023
Guarulhos,2,64.0,1341.0,0.0,562.0,0.0,0.0,1.0,527.0,743.0,70.0,0.0,1.0,1.0,1.0,0.0,2023
Rio Grande da Serra,2,17.0,332.0,173.0,159.0,0.0,0.0,174.0,152.0,6.0,0.0,0.0,0.0,1.0,1.0,0.0,2023
Santo André,2,25.0,353.0,0.0,278.0,0.0,0.0,2.0,264.0,85.0,2.0,0.0,1.0,1.0,1.0,1.0,2023
Birigui,2,35.0,649.0,0.0,295.0,0.0,0.0,0.0,279.0,364.0,6.0,0.0,1.0,1.0,1.0,1.0,2023
Campinas,2,56.0,1271.0,0.0,542.0,0.0,0.0,0.0,504.0,630.0,137.0,0.0,1.0,1.0,1.0,1.0,2023
Mauá,2,43.0,850.0,0.0,575.0,0.0,0.0,12.0,560.0,274.0,4.0,0.0,1.0,1.0,1.0,1.0,2023
Guarulhos,2,55.0,1209.0,0.0,443.0,0.0,0.0,0.0,394.0,503.0,312.0,0.0,1.0,1.0,1.0,1.0,2023
Ferraz de Vasconcelos,2,34.0,698.0,0.0,390.0,0.0,0.0,1.0,344.0,328.0,25.0,0.0,1.0,1.0,1.0,0.0,2023
Suzano,2,61.0,1570.0,0.0,431.0,0.0,0.0,3.0,404.0,1070.0,93.0,0.0,1.0,1.0,1.0,1.0,2023
Carapicuíba,2,48.0,1066.0,0.0,762.0,0.0,0.0,6.0,707.0,338.0,15.0,0.0,1.0,1.0,1.0,1.0,2023
São Paulo,2,40.0,712.0,0.0,304.0,0.0,0.0,0.0,270.0,390.0,52.0,0.0,1.0,1.0,1.0,1.0,2023
São Paulo,2,85.0,1987.0,0.0,534.0,0.0,0.0,1.0,477.0,1247.0,262.0,0.0,1.0,1.0,1.0,1.0,2023
São Vicente,2,60.0,1247.0,406.0,368.0,0.0,2.0,387.0,346.0,469.0,43.0,0.0,1.0,1.0,1.0,0.0,2023
São Paulo,2,37.0,998.0,0.0,427.0,0.0,0.0,3.0,380.0,483.0,132.0,0.0,1.0,1.0,1.0,0.0,2023
São Paulo,2,77.0,2216.0,0.0,932.0,0.0,0.0,1.0,840.0,1191.0,184.0,0.0,1.0,1.0,1.0,1.0,2023
São Paulo,2,56.0,1118.0,1118.0,0.0,0.0,0.0,1048.0,69.0,1.0,0.0,1.0,1.0,1.0,1.0,1.0,2023
São Paulo,2,26.0,448.0,0.0,0.0,0.0,0.0,0.0,0.0,421.0,27.0,0.0,1.0,1.0,1.0,0.0,2023
São Paulo,2,15.0,299.0,0.0,299.0,0.0,0.0,0.0,284.0,15.0,0.0,0.0,1.0,1.0,0.0,1.0,2023
São Paulo,2,21.0,489.0,489.0,0.0,0.0,0.0,467.0,22.0,0.0,0.0,0.0,0.0,1.0,1.0,1.0,2023
São Paulo,2,28.0,686.0,686.0,0.0,0.0,0.0,660.0,26.0,0.0,0.0,0.0,1.0,1.0,1.0,1.0,2023
São Paulo,2,41.0,856.0,856.0,0.0,0.0,0.0,806.0,50.0,0.0,0.0,0.0,1.0,1.0,1.0,1.0,2023
São Paulo,2,43.0,973.0,973.0,0.0,0.0,0.0,911.0,62.0,0.0,0.0,0.0,1.0,1.0,0.0,1.0,2023
São Paulo,2,36.0,610.0,0.0,380.0,0.0,0.0,0.0,360.0,229.0,21.0,0.0,1.0,1.0,1.0,1.0,2023
São Paulo,2,38.0,742.0,0.0,0.0,0.0,0.0,0.0,5.0,702.0,35.0,0.0,1.0,1.0,1.0,1.0,2023
São Paulo,2,42.0,934.0,934.0,0.0,0.0,0.0,878.0,56.0,0.0,0.0,0.0,1.0,1.0,1.0,1.0,2023
São Paulo,2,36.0,949.0,949.0,0.0,0.0,0.0,906.0,43.0,0.0,0.0,0.0,1.0,1.0,1.0,1.0,2023
São Paulo,2,45.0,980.0,0.0,484.0,0.0,0.0,0.0,431.0,463.0,86.0,1.0,1.0,1.0,1.0,1.0,2023
Francisco Morato,2,46.0,1300.0,0.0,681.0,0.0,0.0,7.0,612.0,628.0,53.0,0.0,0.0,1.0,1.0,1.0,2023
Franco da Rocha,2,51.0,1741.0,0.0,666.0,0.0,0.0,9.0,652.0,1019.0,61.0,0.0,1.0,1.0,1.0,1.0,2023
Campinas,2,52.0,1240.0,125.0,497.0,0.0,0.0,96.0,486.0,586.0,72.0,0.0,1.0,1.0,1.0,1.0,2023
São Paulo,2,32.0,605.0,360.0,245.0,0.0,0.0,339.0,229.0,37.0,0.0,0.0,1.0,1.0,1.0,1.0,2023
São Paulo,2,32.0,563.0,0.0,421.0,0.0,0.0,1.0,386.0,159.0,17.0,0.0,1.0,1.0,1.0,0.0,2023
Itaquaquecetuba,2,30.0,519.0,0.0,348.0,0.0,0.0,4.0,324.0,179.0,12.0,0.0,1.0,1.0,1.0,0.0,2023
Itaquaquecetuba,2,35.0,586.0,0.0,441.0,0.0,0.0,6.0,413.0,160.0,7.0,0.0,1.0,1.0,1.0,0.0,2023
Mauá,2,23.0,515.0,515.0,0.0,0.0,0.0,503.0,12.0,0.0,0.0,0.0,1.0,1.0,0.0,0.0,2023
Embu das Artes,2,24.0,394.0,0.0,394.0,0.0,0.0,3.0,365.0,26.0,0.0,0.0,1.0,1.0,1.0,0.0,2023
Guarulhos,2,17.0,362.0,0.0,0.0,0.0,0.0,0.0,2.0,349.0,11.0,0.0,1.0,1.0,1.0,1.0,2023
Guarulhos,2,53.0,1916.0,0.0,497.0,0.0,0.0,4.0,466.0,1318.0,128.0,0.0,1.0,1.0,1.0,1.0,2023
Guarulhos,2,48.0,1261.0,0.0,557.0,0.0,0.0,2.0,531.0,700.0,28.0,0.0,1.0,1.0,0.0,1.0,2023
São Paulo,2,21.0,367.0,0.0,0.0,0.0,0.0,0.0,0.0,356.0,11.0,0.0,1.0,1.0,1.0,0.0,2023
Carapicuíba,2,20.0,405.0,405.0,0.0,0.0,1.0,397.0,7.0,0.0,0.0,0.0,1.0,1.0,1.0,1.0,2023
São Paulo,2,37.0,859.0,859.0,0.0,0.0,0.0,815.0,43.0,1.0,0.0,0.0,0.0,1.0,1.0,1.0,2023
Mauá,2,48.0,764.0,0.0,286.0,0.0,0.0,3.0,271.0,468.0,22.0,0.0,1.0,1.0,1.0,1.0,2023
Mauá,2,46.0,886.0,0.0,580.0,0.0,0.0,10.0,561.0,306.0,9.0,0.0,1.0,1.0,1.0,0.0,2023
Suzano,2,37.0,529.0,0.0,482.0,0.0,0.0,1.0,453.0,31.0,44.0,0.0,1.0,1.0,1.0,0.0,2023
Suzano,2,39.0,709.0,0.0,465.0,0.0,0.0,0.0,438.0,256.0,15.0,0.0,1.0,1.0,1.0,1.0,2023
Itapevi,2,18.0,369.0,0.0,255.0,0.0,0.0,2.0,254.0,110.0,3.0,0.0,1.0,1.0,1.0,1.0,2023
Taboão da Serra,2,36.0,657.0,0.0,368.0,0.0,0.0,8.0,344.0,275.0,30.0,0.0,1.0,1.0,1.0,1.0,2023
Embu das Artes,2,12.0,156.0,0.0,156.0,0.0,0.0,0.0,150.0,6.0,0.0,0.0,1.0,1.0,1.0,1.0,2023
São Bernardo do Campo,2,25.0,458.0,0.0,295.0,0.0,0.0,3.0,273.0,175.0,7.0,0.0,1.0,1.0,1.0,0.0,2023
São Paulo,2,76.0,2104.0,722.0,504.0,0.0,0.0,667.0,479.0,755.0,203.0,0.0,1.0,1.0,1.0,0.0,2023
Itaquaquecetuba,2,36.0,789.0,0.0,517.0,0.0,0.0,9.0,487.0,279.0,14.0,0.0,1.0,1.0,1.0,1.0,2023
Itaquaquecetuba,2,62.0,1600.0,0.0,714.0,0.0,0.0,10.0,688.0,808.0,94.0,0.0,1.0,1.0,1.0,0.0,2023
Itaquaquecetuba,2,53.0,1338.0,0.0,557.0,0.0,0.0,9.0,537.0,721.0,71.0,0.0,1.0,1.0,1.0,0.0,2023
Itaquaquecetuba,2,57.0,1591.0,0.0,807.0,0.0,0.0,12.0,758.0,725.0,96.0,0.0,0.0,1.0,1.0,0.0,2023
Mogi das Cruzes,2,42.0,755.0,0.0,0.0,0.0,0.0,0.0,0.0,697.0,58.0,0.0,1.0,1.0,1.0,1.0,2023
Mogi das Cruzes,2,,,,,,,,,,,,,,,,2023
São Paulo,2,33.0,637.0,0.0,408.0,0.0,0.0,2.0,383.0,236.0,16.0,0.0,1.0,1.0,1.0,1.0,2023
São Paulo,2,64.0,1601.0,0.0,458.0,0.0,0.0,1.0,431.0,843.0,326.0,0.0,1.0,1.0,1.0,1.0,2023
São Paulo,2,29.0,658.0,658.0,0.0,0.0,0.0,642.0,16.0,0.0,0.0,0.0,1.0,1.0,0.0,1.0,2023
São Paulo,2,36.0,817.0,817.0,0.0,0.0,0.0,773.0,44.0,0.0,0.0,0.0,1.0,1.0,0.0,1.0,2023
Osasco,2,32.0,514.0,0.0,389.0,0.0,0.0,0.0,351.0,151.0,12.0,0.0,1.0,1.0,1.0,1.0,2023
Osasco,2,25.0,380.0,0.0,267.0,0.0,0.0,0.0,248.0,123.0,9.0,0.0,1.0,1.0,1.0,1.0,2023
Guarulhos,2,54.0,1156.0,0.0,748.0,0.0,0.0,3.0,697.0,434.0,22.0,0.0,0.0,1.0,0.0,1.0,2023
Tatuí,2,52.0,1188.0,0.0,417.0,0.0,0.0,7.0,396.0,629.0,156.0,0.0,1.0,1.0,1.0,1.0,2023
Taquarituba,2,14.0,206.0,0.0,206.0,0.0,0.0,1.0,193.0,12.0,0.0,0.0,0.0,1.0,1.0,1.0,2023
Sorocaba,2,37.0,767.0,0.0,562.0,0.0,0.0,4.0,538.0,214.0,11.0,0.0,0.0,1.0,1.0,1.0,2023
Itu,2,53.0,1529.0,0.0,749.0,0.0,0.0,10.0,712.0,751.0,56.0,0.0,1.0,1.0,1.0,0.0,2023
Itu,2,30.0,725.0,0.0,464.0,0.0,0.0,11.0,427.0,266.0,21.0,0.0,1.0,1.0,1.0,1.0,2023
Hortolândia,2,52.0,954.0,0.0,637.0,0.0,0.0,4.0,597.0,244.0,109.0,0.0,1.0,1.0,1.0,1.0,2023
Votorantim,2,32.0,660.0,0.0,458.0,0.0,0.0,4.0,416.0,233.0,7.0,0.0,0.0,1.0,1.0,0.0,2023
Cajamar,2,,,,,,,,,,,,,,,,2023
Francisco Morato,2,62.0,1940.0,0.0,916.0,0.0,0.0,9.0,880.0,1001.0,50.0,0.0,1.0,1.0,1.0,0.0,2023
Salesópolis,2,15.0,308.0,0.0,308.0,0.0,0.0,8.0,288.0,12.0,0.0,0.0,0.0,1.0,1.0,1.0,2023
São Paulo,2,27.0,579.0,579.0,0.0,0.0,0.0,552.0,27.0,0.0,0.0,0.0,1.0,1.0,1.0,1.0,2023
São Bernardo do Campo,2,25.0,512.0,0.0,512.0,0.0,0.0,1.0,497.0,14.0,0.0,0.0,1.0,1.0,1.0,1.0,2023
São Paulo,2,43.0,777.0,365.0,412.0,0.0,0.0,352.0,392.0,33.0,0.0,0.0,1.0,1.0,1.0,1.0,2023
São Paulo,2,48.0,639.0,305.0,254.0,0.0,0.0,284.0,251.0,99.0,5.0,0.0,1.0,1.0,1.0,1.0,2023
São Paulo,2,43.0,952.0,0.0,0.0,0.0,0.0,0.0,2.0,698.0,252.0,0.0,1.0,1.0,1.0,1.0,2023
Birigui,2,35.0,538.0,0.0,302.0,0.0,0.0,0.0,286.0,233.0,19.0,0.0,1.0,1.0,1.0,1.0,2023
Jacareí,2,35.0,707.0,0.0,462.0,0.0,0.0,0.0,428.0,257.0,22.0,0.0,1.0,1.0,1.0,1.0,2023
Peruíbe,2,29.0,490.0,0.0,490.0,0.0,0.0,2.0,458.0,30.0,0.0,0.0,1.0,1.0,1.0,0.0,2023
Vargem Grande Paulista,2,32.0,887.0,0.0,369.0,0.0,0.0,6.0,349.0,463.0,69.0,0.0,0.0,1.0,1.0,1.0,2023
Pindamonhangaba,2,38.0,652.0,0.0,184.0,0.0,0.0,3.0,182.0,350.0,117.0,0.0,1.0,1.0,1.0,0.0,2023
Itaí,2,32.0,616.0,0.0,392.0,0.0,0.0,8.0,370.0,228.0,10.0,0.0,1.0,1.0,1.0,1.0,2023
Campinas,2,34.0,866.0,866.0,0.0,0.0,0.0,828.0,38.0,0.0,0.0,0.0,0.0,1.0,1.0,1.0,2023
Barra do Turvo,2,15.0,186.0,0.0,127.0,0.0,0.0,2.0,124.0,57.0,3.0,0.0,0.0,1.0,0.0,1.0,2023
São Paulo,2,60.0,1688.0,611.0,440.0,0.0,0.0,567.0,446.0,503.0,172.0,0.0,1.0,1.0,1.0,1.0,2023
São Paulo,2,27.0,631.0,631.0,0.0,0.0,0.0,608.0,23.0,0.0,0.0,0.0,1.0,1.0,1.0,1.0,2023
São Paulo,2,29.0,866.0,324.0,0.0,0.0,0.0,307.0,19.0,487.0,53.0,0.0,0.0,1.0,0.0,1.0,2023
São Paulo,2,26.0,528.0,528.0,0.0,0.0,0.0,511.0,17.0,0.0,0.0,0.0,1.0,1.0,0.0,0.0,2023
Itaquaquecetuba,2,33.0,560.0,0.0,252.0,0.0,0.0,3.0,233.0,285.0,39.0,0.0,1.0,1.0,0.0,0.0,2023
São Bernardo do Campo,2,68.0,2048.0,0.0,1014.0,0.0,0.0,2.0,875.0,915.0,256.0,0.0,1.0,1.0,0.0,1.0,2023
Embu das Artes,2,28.0,458.0,0.0,308.0,0.0,0.0,0.0,294.0,153.0,11.0,0.0,1.0,1.0,1.0,1.0,2023
Cunha,2,15.0,79.0,0.0,39.0,0.0,0.0,6.0,35.0,35.0,3.0,0.0,0.0,1.0,1.0,1.0,2023
Várzea Paulista,2,35.0,600.0,0.0,433.0,0.0,0.0,0.0,405.0,186.0,9.0,0.0,0.0,1.0,1.0,1.0,2023
Eldorado,2,12.0,160.0,0.0,102.0,0.0,0.0,0.0,91.0,62.0,7.0,0.0,1.0,1.0,1.0,1.0,2023
São Paulo,2,16.0,272.0,0.0,94.0,0.0,0.0,0.0,97.0,170.0,5.0,0.0,1.0,1.0,1.0,0.0,2023
São Paulo,2,,,,,,,,,,,,,,,,2023
Natividade da Serra,2,11.0,56.0,0.0,38.0,0.0,0.0,1.0,36.0,19.0,0.0,0.0,0.0,1.0,0.0,0.0,2023
São Paulo,2,27.0,548.0,548.0,0.0,0.0,0.0,520.0,28.0,0.0,0.0,0.0,1.0,1.0,0.0,1.0,2023
Francisco Morato,2,67.0,2253.0,0.0,979.0,0.0,0.0,17.0,931.0,1234.0,71.0,0.0,1.0,1.0,1.0,0.0,2023
Campinas,2,32.0,828.0,0.0,271.0,0.0,0.0,0.0,260.0,508.0,60.0,0.0,1.0,1.0,1.0,1.0,2023
Campinas,2,21.0,493.0,493.0,0.0,0.0,0.0,482.0,11.0,0.0,0.0,0.0,1.0,1.0,1.0,1.0,2023
Campinas,2,26.0,653.0,653.0,0.0,0.0,0.0,621.0,32.0,0.0,0.0,0.0,1.0,1.0,1.0,1.0,2023
Campinas,2,40.0,1082.0,0.0,354.0,0.0,0.0,1.0,326.0,657.0,98.0,0.0,1.0,1.0,1.0,1.0,2023
Jacareí,2,26.0,397.0,0.0,306.0,0.0,0.0,2.0,277.0,112.0,6.0,0.0,1.0,1.0,1.0,0.0,2023
Pariquera-Açu,2,34.0,634.0,0.0,582.0,0.0,0.0,12.0,544.0,67.0,11.0,0.0,1.0,1.0,1.0,0.0,2023
Araçatuba,2,31.0,475.0,0.0,333.0,0.0,0.0,0.0,309.0,160.0,6.0,0.0,1.0,1.0,1.0,1.0,2023
Iguape,2,,,,,,,,,,,,,,,,2023
Cachoeira Paulista,2,19.0,146.0,0.0,93.0,0.0,0.0,1.0,83.0,54.0,8.0,0.0,1.0,1.0,1.0,1.0,2023
São Paulo,2,72.0,1477.0,0.0,512.0,0.0,0.0,1.0,475.0,707.0,294.0,0.0,1.0,1.0,1.0,1.0,2023
Cabreúva,2,45.0,1442.0,0.0,668.0,0.0,0.0,2.0,596.0,646.0,198.0,0.0,1.0,1.0,1.0,0.0,2023
Leme,2,28.0,703.0,0.0,350.0,0.0,0.0,0.0,326.0,335.0,42.0,0.0,1.0,1.0,1.0,1.0,2023
Sumaré,2,36.0,800.0,0.0,525.0,0.0,0.0,5.0,502.0,280.0,13.0,0.0,1.0,1.0,1.0,1.0,2023
São Paulo,2,77.0,2166.0,1544.0,0.0,0.0,0.0,1468.0,78.0,445.0,175.0,0.0,0.0,1.0,0.0,1.0,2023
São Paulo,2,28.0,625.0,625.0,0.0,0.0,0.0,586.0,39.0,0.0,0.0,0.0,1.0,1.0,1.0,1.0,2023
São Paulo,2,22.0,538.0,538.0,0.0,0.0,0.0,517.0,21.0,0.0,0.0,0.0,1.0,1.0,0.0,1.0,2023
São Paulo,2,18.0,427.0,427.0,0.0,0.0,0.0,419.0,8.0,0.0,0.0,0.0,0.0,1.0,0.0,0.0,2023
São Paulo,2,28.0,541.0,541.0,0.0,0.0,0.0,518.0,23.0,0.0,0.0,1.0,1.0,1.0,0.0,1.0,2023
São Paulo,2,22.0,321.0,0.0,263.0,0.0,0.0,1.0,251.0,68.0,1.0,0.0,1.0,1.0,1.0,1.0,2023
São Paulo,2,39.0,617.0,0.0,617.0,0.0,0.0,2.0,565.0,50.0,0.0,0.0,1.0,1.0,1.0,1.0,2023
São Paulo,2,60.0,1457.0,0.0,732.0,0.0,0.0,1.0,622.0,107.0,727.0,0.0,1.0,1.0,1.0,0.0,2023
São Paulo,2,23.0,360.0,0.0,212.0,0.0,0.0,0.0,205.0,141.0,14.0,0.0,1.0,1.0,1.0,0.0,2023
São Paulo,2,,,,,,,,,,,,,,,,2023
São Paulo,2,33.0,511.0,0.0,364.0,0.0,0.0,0.0,327.0,161.0,23.0,0.0,1.0,1.0,1.0,0.0,2023
São Paulo,2,30.0,703.0,703.0,0.0,0.0,0.0,665.0,38.0,0.0,0.0,0.0,0.0,1.0,0.0,1.0,2023
São Paulo,2,25.0,619.0,619.0,0.0,0.0,0.0,593.0,25.0,1.0,0.0,0.0,1.0,1.0,1.0,1.0,2023
São Paulo,2,,,,,,,,,,,,,,,,2023
São Paulo,2,24.0,423.0,0.0,423.0,0.0,0.0,0.0,395.0,27.0,1.0,0.0,0.0,1.0,1.0,0.0,2023
Mogi das Cruzes,2,14.0,119.0,0.0,80.0,0.0,0.0,0.0,76.0,42.0,1.0,0.0,1.0,1.0,1.0,1.0,2023
Ferraz de Vasconcelos,2,,,,,,,,,,,,,,,,2023
Artur Nogueira,2,34.0,671.0,0.0,407.0,0.0,0.0,11.0,373.0,268.0,19.0,0.0,1.0,1.0,1.0,0.0,2023
Artur Nogueira,2,24.0,540.0,0.0,405.0,0.0,0.0,2.0,375.0,83.0,80.0,0.0,1.0,1.0,1.0,0.0,2023
Salto de Pirapora,2,29.0,474.0,0.0,181.0,0.0,0.0,1.0,169.0,293.0,11.0,0.0,1.0,1.0,1.0,1.0,2023
Sorocaba,2,35.0,645.0,0.0,441.0,0.0,0.0,2.0,405.0,227.0,11.0,0.0,1.0,1.0,1.0,1.0,2023
Mogi Mirim,2,32.0,428.0,0.0,289.0,0.0,0.0,0.0,269.0,153.0,6.0,0.0,0.0,1.0,1.0,0.0,2023
Jacareí,2,15.0,168.0,0.0,119.0,0.0,0.0,0.0,104.0,63.0,1.0,0.0,0.0,1.0,1.0,1.0,2023
Campinas,2,33.0,697.0,697.0,0.0,0.0,0.0,665.0,32.0,0.0,0.0,0.0,1.0,1.0,1.0,1.0,2023
Campinas,2,68.0,1369.0,577.0,400.0,0.0,0.0,551.0,384.0,392.0,42.0,0.0,1.0,1.0,1.0,1.0,2023
Campinas,2,49.0,1215.0,322.0,425.0,0.0,0.0,313.0,394.0,454.0,54.0,0.0,1.0,1.0,1.0,1.0,2023
Campinas,2,21.0,481.0,481.0,0.0,0.0,0.0,463.0,18.0,0.0,0.0,0.0,1.0,1.0,1.0,1.0,2023
Franca,2,38.0,549.0,0.0,222.0,0.0,0.0,0.0,205.0,335.0,9.0,0.0,1.0,1.0,1.0,1.0,2023
Sumaré,2,25.0,419.0,419.0,0.0,0.0,0.0,409.0,10.0,0.0,0.0,0.0,1.0,1.0,1.0,0.0,2023
Hortolândia,2,31.0,582.0,0.0,395.0,0.0,0.0,4.0,369.0,196.0,13.0,0.0,0.0,1.0,1.0,1.0,2023
Bastos,2,38.0,574.0,0.0,271.0,0.0,0.0,6.0,269.0,270.0,29.0,0.0,1.0,1.0,1.0,1.0,2023
Pilar do Sul,2,19.0,349.0,0.0,349.0,0.0,0.0,0.0,323.0,26.0,0.0,0.0,0.0,1.0,1.0,0.0,2023
Jundiaí,2,50.0,1408.0,0.0,622.0,0.0,0.0,1.0,584.0,754.0,69.0,0.0,1.0,1.0,1.0,1.0,2023
Guarulhos,2,38.0,700.0,0.0,700.0,0.0,0.0,2.0,657.0,41.0,0.0,0.0,1.0,1.0,1.0,0.0,2023
Guarulhos,2,45.0,1120.0,0.0,578.0,0.0,0.0,0.0,557.0,529.0,34.0,0.0,1.0,1.0,0.0,1.0,2023
Guarulhos,2,31.0,485.0,0.0,369.0,0.0,0.0,0.0,344.0,135.0,6.0,0.0,1.0,1.0,1.0,0.0,2023
Guarulhos,2,29.0,407.0,0.0,319.0,0.0,0.0,0.0,292.0,108.0,7.0,0.0,1.0,1.0,1.0,1.0,2023
Guarulhos,2,69.0,1615.0,759.0,856.0,0.0,0.0,733.0,833.0,49.0,0.0,0.0,1.0,1.0,1.0,1.0,2023
Guarulhos,2,31.0,689.0,689.0,0.0,0.0,0.0,662.0,27.0,0.0,0.0,0.0,1.0,1.0,1.0,1.0,2023
Guarulhos,2,40.0,786.0,0.0,786.0,0.0,0.0,0.0,739.0,47.0,0.0,0.0,1.0,1.0,1.0,1.0,2023
Guarulhos,2,36.0,639.0,0.0,347.0,0.0,0.0,1.0,328.0,286.0,24.0,0.0,1.0,1.0,1.0,1.0,2023
Guarulhos,2,37.0,501.0,0.0,304.0,0.0,0.0,0.0,278.0,209.0,14.0,0.0,1.0,1.0,1.0,1.0,2023
São Paulo,2,15.0,271.0,110.0,92.0,0.0,0.0,98.0,90.0,63.0,20.0,1.0,1.0,1.0,0.0,1.0,2023
São Paulo,2,,,,,,,,,,,,,,,,2023
São Paulo,2,55.0,1656.0,0.0,601.0,0.0,0.0,2.0,544.0,923.0,187.0,0.0,1.0,1.0,1.0,1.0,2023
São Paulo,2,35.0,810.0,810.0,0.0,0.0,0.0,771.0,39.0,0.0,0.0,0.0,0.0,1.0,0.0,1.0,2023
São Paulo,2,60.0,1949.0,0.0,894.0,0.0,0.0,0.0,808.0,1009.0,132.0,0.0,1.0,1.0,1.0,0.0,2023
São Paulo,2,70.0,2248.0,0.0,1092.0,0.0,0.0,0.0,987.0,1138.0,123.0,0.0,1.0,1.0,1.0,1.0,2023
São Paulo,2,53.0,1396.0,0.0,299.0,0.0,0.0,3.0,265.0,970.0,158.0,0.0,1.0,1.0,0.0,0.0,2023
São Paulo,2,25.0,589.0,589.0,0.0,0.0,0.0,562.0,27.0,0.0,0.0,0.0,1.0,1.0,0.0,0.0,2023
São Paulo,2,37.0,796.0,796.0,0.0,0.0,0.0,736.0,60.0,0.0,0.0,0.0,0.0,1.0,1.0,1.0,2023
São Paulo,2,13.0,242.0,242.0,0.0,0.0,0.0,228.0,14.0,0.0,0.0,0.0,0.0,0.0,0.0,1.0,2023
São Paulo,2,28.0,618.0,618.0,0.0,0.0,0.0,574.0,44.0,0.0,0.0,1.0,1.0,1.0,1.0,1.0,2023
Bauru,2,38.0,712.0,0.0,322.0,0.0,0.0,7.0,301.0,390.0,14.0,0.0,1.0,1.0,1.0,1.0,2023
Conchal,2,28.0,466.0,0.0,286.0,0.0,0.0,6.0,269.0,188.0,3.0,0.0,0.0,1.0,1.0,0.0,2023
Mogi Guaçu,2,26.0,348.0,0.0,214.0,0.0,0.0,2.0,206.0,130.0,10.0,0.0,1.0,1.0,1.0,1.0,2023
São Paulo,2,30.0,697.0,697.0,0.0,0.0,0.0,658.0,39.0,0.0,0.0,0.0,1.0,1.0,1.0,1.0,2023
São Paulo,2,41.0,925.0,925.0,0.0,0.0,0.0,883.0,42.0,0.0,0.0,0.0,0.0,1.0,0.0,1.0,2023
São Paulo,2,68.0,1638.0,0.0,686.0,0.0,0.0,1.0,579.0,825.0,233.0,0.0,1.0,1.0,1.0,1.0,2023
São Paulo,2,25.0,730.0,730.0,0.0,0.0,0.0,684.0,45.0,1.0,0.0,0.0,1.0,1.0,0.0,1.0,2023
São Paulo,2,54.0,1325.0,0.0,582.0,0.0,0.0,1.0,520.0,697.0,107.0,0.0,1.0,1.0,1.0,1.0,2023
São Paulo,2,26.0,614.0,614.0,0.0,0.0,0.0,587.0,27.0,0.0,0.0,0.0,1.0,1.0,0.0,1.0,2023
São Paulo,2,44.0,1015.0,1015.0,0.0,0.0,0.0,969.0,46.0,0.0,0.0,0.0,1.0,1.0,1.0,1.0,2023
São Paulo,2,,,,,,,,,,,,,,,,2023
São Paulo,2,40.0,961.0,615.0,346.0,0.0,0.0,583.0,359.0,19.0,0.0,0.0,1.0,1.0,1.0,1.0,2023
São Paulo,2,28.0,533.0,533.0,0.0,0.0,0.0,511.0,22.0,0.0,0.0,0.0,0.0,1.0,1.0,1.0,2023
São Paulo,2,35.0,661.0,0.0,497.0,0.0,0.0,1.0,467.0,185.0,8.0,0.0,1.0,1.0,1.0,0.0,2023
São Paulo,2,24.0,527.0,527.0,0.0,0.0,0.0,503.0,23.0,1.0,0.0,0.0,1.0,1.0,1.0,0.0,2023
São Paulo,2,36.0,823.0,823.0,0.0,0.0,0.0,789.0,34.0,0.0,0.0,0.0,0.0,1.0,0.0,1.0,2023
Osasco,2,54.0,1935.0,0.0,564.0,0.0,0.0,1.0,525.0,1271.0,138.0,0.0,1.0,1.0,1.0,1.0,2023
São Paulo,2,31.0,613.0,50.0,143.0,0.0,0.0,41.0,136.0,272.0,164.0,0.0,1.0,1.0,0.0,1.0,2023
São Paulo,2,30.0,759.0,759.0,0.0,0.0,0.0,743.0,16.0,0.0,0.0,0.0,1.0,1.0,1.0,1.0,2023
São Paulo,2,65.0,1371.0,0.0,562.0,0.0,0.0,4.0,500.0,615.0,252.0,0.0,1.0,1.0,1.0,1.0,2023
São Paulo,2,65.0,2088.0,0.0,769.0,0.0,0.0,1.0,682.0,1170.0,235.0,0.0,1.0,1.0,1.0,0.0,2023
Carapicuíba,2,40.0,708.0,0.0,534.0,0.0,0.0,8.0,481.0,207.0,12.0,0.0,0.0,1.0,1.0,0.0,2023
Franco da Rocha,2,41.0,1248.0,0.0,609.0,0.0,0.0,9.0,587.0,620.0,32.0,0.0,1.0,1.0,1.0,1.0,2023
Francisco Morato,2,,,,,,,,,,,,,,,,2023
São Paulo,2,47.0,909.0,217.0,176.0,0.0,0.0,206.0,180.0,470.0,53.0,0.0,1.0,1.0,1.0,0.0,2023
Itaquaquecetuba,2,76.0,1636.0,0.0,833.0,0.0,0.0,11.0,762.0,736.0,127.0,0.0,1.0,1.0,1.0,0.0,2023
São Paulo,2,39.0,923.0,432.0,270.0,0.0,0.0,396.0,273.0,226.0,28.0,0.0,1.0,1.0,1.0,1.0,2023
Guarulhos,2,33.0,635.0,635.0,0.0,0.0,0.0,596.0,39.0,0.0,0.0,0.0,1.0,1.0,1.0,1.0,2023
Guarulhos,2,77.0,1807.0,0.0,660.0,0.0,0.0,2.0,605.0,847.0,353.0,0.0,1.0,1.0,0.0,1.0,2023
Guarulhos,2,36.0,1220.0,0.0,0.0,0.0,0.0,0.0,1.0,1085.0,134.0,0.0,1.0,1.0,1.0,1.0,2023
Guarulhos,2,,,,,,,,,,,,,,,,2023
Guarulhos,2,,,,,,,,,,,,,,,,2023
Itapecerica da Serra,2,27.0,442.0,0.0,271.0,0.0,0.0,4.0,262.0,167.0,9.0,0.0,0.0,1.0,1.0,0.0,2023
Itapecerica da Serra,2,32.0,612.0,0.0,382.0,0.0,0.0,6.0,368.0,233.0,5.0,0.0,1.0,1.0,1.0,1.0,2023
Itapecerica da Serra,2,22.0,261.0,0.0,167.0,0.0,0.0,5.0,156.0,97.0,3.0,0.0,1.0,1.0,1.0,1.0,2023
Osasco,2,40.0,782.0,0.0,515.0,0.0,0.0,1.0,475.0,277.0,29.0,0.0,1.0,1.0,1.0,1.0,2023
Santo André,2,53.0,1231.0,0.0,581.0,0.0,0.0,6.0,560.0,544.0,121.0,0.0,1.0,1.0,1.0,1.0,2023
Santo André,2,22.0,484.0,0.0,348.0,0.0,0.0,7.0,316.0,150.0,11.0,0.0,1.0,1.0,1.0,0.0,2023
Ferraz de Vasconcelos,2,62.0,1393.0,0.0,592.0,0.0,0.0,0.0,525.0,762.0,106.0,0.0,1.0,1.0,1.0,1.0,2023
Ribeirão Preto,2,18.0,375.0,375.0,0.0,0.0,0.0,356.0,19.0,0.0,0.0,0.0,0.0,1.0,1.0,0.0,2023
Ribeirão Preto,2,17.0,441.0,441.0,0.0,0.0,0.0,402.0,39.0,0.0,0.0,0.0,0.0,1.0,1.0,1.0,2023
Ribeirão Preto,2,21.0,315.0,315.0,0.0,0.0,0.0,304.0,11.0,0.0,0.0,0.0,0.0,1.0,1.0,1.0,2023
Ribeirão Preto,2,38.0,534.0,0.0,534.0,0.0,0.0,0.0,456.0,78.0,0.0,0.0,1.0,1.0,1.0,0.0,2023
Ribeirão Preto,2,26.0,461.0,0.0,236.0,0.0,0.0,1.0,200.0,235.0,25.0,0.0,1.0,1.0,1.0,1.0,2023
Ribeirão Preto,2,22.0,419.0,419.0,0.0,0.0,0.0,405.0,14.0,0.0,0.0,0.0,1.0,1.0,1.0,1.0,2023
Caconde,2,39.0,587.0,0.0,228.0,0.0,0.0,1.0,223.0,306.0,57.0,0.0,1.0,1.0,1.0,1.0,2023
Sumaré,2,35.0,648.0,0.0,420.0,0.0,0.0,10.0,413.0,220.0,5.0,0.0,1.0,1.0,1.0,1.0,2023
Guarujá,2,31.0,511.0,0.0,317.0,0.0,0.0,0.0,304.0,187.0,20.0,0.0,1.0,1.0,1.0,0.0,2023
Botucatu,2,25.0,297.0,0.0,297.0,0.0,0.0,9.0,266.0,22.0,0.0,0.0,1.0,1.0,1.0,0.0,2023
São Paulo,2,17.0,315.0,0.0,315.0,0.0,0.0,1.0,296.0,18.0,0.0,0.0,1.0,1.0,0.0,1.0,2023
Jacareí,2,,,,,,,,,,,,,,,,2023
Limeira,2,30.0,573.0,0.0,573.0,0.0,0.0,1.0,527.0,45.0,0.0,0.0,1.0,1.0,1.0,1.0,2023
Piracicaba,2,17.0,281.0,0.0,281.0,0.0,0.0,1.0,263.0,17.0,0.0,0.0,1.0,1.0,1.0,1.0,2023
Mirante do Paranapanema,2,29.0,246.0,87.0,85.0,0.0,0.0,85.0,83.0,55.0,23.0,0.0,1.0,1.0,1.0,1.0,2023
Ferraz de Vasconcelos,2,29.0,476.0,0.0,345.0,0.0,0.0,0.0,313.0,156.0,7.0,0.0,1.0,1.0,1.0,1.0,2023
Pirapora do Bom Jesus,2,20.0,497.0,0.0,0.0,0.0,0.0,0.0,3.0,378.0,116.0,0.0,1.0,1.0,1.0,1.0,2023
Suzano,2,34.0,687.0,0.0,687.0,0.0,0.0,1.0,641.0,45.0,0.0,0.0,1.0,1.0,1.0,1.0,2023
Embu das Artes,2,21.0,325.0,325.0,0.0,0.0,0.0,320.0,5.0,0.0,0.0,0.0,1.0,1.0,1.0,1.0,2023
São Paulo,2,32.0,663.0,663.0,0.0,0.0,0.0,622.0,41.0,0.0,0.0,0.0,1.0,1.0,1.0,0.0,2023
São Paulo,2,82.0,1335.0,0.0,0.0,0.0,0.0,0.0,7.0,745.0,583.0,1.0,1.0,1.0,1.0,1.0,2023
Americana,2,31.0,849.0,0.0,210.0,0.0,0.0,6.0,207.0,607.0,29.0,0.0,1.0,1.0,1.0,1.0,2023
Itu,2,26.0,354.0,0.0,257.0,0.0,0.0,5.0,241.0,99.0,9.0,0.0,1.0,1.0,1.0,1.0,2023
Jacareí,2,25.0,361.0,0.0,257.0,0.0,0.0,0.0,226.0,129.0,6.0,0.0,1.0,1.0,1.0,0.0,2023
Pindamonhangaba,2,25.0,398.0,0.0,296.0,0.0,0.0,3.0,292.0,100.0,3.0,0.0,1.0,1.0,1.0,1.0,2023
São José dos Campos,2,55.0,1273.0,0.0,367.0,0.0,0.0,1.0,332.0,886.0,54.0,0.0,1.0,1.0,1.0,1.0,2023
Pilar do Sul,2,33.0,511.0,0.0,281.0,0.0,0.0,1.0,261.0,212.0,37.0,0.0,0.0,1.0,1.0,1.0,2023
São Paulo,2,56.0,1532.0,1532.0,0.0,0.0,0.0,1448.0,84.0,0.0,0.0,0.0,0.0,1.0,1.0,1.0,2023
Santa Bárbara d'Oeste,2,71.0,1215.0,0.0,0.0,0.0,0.0,0.0,17.0,737.0,461.0,1.0,1.0,1.0,1.0,1.0,2023
Hortolândia,2,62.0,952.0,0.0,0.0,0.0,0.0,0.0,10.0,658.0,284.0,0.0,1.0,1.0,1.0,0.0,2023
São Roque,2,42.0,399.0,0.0,0.0,0.0,0.0,0.0,4.0,146.0,249.0,0.0,1.0,1.0,0.0,0.0,2023
Guarulhos,2,56.0,1187.0,85.0,562.0,0.0,0.0,80.0,525.0,402.0,180.0,0.0,1.0,1.0,1.0,0.0,2023
São Paulo,2,26.0,490.0,0.0,379.0,0.0,0.0,0.0,359.0,128.0,3.0,0.0,1.0,1.0,1.0,1.0,2023
Embu das Artes,2,29.0,672.0,672.0,0.0,0.0,0.0,641.0,31.0,0.0,0.0,0.0,1.0,1.0,1.0,1.0,2023
Jacareí,2,37.0,787.0,0.0,536.0,0.0,0.0,2.0,502.0,271.0,12.0,0.0,1.0,1.0,1.0,0.0,2023
Capão Bonito,2,15.0,115.0,0.0,0.0,0.0,0.0,0.0,5.0,100.0,10.0,0.0,1.0,1.0,1.0,1.0,2023
São Paulo,2,82.0,2360.0,733.0,559.0,0.0,1.0,673.0,562.0,956.0,168.0,0.0,1.0,1.0,1.0,1.0,2023
Itaquaquecetuba,2,49.0,1177.0,0.0,586.0,0.0,0.0,3.0,548.0,550.0,76.0,0.0,1.0,1.0,1.0,1.0,2023
Promissão,2,,,,,,,,,,,,,,,,2023
Cunha,2,15.0,88.0,0.0,51.0,0.0,0.0,4.0,50.0,31.0,3.0,0.0,0.0,1.0,1.0,0.0,2023
Cunha,2,8.0,26.0,0.0,26.0,0.0,0.0,2.0,22.0,2.0,0.0,0.0,0.0,1.0,0.0,1.0,2023
São Paulo,2,22.0,414.0,414.0,0.0,0.0,0.0,407.0,7.0,0.0,0.0,0.0,1.0,1.0,1.0,1.0,2023
São Paulo,2,20.0,3548.0,0.0,0.0,0.0,0.0,0.0,0.0,0.0,3548.0,0.0,1.0,1.0,0.0,1.0,2023
Ribeirão Preto,2,10.0,1383.0,0.0,0.0,0.0,0.0,0.0,0.0,0.0,1383.0,0.0,0.0,1.0,1.0,0.0,2023
Registro,2,9.0,559.0,0.0,0.0,0.0,0.0,0.0,0.0,0.0,559.0,0.0,0.0,1.0,0.0,0.0,2023
Marília,2,12.0,585.0,0.0,0.0,0.0,0.0,0.0,0.0,0.0,585.0,0.0,0.0,1.0,1.0,1.0,2023
Americana,2,13.0,1723.0,0.0,0.0,0.0,0.0,0.0,0.0,0.0,1723.0,0.0,0.0,1.0,0.0,0.0,2023
Bauru,2,18.0,3865.0,0.0,0.0,0.0,0.0,0.0,0.0,0.0,3865.0,0.0,0.0,1.0,0.0,1.0,2023
Santos,2,12.0,1231.0,0.0,0.0,0.0,0.0,0.0,0.0,0.0,1231.0,0.0,1.0,1.0,0.0,0.0,2023
Santos,2,10.0,835.0,0.0,0.0,0.0,0.0,0.0,0.0,0.0,835.0,1.0,1.0,1.0,0.0,0.0,2023
Sorocaba,2,15.0,2004.0,0.0,0.0,0.0,0.0,0.0,0.0,0.0,2004.0,0.0,0.0,1.0,0.0,0.0,2023
Campinas,2,8.0,430.0,0.0,0.0,0.0,0.0,0.0,0.0,0.0,430.0,0.0,0.0,1.0,0.0,0.0,2023
Ribeirão Pires,2,13.0,639.0,0.0,0.0,0.0,0.0,0.0,0.0,0.0,639.0,0.0,1.0,1.0,0.0,0.0,2023
Taubaté,2,14.0,2511.0,0.0,0.0,0.0,0.0,0.0,0.0,0.0,2511.0,0.0,0.0,1.0,1.0,0.0,2023
Campinas,2,8.0,724.0,0.0,0.0,0.0,0.0,0.0,0.0,0.0,724.0,0.0,0.0,1.0,0.0,0.0,2023
Bebedouro,2,12.0,1135.0,0.0,0.0,0.0,0.0,0.0,0.0,1.0,1134.0,0.0,1.0,1.0,1.0,0.0,2023
Piracicaba,2,11.0,1725.0,0.0,0.0,0.0,0.0,0.0,0.0,0.0,1725.0,0.0,0.0,1.0,0.0,0.0,2023
Praia Grande,2,14.0,2092.0,0.0,0.0,0.0,0.0,0.0,0.0,1.0,2091.0,0.0,0.0,1.0,0.0,1.0,2023
São José dos Campos,2,18.0,1752.0,0.0,0.0,0.0,0.0,0.0,0.0,0.0,1752.0,0.0,0.0,1.0,1.0,0.0,2023
Presidente Prudente,2,12.0,1041.0,0.0,0.0,0.0,0.0,0.0,0.0,7.0,1034.0,0.0,0.0,1.0,1.0,0.0,2023
Votorantim,2,15.0,2279.0,0.0,0.0,0.0,0.0,0.0,0.0,0.0,2279.0,0.0,0.0,1.0,0.0,1.0,2023
Ribeirão Preto,2,,,,,,,,,,,,,,,,2023
Ribeirão Preto,2,,,,,,,,,,,,,,,,2023
Ribeirão Preto,2,,,,,,,,,,,,,,,,2023
Ribeirão Preto,2,,,,,,,,,,,,,,,,2023
São Paulo,2,,,,,,,,,,,,,,,,2023
São Paulo,2,,,,,,,,,,,,,,,,2023
São Paulo,2,,,,,,,,,,,,,,,,2023
Bauru,2,6.0,33.0,0.0,0.0,30.0,3.0,0.0,0.0,0.0,0.0,0.0,0.0,1.0,1.0,1.0,2023
Botucatu,2,8.0,44.0,0.0,0.0,41.0,3.0,0.0,0.0,0.0,0.0,0.0,1.0,1.0,0.0,1.0,2023
Botucatu,2,4.0,13.0,0.0,0.0,13.0,0.0,0.0,0.0,0.0,0.0,0.0,0.0,1.0,0.0,1.0,2023
Jaboticabal,2,4.0,26.0,0.0,0.0,26.0,0.0,0.0,0.0,0.0,0.0,0.0,0.0,1.0,0.0,1.0,2023
Assis,2,2.0,7.0,0.0,0.0,7.0,0.0,0.0,0.0,0.0,0.0,0.0,0.0,1.0,1.0,1.0,2023
Marília,2,4.0,9.0,0.0,0.0,9.0,0.0,0.0,0.0,0.0,0.0,0.0,0.0,1.0,0.0,1.0,2023
São Paulo,2,,,,,,,,,,,0.0,0.0,1.0,0.0,0.0,2023
São Paulo,2,,,,,,,,,,,0.0,0.0,1.0,0.0,0.0,2023
São Paulo,2,,,,,,,,,,,0.0,0.0,1.0,0.0,0.0,2023
São Paulo,2,,,,,,,,,,,0.0,0.0,1.0,0.0,0.0,2023
São Paulo,2,,,,,,,,,,,0.0,0.0,0.0,0.0,0.0,2023
São Paulo,2,,,,,,,,,,,0.0,0.0,1.0,0.0,0.0,2023
São Paulo,2,,,,,,,,,,,0.0,0.0,1.0,0.0,0.0,2023
São Paulo,2,,,,,,,,,,,0.0,0.0,1.0,0.0,0.0,2023
São Paulo,2,,,,,,,,,,,,,,,,2023
São Paulo,2,,,,,,,,,,,0.0,0.0,1.0,0.0,0.0,2023
São Paulo,2,,,,,,,,,,,0.0,0.0,1.0,0.0,0.0,2023
São Paulo,2,,,,,,,,,,,0.0,0.0,1.0,0.0,0.0,2023
São Paulo,2,,,,,,,,,,,0.0,1.0,1.0,1.0,0.0,2023
Suzano,2,,,,,,,,,,,0.0,0.0,1.0,0.0,0.0,2023
Santo André,2,,,,,,,,,,,0.0,1.0,1.0,1.0,0.0,2023
São Bernardo do Campo,2,,,,,,,,,,,1.0,0.0,1.0,1.0,1.0,2023
São Caetano do Sul,2,,,,,,,,,,,0.0,0.0,1.0,0.0,0.0,2023
Cotia,2,,,,,,,,,,,0.0,0.0,1.0,0.0,0.0,2023
Osasco,2,,,,,,,,,,,0.0,0.0,1.0,0.0,0.0,2023
São Vicente,2,,,,,,,,,,,0.0,0.0,1.0,0.0,0.0,2023
São José dos Campos,2,,,,,,,,,,,0.0,0.0,1.0,0.0,0.0,2023
Cruzeiro,2,,,,,,,,,,,0.0,1.0,1.0,1.0,0.0,2023
Avaré,2,,,,,,,,,,,0.0,0.0,1.0,0.0,1.0,2023
Sorocaba,2,,,,,,,,,,,0.0,1.0,1.0,1.0,1.0,2023
Campinas,2,,,,,,,,,,,,,,,,2023
Mogi Mirim,2,,,,,,,,,,,,,,,,2023
Araraquara,2,,,,,,,,,,,0.0,0.0,1.0,0.0,0.0,2023
Jaboticabal,2,,,,,,,,,,,0.0,0.0,1.0,0.0,0.0,2023
Itápolis,2,,,,,,,,,,,0.0,1.0,1.0,1.0,0.0,2023
Jaú,2,,,,,,,,,,,0.0,1.0,1.0,0.0,0.0,2023
José Bonifácio,2,,,,,,,,,,,,,,,,2023
Mirassol,2,,,,,,,,,,,,,,,,2023
Nova Granada,2,,,,,,,,,,,1.0,1.0,1.0,1.0,1.0,2023
São José do Rio Preto,2,,,,,,,,,,,0.0,0.0,1.0,0.0,0.0,2023
Araçatuba,2,,,,,,,,,,,0.0,1.0,1.0,1.0,0.0,2023
Adamantina,2,,,,,,,,,,,,,,,,2023
Osvaldo Cruz,2,,,,,,,,,,,0.0,1.0,1.0,1.0,1.0,2023
Presidente Prudente,2,,,,,,,,,,,0.0,1.0,1.0,1.0,0.0,2023
Maracaí,2,,,,,,,,,,,0.0,1.0,1.0,0.0,0.0,2023
Garça,2,,,,,,,,,,,,,,,,2023
Marília,2,,,,,,,,,,,,,,,,2023
Tupã,2,,,,,,,,,,,0.0,0.0,1.0,0.0,1.0,2023
Paraguaçu Paulista,2,,,,,,,,,,,0.0,1.0,1.0,0.0,1.0,2023
Registro,2,,,,,,,,,,,0.0,0.0,1.0,0.0,0.0,2023
Taquaritinga,2,,,,,,,,,,,0.0,1.0,1.0,1.0,1.0,2023
Guaratinguetá,2,,,,,,,,,,,0.0,1.0,1.0,1.0,1.0,2023
Mauá,2,,,,,,,,,,,0.0,1.0,1.0,1.0,1.0,2023
Bauru,2,,,,,,,,,,,0.0,0.0,1.0,0.0,0.0,2023
Santos,2,,,,,,,,,,,0.0,1.0,1.0,1.0,0.0,2023
Campinas,2,,,,,,,,,,,0.0,0.0,1.0,0.0,0.0,2023
Itanhaém,2,,,,,,,,,,,0.0,1.0,1.0,0.0,0.0,2023
Itu,2,,,,,,,,,,,0.0,0.0,1.0,0.0,0.0,2023
Francisco Morato,2,,,,,,,,,,,0.0,0.0,1.0,1.0,1.0,2023
Guarulhos,2,,,,,,,,,,,0.0,0.0,1.0,0.0,0.0,2023
São Paulo,2,,,,,,,,,,,0.0,0.0,1.0,0.0,1.0,2023
Itapecerica da Serra,2,,,,,,,,,,,0.0,0.0,1.0,1.0,1.0,2023
Jales,2,,,,,,,,,,,0.0,0.0,1.0,0.0,0.0,2023
Sumaré,2,,,,,,,,,,,0.0,0.0,1.0,0.0,0.0,2023
Votuporanga,2,,,,,,,,,,,0.0,0.0,1.0,0.0,0.0,2023
Caçapava,2,,,,,,,,,,,0.0,0.0,1.0,0.0,0.0,2023
Mogi das Cruzes,2,,,,,,,,,,,0.0,0.0,1.0,0.0,0.0,2023
Limeira,2,,,,,,,,,,,0.0,1.0,1.0,0.0,0.0,2023
São Paulo,2,,,,,,,,,,,0.0,0.0,1.0,0.0,0.0,2023
Jundiaí,2,,,,,,,,,,,0.0,0.0,1.0,0.0,0.0,2023
Santa Fé do Sul,2,,,,,,,,,,,0.0,1.0,1.0,0.0,0.0,2023
Franca,2,,,,,,,,,,,0.0,1.0,1.0,1.0,1.0,2023
Fernandópolis,2,,,,,,,,,,,,,,,,2023
Igaraçu do Tietê,2,,,,,,,,,,,0.0,1.0,1.0,0.0,0.0,2023
