NO_MUNICIPIO;TP_DEPENDENCIA;QT_DOC_BAS;QT_MAT_BAS;QT_MAT_FUND_AI;QT_MAT_FUND_AF;QT_MAT_BAS_0_3;QT_MAT_BAS_4_5;QT_MAT_BAS_6_10;QT_MAT_BAS_11_14;QT_MAT_BAS_15_17;QT_MAT_BAS_18_MAIS;IN_BIBLIOTECA;IN_LABORATORIO_INFORMATICA;IN_INTERNET;IN_QUADRA_ESPORTES;IN_REFEITORIO;ANO
Adamantina;2;66.0;984.0;0.0;373.0;0.0;0.0;8.0;349.0;455.0;172.0;0.0;1.0;1.0;1.0;1.0;2022
Adamantina;2;19.0;340.0;0.0;340.0;0.0;0.0;8.0;309.0;23.0;0.0;0.0;1.0;1.0;1.0;0.0;2022
Adamantina;2;55.0;1008.0;0.0;0.0;0.0;0.0;0.0;4.0;799.0;205.0;1.0;1.0;1.0;1.0;1.0;2022
Adamantina;2;22.0;229.0;0.0;0.0;0.0;0.0;0.0;6.0;128.0;95.0;0.0;1.0;1.0;0.0;1.0;2022
Adamantina;2;30.0;483.0;0.0;331.0;0.0;0.0;2.0;303.0;169.0;9.0;0.0;1.0;1.0;1.0;1.0;2022
Adamantina;2;;;;;;;;;;;;;;;;2022
Adolfo;2;17.0;224.0;0.0;0.0;0.0;0.0;0.0;4.0;200.0;20.0;0.0;1.0;1.0;1.0;1.0;2022
Aguaí;2;35.0;513.0;0.0;418.0;0.0;0.0;2.0;359.0;138.0;14.0;0.0;0.0;1.0;1.0;1.0;2022
Aguaí;2;64.0;980.0;0.0;479.0;0.0;0.0;1.0;408.0;519.0;52.0;0.0;1.0;1.0;1.0;1.0;2022
Aguaí;2;33.0;784.0;0.0;234.0;0.0;0.0;1.0;209.0;348.0;226.0;0.0;1.0;1.0;1.0;0.0;2022
Aguaí;2;34.0;551.0;0.0;0.0;0.0;0.0;0.0;2.0;442.0;107.0;1.0;1.0;1.0;0.0;0.0;2022
Aguaí;2;;;;;;;;;;;0.0;0.0;1.0;0.0;0.0;2022
Aguaí;2;14.0;227.0;227.0;0.0;0.0;0.0;215.0;12.0;0.0;0.0;0.0;0.0;1.0;1.0;0.0;2022
Águas da Prata;2;31.0;358.0;0.0;206.0;0.0;0.0;0.0;182.0;159.0;17.0;0.0;1.0;1.0;1.0;0.0;2022
Águas da Prata;2;9.0;66.0;0.0;66.0;0.0;0.0;0.0;60.0;6.0;0.0;0.0;0.0;1.0;1.0;1.0;2022
Águas de Lindóia;2;22.0;341.0;0.0;137.0;0.0;0.0;1.0;127.0;200.0;13.0;0.0;1.0;1.0;1.0;1.0;2022
Águas de Lindóia;2;48.0;689.0;110.0;132.0;0.0;0.0;99.0;124.0;366.0;100.0;0.0;1.0;1.0;1.0;1.0;2022
Águas de Lindóia;2;;;;;;;;;;;;;;;;2022
Águas de Santa Bárbara;2;42.0;554.0;0.0;344.0;0.0;0.0;5.0;331.0;208.0;10.0;0.0;1.0;1.0;1.0;1.0;2022
Águas de São Pedro;2;10.0;108.0;0.0;0.0;0.0;0.0;0.0;4.0;96.0;8.0;0.0;1.0;1.0;1.0;1.0;2022
Agudos;2;22.0;270.0;0.0;222.0;0.0;0.0;3.0;208.0;55.0;4.0;0.0;1.0;1.0;1.0;1.0;2022
Agudos;2;44.0;635.0;0.0;285.0;0.0;0.0;3.0;247.0;360.0;25.0;0.0;1.0;1.0;1.0;1.0;2022
Agudos;2;11.0;131.0;0.0;78.0;0.0;0.0;2.0;76.0;52.0;1.0;0.0;1.0;1.0;1.0;1.0;2022
Agudos;2;25.0;366.0;0.0;284.0;0.0;0.0;5.0;270.0;88.0;3.0;0.0;1.0;1.0;1.0;1.0;2022
Agudos;2;50.0;761.0;0.0;334.0;0.0;0.0;6.0;303.0;423.0;29.0;0.0;1.0;1.0;1.0;0.0;2022
Agudos;2;50.0;847.0;0.0;454.0;0.0;0.0;8.0;391.0;426.0;22.0;0.0;1.0;1.0;1.0;0.0;2022
Alambari;2;39.0;527.0;0.0;328.0;0.0;0.0;8.0;312.0;183.0;24.0;0.0;0.0;1.0;1.0;1.0;2022
Alfredo Marcondes;2;50.0;520.0;231.0;180.0;0.0;0.0;224.0;185.0;104.0;7.0;0.0;1.0;1.0;1.0;0.0;2022
Altair;2;19.0;307.0;0.0;197.0;0.0;0.0;5.0;184.0;112.0;6.0;0.0;0.0;1.0;1.0;0.0;2022
Altinópolis;2;45.0;768.0;0.0;334.0;0.0;0.0;10.0;315.0;420.0;23.0;0.0;1.0;1.0;1.0;1.0;2022
Alto Alegre;2;33.0;248.0;0.0;167.0;0.0;0.0;0.0;158.0;75.0;15.0;0.0;1.0;1.0;1.0;0.0;2022
Alumínio;2;42.0;620.0;0.0;0.0;0.0;0.0;0.0;4.0;491.0;125.0;0.0;1.0;1.0;1.0;1.0;2022
Álvares Florence;2;14.0;183.0;0.0;94.0;0.0;0.0;0.0;91.0;89.0;3.0;0.0;1.0;1.0;1.0;0.0;2022
Álvares Machado;2;39.0;683.0;0.0;0.0;0.0;0.0;0.0;3.0;576.0;104.0;1.0;1.0;1.0;1.0;0.0;2022
Álvares Machado;2;20.0;297.0;0.0;0.0;0.0;0.0;0.0;0.0;262.0;35.0;0.0;1.0;1.0;1.0;0.0;2022
Álvaro de Carvalho;2;7.0;89.0;0.0;0.0;0.0;0.0;0.0;0.0;0.0;89.0;0.0;0.0;1.0;0.0;0.0;2022
Álvaro de Carvalho;2;25.0;323.0;0.0;196.0;0.0;0.0;2.0;189.0;123.0;9.0;0.0;1.0;1.0;1.0;0.0;2022
Álvaro de Carvalho;2;15.0;241.0;0.0;0.0;0.0;0.0;0.0;0.0;0.0;241.0;0.0;0.0;1.0;0.0;0.0;2022
Alvinlândia;2;25.0;380.0;0.0;181.0;0.0;0.0;5.0;174.0;177.0;24.0;0.0;1.0;1.0;1.0;1.0;2022
Americana;2;20.0;251.0;251.0;0.0;0.0;1.0;243.0;7.0;0.0;0.0;0.0;1.0;1.0;0.0;1.0;2022
Americana;2;29.0;454.0;181.0;273.0;0.0;2.0;176.0;264.0;12.0;0.0;0.0;0.0;1.0;1.0;0.0;2022
Americana;2;25.0;337.0;0.0;267.0;0.0;0.0;6.0;252.0;78.0;1.0;0.0;1.0;1.0;1.0;0.0;2022
Americana;2;33.0;491.0;0.0;349.0;0.0;0.0;10.0;323.0;154.0;4.0;0.0;1.0;1.0;1.0;0.0;2022
Americana;2;15.0;196.0;196.0;0.0;0.0;0.0;194.0;2.0;0.0;0.0;0.0;1.0;1.0;1.0;0.0;2022
Americana;2;22.0;268.0;268.0;0.0;0.0;2.0;264.0;2.0;0.0;0.0;0.0;1.0;1.0;1.0;0.0;2022
Americana;2;19.0;230.0;0.0;157.0;0.0;0.0;5.0;145.0;77.0;3.0;0.0;1.0;1.0;1.0;0.0;2022
Americana;2;27.0;340.0;340.0;0.0;0.0;4.0;329.0;6.0;1.0;0.0;0.0;1.0;1.0;1.0;0.0;2022
Americana;2;24.0;387.0;387.0;0.0;0.0;4.0;374.0;9.0;0.0;0.0;0.0;1.0;1.0;1.0;0.0;2022
Americana;2;16.0;264.0;264.0;0.0;0.0;3.0;257.0;4.0;0.0;0.0;0.0;1.0;1.0;1.0;0.0;2022
Americana;2;62.0;1044.0;168.0;423.0;0.0;0.0;167.0;401.0;458.0;18.0;0.0;1.0;1.0;1.0;0.0;2022
Americana;2;85.0;1371.0;0.0;262.0;0.0;0.0;5.0;255.0;1035.0;76.0;1.0;1.0;1.0;1.0;0.0;2022
Americana;2;22.0;373.0;373.0;0.0;0.0;8.0;360.0;5.0;0.0;0.0;0.0;0.0;1.0;1.0;0.0;2022
Americana;2;75.0;949.0;0.0;179.0;0.0;0.0;1.0;173.0;577.0;198.0;0.0;1.0;1.0;1.0;1.0;2022
Americana;2;25.0;448.0;0.0;314.0;0.0;0.0;1.0;301.0;143.0;3.0;0.0;1.0;1.0;1.0;0.0;2022
Americana;2;20.0;370.0;0.0;0.0;0.0;0.0;0.0;9.0;349.0;12.0;0.0;1.0;1.0;1.0;1.0;2022
Americana;2;13.0;190.0;190.0;0.0;0.0;2.0;182.0;6.0;0.0;0.0;0.0;1.0;1.0;1.0;1.0;2022
Americana;2;65.0;781.0;179.0;259.0;0.0;2.0;183.0;245.0;339.0;12.0;0.0;0.0;1.0;1.0;0.0;2022
Americana;2;28.0;366.0;139.0;121.0;0.0;3.0;135.0;121.0;101.0;6.0;0.0;1.0;1.0;0.0;0.0;2022
Americana;2;14.0;220.0;220.0;0.0;0.0;3.0;216.0;1.0;0.0;0.0;0.0;1.0;1.0;1.0;0.0;2022
Americana;2;59.0;1158.0;0.0;452.0;0.0;0.0;6.0;413.0;676.0;63.0;0.0;1.0;1.0;1.0;0.0;2022
Americana;2;22.0;267.0;0.0;185.0;0.0;0.0;3.0;179.0;83.0;2.0;0.0;1.0;1.0;1.0;1.0;2022
Americana;2;13.0;130.0;130.0;0.0;0.0;2.0;125.0;3.0;0.0;0.0;0.0;1.0;1.0;1.0;0.0;2022
Americana;2;;;;;;;;;;;;;;;;2022
Americana;2;22.0;370.0;0.0;283.0;0.0;0.0;2.0;280.0;85.0;3.0;0.0;1.0;1.0;1.0;1.0;2022
Americana;2;117.0;2279.0;0.0;0.0;0.0;0.0;0.0;38.0;1632.0;609.0;1.0;1.0;1.0;1.0;1.0;2022
Americana;2;22.0;289.0;289.0;0.0;0.0;3.0;284.0;2.0;0.0;0.0;0.0;0.0;1.0;1.0;0.0;2022
Americana;2;32.0;538.0;538.0;0.0;0.0;0.0;522.0;16.0;0.0;0.0;0.0;1.0;1.0;1.0;0.0;2022
Americana;2;;;;;;;;;;;0.0;0.0;1.0;0.0;0.0;2022
Americana;2;20.0;328.0;328.0;0.0;0.0;0.0;322.0;6.0;0.0;0.0;0.0;1.0;1.0;1.0;1.0;2022
Americana;2;51.0;727.0;0.0;296.0;0.0;0.0;4.0;284.0;423.0;16.0;0.0;1.0;1.0;1.0;0.0;2022
Americana;2;4.0;26.0;0.0;0.0;0.0;0.0;0.0;0.0;0.0;26.0;0.0;0.0;0.0;0.0;0.0;2022
Americana;2;;;;;;;;;;;;;;;;2022
Americana;2;24.0;322.0;0.0;253.0;0.0;0.0;4.0;246.0;69.0;3.0;0.0;1.0;1.0;1.0;1.0;2022
Americana;2;30.0;577.0;0.0;438.0;0.0;0.0;3.0;427.0;146.0;1.0;0.0;0.0;1.0;1.0;1.0;2022
Americana;2;17.0;274.0;0.0;0.0;0.0;0.0;0.0;6.0;264.0;4.0;0.0;1.0;1.0;1.0;1.0;2022
Americana;2;14.0;189.0;0.0;147.0;0.0;0.0;2.0;139.0;45.0;3.0;0.0;1.0;1.0;1.0;0.0;2022
Americana;2;72.0;950.0;0.0;282.0;0.0;0.0;4.0;278.0;616.0;52.0;0.0;1.0;1.0;1.0;1.0;2022
Americana;2;39.0;360.0;0.0;242.0;0.0;0.0;1.0;234.0;119.0;6.0;0.0;1.0;1.0;1.0;0.0;2022
Americana;2;24.0;270.0;0.0;270.0;0.0;0.0;1.0;256.0;13.0;0.0;0.0;1.0;1.0;1.0;0.0;2022
Americana;2;14.0;210.0;210.0;0.0;0.0;3.0;200.0;7.0;0.0;0.0;0.0;0.0;1.0;1.0;0.0;2022
Americana;2;35.0;414.0;0.0;214.0;0.0;0.0;5.0;203.0;177.0;29.0;0.0;0.0;1.0;1.0;0.0;2022
Americana;2;17.0;102.0;0.0;93.0;0.0;0.0;3.0;83.0;16.0;0.0;0.0;1.0;1.0;1.0;0.0;2022
Americana;2;41.0;747.0;0.0;173.0;0.0;0.0;5.0;159.0;555.0;28.0;0.0;1.0;1.0;1.0;1.0;2022
Americana;2;13.0;2417.0;0.0;0.0;0.0;0.0;0.0;0.0;1.0;2416.0;0.0;0.0;1.0;0.0;0.0;2022
Américo Brasiliense;2;51.0;759.0;0.0;169.0;0.0;0.0;0.0;155.0;577.0;27.0;0.0;1.0;1.0;1.0;1.0;2022
Américo Brasiliense;2;27.0;353.0;0.0;240.0;0.0;0.0;0.0;224.0;126.0;3.0;0.0;1.0;1.0;0.0;0.0;2022
Américo Brasiliense;2;;;;;;;;;;;0.0;0.0;1.0;0.0;0.0;2022
Américo Brasiliense;2;72.0;1170.0;0.0;240.0;0.0;0.0;0.0;216.0;654.0;300.0;0.0;1.0;1.0;1.0;1.0;2022
Américo de Campos;2;14.0;118.0;0.0;78.0;0.0;0.0;2.0;67.0;43.0;6.0;0.0;1.0;1.0;1.0;1.0;2022
Amparo;2;27.0;481.0;197.0;284.0;0.0;0.0;201.0;267.0;13.0;0.0;0.0;1.0;1.0;1.0;0.0;2022
Amparo;2;43.0;542.0;146.0;246.0;0.0;0.0;149.0;226.0;146.0;21.0;0.0;0.0;1.0;1.0;0.0;2022
Amparo;2;52.0;493.0;0.0;239.0;0.0;0.0;4.0;214.0;231.0;44.0;1.0;1.0;1.0;1.0;0.0;2022
Amparo;2;48.0;521.0;0.0;220.0;0.0;0.0;2.0;191.0;222.0;106.0;0.0;0.0;1.0;1.0;0.0;2022
Amparo;2;53.0;516.0;196.0;154.0;0.0;0.0;189.0;139.0;175.0;13.0;0.0;0.0;1.0;1.0;0.0;2022
Amparo;2;31.0;510.0;0.0;176.0;0.0;0.0;6.0;164.0;325.0;15.0;0.0;1.0;1.0;1.0;1.0;2022
Amparo;2;99.0;1744.0;0.0;0.0;0.0;0.0;0.0;8.0;894.0;842.0;1.0;1.0;1.0;1.0;1.0;2022
Amparo;2;64.0;949.0;0.0;498.0;0.0;0.0;10.0;425.0;438.0;76.0;0.0;0.0;1.0;1.0;0.0;2022
Amparo;2;45.0;492.0;0.0;194.0;0.0;0.0;5.0;173.0;213.0;101.0;0.0;1.0;1.0;1.0;0.0;2022
Amparo;2;30.0;332.0;0.0;169.0;0.0;0.0;1.0;153.0;140.0;38.0;0.0;1.0;1.0;1.0;1.0;2022
Amparo;2;19.0;174.0;60.0;63.0;0.0;1.0;59.0;64.0;41.0;9.0;0.0;1.0;1.0;1.0;0.0;2022
Amparo;2;10.0;88.0;88.0;0.0;0.0;0.0;87.0;1.0;0.0;0.0;0.0;1.0;1.0;0.0;1.0;2022
Amparo;2;33.0;419.0;137.0;282.0;0.0;3.0;142.0;252.0;22.0;0.0;0.0;1.0;1.0;1.0;0.0;2022
Amparo;2;10.0;176.0;176.0;0.0;0.0;2.0;173.0;1.0;0.0;0.0;0.0;0.0;1.0;1.0;0.0;2022
Analândia;2;15.0;142.0;0.0;0.0;0.0;0.0;0.0;1.0;118.0;23.0;0.0;1.0;1.0;0.0;0.0;2022
Andradina;2;27.0;412.0;0.0;300.0;0.0;0.0;4.0;278.0;125.0;5.0;0.0;1.0;1.0;1.0;0.0;2022
Andradina;2;64.0;1222.0;0.0;554.0;0.0;0.0;14.0;508.0;589.0;111.0;0.0;1.0;1.0;1.0;1.0;2022
Andradina;2;50.0;822.0;0.0;414.0;0.0;0.0;9.0;380.0;426.0;7.0;0.0;1.0;1.0;1.0;1.0;2022
Andradina;2;59.0;1039.0;0.0;569.0;0.0;0.0;8.0;507.0;496.0;28.0;0.0;1.0;1.0;1.0;1.0;2022
Andradina;2;12.0;167.0;0.0;0.0;0.0;0.0;0.0;0.0;0.0;167.0;0.0;0.0;0.0;0.0;0.0;2022
Andradina;2;16.0;66.0;0.0;36.0;0.0;0.0;0.0;33.0;32.0;1.0;0.0;1.0;1.0;1.0;0.0;2022
Andradina;2;59.0;1177.0;0.0;0.0;0.0;0.0;0.0;6.0;665.0;506.0;1.0;1.0;1.0;1.0;1.0;2022
Andradina;2;25.0;410.0;0.0;289.0;0.0;0.0;4.0;258.0;145.0;3.0;0.0;1.0;1.0;1.0;1.0;2022
Angatuba;2;55.0;751.0;0.0;36.0;0.0;0.0;0.0;49.0;601.0;101.0;0.0;1.0;1.0;1.0;1.0;2022
Angatuba;2;14.0;219.0;219.0;0.0;0.0;0.0;209.0;9.0;1.0;0.0;0.0;0.0;1.0;1.0;1.0;2022
Angatuba;2;16.0;252.0;0.0;185.0;0.0;0.0;5.0;177.0;67.0;3.0;0.0;1.0;1.0;1.0;0.0;2022
Anhembi;2;17.0;325.0;0.0;0.0;0.0;0.0;0.0;2.0;268.0;55.0;0.0;1.0;1.0;1.0;1.0;2022
Anhembi;2;;;;;;;;;;;;;;;;2022
Anhembi;2;;;;;;;;;;;;;;;;2022
Anhumas;2;23.0;281.0;0.0;187.0;0.0;0.0;2.0;169.0;103.0;7.0;0.0;1.0;1.0;1.0;1.0;2022
Aparecida;2;;;;;;;;;;;;;;;;2022
Aparecida;2;;;;;;;;;;;;;;;;2022
Aparecida;2;14.0;104.0;0.0;0.0;0.0;0.0;0.0;1.0;91.0;12.0;0.0;0.0;1.0;1.0;0.0;2022
Aparecida;2;;;;;;;;;;;;;;;;2022
Aparecida;2;18.0;257.0;0.0;0.0;0.0;0.0;0.0;6.0;243.0;8.0;0.0;1.0;1.0;1.0;0.0;2022
Aparecida;2;30.0;482.0;0.0;0.0;0.0;0.0;0.0;6.0;272.0;204.0;0.0;1.0;1.0;1.0;0.0;2022
Aparecida;2;23.0;301.0;0.0;0.0;0.0;0.0;0.0;2.0;274.0;25.0;0.0;1.0;1.0;0.0;0.0;2022
Aparecida;2;;;;;;;;;;;;;;;;2022
Aparecida;2;;;;;;;;;;;;;;;;2022
Aparecida;2;;;;;;;;;;;;;;;;2022
Aparecida d'Oeste;2;28.0;290.0;0.0;174.0;0.0;0.0;3.0;163.0;119.0;5.0;0.0;1.0;1.0;1.0;0.0;2022
Apiaí;2;22.0;426.0;0.0;426.0;0.0;0.0;11.0;392.0;23.0;0.0;0.0;0.0;1.0;1.0;0.0;2022
Apiaí;2;19.0;298.0;0.0;0.0;0.0;0.0;0.0;5.0;275.0;18.0;0.0;1.0;1.0;1.0;1.0;2022
Apiaí;2;29.0;354.0;125.0;124.0;0.0;0.0;125.0;122.0;92.0;15.0;0.0;1.0;1.0;1.0;0.0;2022
Apiaí;2;40.0;438.0;136.0;197.0;0.0;0.0;139.0;183.0;90.0;26.0;0.0;0.0;1.0;1.0;0.0;2022
Apiaí;2;34.0;308.0;72.0;125.0;0.0;0.0;75.0;115.0;103.0;15.0;0.0;0.0;1.0;1.0;0.0;2022
Apiaí;2;29.0;457.0;168.0;170.0;0.0;0.0;168.0;171.0;113.0;5.0;0.0;1.0;1.0;1.0;0.0;2022
Apiaí;2;31.0;189.0;58.0;85.0;0.0;0.0;60.0;82.0;46.0;1.0;0.0;1.0;1.0;1.0;0.0;2022
Apiaí;2;24.0;257.0;89.0;75.0;0.0;0.0;91.0;74.0;62.0;30.0;0.0;1.0;1.0;1.0;0.0;2022
Apiaí;2;;;;;;;;;;;;;;;;2022
Apiaí;2;;;;;;;;;;;;;;;;2022
Apiaí;2;;;;;;;;;;;;;;;;2022
Apiaí;2;;;;;;;;;;;;;;;;2022
Apiaí;2;20.0;308.0;0.0;0.0;0.0;0.0;0.0;9.0;219.0;80.0;1.0;1.0;1.0;1.0;0.0;2022
Apiaí;2;28.0;255.0;70.0;86.0;0.0;0.0;71.0;93.0;90.0;1.0;0.0;1.0;1.0;1.0;1.0;2022
Apiaí;2;10.0;63.0;34.0;29.0;0.0;0.0;34.0;29.0;0.0;0.0;0.0;0.0;1.0;0.0;0.0;2022
Araçariguama;2;54.0;909.0;0.0;0.0;0.0;0.0;0.0;19.0;745.0;145.0;0.0;1.0;1.0;1.0;0.0;2022
Araçatuba;2;15.0;287.0;0.0;174.0;0.0;0.0;2.0;169.0;113.0;3.0;0.0;1.0;1.0;1.0;1.0;2022
Araçatuba;2;19.0;355.0;0.0;266.0;0.0;0.0;1.0;255.0;97.0;2.0;0.0;0.0;1.0;1.0;1.0;2022
Araçatuba;2;35.0;535.0;0.0;379.0;0.0;0.0;1.0;347.0;185.0;2.0;0.0;0.0;1.0;1.0;1.0;2022
Araçatuba;2;44.0;733.0;0.0;321.0;0.0;0.0;2.0;308.0;415.0;8.0;0.0;1.0;1.0;1.0;0.0;2022
Araçatuba;2;35.0;689.0;0.0;436.0;0.0;0.0;3.0;416.0;262.0;8.0;0.0;0.0;1.0;1.0;1.0;2022
Araçatuba;2;;;;;;;;;;;;;;;;2022
Araçatuba;2;88.0;1596.0;0.0;377.0;0.0;0.0;1.0;362.0;1195.0;38.0;1.0;1.0;1.0;1.0;0.0;2022
Araçatuba;2;103.0;1154.0;0.0;403.0;0.0;0.0;2.0;374.0;670.0;108.0;0.0;1.0;1.0;1.0;0.0;2022
Araçatuba;2;18.0;374.0;0.0;374.0;0.0;0.0;1.0;359.0;14.0;0.0;0.0;1.0;1.0;1.0;1.0;2022
Araçatuba;2;40.0;534.0;0.0;214.0;0.0;0.0;2.0;193.0;326.0;13.0;0.0;1.0;1.0;1.0;1.0;2022
Araçatuba;2;23.0;378.0;0.0;249.0;0.0;0.0;1.0;243.0;131.0;3.0;0.0;1.0;1.0;1.0;1.0;2022
Araçatuba;2;28.0;488.0;0.0;341.0;0.0;0.0;0.0;324.0;162.0;2.0;0.0;1.0;1.0;1.0;0.0;2022
Araçatuba;2;24.0;417.0;0.0;306.0;0.0;0.0;1.0;291.0;118.0;7.0;0.0;1.0;1.0;1.0;1.0;2022
Araçatuba;2;23.0;414.0;0.0;275.0;0.0;0.0;1.0;255.0;151.0;7.0;0.0;1.0;1.0;1.0;1.0;2022
Araçatuba;2;22.0;291.0;0.0;201.0;0.0;0.0;1.0;180.0;102.0;8.0;0.0;1.0;1.0;1.0;1.0;2022
Araçatuba;2;;;;;;;;;;;;;;;;2022
Araçatuba;2;14.0;256.0;0.0;256.0;0.0;0.0;3.0;244.0;9.0;0.0;0.0;1.0;1.0;1.0;1.0;2022
Araçatuba;2;26.0;274.0;0.0;164.0;0.0;0.0;0.0;155.0;115.0;4.0;0.0;1.0;1.0;0.0;1.0;2022
Araçatuba;2;14.0;279.0;0.0;279.0;0.0;0.0;2.0;269.0;8.0;0.0;0.0;1.0;1.0;1.0;1.0;2022
Araçatuba;2;;;;;;;;;;;;;;;;2022
Araçatuba;2;3.0;11.0;0.0;0.0;10.0;1.0;0.0;0.0;0.0;0.0;0.0;0.0;1.0;0.0;1.0;2022
Araçatuba;2;8.0;43.0;0.0;25.0;0.0;0.0;0.0;4.0;38.0;1.0;0.0;1.0;1.0;1.0;1.0;2022
Araçatuba;2;51.0;859.0;0.0;0.0;0.0;0.0;0.0;10.0;602.0;247.0;1.0;1.0;1.0;1.0;1.0;2022
Araçatuba;2;12.0;39.0;0.0;6.0;0.0;0.0;0.0;0.0;23.0;16.0;1.0;1.0;1.0;1.0;1.0;2022
Araçatuba;2;5.0;2.0;2.0;0.0;0.0;0.0;0.0;0.0;1.0;1.0;0.0;1.0;1.0;1.0;1.0;2022
Araçatuba;2;;;;;;;;;;;;;;;;2022
Araçatuba;2;;;;;;;;;;;;;;;;2022
Araçatuba;2;12.0;1074.0;0.0;0.0;0.0;0.0;0.0;0.0;4.0;1070.0;0.0;0.0;1.0;0.0;0.0;2022
Araçatuba;2;8.0;64.0;0.0;0.0;0.0;0.0;0.0;0.0;0.0;64.0;0.0;0.0;1.0;0.0;1.0;2022
Araçatuba;2;54.0;1039.0;0.0;435.0;0.0;0.0;1.0;415.0;606.0;17.0;0.0;1.0;1.0;1.0;0.0;2022
Araçatuba;2;16.0;210.0;0.0;151.0;0.0;0.0;0.0;142.0;66.0;2.0;0.0;1.0;1.0;1.0;0.0;2022
Araçatuba;2;47.0;820.0;0.0;308.0;0.0;0.0;2.0;290.0;509.0;19.0;0.0;0.0;1.0;1.0;1.0;2022
Araçatuba;2;25.0;358.0;0.0;258.0;0.0;0.0;0.0;225.0;128.0;5.0;0.0;1.0;1.0;1.0;1.0;2022
Araçatuba;2;26.0;458.0;0.0;305.0;0.0;0.0;0.0;285.0;166.0;7.0;1.0;1.0;1.0;1.0;1.0;2022
Araçatuba;2;;;;;;;;;;;0.0;1.0;1.0;1.0;0.0;2022
Araçoiaba da Serra;2;45.0;1132.0;0.0;0.0;0.0;0.0;0.0;18.0;1072.0;42.0;0.0;1.0;1.0;1.0;1.0;2022
Araçoiaba da Serra;2;;;;;;;;;;;0.0;0.0;1.0;0.0;0.0;2022
Araçoiaba da Serra;2;26.0;413.0;0.0;0.0;0.0;0.0;0.0;8.0;388.0;17.0;0.0;0.0;1.0;1.0;0.0;2022
Aramina;2;25.0;496.0;0.0;305.0;0.0;0.0;4.0;281.0;191.0;20.0;0.0;1.0;1.0;1.0;0.0;2022
Arandu;2;47.0;560.0;0.0;356.0;0.0;0.0;13.0;324.0;209.0;14.0;0.0;0.0;1.0;1.0;0.0;2022
Arapeí;2;12.0;101.0;0.0;0.0;0.0;0.0;0.0;4.0;82.0;15.0;0.0;1.0;1.0;1.0;1.0;2022
Araraquara;2;23.0;333.0;0.0;205.0;0.0;0.0;0.0;199.0;134.0;0.0;0.0;1.0;1.0;1.0;1.0;2022
Araraquara;2;24.0;360.0;0.0;140.0;0.0;0.0;0.0;138.0;208.0;14.0;0.0;1.0;1.0;1.0;1.0;2022
Araraquara;2;75.0;1250.0;0.0;0.0;0.0;0.0;0.0;15.0;690.0;545.0;1.0;1.0;1.0;1.0;1.0;2022
Araraquara;2;97.0;1706.0;0.0;345.0;0.0;0.0;0.0;345.0;1120.0;241.0;0.0;1.0;1.0;1.0;1.0;2022
Araraquara;2;17.0;346.0;346.0;0.0;0.0;0.0;334.0;12.0;0.0;0.0;0.0;1.0;1.0;1.0;1.0;2022
Araraquara;2;33.0;563.0;563.0;0.0;0.0;2.0;545.0;16.0;0.0;0.0;0.0;1.0;1.0;1.0;0.0;2022
Araraquara;2;21.0;300.0;300.0;0.0;0.0;0.0;284.0;16.0;0.0;0.0;0.0;1.0;1.0;1.0;0.0;2022
Araraquara;2;27.0;432.0;0.0;274.0;0.0;0.0;1.0;267.0;160.0;4.0;0.0;0.0;1.0;1.0;0.0;2022
Araraquara;2;25.0;306.0;0.0;211.0;0.0;0.0;0.0;208.0;97.0;1.0;0.0;1.0;1.0;1.0;0.0;2022
Araraquara;2;30.0;507.0;507.0;0.0;0.0;1.0;494.0;12.0;0.0;0.0;0.0;1.0;1.0;0.0;1.0;2022
Araraquara;2;39.0;620.0;0.0;164.0;0.0;0.0;0.0;158.0;405.0;57.0;0.0;0.0;1.0;1.0;1.0;2022
Araraquara;2;76.0;1260.0;0.0;548.0;0.0;0.0;4.0;535.0;522.0;199.0;0.0;1.0;1.0;1.0;1.0;2022
Araraquara;2;30.0;542.0;542.0;0.0;0.0;1.0;527.0;14.0;0.0;0.0;0.0;1.0;1.0;1.0;1.0;2022
Araraquara;2;18.0;303.0;0.0;0.0;0.0;0.0;0.0;11.0;285.0;7.0;0.0;1.0;1.0;1.0;1.0;2022
Araraquara;2;23.0;403.0;0.0;281.0;0.0;0.0;1.0;281.0;121.0;0.0;0.0;0.0;1.0;1.0;1.0;2022
Araraquara;2;33.0;501.0;501.0;0.0;0.0;0.0;479.0;22.0;0.0;0.0;0.0;1.0;1.0;1.0;1.0;2022
Araraquara;2;43.0;715.0;0.0;293.0;0.0;0.0;1.0;295.0;414.0;5.0;0.0;1.0;1.0;1.0;0.0;2022
Araraquara;2;31.0;367.0;0.0;214.0;0.0;0.0;1.0;203.0;155.0;8.0;0.0;1.0;1.0;1.0;1.0;2022
Araraquara;2;29.0;550.0;550.0;0.0;0.0;0.0;528.0;22.0;0.0;0.0;0.0;1.0;1.0;1.0;0.0;2022
Araraquara;2;23.0;375.0;0.0;247.0;0.0;0.0;1.0;241.0;122.0;11.0;0.0;1.0;1.0;1.0;1.0;2022
Araraquara;2;32.0;543.0;0.0;327.0;0.0;0.0;0.0;311.0;223.0;9.0;0.0;1.0;1.0;1.0;0.0;2022
Araraquara;2;35.0;673.0;673.0;0.0;0.0;0.0;648.0;25.0;0.0;0.0;0.0;1.0;1.0;1.0;1.0;2022
Araraquara;2;71.0;1404.0;0.0;618.0;0.0;0.0;1.0;580.0;734.0;89.0;0.0;1.0;1.0;1.0;0.0;2022
Araraquara;2;30.0;520.0;0.0;218.0;0.0;0.0;0.0;223.0;291.0;6.0;0.0;1.0;1.0;1.0;0.0;2022
Araraquara;2;6.0;26.0;0.0;0.0;26.0;0.0;0.0;0.0;0.0;0.0;0.0;0.0;1.0;1.0;1.0;2022
Araraquara;2;;;;;;;;;;;;;;;;2022
Araraquara;2;63.0;1042.0;0.0;490.0;0.0;0.0;1.0;473.0;422.0;146.0;0.0;1.0;1.0;1.0;1.0;2022
Araraquara;2;9.0;139.0;0.0;0.0;0.0;0.0;0.0;0.0;0.0;139.0;0.0;0.0;0.0;0.0;0.0;2022
Araraquara;2;6.0;78.0;0.0;0.0;0.0;0.0;0.0;0.0;0.0;78.0;0.0;0.0;0.0;1.0;1.0;2022
Araraquara;2;4.0;43.0;0.0;0.0;0.0;0.0;0.0;0.0;0.0;43.0;0.0;0.0;0.0;0.0;0.0;2022
Araraquara;2;;;;;;;;;;;0.0;0.0;1.0;0.0;1.0;2022
Araraquara;2;17.0;344.0;0.0;0.0;0.0;0.0;0.0;6.0;332.0;6.0;0.0;1.0;1.0;1.0;1.0;2022
Araraquara;2;18.0;362.0;0.0;259.0;0.0;0.0;0.0;261.0;101.0;0.0;0.0;1.0;1.0;1.0;1.0;2022
Araraquara;2;15.0;276.0;0.0;276.0;0.0;0.0;0.0;269.0;7.0;0.0;0.0;1.0;1.0;1.0;1.0;2022
Araraquara;2;3.0;1.0;1.0;0.0;0.0;0.0;0.0;0.0;0.0;1.0;0.0;0.0;1.0;1.0;0.0;2022
Araraquara;2;7.0;40.0;0.0;16.0;0.0;0.0;0.0;1.0;33.0;6.0;0.0;0.0;1.0;1.0;0.0;2022
Araraquara;2;36.0;706.0;706.0;0.0;0.0;0.0;672.0;34.0;0.0;0.0;0.0;1.0;1.0;1.0;0.0;2022
Araraquara;2;44.0;622.0;320.0;302.0;0.0;1.0;308.0;296.0;17.0;0.0;0.0;1.0;1.0;1.0;0.0;2022
Araraquara;2;21.0;399.0;399.0;0.0;0.0;1.0;387.0;11.0;0.0;0.0;0.0;0.0;1.0;1.0;1.0;2022
Araraquara;2;59.0;990.0;0.0;369.0;0.0;0.0;0.0;349.0;533.0;108.0;0.0;1.0;1.0;1.0;0.0;2022
Araraquara;2;49.0;730.0;202.0;286.0;0.0;0.0;197.0;281.0;245.0;7.0;0.0;1.0;1.0;1.0;1.0;2022
Araraquara;2;;;;;;;;;;;0.0;0.0;1.0;0.0;0.0;2022
Araras;2;22.0;405.0;405.0;0.0;0.0;9.0;389.0;7.0;0.0;0.0;0.0;0.0;1.0;0.0;0.0;2022
Araras;2;37.0;727.0;0.0;0.0;0.0;0.0;0.0;18.0;674.0;35.0;0.0;1.0;1.0;1.0;0.0;2022
Araras;2;73.0;1023.0;0.0;0.0;0.0;0.0;0.0;17.0;588.0;418.0;1.0;1.0;1.0;1.0;1.0;2022
Araras;2;24.0;309.0;127.0;182.0;0.0;0.0;126.0;180.0;3.0;0.0;0.0;1.0;1.0;1.0;1.0;2022
Araras;2;34.0;532.0;0.0;349.0;0.0;0.0;9.0;335.0;179.0;9.0;0.0;1.0;1.0;1.0;1.0;2022
Araras;2;25.0;448.0;0.0;279.0;0.0;0.0;5.0;265.0;172.0;6.0;0.0;1.0;1.0;1.0;1.0;2022
Araras;2;32.0;539.0;0.0;300.0;0.0;0.0;5.0;294.0;227.0;13.0;0.0;1.0;1.0;1.0;1.0;2022
Araras;2;15.0;276.0;0.0;276.0;0.0;0.0;0.0;268.0;8.0;0.0;0.0;0.0;1.0;0.0;1.0;2022
Araras;2;26.0;426.0;426.0;0.0;0.0;12.0;403.0;11.0;0.0;0.0;0.0;1.0;1.0;1.0;1.0;2022
Araras;2;18.0;334.0;334.0;0.0;0.0;0.0;328.0;6.0;0.0;0.0;0.0;1.0;1.0;1.0;1.0;2022
Araras;2;37.0;662.0;0.0;379.0;0.0;0.0;8.0;364.0;274.0;16.0;0.0;1.0;1.0;1.0;0.0;2022
Araras;2;;;;;;;;;;;;;;;;2022
Araras;2;33.0;218.0;218.0;0.0;0.0;0.0;213.0;5.0;0.0;0.0;0.0;1.0;1.0;0.0;1.0;2022
Araras;2;63.0;1170.0;0.0;426.0;0.0;0.0;4.0;418.0;580.0;168.0;0.0;1.0;1.0;1.0;1.0;2022
Araras;2;59.0;1130.0;0.0;322.0;0.0;0.0;5.0;306.0;740.0;79.0;0.0;1.0;1.0;1.0;0.0;2022
Araras;2;34.0;602.0;0.0;325.0;0.0;0.0;6.0;296.0;284.0;16.0;0.0;1.0;1.0;1.0;0.0;2022
Araras;2;28.0;602.0;312.0;290.0;0.0;4.0;310.0;282.0;6.0;0.0;0.0;1.0;1.0;1.0;0.0;2022
Araras;2;27.0;436.0;436.0;0.0;0.0;3.0;425.0;8.0;0.0;0.0;0.0;0.0;1.0;1.0;0.0;2022
Arco-Íris;2;17.0;144.0;0.0;81.0;0.0;0.0;3.0;77.0;61.0;3.0;0.0;1.0;1.0;1.0;0.0;2022
Arco-Íris;2;10.0;69.0;26.0;19.0;0.0;9.0;26.0;18.0;16.0;0.0;0.0;0.0;1.0;0.0;0.0;2022
Arealva;2;33.0;699.0;0.0;397.0;0.0;0.0;8.0;375.0;295.0;21.0;0.0;1.0;1.0;1.0;0.0;2022
Areias;2;13.0;133.0;0.0;0.0;0.0;0.0;0.0;3.0;122.0;8.0;0.0;1.0;1.0;1.0;0.0;2022
Areiópolis;2;39.0;503.0;0.0;0.0;0.0;0.0;0.0;7.0;396.0;100.0;0.0;1.0;1.0;1.0;1.0;2022
Ariranha;2;43.0;646.0;0.0;338.0;0.0;0.0;12.0;321.0;228.0;85.0;0.0;1.0;1.0;1.0;0.0;2022
Artur Nogueira;2;63.0;1312.0;0.0;560.0;0.0;0.0;13.0;474.0;670.0;155.0;0.0;1.0;1.0;1.0;0.0;2022
Artur Nogueira;2;17.0;307.0;0.0;307.0;0.0;0.0;7.0;280.0;20.0;0.0;0.0;1.0;1.0;1.0;1.0;2022
Artur Nogueira;2;52.0;1246.0;0.0;549.0;0.0;0.0;10.0;477.0;678.0;81.0;0.0;1.0;1.0;1.0;0.0;2022
Artur Nogueira;2;28.0;536.0;0.0;383.0;0.0;0.0;4.0;348.0;173.0;11.0;0.0;0.0;1.0;1.0;0.0;2022
Artur Nogueira;2;36.0;717.0;0.0;405.0;0.0;0.0;9.0;368.0;328.0;12.0;0.0;1.0;1.0;1.0;0.0;2022
Artur Nogueira;2;34.0;554.0;0.0;414.0;0.0;0.0;9.0;377.0;82.0;86.0;1.0;1.0;1.0;1.0;1.0;2022
Arujá;2;61.0;936.0;0.0;278.0;0.0;0.0;6.0;262.0;453.0;215.0;0.0;1.0;1.0;1.0;0.0;2022
Arujá;2;77.0;1313.0;0.0;402.0;0.0;0.0;1.0;380.0;724.0;208.0;1.0;0.0;1.0;1.0;1.0;2022
Arujá;2;79.0;1763.0;0.0;1111.0;0.0;0.0;15.0;1047.0;685.0;16.0;0.0;1.0;1.0;1.0;0.0;2022
Arujá;2;23.0;241.0;0.0;137.0;0.0;0.0;1.0;135.0;101.0;4.0;0.0;1.0;1.0;1.0;0.0;2022
Arujá;2;;;;;;;;;;;;;;;;2022
Arujá;2;39.0;443.0;0.0;232.0;0.0;0.0;4.0;216.0;214.0;9.0;0.0;1.0;1.0;1.0;0.0;2022
Arujá;2;8.0;137.0;0.0;137.0;0.0;0.0;2.0;131.0;4.0;0.0;0.0;1.0;1.0;1.0;1.0;2022
Arujá;2;45.0;714.0;0.0;416.0;0.0;0.0;3.0;392.0;310.0;9.0;0.0;1.0;1.0;1.0;0.0;2022
Arujá;2;;;;;;;;;;;;;;;;2022
Arujá;2;;;;;;;;;;;;;;;;2022
Arujá;2;6.0;34.0;1.0;10.0;0.0;0.0;0.0;1.0;29.0;4.0;0.0;0.0;0.0;1.0;1.0;2022
Arujá;2;;;;;;;;;;;;;;;;2022
Arujá;2;;;;;;;;;;;;;;;;2022
Arujá;2;37.0;592.0;0.0;0.0;0.0;0.0;0.0;0.0;365.0;227.0;1.0;1.0;1.0;1.0;1.0;2022
Arujá;2;39.0;732.0;0.0;732.0;0.0;0.0;5.0;680.0;46.0;1.0;0.0;1.0;1.0;0.0;1.0;2022
Arujá;2;37.0;468.0;0.0;282.0;0.0;0.0;4.0;263.0;191.0;10.0;0.0;0.0;1.0;1.0;0.0;2022
Arujá;2;45.0;737.0;0.0;373.0;0.0;0.0;4.0;359.0;352.0;22.0;0.0;1.0;1.0;1.0;0.0;2022
Arujá;2;;;;;;;;;;;;;;;;2022
Arujá;2;;;;;;;;;;;;;;;;2022
Arujá;2;27.0;550.0;0.0;260.0;0.0;0.0;1.0;248.0;291.0;10.0;0.0;1.0;1.0;1.0;0.0;2022
Arujá;2;;;;;;;;;;;;;;;;2022
Arujá;2;77.0;1490.0;0.0;396.0;0.0;0.0;5.0;367.0;960.0;158.0;0.0;1.0;1.0;1.0;0.0;2022
Aspásia;2;25.0;232.0;87.0;100.0;0.0;0.0;87.0;99.0;46.0;0.0;0.0;1.0;1.0;1.0;1.0;2022
Assis;2;32.0;411.0;0.0;252.0;0.0;0.0;7.0;236.0;164.0;4.0;0.0;1.0;1.0;1.0;0.0;2022
Assis;2;51.0;479.0;0.0;322.0;0.0;0.0;6.0;285.0;182.0;6.0;0.0;1.0;1.0;1.0;0.0;2022
Assis;2;23.0;384.0;0.0;286.0;0.0;0.0;5.0;282.0;88.0;9.0;0.0;1.0;1.0;1.0;1.0;2022
Assis;2;75.0;1106.0;0.0;0.0;0.0;0.0;0.0;14.0;718.0;374.0;1.0;1.0;1.0;1.0;0.0;2022
Assis;2;18.0;219.0;0.0;176.0;0.0;0.0;7.0;166.0;40.0;6.0;0.0;1.0;1.0;1.0;0.0;2022
Assis;2;21.0;322.0;0.0;322.0;0.0;0.0;4.0;306.0;12.0;0.0;0.0;1.0;1.0;1.0;1.0;2022
Assis;2;44.0;434.0;0.0;282.0;0.0;0.0;3.0;269.0;146.0;16.0;0.0;1.0;1.0;1.0;1.0;2022
Assis;2;23.0;317.0;0.0;253.0;0.0;0.0;6.0;240.0;69.0;2.0;0.0;1.0;1.0;1.0;1.0;2022
Assis;2;79.0;1691.0;0.0;684.0;0.0;0.0;9.0;652.0;782.0;248.0;0.0;1.0;1.0;1.0;1.0;2022
Assis;2;25.0;470.0;0.0;315.0;0.0;0.0;7.0;309.0;148.0;6.0;0.0;1.0;1.0;1.0;1.0;2022
Assis;2;48.0;851.0;0.0;484.0;0.0;0.0;5.0;459.0;365.0;22.0;0.0;1.0;1.0;1.0;1.0;2022
Assis;2;6.0;61.0;0.0;0.0;0.0;0.0;0.0;0.0;0.0;61.0;1.0;1.0;0.0;0.0;0.0;2022
Assis;2;;;;;;;;;;;0.0;1.0;1.0;1.0;1.0;2022
Assis;2;;;;;;;;;;;;;;;;2022
Assis;2;11.0;88.0;0.0;0.0;0.0;0.0;0.0;0.0;0.0;88.0;1.0;0.0;0.0;0.0;0.0;2022
Assis;2;52.0;656.0;0.0;291.0;0.0;0.0;3.0;270.0;264.0;119.0;0.0;1.0;1.0;1.0;0.0;2022
Assis;2;36.0;507.0;0.0;299.0;0.0;0.0;7.0;290.0;204.0;6.0;0.0;1.0;1.0;1.0;0.0;2022
Assis;2;2.0;4.0;0.0;0.0;4.0;0.0;0.0;0.0;0.0;0.0;0.0;0.0;1.0;1.0;1.0;2022
Atibaia;2;45.0;1003.0;0.0;498.0;0.0;0.0;0.0;460.0;513.0;30.0;0.0;1.0;1.0;1.0;0.0;2022
Atibaia;2;40.0;640.0;0.0;235.0;0.0;0.0;1.0;223.0;380.0;36.0;0.0;1.0;1.0;1.0;0.0;2022
Atibaia;2;31.0;676.0;56.0;221.0;0.0;0.0;51.0;211.0;397.0;17.0;0.0;1.0;1.0;1.0;1.0;2022
Atibaia;2;43.0;781.0;0.0;447.0;0.0;0.0;1.0;425.0;334.0;21.0;0.0;1.0;1.0;1.0;1.0;2022
Atibaia;2;30.0;597.0;0.0;394.0;0.0;0.0;1.0;366.0;211.0;19.0;0.0;1.0;1.0;1.0;0.0;2022
Atibaia;2;39.0;731.0;0.0;266.0;0.0;0.0;1.0;253.0;437.0;40.0;0.0;1.0;1.0;1.0;0.0;2022
Atibaia;2;25.0;493.0;0.0;253.0;0.0;0.0;1.0;247.0;232.0;13.0;0.0;1.0;1.0;1.0;1.0;2022
Atibaia;2;83.0;1454.0;0.0;491.0;0.0;0.0;1.0;463.0;889.0;101.0;0.0;1.0;1.0;1.0;1.0;2022
Atibaia;2;24.0;308.0;0.0;191.0;0.0;0.0;2.0;176.0;125.0;5.0;0.0;1.0;1.0;1.0;1.0;2022
Atibaia;2;33.0;656.0;0.0;279.0;0.0;0.0;0.0;264.0;370.0;22.0;0.0;1.0;1.0;1.0;0.0;2022
Atibaia;2;27.0;462.0;0.0;263.0;0.0;0.0;1.0;242.0;193.0;26.0;0.0;1.0;1.0;1.0;0.0;2022
Atibaia;2;38.0;593.0;0.0;354.0;0.0;0.0;0.0;333.0;241.0;19.0;0.0;1.0;1.0;1.0;0.0;2022
Atibaia;2;37.0;515.0;59.0;456.0;0.0;0.0;50.0;449.0;16.0;0.0;0.0;0.0;1.0;0.0;1.0;2022
Atibaia;2;56.0;844.0;0.0;397.0;0.0;0.0;0.0;369.0;435.0;40.0;0.0;1.0;1.0;1.0;0.0;2022
Atibaia;2;48.0;801.0;0.0;0.0;0.0;0.0;0.0;5.0;588.0;208.0;1.0;1.0;1.0;1.0;1.0;2022
Atibaia;2;7.0;41.0;0.0;20.0;0.0;0.0;0.0;3.0;34.0;4.0;1.0;1.0;0.0;1.0;1.0;2022
Atibaia;2;;;;;;;;;;;;;;;;2022
Atibaia;2;8.0;29.0;0.0;0.0;0.0;0.0;0.0;0.0;0.0;29.0;0.0;0.0;1.0;1.0;0.0;2022
Atibaia;2;;;;;;;;;;;;;;;;2022
Atibaia;2;39.0;658.0;0.0;442.0;0.0;0.0;1.0;412.0;225.0;20.0;0.0;1.0;1.0;0.0;0.0;2022
Atibaia;2;;;;;;;;;;;;;;;;2022
Atibaia;2;46.0;767.0;0.0;555.0;0.0;0.0;0.0;544.0;24.0;199.0;0.0;1.0;1.0;1.0;0.0;2022
Atibaia;2;46.0;485.0;0.0;430.0;0.0;0.0;3.0;392.0;35.0;55.0;0.0;1.0;1.0;1.0;0.0;2022
Atibaia;2;23.0;398.0;0.0;273.0;0.0;0.0;0.0;259.0;131.0;8.0;0.0;1.0;1.0;1.0;1.0;2022
Atibaia;2;29.0;440.0;0.0;440.0;0.0;0.0;2.0;412.0;26.0;0.0;0.0;1.0;1.0;1.0;1.0;2022
Atibaia;2;;;;;;;;;;;;;;;;2022
Atibaia;2;;;;;;;;;;;;;;;;2022
Atibaia;2;;;;;;;;;;;;;;;;2022
Atibaia;2;10.0;147.0;147.0;0.0;0.0;0.0;141.0;6.0;0.0;0.0;0.0;1.0;1.0;0.0;0.0;2022
Atibaia;2;;;;;;;;;;;;;;;;2022
Atibaia;2;;;;;;;;;;;;;;;;2022
Auriflama;2;42.0;537.0;0.0;250.0;0.0;0.0;7.0;233.0;272.0;25.0;0.0;1.0;1.0;1.0;0.0;2022
Auriflama;2;26.0;397.0;0.0;251.0;0.0;0.0;3.0;246.0;144.0;4.0;0.0;1.0;1.0;1.0;0.0;2022
Avaí;2;28.0;383.0;0.0;214.0;0.0;0.0;5.0;194.0;179.0;5.0;0.0;1.0;1.0;1.0;1.0;2022
Avaí;2;11.0;54.0;22.0;16.0;0.0;4.0;23.0;14.0;11.0;2.0;0.0;0.0;0.0;0.0;0.0;2022
Avaí;2;12.0;40.0;15.0;9.0;0.0;4.0;13.0;10.0;4.0;9.0;0.0;0.0;1.0;0.0;0.0;2022
Avaí;2;16.0;47.0;14.0;13.0;0.0;4.0;13.0;12.0;6.0;12.0;0.0;0.0;1.0;0.0;0.0;2022
Avaí;2;7.0;23.0;14.0;6.0;0.0;3.0;12.0;6.0;2.0;0.0;0.0;0.0;1.0;0.0;0.0;2022
Avanhandava;2;64.0;965.0;0.0;532.0;0.0;0.0;0.0;467.0;416.0;82.0;0.0;1.0;1.0;1.0;1.0;2022
Avanhandava;2;7.0;106.0;0.0;0.0;0.0;0.0;0.0;0.0;0.0;106.0;0.0;0.0;1.0;0.0;0.0;2022
Avaré;2;46.0;934.0;0.0;622.0;0.0;0.0;15.0;610.0;298.0;11.0;0.0;0.0;1.0;1.0;0.0;2022
Avaré;2;70.0;1237.0;0.0;536.0;0.0;0.0;7.0;512.0;667.0;51.0;0.0;1.0;1.0;1.0;1.0;2022
Avaré;2;35.0;713.0;0.0;470.0;0.0;0.0;4.0;441.0;255.0;13.0;0.0;0.0;1.0;1.0;0.0;2022
Avaré;2;23.0;424.0;0.0;270.0;0.0;0.0;0.0;263.0;159.0;2.0;0.0;0.0;1.0;1.0;0.0;2022
Avaré;2;34.0;660.0;0.0;346.0;0.0;0.0;7.0;332.0;308.0;13.0;0.0;1.0;1.0;1.0;0.0;2022
Avaré;2;46.0;712.0;0.0;260.0;0.0;0.0;5.0;256.0;433.0;18.0;0.0;0.0;1.0;1.0;0.0;2022
Avaré;2;56.0;582.0;0.0;582.0;0.0;0.0;10.0;546.0;26.0;0.0;0.0;1.0;1.0;1.0;0.0;2022
Avaré;2;34.0;363.0;0.0;0.0;0.0;0.0;0.0;11.0;284.0;68.0;1.0;1.0;1.0;1.0;0.0;2022
Avaré;2;13.0;105.0;0.0;0.0;0.0;0.0;0.0;0.0;0.0;105.0;0.0;0.0;0.0;0.0;0.0;2022
Avaré;2;10.0;96.0;0.0;0.0;0.0;0.0;0.0;0.0;0.0;96.0;0.0;0.0;0.0;0.0;0.0;2022
Avaré;2;;;;;;;;;;;;;;;;2022
Avaré;2;12.0;1544.0;0.0;0.0;0.0;0.0;0.0;0.0;1.0;1543.0;0.0;1.0;1.0;0.0;0.0;2022
Avaré;2;38.0;446.0;0.0;229.0;0.0;0.0;9.0;214.0;212.0;11.0;0.0;0.0;1.0;1.0;0.0;2022
Avaré;2;38.0;216.0;0.0;176.0;0.0;0.0;5.0;169.0;42.0;0.0;0.0;1.0;1.0;1.0;0.0;2022
Avaré;2;20.0;266.0;0.0;224.0;0.0;0.0;1.0;214.0;51.0;0.0;0.0;0.0;1.0;1.0;1.0;2022
Avaré;2;;;;;;;;;;;;;;;;2022
Avaré;2;;;;;;;;;;;0.0;0.0;1.0;0.0;1.0;2022
Bady Bassitt;2;56.0;1077.0;0.0;349.0;0.0;0.0;0.0;335.0;680.0;62.0;0.0;1.0;1.0;1.0;0.0;2022
Bady Bassitt;2;;;;;;;;;;;;;;;;2022
Balbinos;2;20.0;118.0;0.0;77.0;0.0;0.0;2.0;74.0;41.0;1.0;0.0;1.0;1.0;1.0;1.0;2022
Balbinos;2;9.0;122.0;0.0;0.0;0.0;0.0;0.0;0.0;0.0;122.0;0.0;0.0;1.0;0.0;0.0;2022
Balbinos;2;9.0;91.0;0.0;0.0;0.0;0.0;0.0;0.0;0.0;91.0;0.0;0.0;1.0;0.0;0.0;2022
Bálsamo;2;52.0;676.0;0.0;399.0;0.0;0.0;9.0;380.0;277.0;10.0;0.0;1.0;1.0;1.0;1.0;2022
Bananal;2;20.0;376.0;0.0;0.0;0.0;0.0;0.0;2.0;302.0;72.0;0.0;0.0;1.0;1.0;0.0;2022
Barão de Antonina;2;7.0;9.0;4.0;4.0;0.0;1.0;4.0;4.0;0.0;0.0;0.0;0.0;0.0;0.0;1.0;2022
Barão de Antonina;2;32.0;299.0;0.0;187.0;0.0;0.0;1.0;188.0;104.0;6.0;0.0;1.0;1.0;1.0;1.0;2022
Barão de Antonina;2;13.0;20.0;6.0;4.0;0.0;6.0;6.0;4.0;0.0;4.0;0.0;0.0;1.0;0.0;1.0;2022
Barão de Antonina;2;2.0;3.0;3.0;0.0;0.0;0.0;3.0;0.0;0.0;0.0;0.0;0.0;0.0;0.0;1.0;2022
Barbosa;2;37.0;451.0;0.0;279.0;0.0;0.0;0.0;254.0;183.0;14.0;0.0;1.0;1.0;1.0;1.0;2022
Bariri;2;;;;;;;;;;;;;;;;2022
Bariri;2;66.0;935.0;0.0;297.0;0.0;0.0;6.0;290.0;563.0;76.0;0.0;1.0;1.0;1.0;1.0;2022
Bariri;2;29.0;361.0;0.0;176.0;0.0;0.0;2.0;173.0;180.0;6.0;0.0;1.0;1.0;1.0;0.0;2022
Bariri;2;;;;;;;;;;;;;;;;2022
Bariri;2;;;;;;;;;;;;;;;;2022
Barra Bonita;2;17.0;302.0;0.0;0.0;0.0;0.0;0.0;3.0;293.0;6.0;0.0;1.0;1.0;1.0;0.0;2022
Barra Bonita;2;25.0;308.0;0.0;176.0;0.0;0.0;0.0;156.0;140.0;12.0;0.0;1.0;1.0;1.0;0.0;2022
Barra Bonita;2;16.0;268.0;0.0;268.0;0.0;0.0;1.0;255.0;12.0;0.0;0.0;1.0;1.0;1.0;0.0;2022
Barra Bonita;2;58.0;1188.0;0.0;671.0;0.0;0.0;3.0;632.0;524.0;29.0;0.0;1.0;1.0;1.0;0.0;2022
Barra Bonita;2;36.0;436.0;0.0;0.0;0.0;0.0;0.0;3.0;260.0;173.0;1.0;1.0;1.0;0.0;0.0;2022
Barra do Chapéu;2;26.0;365.0;0.0;210.0;0.0;0.0;7.0;209.0;137.0;12.0;1.0;1.0;1.0;1.0;1.0;2022
Barra do Chapéu;2;23.0;102.0;0.0;52.0;0.0;0.0;0.0;51.0;34.0;17.0;0.0;0.0;1.0;1.0;1.0;2022
Barra do Chapéu;2;20.0;152.0;0.0;91.0;0.0;0.0;4.0;87.0;42.0;19.0;0.0;0.0;1.0;1.0;0.0;2022
Barra do Turvo;2;40.0;593.0;0.0;361.0;0.0;0.0;10.0;337.0;226.0;20.0;0.0;1.0;1.0;1.0;1.0;2022
Barra do Turvo;2;15.0;196.0;0.0;118.0;0.0;0.0;2.0;110.0;80.0;4.0;0.0;0.0;1.0;0.0;0.0;2022
Barretos;2;;;;;;;;;;;;;;;;2022
Barretos;2;56.0;946.0;0.0;508.0;0.0;0.0;3.0;455.0;465.0;23.0;0.0;1.0;1.0;1.0;0.0;2022
Barretos;2;93.0;1682.0;0.0;0.0;0.0;0.0;0.0;1.0;1057.0;624.0;0.0;1.0;1.0;1.0;1.0;2022
Barretos;2;29.0;416.0;0.0;287.0;0.0;0.0;0.0;258.0;151.0;7.0;0.0;0.0;1.0;1.0;1.0;2022
Barretos;2;69.0;1136.0;0.0;640.0;0.0;0.0;2.0;533.0;563.0;38.0;0.0;0.0;1.0;1.0;1.0;2022
Barretos;2;29.0;401.0;0.0;250.0;0.0;0.0;0.0;222.0;167.0;12.0;0.0;0.0;1.0;1.0;1.0;2022
Barretos;2;35.0;469.0;0.0;271.0;0.0;0.0;0.0;224.0;228.0;17.0;0.0;1.0;1.0;1.0;1.0;2022
Barretos;2;15.0;277.0;0.0;277.0;0.0;0.0;0.0;243.0;34.0;0.0;0.0;1.0;1.0;1.0;1.0;2022
Barretos;2;20.0;337.0;0.0;277.0;0.0;0.0;0.0;261.0;75.0;1.0;0.0;1.0;1.0;1.0;1.0;2022
Barretos;2;23.0;415.0;0.0;269.0;0.0;0.0;1.0;252.0;160.0;2.0;0.0;1.0;1.0;1.0;1.0;2022
Barretos;2;17.0;361.0;0.0;361.0;0.0;0.0;0.0;338.0;23.0;0.0;0.0;0.0;1.0;1.0;1.0;2022
Barretos;2;;;;;;;;;;;;;;;;2022
Barretos;2;14.0;1811.0;0.0;0.0;0.0;0.0;0.0;0.0;1.0;1810.0;0.0;0.0;1.0;0.0;0.0;2022
Barretos;2;16.0;247.0;0.0;0.0;0.0;0.0;0.0;2.0;236.0;9.0;0.0;1.0;1.0;1.0;1.0;2022
Barretos;2;45.0;892.0;0.0;421.0;0.0;0.0;0.0;387.0;481.0;24.0;0.0;1.0;1.0;1.0;1.0;2022
Barretos;2;15.0;101.0;0.0;69.0;0.0;0.0;0.0;62.0;36.0;3.0;0.0;0.0;1.0;1.0;0.0;2022
Barrinha;2;47.0;924.0;0.0;0.0;0.0;0.0;0.0;29.0;848.0;47.0;0.0;1.0;1.0;1.0;1.0;2022
Barrinha;2;16.0;356.0;0.0;0.0;0.0;0.0;0.0;0.0;155.0;201.0;0.0;1.0;1.0;1.0;0.0;2022
Barueri;2;8.0;118.0;0.0;0.0;0.0;0.0;0.0;2.0;112.0;4.0;0.0;1.0;1.0;1.0;1.0;2022
Barueri;2;55.0;1210.0;0.0;0.0;0.0;0.0;0.0;2.0;943.0;265.0;0.0;1.0;1.0;1.0;1.0;2022
Barueri;2;31.0;496.0;0.0;0.0;0.0;0.0;0.0;1.0;267.0;228.0;0.0;1.0;1.0;1.0;0.0;2022
Barueri;2;21.0;309.0;0.0;0.0;0.0;0.0;0.0;0.0;263.0;46.0;0.0;1.0;1.0;0.0;1.0;2022
Barueri;2;25.0;350.0;0.0;0.0;0.0;0.0;0.0;2.0;269.0;79.0;0.0;1.0;1.0;1.0;1.0;2022
Barueri;2;25.0;476.0;0.0;0.0;0.0;0.0;0.0;2.0;413.0;61.0;0.0;1.0;1.0;1.0;1.0;2022
Barueri;2;27.0;623.0;0.0;0.0;0.0;0.0;0.0;0.0;477.0;146.0;0.0;1.0;1.0;1.0;0.0;2022
Barueri;2;21.0;318.0;0.0;0.0;0.0;0.0;0.0;0.0;166.0;152.0;0.0;1.0;1.0;1.0;0.0;2022
Barueri;2;;;;;;;;;;;;;;;;2022
Barueri;2;18.0;285.0;0.0;0.0;0.0;0.0;0.0;2.0;253.0;30.0;0.0;1.0;1.0;1.0;1.0;2022
Barueri;2;29.0;439.0;0.0;0.0;0.0;0.0;0.0;1.0;220.0;218.0;1.0;1.0;1.0;1.0;1.0;2022
Barueri;2;21.0;314.0;0.0;0.0;0.0;0.0;0.0;1.0;273.0;40.0;0.0;1.0;1.0;1.0;1.0;2022
Barueri;2;43.0;742.0;0.0;0.0;0.0;0.0;0.0;2.0;633.0;107.0;0.0;1.0;1.0;1.0;1.0;2022
Barueri;2;74.0;1260.0;0.0;0.0;0.0;0.0;0.0;3.0;866.0;391.0;1.0;1.0;1.0;1.0;0.0;2022
Barueri;2;12.0;175.0;0.0;0.0;0.0;0.0;0.0;0.0;139.0;36.0;0.0;1.0;1.0;1.0;1.0;2022
Barueri;2;73.0;783.0;0.0;0.0;0.0;0.0;0.0;9.0;484.0;290.0;1.0;1.0;1.0;1.0;1.0;2022
Barueri;2;;;;;;;;;;;;;;;;2022
Barueri;2;;;;;;;;;;;;;;;;2022
Barueri;2;32.0;572.0;0.0;0.0;0.0;0.0;0.0;3.0;442.0;127.0;0.0;1.0;1.0;1.0;1.0;2022
Barueri;2;17.0;265.0;0.0;0.0;0.0;0.0;0.0;2.0;236.0;27.0;0.0;1.0;1.0;1.0;1.0;2022
Barueri;2;33.0;650.0;0.0;0.0;0.0;0.0;0.0;0.0;435.0;215.0;0.0;1.0;1.0;1.0;1.0;2022
Barueri;2;;;;;;;;;;;;;;;;2022
Barueri;2;20.0;380.0;0.0;0.0;0.0;0.0;0.0;6.0;357.0;17.0;0.0;1.0;1.0;1.0;1.0;2022
Barueri;2;38.0;707.0;0.0;0.0;0.0;0.0;0.0;1.0;607.0;99.0;0.0;1.0;1.0;1.0;1.0;2022
Bastos;2;51.0;802.0;0.0;347.0;0.0;0.0;9.0;334.0;432.0;27.0;0.0;1.0;1.0;1.0;1.0;2022
Bastos;2;29.0;524.0;524.0;0.0;0.0;0.0;509.0;15.0;0.0;0.0;0.0;1.0;1.0;1.0;1.0;2022
Bastos;2;32.0;475.0;0.0;371.0;0.0;0.0;9.0;353.0;110.0;3.0;0.0;1.0;1.0;1.0;1.0;2022
Bastos;2;;;;;;;;;;;;;;;;2022
Bastos;2;18.0;349.0;349.0;0.0;0.0;0.0;347.0;2.0;0.0;0.0;0.0;1.0;1.0;1.0;0.0;2022
Bastos;2;40.0;611.0;0.0;290.0;0.0;0.0;6.0;289.0;288.0;28.0;0.0;1.0;1.0;1.0;0.0;2022
Batatais;2;25.0;372.0;0.0;295.0;0.0;0.0;2.0;273.0;92.0;5.0;0.0;1.0;1.0;1.0;1.0;2022
Batatais;2;33.0;475.0;0.0;331.0;0.0;0.0;0.0;300.0;170.0;5.0;0.0;1.0;1.0;1.0;0.0;2022
Batatais;2;18.0;410.0;410.0;0.0;0.0;5.0;396.0;9.0;0.0;0.0;0.0;1.0;1.0;1.0;1.0;2022
Batatais;2;64.0;1119.0;0.0;0.0;0.0;0.0;0.0;11.0;725.0;383.0;1.0;1.0;1.0;1.0;0.0;2022
Batatais;2;39.0;638.0;0.0;272.0;0.0;0.0;3.0;242.0;317.0;76.0;0.0;1.0;1.0;1.0;1.0;2022
Batatais;2;61.0;1120.0;0.0;408.0;0.0;0.0;5.0;362.0;523.0;230.0;0.0;1.0;1.0;1.0;1.0;2022
Batatais;2;;;;;;;;;;;;;;;;2022
Batatais;2;20.0;274.0;274.0;0.0;0.0;3.0;257.0;14.0;0.0;0.0;0.0;1.0;1.0;1.0;1.0;2022
Batatais;2;46.0;985.0;0.0;619.0;0.0;0.0;8.0;585.0;377.0;15.0;0.0;1.0;1.0;1.0;1.0;2022
Bauru;2;32.0;495.0;0.0;361.0;0.0;0.0;11.0;328.0;134.0;22.0;0.0;1.0;1.0;1.0;1.0;2022
Bauru;2;33.0;407.0;160.0;142.0;0.0;1.0;153.0;132.0;102.0;19.0;0.0;1.0;1.0;1.0;0.0;2022
Bauru;2;47.0;920.0;0.0;417.0;0.0;0.0;8.0;389.0;512.0;11.0;1.0;1.0;1.0;1.0;1.0;2022
Bauru;2;36.0;663.0;663.0;0.0;0.0;5.0;647.0;11.0;0.0;0.0;0.0;1.0;1.0;1.0;0.0;2022
Bauru;2;25.0;433.0;433.0;0.0;0.0;2.0;425.0;6.0;0.0;0.0;0.0;1.0;1.0;1.0;1.0;2022
Bauru;2;67.0;1166.0;145.0;422.0;0.0;0.0;148.0;403.0;582.0;33.0;0.0;1.0;1.0;1.0;1.0;2022
Bauru;2;16.0;250.0;0.0;0.0;0.0;0.0;0.0;11.0;231.0;8.0;0.0;1.0;1.0;1.0;1.0;2022
Bauru;2;66.0;1223.0;0.0;380.0;0.0;0.0;2.0;376.0;692.0;153.0;0.0;1.0;1.0;1.0;0.0;2022
Bauru;2;24.0;437.0;437.0;0.0;0.0;6.0;423.0;8.0;0.0;0.0;0.0;1.0;1.0;1.0;1.0;2022
Bauru;2;82.0;933.0;0.0;285.0;0.0;0.0;4.0;270.0;598.0;61.0;0.0;1.0;1.0;1.0;1.0;2022
Bauru;2;37.0;721.0;721.0;0.0;0.0;11.0;706.0;4.0;0.0;0.0;0.0;1.0;1.0;1.0;0.0;2022
Bauru;2;48.0;815.0;277.0;538.0;0.0;5.0;281.0;499.0;30.0;0.0;0.0;1.0;1.0;1.0;0.0;2022
Bauru;2;28.0;464.0;464.0;0.0;0.0;2.0;444.0;18.0;0.0;0.0;0.0;1.0;1.0;1.0;0.0;2022
Bauru;2;20.0;431.0;431.0;0.0;0.0;1.0;426.0;4.0;0.0;0.0;0.0;1.0;1.0;1.0;1.0;2022
Bauru;2;54.0;669.0;0.0;182.0;0.0;0.0;3.0;168.0;461.0;37.0;0.0;1.0;1.0;1.0;1.0;2022
Bauru;2;38.0;606.0;0.0;370.0;0.0;0.0;9.0;355.0;224.0;18.0;0.0;1.0;1.0;1.0;0.0;2022
Bauru;2;31.0;487.0;487.0;0.0;0.0;6.0;475.0;6.0;0.0;0.0;0.0;1.0;1.0;1.0;1.0;2022
Bauru;2;28.0;530.0;530.0;0.0;0.0;3.0;515.0;11.0;1.0;0.0;0.0;1.0;1.0;1.0;0.0;2022
Bauru;2;59.0;883.0;175.0;206.0;0.0;2.0;168.0;209.0;453.0;51.0;0.0;1.0;1.0;1.0;1.0;2022
Bauru;2;45.0;749.0;202.0;547.0;0.0;0.0;201.0;533.0;15.0;0.0;0.0;1.0;0.0;1.0;0.0;2022
Bauru;2;44.0;531.0;0.0;257.0;0.0;0.0;5.0;224.0;266.0;36.0;0.0;1.0;1.0;1.0;0.0;2022
Bauru;2;22.0;450.0;450.0;0.0;0.0;6.0;437.0;7.0;0.0;0.0;0.0;1.0;1.0;1.0;0.0;2022
Bauru;2;25.0;503.0;0.0;293.0;0.0;0.0;3.0;288.0;207.0;5.0;0.0;1.0;1.0;1.0;1.0;2022
Bauru;2;74.0;928.0;0.0;376.0;0.0;0.0;6.0;346.0;514.0;62.0;1.0;1.0;1.0;1.0;1.0;2022
Bauru;2;53.0;677.0;0.0;259.0;0.0;0.0;4.0;247.0;411.0;15.0;0.0;1.0;1.0;1.0;1.0;2022
Bauru;2;45.0;902.0;187.0;271.0;0.0;2.0;186.0;262.0;426.0;26.0;0.0;1.0;1.0;1.0;1.0;2022
Bauru;2;48.0;562.0;237.0;325.0;0.0;1.0;236.0;312.0;13.0;0.0;0.0;1.0;1.0;1.0;0.0;2022
Bauru;2;25.0;436.0;0.0;69.0;0.0;0.0;8.0;73.0;340.0;15.0;1.0;1.0;1.0;1.0;1.0;2022
Bauru;2;;;;;;;;;;;;;;;;2022
Bauru;2;24.0;389.0;223.0;166.0;0.0;2.0;218.0;166.0;3.0;0.0;0.0;1.0;1.0;1.0;0.0;2022
Bauru;2;89.0;1635.0;596.0;518.0;0.0;9.0;570.0;512.0;498.0;46.0;0.0;1.0;1.0;1.0;1.0;2022
Bauru;2;46.0;719.0;0.0;312.0;0.0;0.0;12.0;291.0;366.0;50.0;0.0;1.0;1.0;1.0;1.0;2022
Bauru;2;43.0;862.0;0.0;401.0;0.0;0.0;5.0;361.0;454.0;42.0;0.0;1.0;1.0;1.0;0.0;2022
Bauru;2;16.0;336.0;336.0;0.0;0.0;1.0;327.0;8.0;0.0;0.0;0.0;0.0;1.0;1.0;0.0;2022
Bauru;2;31.0;531.0;0.0;405.0;0.0;0.0;5.0;390.0;131.0;5.0;0.0;1.0;1.0;1.0;0.0;2022
Bauru;2;61.0;1014.0;241.0;369.0;0.0;1.0;234.0;346.0;375.0;58.0;0.0;1.0;1.0;1.0;0.0;2022
Bauru;2;55.0;774.0;236.0;321.0;0.0;3.0;235.0;302.0;225.0;9.0;0.0;1.0;1.0;1.0;0.0;2022
Bauru;2;28.0;438.0;438.0;0.0;0.0;5.0;430.0;3.0;0.0;0.0;0.0;0.0;1.0;0.0;1.0;2022
Bauru;2;;;;;;;;;;;;;;;;2022
Bauru;2;87.0;1307.0;0.0;0.0;0.0;0.0;0.0;23.0;802.0;482.0;1.0;1.0;1.0;1.0;1.0;2022
Bauru;2;19.0;354.0;0.0;354.0;0.0;0.0;6.0;340.0;8.0;0.0;1.0;1.0;1.0;1.0;1.0;2022
Bauru;2;12.0;235.0;0.0;0.0;0.0;0.0;0.0;0.0;0.0;235.0;0.0;0.0;0.0;0.0;0.0;2022
Bauru;2;11.0;246.0;0.0;0.0;0.0;0.0;0.0;0.0;0.0;246.0;0.0;0.0;0.0;0.0;0.0;2022
Bauru;2;22.0;312.0;0.0;254.0;0.0;0.0;7.0;241.0;62.0;2.0;0.0;1.0;1.0;1.0;1.0;2022
Bauru;2;4.0;2.0;2.0;0.0;0.0;0.0;0.0;1.0;1.0;0.0;0.0;0.0;0.0;0.0;0.0;2022
Bauru;2;14.0;34.0;0.0;18.0;0.0;0.0;0.0;0.0;16.0;18.0;0.0;0.0;1.0;0.0;0.0;2022
Bauru;2;13.0;40.0;0.0;19.0;0.0;0.0;0.0;2.0;30.0;8.0;0.0;0.0;1.0;1.0;1.0;2022
Bauru;2;25.0;349.0;0.0;302.0;0.0;0.0;5.0;282.0;62.0;0.0;0.0;1.0;1.0;1.0;1.0;2022
Bauru;2;54.0;1028.0;334.0;318.0;0.0;2.0;335.0;310.0;373.0;8.0;0.0;1.0;1.0;1.0;0.0;2022
Bauru;2;53.0;798.0;0.0;412.0;0.0;0.0;4.0;388.0;359.0;47.0;0.0;1.0;1.0;1.0;0.0;2022
Bauru;2;37.0;686.0;0.0;407.0;0.0;0.0;4.0;401.0;274.0;7.0;0.0;1.0;1.0;1.0;0.0;2022
Bauru;2;43.0;398.0;0.0;210.0;0.0;0.0;3.0;195.0;186.0;14.0;0.0;1.0;1.0;1.0;1.0;2022
Bauru;2;22.0;254.0;0.0;175.0;0.0;0.0;4.0;169.0;78.0;3.0;0.0;1.0;1.0;1.0;1.0;2022
Bauru;2;16.0;261.0;261.0;0.0;0.0;1.0;255.0;5.0;0.0;0.0;0.0;0.0;1.0;1.0;0.0;2022
Bauru;2;10.0;187.0;187.0;0.0;0.0;2.0;181.0;4.0;0.0;0.0;0.0;0.0;1.0;1.0;0.0;2022
Bauru;2;42.0;724.0;277.0;290.0;0.0;0.0;276.0;276.0;158.0;14.0;0.0;1.0;1.0;1.0;1.0;2022
Bauru;2;15.0;279.0;279.0;0.0;0.0;1.0;275.0;3.0;0.0;0.0;0.0;1.0;1.0;1.0;1.0;2022
Bauru;2;63.0;1271.0;707.0;564.0;0.0;10.0;695.0;539.0;27.0;0.0;0.0;1.0;1.0;1.0;1.0;2022
Bauru;2;48.0;951.0;0.0;443.0;0.0;0.0;6.0;411.0;514.0;20.0;0.0;1.0;1.0;1.0;1.0;2022
Bauru;2;41.0;769.0;0.0;0.0;0.0;0.0;0.0;11.0;637.0;121.0;0.0;1.0;1.0;1.0;0.0;2022
Bauru;2;48.0;689.0;0.0;299.0;0.0;0.0;4.0;291.0;375.0;19.0;0.0;1.0;1.0;1.0;1.0;2022
Bauru;2;17.0;5043.0;0.0;0.0;0.0;0.0;0.0;0.0;0.0;5043.0;0.0;0.0;1.0;0.0;1.0;2022
Bauru;2;7.0;34.0;0.0;0.0;30.0;4.0;0.0;0.0;0.0;0.0;0.0;0.0;1.0;1.0;1.0;2022
Bauru;2;;;;;;;;;;;0.0;0.0;1.0;0.0;0.0;2022
Bebedouro;2;23.0;460.0;0.0;266.0;0.0;0.0;2.0;242.0;204.0;12.0;0.0;1.0;1.0;1.0;1.0;2022
Bebedouro;2;26.0;363.0;0.0;261.0;0.0;0.0;0.0;234.0;124.0;5.0;0.0;0.0;1.0;1.0;1.0;2022
Bebedouro;2;31.0;573.0;0.0;308.0;0.0;0.0;0.0;282.0;268.0;23.0;0.0;0.0;1.0;1.0;1.0;2022
Bebedouro;2;15.0;193.0;0.0;137.0;0.0;0.0;1.0;129.0;62.0;1.0;0.0;1.0;1.0;1.0;1.0;2022
Bebedouro;2;56.0;872.0;0.0;376.0;0.0;0.0;3.0;355.0;465.0;49.0;0.0;1.0;1.0;1.0;1.0;2022
Bebedouro;2;39.0;718.0;0.0;520.0;0.0;0.0;0.0;489.0;210.0;19.0;0.0;0.0;1.0;1.0;0.0;2022
Bebedouro;2;44.0;566.0;0.0;284.0;0.0;0.0;1.0;250.0;299.0;16.0;0.0;1.0;1.0;1.0;0.0;2022
Bebedouro;2;33.0;482.0;0.0;279.0;0.0;0.0;0.0;253.0;216.0;13.0;0.0;0.0;1.0;1.0;1.0;2022
Bebedouro;2;62.0;905.0;0.0;0.0;0.0;0.0;0.0;4.0;703.0;198.0;1.0;1.0;1.0;1.0;1.0;2022
Bebedouro;2;;;;;;;;;;;0.0;0.0;1.0;0.0;0.0;2022
Bebedouro;2;44.0;543.0;0.0;287.0;0.0;0.0;0.0;260.0;270.0;13.0;0.0;1.0;1.0;1.0;0.0;2022
Bebedouro;2;12.0;1349.0;0.0;0.0;0.0;0.0;0.0;0.0;0.0;1349.0;0.0;1.0;1.0;1.0;0.0;2022
Bento de Abreu;2;19.0;240.0;0.0;134.0;0.0;0.0;0.0;126.0;111.0;3.0;0.0;1.0;1.0;1.0;0.0;2022
Bento de Abreu;2;;;;;;;;;;;;;;;;2022
Bernardino de Campos;2;36.0;602.0;0.0;373.0;0.0;0.0;7.0;347.0;222.0;26.0;0.0;1.0;1.0;1.0;0.0;2022
Bernardino de Campos;2;17.0;208.0;0.0;147.0;0.0;0.0;5.0;141.0;61.0;1.0;0.0;1.0;1.0;1.0;1.0;2022
Bernardino de Campos;2;10.0;151.0;0.0;0.0;0.0;0.0;0.0;0.0;0.0;151.0;0.0;0.0;0.0;0.0;0.0;2022
Bertioga;2;49.0;1163.0;0.0;461.0;0.0;0.0;0.0;427.0;640.0;96.0;0.0;1.0;1.0;0.0;0.0;2022
Bertioga;2;65.0;1085.0;0.0;659.0;0.0;0.0;0.0;595.0;252.0;238.0;0.0;1.0;1.0;1.0;0.0;2022
Bertioga;2;35.0;850.0;0.0;492.0;0.0;0.0;0.0;436.0;379.0;35.0;0.0;1.0;1.0;1.0;1.0;2022
Bertioga;2;;;;;;;;;;;;;;;;2022
Bertioga;2;28.0;627.0;0.0;339.0;0.0;0.0;1.0;290.0;309.0;27.0;0.0;1.0;1.0;1.0;1.0;2022
Bertioga;2;46.0;919.0;0.0;492.0;0.0;0.0;1.0;451.0;447.0;20.0;0.0;0.0;1.0;1.0;0.0;2022
Bertioga;2;42.0;958.0;0.0;537.0;0.0;0.0;1.0;459.0;453.0;45.0;0.0;1.0;1.0;1.0;0.0;2022
Bertioga;2;41.0;1134.0;0.0;565.0;0.0;0.0;1.0;502.0;584.0;47.0;0.0;1.0;1.0;1.0;0.0;2022
Bertioga;2;22.0;309.0;0.0;309.0;0.0;0.0;1.0;288.0;20.0;0.0;0.0;0.0;1.0;0.0;0.0;2022
Bilac;2;36.0;483.0;0.0;294.0;0.0;0.0;0.0;277.0;194.0;12.0;0.0;0.0;1.0;1.0;1.0;2022
Birigui;2;25.0;397.0;0.0;290.0;0.0;0.0;2.0;277.0;113.0;5.0;0.0;1.0;1.0;1.0;0.0;2022
Birigui;2;13.0;217.0;0.0;217.0;0.0;0.0;0.0;212.0;5.0;0.0;0.0;1.0;1.0;1.0;1.0;2022
Birigui;2;17.0;272.0;0.0;272.0;0.0;0.0;1.0;263.0;8.0;0.0;0.0;1.0;1.0;1.0;1.0;2022
Birigui;2;59.0;620.0;0.0;287.0;0.0;0.0;2.0;276.0;294.0;48.0;0.0;1.0;1.0;1.0;0.0;2022
Birigui;2;103.0;1671.0;0.0;554.0;0.0;0.0;0.0;534.0;948.0;189.0;0.0;1.0;1.0;1.0;0.0;2022
Birigui;2;;;;;;;;;;;;;;;;2022
Birigui;2;35.0;691.0;0.0;433.0;0.0;0.0;2.0;422.0;262.0;5.0;0.0;1.0;1.0;1.0;1.0;2022
Birigui;2;6.0;41.0;0.0;0.0;0.0;0.0;0.0;0.0;0.0;41.0;0.0;0.0;1.0;0.0;0.0;2022
Birigui;2;32.0;633.0;0.0;0.0;0.0;0.0;0.0;8.0;428.0;197.0;1.0;1.0;1.0;1.0;1.0;2022
Birigui;2;;;;;;;;;;;0.0;0.0;1.0;0.0;0.0;2022
Birigui;2;44.0;488.0;0.0;311.0;0.0;0.0;0.0;292.0;180.0;16.0;0.0;0.0;1.0;1.0;1.0;2022
Birigui;2;43.0;628.0;0.0;414.0;0.0;0.0;0.0;400.0;224.0;4.0;0.0;0.0;1.0;1.0;1.0;2022
Birigui;2;66.0;1479.0;0.0;627.0;0.0;0.0;0.0;612.0;836.0;31.0;0.0;1.0;1.0;1.0;1.0;2022
Birigui;2;28.0;372.0;0.0;239.0;0.0;0.0;1.0;224.0;137.0;10.0;0.0;1.0;1.0;1.0;1.0;2022
Birigui;2;35.0;601.0;0.0;401.0;0.0;0.0;0.0;386.0;203.0;12.0;0.0;1.0;1.0;1.0;1.0;2022
Birigui;2;45.0;596.0;0.0;320.0;0.0;0.0;0.0;307.0;265.0;24.0;0.0;1.0;1.0;1.0;1.0;2022
Birigui;2;44.0;557.0;0.0;304.0;0.0;0.0;0.0;285.0;224.0;48.0;0.0;1.0;1.0;1.0;0.0;2022
Biritiba Mirim;2;68.0;1073.0;0.0;657.0;0.0;0.0;11.0;582.0;456.0;24.0;0.0;1.0;1.0;1.0;0.0;2022
Biritiba Mirim;2;47.0;553.0;0.0;0.0;0.0;0.0;0.0;2.0;493.0;58.0;0.0;1.0;1.0;1.0;1.0;2022
Biritiba Mirim;2;55.0;848.0;0.0;848.0;0.0;0.0;8.0;755.0;82.0;3.0;0.0;1.0;1.0;1.0;1.0;2022
Boa Esperança do Sul;2;32.0;482.0;0.0;0.0;0.0;0.0;0.0;5.0;396.0;81.0;0.0;0.0;1.0;1.0;0.0;2022
Bocaina;2;33.0;663.0;0.0;367.0;0.0;0.0;3.0;328.0;278.0;54.0;0.0;1.0;1.0;1.0;0.0;2022
Bocaina;2;16.0;252.0;0.0;185.0;0.0;0.0;2.0;172.0;76.0;2.0;0.0;1.0;1.0;1.0;1.0;2022
Bofete;2;31.0;490.0;0.0;0.0;0.0;0.0;0.0;5.0;376.0;109.0;0.0;1.0;1.0;1.0;0.0;2022
Bofete;2;12.0;199.0;0.0;199.0;0.0;0.0;2.0;192.0;5.0;0.0;0.0;1.0;1.0;1.0;1.0;2022
Boituva;2;64.0;1125.0;0.0;0.0;0.0;0.0;0.0;3.0;887.0;235.0;0.0;1.0;1.0;1.0;0.0;2022
Boituva;2;37.0;604.0;0.0;0.0;0.0;0.0;0.0;5.0;568.0;31.0;0.0;1.0;1.0;1.0;0.0;2022
Bom Jesus dos Perdões;2;51.0;1234.0;0.0;431.0;0.0;0.0;8.0;395.0;760.0;71.0;0.0;1.0;1.0;1.0;0.0;2022
Bom Jesus dos Perdões;2;28.0;507.0;0.0;305.0;0.0;0.0;9.0;271.0;217.0;10.0;0.0;1.0;1.0;1.0;1.0;2022
Bom Jesus dos Perdões;2;55.0;758.0;0.0;621.0;0.0;0.0;9.0;572.0;51.0;126.0;0.0;1.0;1.0;1.0;1.0;2022
Bom Sucesso de Itararé;2;29.0;468.0;0.0;269.0;0.0;0.0;2.0;253.0;191.0;22.0;0.0;1.0;1.0;1.0;1.0;2022
Borá;2;16.0;92.0;0.0;56.0;0.0;0.0;1.0;51.0;39.0;1.0;0.0;1.0;1.0;1.0;0.0;2022
Boracéia;2;38.0;454.0;0.0;282.0;0.0;0.0;8.0;264.0;167.0;15.0;0.0;1.0;1.0;1.0;0.0;2022
Borborema;2;21.0;415.0;0.0;415.0;0.0;0.0;5.0;404.0;6.0;0.0;0.0;1.0;1.0;1.0;0.0;2022
Borborema;2;35.0;584.0;0.0;183.0;0.0;0.0;6.0;173.0;363.0;42.0;0.0;1.0;1.0;1.0;1.0;2022
Borborema;2;24.0;466.0;466.0;0.0;0.0;0.0;451.0;15.0;0.0;0.0;0.0;1.0;1.0;1.0;0.0;2022
Borebi;2;16.0;123.0;0.0;0.0;0.0;0.0;0.0;2.0;109.0;12.0;0.0;1.0;1.0;1.0;1.0;2022
Botucatu;2;85.0;1242.0;0.0;0.0;0.0;0.0;0.0;15.0;764.0;463.0;1.0;1.0;1.0;1.0;0.0;2022
Botucatu;2;26.0;424.0;0.0;255.0;0.0;0.0;4.0;247.0;165.0;8.0;0.0;1.0;1.0;1.0;1.0;2022
Botucatu;2;76.0;1671.0;0.0;247.0;0.0;0.0;3.0;235.0;1301.0;132.0;0.0;1.0;1.0;1.0;1.0;2022
Botucatu;2;49.0;735.0;0.0;283.0;0.0;0.0;8.0;266.0;428.0;33.0;0.0;0.0;1.0;1.0;0.0;2022
Botucatu;2;44.0;609.0;0.0;301.0;0.0;0.0;5.0;282.0;308.0;14.0;0.0;1.0;1.0;1.0;0.0;2022
Botucatu;2;43.0;1017.0;0.0;538.0;0.0;0.0;7.0;500.0;462.0;48.0;0.0;1.0;1.0;1.0;1.0;2022
Botucatu;2;24.0;278.0;0.0;161.0;0.0;0.0;3.0;148.0;121.0;6.0;0.0;0.0;1.0;1.0;0.0;2022
Botucatu;2;30.0;434.0;0.0;232.0;0.0;0.0;1.0;223.0;200.0;10.0;0.0;1.0;1.0;1.0;1.0;2022
Botucatu;2;20.0;259.0;0.0;150.0;0.0;0.0;2.0;148.0;109.0;0.0;0.0;1.0;1.0;1.0;0.0;2022
Botucatu;2;38.0;510.0;0.0;215.0;0.0;0.0;2.0;203.0;282.0;23.0;0.0;0.0;1.0;1.0;0.0;2022
Botucatu;2;;;;;;;;;;;;;;;;2022
Botucatu;2;32.0;423.0;0.0;236.0;0.0;0.0;4.0;221.0;181.0;17.0;0.0;0.0;1.0;1.0;1.0;2022
Botucatu;2;7.0;32.0;0.0;16.0;0.0;0.0;0.0;3.0;24.0;5.0;0.0;1.0;1.0;0.0;1.0;2022
Botucatu;2;;;;;;;;;;;;;;;;2022
Botucatu;2;;;;;;;;;;;0.0;0.0;1.0;0.0;0.0;2022
Botucatu;2;14.0;2522.0;0.0;0.0;0.0;0.0;0.0;0.0;0.0;2522.0;0.0;0.0;1.0;0.0;0.0;2022
Botucatu;2;66.0;736.0;0.0;282.0;0.0;0.0;5.0;266.0;440.0;25.0;1.0;1.0;1.0;1.0;1.0;2022
Botucatu;2;;;;;;;;;;;;;;;;2022
Botucatu;2;34.0;333.0;0.0;185.0;0.0;0.0;2.0;170.0;149.0;12.0;0.0;1.0;1.0;1.0;1.0;2022
Botucatu;2;30.0;349.0;0.0;349.0;0.0;0.0;9.0;317.0;23.0;0.0;0.0;1.0;1.0;1.0;0.0;2022
Botucatu;2;8.0;36.0;0.0;0.0;36.0;0.0;0.0;0.0;0.0;0.0;0.0;1.0;1.0;0.0;1.0;2022
Botucatu;2;5.0;16.0;0.0;0.0;14.0;2.0;0.0;0.0;0.0;0.0;0.0;0.0;1.0;0.0;1.0;2022
Bragança Paulista;2;14.0;243.0;0.0;243.0;0.0;0.0;3.0;223.0;17.0;0.0;0.0;1.0;1.0;1.0;1.0;2022
Bragança Paulista;2;33.0;496.0;0.0;213.0;0.0;0.0;1.0;198.0;291.0;6.0;0.0;0.0;1.0;1.0;0.0;2022
Bragança Paulista;2;70.0;1063.0;0.0;286.0;0.0;0.0;2.0;258.0;739.0;64.0;0.0;0.0;1.0;1.0;0.0;2022
Bragança Paulista;2;47.0;778.0;0.0;446.0;0.0;0.0;7.0;384.0;348.0;39.0;0.0;1.0;1.0;1.0;1.0;2022
Bragança Paulista;2;33.0;477.0;0.0;305.0;0.0;0.0;8.0;247.0;91.0;131.0;0.0;1.0;1.0;1.0;1.0;2022
Bragança Paulista;2;43.0;649.0;0.0;649.0;0.0;0.0;16.0;603.0;30.0;0.0;0.0;1.0;1.0;0.0;1.0;2022
Bragança Paulista;2;56.0;920.0;0.0;496.0;0.0;0.0;18.0;441.0;429.0;32.0;0.0;1.0;1.0;1.0;1.0;2022
Bragança Paulista;2;31.0;400.0;0.0;400.0;0.0;0.0;1.0;346.0;53.0;0.0;0.0;1.0;1.0;1.0;0.0;2022
Bragança Paulista;2;;;;;;;;;;;;;;;;2022
Bragança Paulista;2;21.0;301.0;0.0;195.0;0.0;0.0;3.0;171.0;121.0;6.0;0.0;1.0;1.0;0.0;0.0;2022
Bragança Paulista;2;;;;;;;;;;;;;;;;2022
Bragança Paulista;2;32.0;629.0;0.0;394.0;0.0;0.0;4.0;347.0;265.0;13.0;0.0;0.0;1.0;1.0;1.0;2022
Bragança Paulista;2;7.0;59.0;0.0;0.0;0.0;0.0;0.0;0.0;0.0;59.0;0.0;1.0;1.0;1.0;1.0;2022
Bragança Paulista;2;;;;;;;;;;;;;;;;2022
Bragança Paulista;2;46.0;583.0;0.0;583.0;0.0;0.0;10.0;486.0;85.0;2.0;0.0;1.0;1.0;1.0;1.0;2022
Bragança Paulista;2;;;;;;;;;;;;;;;;2022
Bragança Paulista;2;34.0;735.0;0.0;498.0;0.0;0.0;8.0;450.0;259.0;18.0;0.0;1.0;1.0;1.0;0.0;2022
Bragança Paulista;2;15.0;330.0;0.0;330.0;0.0;0.0;7.0;308.0;15.0;0.0;0.0;1.0;1.0;1.0;1.0;2022
Bragança Paulista;2;;;;;;;;;;;;;;;;2022
Bragança Paulista;2;40.0;591.0;0.0;327.0;0.0;0.0;7.0;282.0;285.0;17.0;0.0;1.0;1.0;1.0;0.0;2022
Bragança Paulista;2;41.0;935.0;0.0;377.0;0.0;0.0;6.0;348.0;548.0;33.0;0.0;1.0;1.0;1.0;0.0;2022
Bragança Paulista;2;18.0;415.0;0.0;0.0;0.0;0.0;0.0;7.0;395.0;13.0;0.0;1.0;1.0;1.0;1.0;2022
Bragança Paulista;2;54.0;954.0;0.0;496.0;0.0;0.0;8.0;438.0;474.0;34.0;0.0;1.0;1.0;1.0;1.0;2022
Bragança Paulista;2;39.0;696.0;0.0;316.0;0.0;0.0;4.0;283.0;380.0;29.0;0.0;1.0;1.0;0.0;0.0;2022
Bragança Paulista;2;25.0;427.0;0.0;247.0;0.0;0.0;0.0;222.0;193.0;12.0;0.0;1.0;1.0;1.0;0.0;2022
Bragança Paulista;2;41.0;813.0;0.0;370.0;0.0;0.0;3.0;327.0;455.0;28.0;0.0;1.0;1.0;1.0;1.0;2022
Braúna;2;36.0;449.0;0.0;269.0;0.0;0.0;0.0;249.0;189.0;11.0;0.0;1.0;1.0;1.0;0.0;2022
Braúna;2;8.0;25.0;14.0;9.0;0.0;3.0;14.0;8.0;0.0;0.0;0.0;0.0;1.0;0.0;0.0;2022
Brejo Alegre;2;25.0;364.0;0.0;152.0;0.0;0.0;0.0;146.0;207.0;11.0;0.0;0.0;1.0;1.0;1.0;2022
Brodowski;2;41.0;1016.0;0.0;244.0;0.0;0.0;0.0;227.0;742.0;47.0;0.0;1.0;1.0;1.0;0.0;2022
Brodowski;2;;;;;;;;;;;;;;;;2022
Brotas;2;37.0;671.0;0.0;361.0;0.0;0.0;3.0;341.0;315.0;12.0;0.0;0.0;1.0;1.0;0.0;2022
Brotas;2;41.0;667.0;0.0;176.0;0.0;0.0;3.0;168.0;421.0;75.0;0.0;1.0;1.0;1.0;0.0;2022
Buri;2;50.0;1025.0;0.0;0.0;0.0;0.0;0.0;19.0;884.0;122.0;0.0;1.0;1.0;1.0;1.0;2022
Buri;2;;;;;;;;;;;;;;;;2022
Buritama;2;49.0;735.0;0.0;394.0;0.0;0.0;7.0;384.0;288.0;56.0;0.0;0.0;1.0;1.0;1.0;2022
Buritama;2;35.0;676.0;0.0;415.0;0.0;0.0;13.0;403.0;254.0;6.0;0.0;1.0;1.0;1.0;1.0;2022
Buritizal;2;11.0;88.0;0.0;0.0;0.0;0.0;0.0;0.0;81.0;7.0;0.0;1.0;1.0;1.0;0.0;2022
Cabrália Paulista;2;30.0;378.0;0.0;222.0;0.0;0.0;1.0;207.0;146.0;24.0;0.0;1.0;1.0;1.0;1.0;2022
Cabrália Paulista;2;41.0;537.0;0.0;0.0;0.0;0.0;0.0;5.0;390.0;142.0;1.0;1.0;1.0;1.0;1.0;2022
Cabreúva;2;34.0;646.0;0.0;391.0;0.0;0.0;1.0;362.0;267.0;16.0;0.0;1.0;1.0;1.0;0.0;2022
Cabreúva;2;44.0;827.0;0.0;492.0;0.0;0.0;0.0;450.0;336.0;41.0;0.0;1.0;1.0;1.0;0.0;2022
Cabreúva;2;46.0;751.0;0.0;476.0;0.0;0.0;1.0;443.0;260.0;47.0;0.0;1.0;1.0;1.0;0.0;2022
Cabreúva;2;28.0;442.0;0.0;263.0;0.0;0.0;0.0;241.0;172.0;29.0;0.0;1.0;1.0;0.0;0.0;2022
Cabreúva;2;52.0;1166.0;0.0;644.0;0.0;0.0;0.0;570.0;554.0;42.0;0.0;1.0;1.0;1.0;0.0;2022
Cabreúva;2;53.0;1273.0;0.0;652.0;0.0;0.0;2.0;591.0;518.0;162.0;0.0;1.0;1.0;1.0;0.0;2022
Caçapava;2;16.0;180.0;0.0;127.0;0.0;0.0;0.0;124.0;52.0;4.0;0.0;1.0;1.0;1.0;1.0;2022
Caçapava;2;31.0;502.0;0.0;302.0;0.0;0.0;5.0;281.0;204.0;12.0;0.0;1.0;1.0;1.0;1.0;2022
Caçapava;2;32.0;475.0;0.0;227.0;0.0;0.0;3.0;219.0;94.0;159.0;0.0;1.0;1.0;1.0;0.0;2022
Caçapava;2;46.0;646.0;0.0;0.0;0.0;0.0;0.0;11.0;399.0;236.0;1.0;1.0;1.0;1.0;0.0;2022
Caçapava;2;28.0;391.0;0.0;250.0;0.0;0.0;2.0;236.0;135.0;18.0;0.0;0.0;1.0;1.0;1.0;2022
Caçapava;2;57.0;1164.0;0.0;306.0;0.0;0.0;8.0;292.0;774.0;90.0;0.0;1.0;1.0;1.0;0.0;2022
Caçapava;2;32.0;419.0;0.0;261.0;0.0;0.0;9.0;225.0;155.0;30.0;0.0;1.0;1.0;0.0;1.0;2022
Caçapava;2;37.0;418.0;0.0;246.0;0.0;0.0;5.0;222.0;164.0;27.0;0.0;0.0;1.0;1.0;1.0;2022
Caçapava;2;19.0;379.0;0.0;0.0;0.0;0.0;0.0;10.0;343.0;26.0;0.0;1.0;1.0;1.0;1.0;2022
Caçapava;2;45.0;553.0;0.0;297.0;0.0;0.0;9.0;271.0;237.0;36.0;0.0;1.0;1.0;1.0;1.0;2022
Caçapava;2;47.0;678.0;0.0;309.0;0.0;0.0;5.0;286.0;341.0;46.0;0.0;1.0;1.0;1.0;0.0;2022
Caçapava;2;48.0;807.0;0.0;426.0;0.0;0.0;2.0;398.0;355.0;52.0;0.0;0.0;1.0;1.0;0.0;2022
Caçapava;2;24.0;359.0;0.0;235.0;0.0;0.0;2.0;219.0;125.0;13.0;0.0;1.0;1.0;1.0;0.0;2022
Caçapava;2;;;;;;;;;;;0.0;0.0;1.0;0.0;0.0;2022
Cachoeira Paulista;2;;;;;;;;;;;;;;;;2022
Cachoeira Paulista;2;28.0;290.0;0.0;137.0;0.0;0.0;1.0;123.0;86.0;80.0;0.0;0.0;1.0;1.0;1.0;2022
Cachoeira Paulista;2;;;;;;;;;;;;;;;;2022
Cachoeira Paulista;2;14.0;216.0;0.0;216.0;0.0;0.0;6.0;198.0;12.0;0.0;0.0;1.0;1.0;1.0;1.0;2022
Cachoeira Paulista;2;25.0;267.0;0.0;158.0;0.0;0.0;2.0;141.0;107.0;17.0;0.0;1.0;1.0;1.0;1.0;2022
Cachoeira Paulista;2;31.0;332.0;0.0;188.0;0.0;0.0;1.0;159.0;108.0;64.0;0.0;0.0;1.0;1.0;1.0;2022
Cachoeira Paulista;2;14.0;216.0;0.0;144.0;0.0;0.0;2.0;120.0;84.0;10.0;0.0;0.0;1.0;1.0;0.0;2022
Cachoeira Paulista;2;16.0;192.0;0.0;67.0;0.0;0.0;0.0;71.0;108.0;13.0;0.0;1.0;1.0;1.0;0.0;2022
Cachoeira Paulista;2;;;;;;;;;;;;;;;;2022
Cachoeira Paulista;2;;;;;;;;;;;;;;;;2022
Cachoeira Paulista;2;;;;;;;;;;;;;;;;2022
Cachoeira Paulista;2;;;;;;;;;;;;;;;;2022
Cachoeira Paulista;2;;;;;;;;;;;;;;;;2022
Cachoeira Paulista;2;;;;;;;;;;;;;;;;2022
Cachoeira Paulista;2;;;;;;;;;;;;;;;;2022
Cachoeira Paulista;2;;;;;;;;;;;;;;;;2022
Cachoeira Paulista;2;46.0;525.0;0.0;0.0;0.0;0.0;0.0;7.0;286.0;232.0;0.0;1.0;1.0;1.0;1.0;2022
Cachoeira Paulista;2;;;;;;;;;;;;;;;;2022
Cachoeira Paulista;2;15.0;64.0;0.0;27.0;0.0;0.0;0.0;25.0;33.0;6.0;0.0;1.0;1.0;0.0;1.0;2022
Cachoeira Paulista;2;22.0;151.0;0.0;88.0;0.0;0.0;4.0;73.0;66.0;8.0;0.0;1.0;1.0;1.0;1.0;2022
Caconde;2;27.0;288.0;87.0;94.0;0.0;1.0;85.0;88.0;77.0;37.0;0.0;1.0;1.0;1.0;1.0;2022
Caconde;2;;;;;;;;;;;;;;;;2022
Caconde;2;35.0;694.0;0.0;432.0;0.0;0.0;7.0;404.0;276.0;7.0;0.0;1.0;1.0;1.0;1.0;2022
Caconde;2;28.0;438.0;0.0;244.0;0.0;0.0;0.0;219.0;203.0;16.0;0.0;1.0;1.0;1.0;1.0;2022
Cafelândia;2;;;;;;;;;;;;;;;;2022
Cafelândia;2;19.0;177.0;56.0;64.0;0.0;0.0;56.0;57.0;62.0;2.0;0.0;1.0;1.0;0.0;0.0;2022
Cafelândia;2;25.0;190.0;78.0;61.0;0.0;1.0;77.0;61.0;50.0;1.0;0.0;0.0;1.0;1.0;0.0;2022
Cafelândia;2;17.0;327.0;0.0;327.0;0.0;0.0;4.0;308.0;15.0;0.0;0.0;1.0;1.0;1.0;0.0;2022
Cafelândia;2;53.0;640.0;0.0;0.0;0.0;0.0;0.0;9.0;453.0;178.0;1.0;1.0;1.0;1.0;1.0;2022
Cafelândia;2;46.0;696.0;0.0;339.0;0.0;0.0;6.0;307.0;292.0;91.0;0.0;0.0;1.0;1.0;1.0;2022
Cafelândia;2;;;;;;;;;;;;;;;;2022
Caiabu;2;30.0;272.0;0.0;170.0;0.0;0.0;2.0;167.0;88.0;15.0;0.0;1.0;1.0;1.0;0.0;2022
Caieiras;2;64.0;1297.0;0.0;491.0;0.0;0.0;4.0;475.0;775.0;43.0;0.0;1.0;1.0;1.0;1.0;2022
Caieiras;2;15.0;273.0;0.0;273.0;0.0;0.0;2.0;267.0;4.0;0.0;0.0;1.0;1.0;1.0;1.0;2022
Caieiras;2;32.0;482.0;0.0;240.0;0.0;0.0;3.0;227.0;235.0;17.0;0.0;1.0;1.0;1.0;0.0;2022
Caieiras;2;33.0;607.0;0.0;389.0;0.0;0.0;4.0;375.0;223.0;5.0;0.0;1.0;1.0;1.0;0.0;2022
Caieiras;2;;;;;;;;;;;;;;;;2022
Caieiras;2;38.0;759.0;0.0;297.0;0.0;0.0;7.0;296.0;443.0;13.0;0.0;0.0;1.0;1.0;0.0;2022
Caieiras;2;12.0;238.0;0.0;0.0;0.0;0.0;0.0;14.0;215.0;9.0;0.0;0.0;1.0;1.0;1.0;2022
Caieiras;2;44.0;683.0;0.0;424.0;0.0;0.0;10.0;408.0;6.0;259.0;0.0;1.0;1.0;0.0;0.0;2022
Caieiras;2;33.0;394.0;277.0;117.0;0.0;0.0;277.0;116.0;1.0;0.0;0.0;1.0;1.0;1.0;0.0;2022
Caieiras;2;37.0;679.0;0.0;265.0;0.0;0.0;6.0;258.0;402.0;13.0;0.0;1.0;1.0;0.0;1.0;2022
Caieiras;2;;;;;;;;;;;0.0;0.0;1.0;0.0;1.0;2022
Caieiras;2;32.0;380.0;0.0;0.0;0.0;0.0;0.0;3.0;272.0;105.0;0.0;1.0;1.0;0.0;1.0;2022
Caieiras;2;81.0;1867.0;0.0;887.0;0.0;0.0;13.0;853.0;944.0;57.0;0.0;1.0;1.0;1.0;1.0;2022
Caieiras;2;15.0;286.0;0.0;286.0;0.0;0.0;3.0;280.0;3.0;0.0;0.0;1.0;1.0;1.0;0.0;2022
Caieiras;2;;;;;;;;;;;;;;;;2022
Caieiras;2;34.0;579.0;0.0;383.0;0.0;0.0;8.0;368.0;199.0;4.0;0.0;1.0;1.0;1.0;0.0;2022
Caieiras;2;25.0;317.0;0.0;153.0;0.0;0.0;8.0;143.0;158.0;8.0;0.0;1.0;1.0;1.0;1.0;2022
Caieiras;2;32.0;621.0;0.0;382.0;0.0;0.0;3.0;373.0;238.0;7.0;0.0;0.0;1.0;1.0;1.0;2022
Caiuá;2;8.0;111.0;0.0;0.0;0.0;0.0;0.0;0.0;0.0;111.0;0.0;0.0;1.0;0.0;0.0;2022
Caiuá;2;28.0;159.0;0.0;91.0;0.0;0.0;4.0;77.0;69.0;9.0;0.0;1.0;1.0;1.0;0.0;2022
Caiuá;2;17.0;169.0;0.0;115.0;0.0;0.0;0.0;104.0;61.0;4.0;0.0;1.0;1.0;1.0;1.0;2022
Cajamar;2;51.0;827.0;0.0;218.0;0.0;0.0;0.0;216.0;560.0;51.0;0.0;1.0;1.0;1.0;1.0;2022
Cajamar;2;29.0;468.0;0.0;0.0;0.0;0.0;0.0;14.0;449.0;5.0;0.0;1.0;1.0;1.0;0.0;2022
Cajamar;2;22.0;402.0;0.0;0.0;0.0;0.0;0.0;9.0;375.0;18.0;0.0;0.0;1.0;1.0;0.0;2022
Cajamar;2;46.0;1295.0;0.0;0.0;0.0;0.0;0.0;20.0;1127.0;148.0;0.0;1.0;1.0;1.0;0.0;2022
Cajamar;2;;;;;;;;;;;;;;;;2022
Cajamar;2;35.0;422.0;0.0;0.0;0.0;0.0;0.0;3.0;318.0;101.0;1.0;1.0;1.0;1.0;1.0;2022
Cajamar;2;;;;;;;;;;;0.0;0.0;1.0;0.0;0.0;2022
Cajamar;2;40.0;924.0;0.0;0.0;0.0;0.0;0.0;22.0;819.0;83.0;0.0;1.0;1.0;1.0;1.0;2022
Cajamar;2;;;;;;;;;;;;;;;;2022
Cajati;2;37.0;640.0;0.0;451.0;0.0;0.0;6.0;429.0;200.0;5.0;0.0;1.0;1.0;1.0;1.0;2022
Cajati;2;61.0;1072.0;0.0;568.0;0.0;0.0;8.0;533.0;363.0;168.0;0.0;1.0;1.0;1.0;0.0;2022
Cajati;2;46.0;650.0;0.0;439.0;0.0;0.0;6.0;409.0;231.0;4.0;0.0;1.0;1.0;1.0;1.0;2022
Cajati;2;18.0;206.0;0.0;134.0;0.0;0.0;1.0;122.0;78.0;5.0;0.0;1.0;1.0;1.0;0.0;2022
Cajati;2;17.0;206.0;0.0;136.0;0.0;0.0;0.0;126.0;77.0;3.0;0.0;1.0;1.0;1.0;0.0;2022
Cajobi;2;19.0;226.0;0.0;0.0;0.0;0.0;0.0;6.0;194.0;26.0;0.0;1.0;1.0;1.0;1.0;2022
Cajuru;2;41.0;842.0;0.0;395.0;0.0;0.0;9.0;380.0;425.0;28.0;0.0;1.0;1.0;1.0;1.0;2022
Cajuru;2;35.0;499.0;0.0;275.0;0.0;0.0;2.0;251.0;227.0;19.0;0.0;1.0;1.0;1.0;1.0;2022
Cajuru;2;33.0;622.0;0.0;269.0;0.0;0.0;6.0;256.0;300.0;60.0;0.0;1.0;1.0;1.0;1.0;2022
Cajuru;2;;;;;;;;;;;;;;;;2022
Campina do Monte Alegre;2;33.0;308.0;0.0;0.0;0.0;0.0;0.0;6.0;249.0;53.0;0.0;1.0;1.0;1.0;0.0;2022
Campinas;2;10.0;24.0;0.0;0.0;24.0;0.0;0.0;0.0;0.0;0.0;0.0;0.0;0.0;0.0;1.0;2022
Campinas;2;35.0;169.0;0.0;0.0;81.0;81.0;7.0;0.0;0.0;0.0;0.0;0.0;1.0;0.0;1.0;2022
Campinas;2;29.0;103.0;0.0;0.0;67.0;33.0;3.0;0.0;0.0;0.0;1.0;0.0;1.0;0.0;1.0;2022
Campinas;2;;;;;;;;;;;;;;;;2022
Campinas;2;27.0;391.0;0.0;296.0;0.0;0.0;2.0;271.0;114.0;4.0;0.0;1.0;1.0;1.0;1.0;2022
Campinas;2;27.0;467.0;467.0;0.0;0.0;0.0;451.0;16.0;0.0;0.0;0.0;1.0;1.0;1.0;1.0;2022
Campinas;2;21.0;314.0;314.0;0.0;0.0;0.0;302.0;12.0;0.0;0.0;0.0;1.0;1.0;1.0;1.0;2022
Campinas;2;28.0;335.0;104.0;136.0;0.0;0.0;100.0;131.0;99.0;5.0;0.0;1.0;1.0;1.0;0.0;2022
Campinas;2;25.0;278.0;0.0;211.0;0.0;0.0;1.0;194.0;76.0;7.0;0.0;1.0;1.0;0.0;0.0;2022
Campinas;2;18.0;260.0;0.0;149.0;0.0;0.0;0.0;142.0;113.0;5.0;0.0;1.0;1.0;1.0;0.0;2022
Campinas;2;29.0;523.0;523.0;0.0;0.0;0.0;504.0;19.0;0.0;0.0;1.0;1.0;1.0;1.0;0.0;2022
Campinas;2;41.0;637.0;246.0;222.0;0.0;0.0;227.0;216.0;176.0;18.0;0.0;1.0;1.0;1.0;1.0;2022
Campinas;2;22.0;362.0;201.0;161.0;0.0;0.0;195.0;155.0;12.0;0.0;0.0;1.0;1.0;1.0;0.0;2022
Campinas;2;28.0;464.0;0.0;183.0;0.0;0.0;0.0;165.0;263.0;36.0;0.0;1.0;1.0;1.0;1.0;2022
Campinas;2;47.0;608.0;0.0;294.0;0.0;0.0;1.0;264.0;295.0;48.0;0.0;1.0;1.0;1.0;1.0;2022
Campinas;2;52.0;664.0;0.0;332.0;0.0;0.0;2.0;317.0;326.0;19.0;0.0;1.0;1.0;1.0;1.0;2022
Campinas;2;34.0;565.0;0.0;233.0;0.0;0.0;3.0;210.0;321.0;31.0;0.0;1.0;1.0;1.0;1.0;2022
Campinas;2;29.0;503.0;0.0;487.0;0.0;0.0;1.0;468.0;33.0;1.0;0.0;1.0;1.0;1.0;1.0;2022
Campinas;2;26.0;377.0;0.0;212.0;0.0;0.0;1.0;202.0;161.0;13.0;0.0;1.0;1.0;1.0;1.0;2022
Campinas;2;56.0;642.0;142.0;228.0;0.0;2.0;131.0;215.0;215.0;79.0;0.0;1.0;1.0;1.0;1.0;2022
Campinas;2;23.0;354.0;0.0;189.0;0.0;0.0;1.0;182.0;161.0;10.0;0.0;1.0;1.0;1.0;1.0;2022
Campinas;2;20.0;290.0;0.0;0.0;0.0;0.0;0.0;2.0;268.0;20.0;0.0;1.0;1.0;1.0;0.0;2022
Campinas;2;103.0;1236.0;273.0;310.0;0.0;0.0;261.0;279.0;541.0;155.0;0.0;1.0;1.0;1.0;1.0;2022
Campinas;2;39.0;831.0;0.0;379.0;0.0;0.0;0.0;356.0;439.0;36.0;0.0;0.0;1.0;1.0;0.0;2022
Campinas;2;22.0;480.0;0.0;0.0;0.0;0.0;0.0;1.0;445.0;34.0;0.0;1.0;1.0;1.0;0.0;2022
Campinas;2;32.0;487.0;0.0;487.0;0.0;0.0;2.0;455.0;30.0;0.0;0.0;1.0;1.0;1.0;1.0;2022
Campinas;2;18.0;422.0;422.0;0.0;0.0;0.0;407.0;15.0;0.0;0.0;0.0;1.0;1.0;1.0;0.0;2022
Campinas;2;18.0;293.0;0.0;216.0;0.0;0.0;0.0;206.0;84.0;3.0;0.0;1.0;1.0;1.0;1.0;2022
Campinas;2;111.0;1323.0;0.0;0.0;0.0;0.0;0.0;6.0;683.0;634.0;1.0;1.0;1.0;1.0;1.0;2022
Campinas;2;25.0;386.0;386.0;0.0;0.0;0.0;375.0;11.0;0.0;0.0;0.0;1.0;1.0;1.0;1.0;2022
Campinas;2;41.0;520.0;160.0;135.0;0.0;0.0;155.0;122.0;222.0;21.0;0.0;1.0;1.0;1.0;0.0;2022
Campinas;2;15.0;283.0;0.0;283.0;0.0;0.0;0.0;277.0;6.0;0.0;0.0;1.0;1.0;1.0;0.0;2022
Campinas;2;29.0;475.0;475.0;0.0;0.0;0.0;459.0;16.0;0.0;0.0;0.0;1.0;1.0;1.0;1.0;2022
Campinas;2;24.0;362.0;0.0;255.0;0.0;0.0;0.0;245.0;113.0;4.0;1.0;1.0;1.0;1.0;1.0;2022
Campinas;2;26.0;447.0;447.0;0.0;0.0;0.0;429.0;18.0;0.0;0.0;0.0;1.0;1.0;0.0;1.0;2022
Campinas;2;38.0;550.0;0.0;234.0;0.0;0.0;0.0;222.0;301.0;27.0;1.0;1.0;1.0;1.0;1.0;2022
Campinas;2;40.0;1100.0;315.0;340.0;0.0;0.0;307.0;333.0;413.0;47.0;1.0;1.0;1.0;1.0;1.0;2022
Campinas;2;21.0;413.0;413.0;0.0;0.0;0.0;399.0;14.0;0.0;0.0;0.0;1.0;1.0;1.0;0.0;2022
Campinas;2;33.0;423.0;0.0;181.0;0.0;0.0;2.0;174.0;213.0;34.0;0.0;1.0;1.0;1.0;0.0;2022
Campinas;2;41.0;678.0;213.0;229.0;0.0;0.0;203.0;212.0;223.0;40.0;0.0;1.0;1.0;1.0;1.0;2022
Campinas;2;15.0;304.0;304.0;0.0;0.0;1.0;293.0;10.0;0.0;0.0;0.0;0.0;1.0;1.0;0.0;2022
Campinas;2;16.0;226.0;226.0;0.0;0.0;0.0;213.0;13.0;0.0;0.0;0.0;1.0;1.0;1.0;0.0;2022
Campinas;2;14.0;273.0;0.0;0.0;0.0;0.0;0.0;2.0;256.0;15.0;0.0;1.0;1.0;1.0;0.0;2022
Campinas;2;82.0;953.0;0.0;203.0;0.0;0.0;1.0;190.0;643.0;119.0;0.0;1.0;1.0;1.0;1.0;2022
Campinas;2;22.0;230.0;230.0;0.0;0.0;0.0;218.0;12.0;0.0;0.0;0.0;1.0;1.0;1.0;1.0;2022
Campinas;2;32.0;385.0;0.0;206.0;0.0;0.0;0.0;188.0;171.0;26.0;1.0;1.0;1.0;1.0;0.0;2022
Campinas;2;34.0;708.0;708.0;0.0;0.0;0.0;671.0;37.0;0.0;0.0;0.0;1.0;1.0;1.0;1.0;2022
Campinas;2;16.0;299.0;299.0;0.0;0.0;0.0;285.0;14.0;0.0;0.0;0.0;1.0;1.0;1.0;0.0;2022
Campinas;2;63.0;853.0;235.0;227.0;0.0;0.0;224.0;201.0;296.0;132.0;0.0;1.0;1.0;1.0;1.0;2022
Campinas;2;28.0;549.0;549.0;0.0;0.0;0.0;531.0;18.0;0.0;0.0;0.0;1.0;1.0;1.0;0.0;2022
Campinas;2;50.0;678.0;238.0;240.0;0.0;0.0;230.0;235.0;183.0;30.0;0.0;1.0;1.0;1.0;1.0;2022
Campinas;2;23.0;449.0;449.0;0.0;0.0;0.0;430.0;19.0;0.0;0.0;0.0;1.0;1.0;1.0;0.0;2022
Campinas;2;16.0;303.0;0.0;151.0;0.0;0.0;1.0;140.0;158.0;4.0;0.0;1.0;1.0;1.0;0.0;2022
Campinas;2;24.0;537.0;0.0;537.0;0.0;0.0;3.0;508.0;26.0;0.0;0.0;1.0;1.0;1.0;1.0;2022
Campinas;2;24.0;406.0;0.0;251.0;0.0;0.0;1.0;235.0;154.0;16.0;0.0;1.0;1.0;1.0;0.0;2022
Campinas;2;90.0;1872.0;0.0;550.0;0.0;0.0;3.0;485.0;1182.0;202.0;1.0;1.0;1.0;1.0;1.0;2022
Campinas;2;40.0;605.0;0.0;290.0;0.0;0.0;0.0;278.0;305.0;22.0;0.0;1.0;1.0;1.0;0.0;2022
Campinas;2;66.0;1073.0;323.0;300.0;0.0;0.0;311.0;285.0;318.0;159.0;0.0;1.0;1.0;1.0;0.0;2022
Campinas;2;22.0;408.0;408.0;0.0;0.0;0.0;386.0;22.0;0.0;0.0;0.0;0.0;1.0;1.0;1.0;2022
Campinas;2;18.0;334.0;334.0;0.0;0.0;0.0;319.0;15.0;0.0;0.0;0.0;1.0;1.0;1.0;0.0;2022
Campinas;2;55.0;513.0;0.0;280.0;0.0;0.0;1.0;255.0;213.0;44.0;0.0;1.0;1.0;1.0;0.0;2022
Campinas;2;27.0;235.0;0.0;51.0;0.0;0.0;0.0;48.0;171.0;16.0;0.0;1.0;1.0;1.0;1.0;2022
Campinas;2;23.0;428.0;0.0;0.0;0.0;0.0;0.0;8.0;400.0;20.0;0.0;1.0;1.0;1.0;0.0;2022
Campinas;2;20.0;292.0;0.0;219.0;0.0;0.0;1.0;206.0;77.0;8.0;0.0;1.0;1.0;1.0;0.0;2022
Campinas;2;39.0;590.0;245.0;248.0;0.0;0.0;235.0;242.0;100.0;13.0;0.0;1.0;1.0;1.0;1.0;2022
Campinas;2;25.0;411.0;0.0;287.0;0.0;0.0;1.0;269.0;136.0;5.0;0.0;0.0;1.0;1.0;1.0;2022
Campinas;2;16.0;354.0;354.0;0.0;0.0;0.0;347.0;7.0;0.0;0.0;0.0;1.0;1.0;1.0;0.0;2022
Campinas;2;10.0;144.0;144.0;0.0;0.0;0.0;144.0;0.0;0.0;0.0;1.0;1.0;1.0;1.0;1.0;2022
Campinas;2;50.0;464.0;0.0;284.0;0.0;0.0;0.0;251.0;189.0;24.0;0.0;0.0;1.0;1.0;0.0;2022
Campinas;2;21.0;295.0;295.0;0.0;0.0;0.0;290.0;5.0;0.0;0.0;0.0;1.0;1.0;1.0;0.0;2022
Campinas;2;19.0;373.0;0.0;373.0;0.0;0.0;1.0;347.0;25.0;0.0;0.0;1.0;1.0;1.0;0.0;2022
Campinas;2;75.0;1522.0;807.0;420.0;0.0;0.0;766.0;424.0;297.0;35.0;0.0;0.0;1.0;1.0;1.0;2022
Campinas;2;61.0;1473.0;0.0;614.0;0.0;0.0;1.0;584.0;789.0;99.0;1.0;1.0;1.0;1.0;1.0;2022
Campinas;2;17.0;250.0;250.0;0.0;0.0;0.0;238.0;12.0;0.0;0.0;0.0;1.0;1.0;1.0;0.0;2022
Campinas;2;39.0;564.0;195.0;210.0;0.0;0.0;186.0;208.0;149.0;21.0;0.0;1.0;1.0;1.0;1.0;2022
Campinas;2;15.0;180.0;180.0;0.0;0.0;0.0;172.0;8.0;0.0;0.0;0.0;1.0;1.0;1.0;0.0;2022
Campinas;2;22.0;425.0;0.0;226.0;0.0;0.0;0.0;215.0;199.0;11.0;1.0;1.0;1.0;1.0;1.0;2022
Campinas;2;13.0;268.0;268.0;0.0;0.0;0.0;257.0;11.0;0.0;0.0;0.0;1.0;1.0;1.0;1.0;2022
Campinas;2;19.0;242.0;0.0;191.0;0.0;0.0;1.0;185.0;56.0;0.0;0.0;1.0;1.0;1.0;0.0;2022
Campinas;2;34.0;671.0;671.0;0.0;0.0;0.0;641.0;30.0;0.0;0.0;1.0;1.0;1.0;1.0;1.0;2022
Campinas;2;18.0;258.0;258.0;0.0;0.0;0.0;247.0;11.0;0.0;0.0;0.0;0.0;1.0;1.0;1.0;2022
Campinas;2;46.0;524.0;0.0;213.0;0.0;0.0;1.0;199.0;235.0;89.0;0.0;1.0;1.0;1.0;0.0;2022
Campinas;2;37.0;467.0;0.0;245.0;0.0;0.0;2.0;224.0;218.0;23.0;0.0;1.0;1.0;1.0;0.0;2022
Campinas;2;60.0;1105.0;227.0;492.0;0.0;0.0;204.0;485.0;366.0;50.0;0.0;1.0;1.0;1.0;0.0;2022
Campinas;2;26.0;365.0;0.0;222.0;0.0;0.0;0.0;212.0;149.0;4.0;0.0;1.0;1.0;1.0;0.0;2022
Campinas;2;22.0;457.0;457.0;0.0;0.0;0.0;437.0;20.0;0.0;0.0;0.0;0.0;1.0;1.0;0.0;2022
Campinas;2;59.0;1406.0;0.0;420.0;0.0;0.0;0.0;397.0;814.0;195.0;1.0;1.0;1.0;1.0;1.0;2022
Campinas;2;59.0;1157.0;0.0;0.0;0.0;0.0;0.0;9.0;826.0;322.0;1.0;0.0;1.0;0.0;1.0;2022
Campinas;2;46.0;1550.0;0.0;0.0;0.0;0.0;0.0;11.0;649.0;890.0;1.0;1.0;1.0;1.0;1.0;2022
Campinas;2;69.0;1925.0;494.0;544.0;0.0;0.0;472.0;509.0;849.0;95.0;0.0;1.0;1.0;1.0;1.0;2022
Campinas;2;47.0;923.0;0.0;335.0;0.0;0.0;0.0;287.0;498.0;138.0;0.0;1.0;1.0;1.0;0.0;2022
Campinas;2;31.0;706.0;706.0;0.0;0.0;0.0;679.0;27.0;0.0;0.0;0.0;0.0;1.0;1.0;1.0;2022
Campinas;2;86.0;1399.0;335.0;489.0;0.0;0.0;317.0;460.0;457.0;165.0;1.0;1.0;1.0;1.0;1.0;2022
Campinas;2;21.0;471.0;471.0;0.0;0.0;0.0;454.0;17.0;0.0;0.0;0.0;0.0;1.0;1.0;1.0;2022
Campinas;2;35.0;356.0;356.0;0.0;0.0;0.0;339.0;17.0;0.0;0.0;0.0;1.0;1.0;1.0;0.0;2022
Campinas;2;14.0;289.0;289.0;0.0;0.0;0.0;282.0;7.0;0.0;0.0;0.0;1.0;1.0;1.0;1.0;2022
Campinas;2;10.0;102.0;102.0;0.0;0.0;0.0;96.0;6.0;0.0;0.0;0.0;1.0;1.0;0.0;0.0;2022
Campinas;2;96.0;2184.0;689.0;608.0;0.0;0.0;665.0;584.0;830.0;105.0;0.0;1.0;1.0;1.0;1.0;2022
Campinas;2;34.0;483.0;483.0;0.0;0.0;0.0;464.0;19.0;0.0;0.0;0.0;1.0;1.0;1.0;1.0;2022
Campinas;2;24.0;404.0;404.0;0.0;0.0;1.0;383.0;20.0;0.0;0.0;0.0;1.0;1.0;1.0;1.0;2022
Campinas;2;25.0;404.0;0.0;285.0;0.0;0.0;0.0;267.0;131.0;6.0;0.0;1.0;1.0;1.0;1.0;2022
Campinas;2;35.0;780.0;0.0;344.0;0.0;0.0;1.0;317.0;407.0;55.0;0.0;1.0;1.0;1.0;1.0;2022
Campinas;2;28.0;513.0;513.0;0.0;0.0;0.0;494.0;19.0;0.0;0.0;0.0;1.0;1.0;1.0;1.0;2022
Campinas;2;20.0;536.0;0.0;0.0;0.0;0.0;0.0;2.0;453.0;81.0;0.0;0.0;1.0;1.0;1.0;2022
Campinas;2;38.0;913.0;278.0;316.0;0.0;0.0;261.0;295.0;333.0;24.0;0.0;1.0;1.0;1.0;1.0;2022
Campinas;2;96.0;1573.0;293.0;564.0;0.0;0.0;276.0;518.0;547.0;232.0;0.0;1.0;1.0;1.0;1.0;2022
Campinas;2;37.0;629.0;326.0;303.0;0.0;0.0;312.0;298.0;19.0;0.0;0.0;1.0;1.0;1.0;1.0;2022
Campinas;2;13.0;41.0;1.0;18.0;0.0;0.0;0.0;0.0;32.0;9.0;0.0;0.0;1.0;1.0;0.0;2022
Campinas;2;;;;;;;;;;;;;;;;2022
Campinas;2;83.0;1456.0;577.0;474.0;0.0;0.0;543.0;458.0;387.0;68.0;0.0;1.0;1.0;1.0;1.0;2022
Campinas;2;56.0;1224.0;511.0;307.0;0.0;0.0;491.0;296.0;254.0;183.0;0.0;1.0;1.0;1.0;1.0;2022
Campinas;2;;;;;;;;;;;;;;;;2022
Campinas;2;;;;;;;;;;;;;;;;2022
Campinas;2;61.0;1169.0;65.0;585.0;0.0;0.0;51.0;552.0;504.0;62.0;1.0;1.0;1.0;1.0;1.0;2022
Campinas;2;64.0;798.0;0.0;364.0;0.0;0.0;0.0;336.0;327.0;135.0;1.0;1.0;1.0;1.0;1.0;2022
Campinas;2;5.0;10.0;0.0;0.0;0.0;0.0;0.0;0.0;0.0;10.0;0.0;0.0;0.0;0.0;0.0;2022
Campinas;2;12.0;203.0;0.0;0.0;0.0;0.0;0.0;0.0;0.0;203.0;0.0;0.0;0.0;0.0;0.0;2022
Campinas;2;;;;;;;;;;;;;;;;2022
Campinas;2;;;;;;;;;;;;;;;;2022
Campinas;2;27.0;406.0;221.0;185.0;0.0;0.0;213.0;181.0;12.0;0.0;0.0;0.0;1.0;1.0;1.0;2022
Campinas;2;13.0;40.0;2.0;26.0;0.0;0.0;0.0;4.0;35.0;1.0;0.0;0.0;1.0;1.0;0.0;2022
Campinas;2;;;;;;;;;;;;;;;;2022
Campinas;2;;;;;;;;;;;;;;;;2022
Campinas;2;95.0;2193.0;974.0;399.0;0.0;0.0;964.0;331.0;778.0;120.0;0.0;1.0;1.0;1.0;1.0;2022
Campinas;2;18.0;299.0;178.0;121.0;0.0;0.0;171.0;119.0;9.0;0.0;0.0;1.0;1.0;1.0;1.0;2022
Campinas;2;;;;;;;;;;;;;;;;2022
Campinas;2;55.0;579.0;217.0;205.0;0.0;0.0;209.0;200.0;152.0;18.0;0.0;1.0;1.0;1.0;1.0;2022
Campinas;2;46.0;1047.0;581.0;466.0;0.0;0.0;545.0;461.0;41.0;0.0;0.0;1.0;1.0;1.0;1.0;2022
Campinas;2;46.0;436.0;152.0;134.0;0.0;0.0;145.0;127.0;149.0;15.0;0.0;1.0;1.0;1.0;0.0;2022
Campinas;2;50.0;734.0;0.0;423.0;0.0;0.0;0.0;393.0;317.0;24.0;0.0;1.0;1.0;1.0;1.0;2022
Campinas;2;16.0;260.0;260.0;0.0;0.0;0.0;255.0;5.0;0.0;0.0;0.0;0.0;1.0;1.0;1.0;2022
Campinas;2;40.0;699.0;0.0;540.0;0.0;0.0;0.0;509.0;183.0;7.0;1.0;1.0;1.0;1.0;1.0;2022
Campinas;2;105.0;2802.0;1114.0;1108.0;0.0;0.0;988.0;1125.0;447.0;242.0;0.0;1.0;1.0;1.0;1.0;2022
Campinas;2;48.0;1027.0;388.0;274.0;0.0;0.0;355.0;276.0;354.0;42.0;0.0;1.0;1.0;1.0;1.0;2022
Campinas;2;22.0;370.0;0.0;272.0;0.0;0.0;2.0;248.0;111.0;9.0;0.0;1.0;1.0;1.0;0.0;2022
Campinas;2;54.0;848.0;0.0;291.0;0.0;0.0;0.0;262.0;513.0;73.0;0.0;0.0;1.0;1.0;1.0;2022
Campinas;2;20.0;357.0;357.0;0.0;0.0;0.0;337.0;20.0;0.0;0.0;0.0;1.0;1.0;1.0;0.0;2022
Campinas;2;47.0;1081.0;0.0;532.0;0.0;0.0;0.0;483.0;528.0;70.0;0.0;1.0;1.0;1.0;1.0;2022
Campinas;2;12.0;243.0;243.0;0.0;0.0;0.0;231.0;12.0;0.0;0.0;0.0;1.0;1.0;0.0;0.0;2022
Campinas;2;27.0;579.0;579.0;0.0;0.0;0.0;557.0;22.0;0.0;0.0;0.0;1.0;1.0;1.0;1.0;2022
Campinas;2;20.0;266.0;133.0;133.0;0.0;0.0;125.0;135.0;6.0;0.0;0.0;1.0;1.0;1.0;1.0;2022
Campinas;2;24.0;621.0;621.0;0.0;0.0;0.0;589.0;32.0;0.0;0.0;0.0;0.0;1.0;1.0;1.0;2022
Campinas;2;36.0;834.0;834.0;0.0;0.0;1.0;775.0;58.0;0.0;0.0;0.0;1.0;1.0;1.0;1.0;2022
Campinas;2;15.0;365.0;365.0;0.0;0.0;0.0;336.0;29.0;0.0;0.0;0.0;1.0;1.0;1.0;0.0;2022
Campinas;2;79.0;1638.0;522.0;497.0;0.0;0.0;488.0;495.0;538.0;117.0;0.0;1.0;1.0;1.0;1.0;2022
Campinas;2;44.0;796.0;0.0;483.0;0.0;0.0;0.0;432.0;337.0;27.0;0.0;1.0;1.0;1.0;1.0;2022
Campinas;2;26.0;415.0;0.0;283.0;0.0;0.0;1.0;271.0;134.0;9.0;0.0;1.0;1.0;1.0;1.0;2022
Campinas;2;18.0;182.0;182.0;0.0;0.0;0.0;179.0;3.0;0.0;0.0;0.0;0.0;1.0;1.0;0.0;2022
Campinas;2;50.0;1265.0;64.0;582.0;0.0;0.0;44.0;547.0;601.0;73.0;1.0;1.0;1.0;1.0;0.0;2022
Campinas;2;45.0;657.0;264.0;210.0;0.0;1.0;245.0;205.0;168.0;38.0;0.0;0.0;1.0;1.0;1.0;2022
Campinas;2;110.0;2770.0;1076.0;893.0;0.0;0.0;1012.0;828.0;811.0;119.0;0.0;1.0;1.0;1.0;1.0;2022
Campinas;2;45.0;502.0;0.0;265.0;0.0;0.0;0.0;238.0;237.0;27.0;0.0;1.0;1.0;1.0;0.0;2022
Campinas;2;11.0;136.0;136.0;0.0;0.0;0.0;129.0;7.0;0.0;0.0;0.0;1.0;1.0;1.0;1.0;2022
Campinas;2;25.0;624.0;624.0;0.0;0.0;0.0;588.0;35.0;1.0;0.0;0.0;1.0;1.0;1.0;0.0;2022
Campinas;2;30.0;639.0;639.0;0.0;0.0;0.0;624.0;15.0;0.0;0.0;0.0;1.0;1.0;0.0;1.0;2022
Campinas;2;16.0;235.0;88.0;147.0;0.0;0.0;85.0;142.0;8.0;0.0;0.0;0.0;1.0;1.0;0.0;2022
Campinas;2;;;;;;;;;;;;;;;;2022
Campinas;2;15.0;282.0;282.0;0.0;0.0;0.0;274.0;8.0;0.0;0.0;0.0;1.0;1.0;1.0;0.0;2022
Campinas;2;40.0;544.0;160.0;149.0;0.0;0.0;149.0;150.0;207.0;38.0;0.0;1.0;1.0;1.0;0.0;2022
Campinas;2;43.0;706.0;271.0;212.0;0.0;0.0;255.0;207.0;184.0;60.0;0.0;1.0;1.0;1.0;1.0;2022
Campinas;2;23.0;350.0;193.0;157.0;0.0;0.0;183.0;158.0;9.0;0.0;0.0;1.0;1.0;1.0;1.0;2022
Campinas;2;29.0;366.0;366.0;0.0;0.0;2.0;359.0;5.0;0.0;0.0;1.0;1.0;1.0;1.0;1.0;2022
Campinas;2;62.0;1792.0;652.0;536.0;0.0;0.0;628.0;502.0;579.0;83.0;0.0;1.0;1.0;1.0;1.0;2022
Campinas;2;27.0;547.0;547.0;0.0;0.0;0.0;523.0;24.0;0.0;0.0;1.0;1.0;1.0;0.0;1.0;2022
Campinas;2;54.0;1239.0;441.0;405.0;0.0;0.0;415.0;394.0;401.0;29.0;0.0;1.0;1.0;1.0;1.0;2022
Campinas;2;41.0;564.0;250.0;250.0;0.0;0.0;239.0;238.0;86.0;1.0;0.0;0.0;1.0;1.0;0.0;2022
Campinas;2;27.0;396.0;206.0;190.0;0.0;0.0;196.0;188.0;12.0;0.0;0.0;0.0;1.0;1.0;1.0;2022
Campinas;2;14.0;263.0;263.0;0.0;0.0;0.0;255.0;8.0;0.0;0.0;0.0;0.0;1.0;1.0;0.0;2022
Campinas;2;32.0;772.0;772.0;0.0;0.0;0.0;736.0;36.0;0.0;0.0;0.0;1.0;1.0;0.0;1.0;2022
Campinas;2;46.0;1080.0;0.0;471.0;0.0;0.0;2.0;430.0;524.0;124.0;0.0;1.0;1.0;1.0;0.0;2022
Campinas;2;64.0;1191.0;0.0;546.0;0.0;0.0;1.0;503.0;501.0;186.0;0.0;1.0;1.0;1.0;1.0;2022
Campinas;2;64.0;1078.0;93.0;493.0;0.0;0.0;78.0;459.0;475.0;66.0;0.0;1.0;1.0;1.0;1.0;2022
Campinas;2;45.0;878.0;878.0;0.0;0.0;0.0;839.0;39.0;0.0;0.0;0.0;0.0;1.0;1.0;1.0;2022
Campinas;2;49.0;697.0;0.0;276.0;0.0;0.0;0.0;258.0;381.0;58.0;0.0;1.0;1.0;1.0;1.0;2022
Campinas;2;22.0;482.0;482.0;0.0;0.0;0.0;464.0;18.0;0.0;0.0;0.0;1.0;1.0;1.0;1.0;2022
Campinas;2;29.0;688.0;688.0;0.0;0.0;0.0;648.0;40.0;0.0;0.0;0.0;1.0;1.0;0.0;1.0;2022
Campinas;2;56.0;907.0;0.0;376.0;0.0;0.0;2.0;348.0;489.0;68.0;0.0;1.0;1.0;1.0;1.0;2022
Campinas;2;45.0;736.0;736.0;0.0;0.0;0.0;706.0;30.0;0.0;0.0;0.0;1.0;1.0;1.0;1.0;2022
Campinas;2;69.0;1238.0;592.0;379.0;0.0;0.0;564.0;359.0;268.0;47.0;0.0;1.0;1.0;1.0;1.0;2022
Campinas;2;49.0;989.0;312.0;333.0;0.0;0.0;298.0;324.0;313.0;54.0;0.0;1.0;1.0;1.0;1.0;2022
Campinas;2;21.0;472.0;472.0;0.0;0.0;0.0;451.0;21.0;0.0;0.0;0.0;1.0;1.0;1.0;1.0;2022
Campinas;2;8.0;568.0;0.0;0.0;0.0;0.0;0.0;0.0;0.0;568.0;0.0;0.0;1.0;0.0;0.0;2022
Campinas;2;11.0;1046.0;0.0;0.0;0.0;0.0;0.0;0.0;0.0;1046.0;0.0;0.0;1.0;0.0;0.0;2022
Campinas;2;;;;;;;;;;;;;;;;2022
Campinas;2;;;;;;;;;;;0.0;0.0;1.0;0.0;0.0;2022
Campo Limpo Paulista;2;52.0;980.0;0.0;0.0;0.0;0.0;0.0;1.0;824.0;155.0;0.0;1.0;1.0;1.0;1.0;2022
Campo Limpo Paulista;2;53.0;990.0;0.0;513.0;0.0;0.0;5.0;438.0;492.0;55.0;0.0;1.0;1.0;1.0;1.0;2022
Campo Limpo Paulista;2;29.0;505.0;0.0;263.0;0.0;0.0;3.0;238.0;247.0;17.0;0.0;1.0;1.0;1.0;0.0;2022
Campo Limpo Paulista;2;24.0;452.0;0.0;295.0;0.0;0.0;3.0;272.0;171.0;6.0;0.0;1.0;1.0;1.0;0.0;2022
Campo Limpo Paulista;2;58.0;652.0;0.0;0.0;0.0;0.0;0.0;4.0;393.0;255.0;1.0;1.0;1.0;0.0;1.0;2022
Campo Limpo Paulista;2;47.0;892.0;0.0;588.0;0.0;0.0;9.0;517.0;346.0;20.0;1.0;1.0;1.0;1.0;0.0;2022
Campo Limpo Paulista;2;37.0;743.0;0.0;453.0;0.0;0.0;10.0;401.0;319.0;13.0;0.0;1.0;1.0;1.0;0.0;2022
Campos do Jordão;2;67.0;1200.0;0.0;0.0;0.0;0.0;0.0;1.0;1010.0;189.0;0.0;1.0;1.0;1.0;0.0;2022
Campos do Jordão;2;19.0;349.0;0.0;0.0;0.0;0.0;0.0;3.0;327.0;19.0;0.0;1.0;1.0;1.0;1.0;2022
Campos do Jordão;2;;;;;;;;;;;0.0;0.0;1.0;0.0;0.0;2022
Campos Novos Paulista;2;32.0;403.0;0.0;238.0;0.0;0.0;1.0;224.0;159.0;19.0;0.0;1.0;1.0;1.0;0.0;2022
Cananéia;2;37.0;472.0;0.0;254.0;0.0;0.0;3.0;217.0;188.0;64.0;0.0;1.0;1.0;1.0;1.0;2022
Cananéia;2;18.0;202.0;0.0;120.0;0.0;0.0;2.0;110.0;84.0;6.0;0.0;1.0;1.0;1.0;0.0;2022
Cananéia;2;29.0;529.0;0.0;321.0;0.0;0.0;6.0;302.0;217.0;4.0;0.0;1.0;1.0;1.0;1.0;2022
Cananéia;2;1.0;4.0;4.0;0.0;0.0;0.0;1.0;3.0;0.0;0.0;0.0;0.0;0.0;0.0;0.0;2022
Cananéia;2;2.0;9.0;8.0;1.0;0.0;0.0;5.0;4.0;0.0;0.0;0.0;0.0;0.0;0.0;0.0;2022
Cananéia;2;4.0;30.0;14.0;16.0;0.0;0.0;12.0;13.0;5.0;0.0;0.0;0.0;0.0;0.0;0.0;2022
Cananéia;2;13.0;63.0;0.0;37.0;0.0;0.0;2.0;31.0;30.0;0.0;0.0;0.0;1.0;1.0;0.0;2022
Canas;2;20.0;259.0;0.0;0.0;0.0;0.0;0.0;1.0;115.0;143.0;0.0;1.0;1.0;1.0;0.0;2022
Cândido Mota;2;14.0;27.0;0.0;27.0;0.0;0.0;1.0;24.0;2.0;0.0;0.0;1.0;1.0;1.0;0.0;2022
Cândido Mota;2;20.0;274.0;0.0;218.0;0.0;0.0;7.0;208.0;57.0;2.0;0.0;1.0;1.0;1.0;1.0;2022
Cândido Mota;2;27.0;193.0;71.0;70.0;0.0;1.0;70.0;69.0;52.0;1.0;0.0;1.0;1.0;1.0;0.0;2022
Cândido Mota;2;38.0;645.0;0.0;0.0;0.0;0.0;0.0;9.0;504.0;132.0;1.0;1.0;1.0;1.0;1.0;2022
Cândido Mota;2;45.0;652.0;0.0;380.0;0.0;0.0;7.0;372.0;264.0;9.0;0.0;1.0;1.0;1.0;1.0;2022
Cândido Mota;2;45.0;527.0;0.0;249.0;0.0;0.0;10.0;236.0;267.0;14.0;0.0;0.0;1.0;1.0;0.0;2022
Cândido Mota;2;50.0;677.0;274.0;403.0;0.0;2.0;275.0;398.0;2.0;0.0;0.0;1.0;1.0;1.0;0.0;2022
Cândido Mota;2;14.0;190.0;190.0;0.0;0.0;1.0;188.0;1.0;0.0;0.0;0.0;0.0;1.0;1.0;0.0;2022
Cândido Rodrigues;2;19.0;94.0;0.0;0.0;0.0;0.0;0.0;2.0;78.0;14.0;0.0;1.0;1.0;1.0;0.0;2022
Canitar;2;14.0;140.0;0.0;0.0;0.0;0.0;0.0;1.0;136.0;3.0;0.0;0.0;1.0;1.0;1.0;2022
Capão Bonito;2;21.0;354.0;0.0;0.0;0.0;0.0;0.0;5.0;335.0;14.0;0.0;0.0;1.0;1.0;1.0;2022
Capão Bonito;2;70.0;1105.0;0.0;0.0;0.0;0.0;0.0;13.0;985.0;107.0;0.0;1.0;1.0;1.0;1.0;2022
Capão Bonito;2;;;;;;;;;;;;;;;;2022
Capão Bonito;2;30.0;456.0;0.0;0.0;0.0;0.0;0.0;13.0;378.0;65.0;1.0;1.0;1.0;1.0;1.0;2022
Capão Bonito;2;;;;;;;;;;;0.0;1.0;1.0;1.0;1.0;2022
Capão Bonito;2;;;;;;;;;;;;;;;;2022
Capão Bonito;2;64.0;794.0;0.0;451.0;0.0;0.0;1.0;441.0;336.0;16.0;0.0;1.0;1.0;1.0;1.0;2022
Capão Bonito;2;13.0;90.0;0.0;0.0;0.0;0.0;0.0;1.0;88.0;1.0;0.0;1.0;1.0;1.0;1.0;2022
Capela do Alto;2;46.0;853.0;0.0;0.0;0.0;0.0;0.0;17.0;763.0;73.0;0.0;1.0;1.0;1.0;0.0;2022
Capela do Alto;2;;;;;;;;;;;0.0;0.0;1.0;0.0;0.0;2022
Capela do Alto;2;10.0;116.0;0.0;0.0;0.0;0.0;0.0;0.0;0.0;116.0;0.0;0.0;0.0;0.0;0.0;2022
Capela do Alto;2;8.0;136.0;0.0;0.0;0.0;0.0;0.0;0.0;0.0;136.0;0.0;0.0;0.0;0.0;0.0;2022
Capivari;2;33.0;561.0;0.0;333.0;0.0;0.0;0.0;302.0;241.0;18.0;0.0;1.0;1.0;1.0;0.0;2022
Capivari;2;80.0;1839.0;0.0;545.0;0.0;0.0;0.0;438.0;1168.0;233.0;0.0;1.0;1.0;1.0;1.0;2022
Capivari;2;;;;;;;;;;;;;;;;2022
Capivari;2;;;;;;;;;;;;;;;;2022
Capivari;2;29.0;495.0;0.0;313.0;0.0;0.0;0.0;264.0;213.0;18.0;0.0;1.0;1.0;1.0;1.0;2022
Capivari;2;23.0;351.0;0.0;188.0;0.0;0.0;0.0;156.0;180.0;15.0;0.0;1.0;1.0;1.0;0.0;2022
Caraguatatuba;2;20.0;284.0;0.0;0.0;0.0;0.0;0.0;6.0;270.0;8.0;0.0;1.0;1.0;1.0;1.0;2022
Caraguatatuba;2;42.0;555.0;0.0;0.0;0.0;0.0;0.0;5.0;437.0;113.0;0.0;1.0;1.0;1.0;1.0;2022
Caraguatatuba;2;53.0;503.0;0.0;0.0;0.0;0.0;0.0;9.0;460.0;34.0;0.0;1.0;1.0;1.0;1.0;2022
Caraguatatuba;2;23.0;390.0;0.0;0.0;0.0;0.0;0.0;7.0;361.0;22.0;0.0;0.0;1.0;1.0;1.0;2022
Caraguatatuba;2;42.0;670.0;0.0;0.0;0.0;0.0;0.0;12.0;400.0;258.0;0.0;1.0;1.0;1.0;1.0;2022
Caraguatatuba;2;53.0;652.0;0.0;398.0;0.0;0.0;6.0;373.0;265.0;8.0;0.0;0.0;1.0;1.0;0.0;2022
Caraguatatuba;2;15.0;172.0;0.0;0.0;0.0;0.0;0.0;8.0;162.0;2.0;0.0;1.0;1.0;1.0;1.0;2022
Caraguatatuba;2;63.0;872.0;0.0;550.0;0.0;0.0;3.0;513.0;323.0;33.0;0.0;0.0;1.0;1.0;0.0;2022
Caraguatatuba;2;27.0;365.0;0.0;237.0;0.0;0.0;5.0;223.0;125.0;12.0;0.0;0.0;1.0;1.0;1.0;2022
Caraguatatuba;2;30.0;317.0;0.0;179.0;0.0;0.0;1.0;168.0;138.0;10.0;0.0;1.0;1.0;1.0;1.0;2022
Caraguatatuba;2;30.0;568.0;0.0;0.0;0.0;0.0;0.0;9.0;521.0;38.0;0.0;1.0;1.0;1.0;1.0;2022
Caraguatatuba;2;58.0;916.0;0.0;397.0;0.0;0.0;4.0;379.0;519.0;14.0;1.0;1.0;1.0;1.0;0.0;2022
Caraguatatuba;2;;;;;;;;;;;;;;;;2022
Caraguatatuba;2;7.0;23.0;0.0;9.0;0.0;0.0;0.0;0.0;17.0;6.0;0.0;0.0;1.0;0.0;0.0;2022
Caraguatatuba;2;42.0;867.0;0.0;0.0;0.0;0.0;0.0;18.0;640.0;209.0;1.0;1.0;1.0;1.0;1.0;2022
Caraguatatuba;2;7.0;102.0;0.0;0.0;0.0;0.0;0.0;0.0;0.0;102.0;0.0;0.0;1.0;0.0;0.0;2022
Caraguatatuba;2;12.0;900.0;0.0;0.0;0.0;0.0;0.0;0.0;0.0;900.0;0.0;1.0;1.0;0.0;1.0;2022
Caraguatatuba;2;76.0;1049.0;0.0;443.0;0.0;0.0;2.0;421.0;574.0;52.0;0.0;0.0;1.0;1.0;0.0;2022
Carapicuíba;2;50.0;985.0;0.0;656.0;0.0;0.0;0.0;597.0;369.0;19.0;0.0;0.0;1.0;1.0;1.0;2022
Carapicuíba;2;14.0;2395.0;0.0;0.0;0.0;0.0;0.0;0.0;1.0;2394.0;0.0;0.0;1.0;0.0;0.0;2022
Carapicuíba;2;77.0;1330.0;713.0;486.0;0.0;4.0;679.0;502.0;19.0;126.0;0.0;1.0;1.0;1.0;1.0;2022
Carapicuíba;2;50.0;926.0;926.0;0.0;0.0;5.0;883.0;38.0;0.0;0.0;0.0;0.0;1.0;1.0;1.0;2022
Carapicuíba;2;39.0;820.0;0.0;454.0;0.0;0.0;1.0;419.0;368.0;32.0;0.0;1.0;1.0;1.0;1.0;2022
Carapicuíba;2;53.0;923.0;313.0;299.0;0.0;0.0;298.0;290.0;309.0;26.0;0.0;0.0;1.0;1.0;0.0;2022
Carapicuíba;2;37.0;516.0;270.0;246.0;0.0;3.0;251.0;243.0;19.0;0.0;0.0;1.0;1.0;1.0;0.0;2022
Carapicuíba;2;53.0;1004.0;1004.0;0.0;0.0;4.0;954.0;46.0;0.0;0.0;0.0;0.0;1.0;0.0;0.0;2022
Carapicuíba;2;56.0;845.0;481.0;364.0;0.0;4.0;453.0;360.0;28.0;0.0;0.0;1.0;1.0;1.0;0.0;2022
Carapicuíba;2;29.0;583.0;583.0;0.0;0.0;4.0;556.0;23.0;0.0;0.0;0.0;1.0;1.0;0.0;1.0;2022
Carapicuíba;2;28.0;531.0;531.0;0.0;0.0;3.0;509.0;19.0;0.0;0.0;0.0;0.0;1.0;0.0;0.0;2022
Carapicuíba;2;96.0;1661.0;528.0;496.0;0.0;5.0;507.0;479.0;310.0;360.0;0.0;1.0;1.0;0.0;0.0;2022
Carapicuíba;2;71.0;1596.0;0.0;883.0;0.0;0.0;6.0;819.0;729.0;42.0;0.0;0.0;1.0;1.0;1.0;2022
Carapicuíba;2;33.0;536.0;536.0;0.0;0.0;5.0;499.0;32.0;0.0;0.0;0.0;1.0;1.0;1.0;0.0;2022
Carapicuíba;2;56.0;1199.0;0.0;261.0;0.0;0.0;0.0;253.0;909.0;37.0;0.0;1.0;1.0;1.0;1.0;2022
Carapicuíba;2;64.0;1420.0;0.0;426.0;0.0;0.0;1.0;386.0;992.0;41.0;0.0;1.0;1.0;1.0;1.0;2022
Carapicuíba;2;74.0;1366.0;381.0;408.0;0.0;5.0;367.0;403.0;563.0;28.0;0.0;1.0;1.0;1.0;1.0;2022
Carapicuíba;2;17.0;364.0;0.0;0.0;0.0;0.0;0.0;4.0;348.0;12.0;0.0;1.0;1.0;1.0;1.0;2022
Carapicuíba;2;23.0;498.0;0.0;0.0;0.0;0.0;0.0;9.0;477.0;12.0;0.0;1.0;1.0;1.0;1.0;2022
Carapicuíba;2;19.0;429.0;0.0;429.0;0.0;0.0;0.0;412.0;17.0;0.0;1.0;1.0;1.0;1.0;1.0;2022
Carapicuíba;2;50.0;1113.0;0.0;666.0;0.0;0.0;3.0;627.0;467.0;16.0;0.0;1.0;1.0;1.0;1.0;2022
Carapicuíba;2;97.0;1729.0;627.0;545.0;0.0;0.0;606.0;514.0;565.0;44.0;0.0;1.0;1.0;1.0;1.0;2022
Carapicuíba;2;27.0;556.0;556.0;0.0;0.0;2.0;528.0;26.0;0.0;0.0;0.0;1.0;1.0;0.0;1.0;2022
Carapicuíba;2;64.0;1408.0;1408.0;0.0;0.0;9.0;1346.0;52.0;1.0;0.0;0.0;1.0;1.0;1.0;0.0;2022
Carapicuíba;2;63.0;1178.0;806.0;0.0;0.0;6.0;763.0;37.0;25.0;347.0;0.0;1.0;1.0;1.0;0.0;2022
Carapicuíba;2;33.0;639.0;639.0;0.0;0.0;3.0;618.0;18.0;0.0;0.0;0.0;0.0;1.0;1.0;0.0;2022
Carapicuíba;2;42.0;902.0;0.0;584.0;0.0;0.0;1.0;546.0;350.0;5.0;0.0;1.0;1.0;1.0;1.0;2022
Carapicuíba;2;66.0;1279.0;808.0;0.0;0.0;6.0;767.0;35.0;14.0;457.0;0.0;1.0;1.0;1.0;1.0;2022
Carapicuíba;2;41.0;719.0;320.0;399.0;0.0;1.0;305.0;371.0;42.0;0.0;0.0;0.0;1.0;1.0;1.0;2022
Carapicuíba;2;96.0;2147.0;444.0;923.0;0.0;4.0;419.0;873.0;814.0;37.0;0.0;1.0;1.0;1.0;1.0;2022
Carapicuíba;2;62.0;1024.0;552.0;472.0;0.0;1.0;530.0;461.0;32.0;0.0;0.0;1.0;1.0;1.0;0.0;2022
Carapicuíba;2;21.0;412.0;0.0;412.0;0.0;0.0;1.0;386.0;25.0;0.0;0.0;1.0;1.0;1.0;0.0;2022
Carapicuíba;2;78.0;1283.0;0.0;655.0;0.0;0.0;1.0;581.0;643.0;58.0;0.0;1.0;1.0;1.0;0.0;2022
Carapicuíba;2;42.0;989.0;989.0;0.0;0.0;3.0;950.0;36.0;0.0;0.0;0.0;1.0;1.0;1.0;0.0;2022
Carapicuíba;2;60.0;1060.0;1060.0;0.0;0.0;2.0;999.0;59.0;0.0;0.0;0.0;1.0;1.0;0.0;1.0;2022
Carapicuíba;2;32.0;624.0;214.0;237.0;0.0;0.0;208.0;221.0;182.0;13.0;0.0;1.0;1.0;0.0;0.0;2022
Carapicuíba;2;69.0;1524.0;0.0;951.0;0.0;0.0;5.0;906.0;591.0;22.0;0.0;0.0;1.0;1.0;1.0;2022
Carapicuíba;2;32.0;450.0;0.0;450.0;0.0;0.0;0.0;414.0;36.0;0.0;0.0;1.0;1.0;1.0;0.0;2022
Carapicuíba;2;42.0;729.0;729.0;0.0;0.0;4.0;698.0;27.0;0.0;0.0;0.0;1.0;1.0;1.0;1.0;2022
Carapicuíba;2;102.0;2023.0;0.0;981.0;0.0;0.0;7.0;918.0;1019.0;79.0;0.0;1.0;1.0;1.0;1.0;2022
Carapicuíba;2;;;;;;;;;;;;;;;;2022
Carapicuíba;2;68.0;1077.0;0.0;0.0;0.0;0.0;0.0;5.0;753.0;319.0;1.0;1.0;1.0;0.0;0.0;2022
Carapicuíba;2;;;;;;;;;;;0.0;0.0;1.0;0.0;1.0;2022
Carapicuíba;2;44.0;734.0;734.0;0.0;0.0;2.0;695.0;37.0;0.0;0.0;0.0;1.0;1.0;1.0;1.0;2022
Carapicuíba;2;58.0;1116.0;0.0;719.0;0.0;0.0;1.0;652.0;442.0;21.0;0.0;1.0;1.0;1.0;1.0;2022
Carapicuíba;2;47.0;1020.0;0.0;607.0;0.0;0.0;4.0;569.0;427.0;20.0;0.0;1.0;1.0;1.0;1.0;2022
Carapicuíba;2;35.0;588.0;329.0;259.0;0.0;3.0;313.0;258.0;14.0;0.0;0.0;0.0;1.0;1.0;1.0;2022
Carapicuíba;2;25.0;474.0;474.0;0.0;0.0;2.0;451.0;21.0;0.0;0.0;0.0;1.0;1.0;1.0;1.0;2022
Carapicuíba;2;108.0;2426.0;0.0;1294.0;0.0;0.0;5.0;1171.0;1139.0;111.0;0.0;1.0;1.0;1.0;0.0;2022
Carapicuíba;2;87.0;1498.0;487.0;507.0;0.0;4.0;446.0;509.0;480.0;59.0;0.0;1.0;1.0;1.0;1.0;2022
Carapicuíba;2;19.0;360.0;360.0;0.0;0.0;5.0;335.0;20.0;0.0;0.0;0.0;0.0;0.0;1.0;0.0;2022
Carapicuíba;2;;;;;;;;;;;;;;;;2022
Carapicuíba;2;28.0;472.0;472.0;0.0;0.0;6.0;436.0;30.0;0.0;0.0;0.0;0.0;1.0;1.0;1.0;2022
Carapicuíba;2;112.0;2019.0;0.0;1108.0;0.0;0.0;7.0;1016.0;946.0;50.0;0.0;1.0;1.0;1.0;1.0;2022
Carapicuíba;2;55.0;1076.0;342.0;462.0;0.0;1.0;328.0;445.0;287.0;15.0;0.0;0.0;1.0;1.0;1.0;2022
Carapicuíba;2;12.0;253.0;253.0;0.0;0.0;1.0;250.0;2.0;0.0;0.0;0.0;1.0;1.0;1.0;1.0;2022
Carapicuíba;2;62.0;1119.0;0.0;700.0;0.0;0.0;3.0;648.0;432.0;36.0;0.0;1.0;1.0;1.0;1.0;2022
Carapicuíba;2;49.0;1078.0;0.0;693.0;0.0;0.0;1.0;644.0;390.0;43.0;0.0;1.0;1.0;1.0;1.0;2022
Carapicuíba;2;23.0;416.0;416.0;0.0;0.0;0.0;397.0;19.0;0.0;0.0;0.0;1.0;1.0;1.0;1.0;2022
Carapicuíba;2;39.0;759.0;0.0;543.0;0.0;0.0;1.0;484.0;257.0;17.0;0.0;0.0;1.0;1.0;0.0;2022
Cardoso;2;25.0;396.0;0.0;173.0;0.0;0.0;1.0;159.0;227.0;9.0;0.0;1.0;1.0;1.0;1.0;2022
Cardoso;2;16.0;108.0;66.0;42.0;0.0;1.0;63.0;41.0;3.0;0.0;0.0;1.0;1.0;1.0;0.0;2022
Casa Branca;2;;;;;;;;;;;;;;;;2022
Casa Branca;2;18.0;155.0;0.0;80.0;0.0;0.0;0.0;74.0;78.0;3.0;0.0;1.0;1.0;1.0;0.0;2022
Casa Branca;2;56.0;891.0;0.0;434.0;0.0;0.0;0.0;397.0;303.0;191.0;0.0;1.0;1.0;1.0;1.0;2022
Casa Branca;2;53.0;560.0;0.0;0.0;0.0;0.0;0.0;1.0;372.0;187.0;1.0;1.0;1.0;1.0;0.0;2022
Casa Branca;2;37.0;633.0;0.0;454.0;0.0;0.0;0.0;402.0;223.0;8.0;0.0;1.0;1.0;1.0;1.0;2022
Casa Branca;2;8.0;80.0;0.0;80.0;0.0;0.0;0.0;75.0;5.0;0.0;0.0;1.0;1.0;1.0;0.0;2022
Casa Branca;2;8.0;205.0;0.0;0.0;0.0;0.0;0.0;0.0;0.0;205.0;0.0;0.0;1.0;0.0;0.0;2022
Casa Branca;2;;;;;;;;;;;;;;;;2022
Casa Branca;2;;;;;;;;;;;;;;;;2022
Casa Branca;2;;;;;;;;;;;;;;;;2022
Cássia dos Coqueiros;2;13.0;112.0;0.0;0.0;0.0;0.0;0.0;2.0;103.0;7.0;0.0;1.0;1.0;1.0;0.0;2022
Castilho;2;52.0;1149.0;0.0;608.0;0.0;0.0;13.0;546.0;569.0;21.0;0.0;1.0;1.0;1.0;0.0;2022
Castilho;2;24.0;362.0;0.0;339.0;0.0;0.0;7.0;317.0;15.0;23.0;0.0;1.0;1.0;1.0;1.0;2022
Catanduva;2;17.0;222.0;0.0;0.0;0.0;0.0;0.0;6.0;208.0;8.0;0.0;1.0;1.0;1.0;1.0;2022
Catanduva;2;29.0;354.0;0.0;156.0;0.0;0.0;3.0;147.0;190.0;14.0;0.0;1.0;1.0;1.0;1.0;2022
Catanduva;2;48.0;703.0;0.0;255.0;0.0;0.0;4.0;244.0;334.0;121.0;0.0;1.0;1.0;1.0;1.0;2022
Catanduva;2;47.0;612.0;0.0;340.0;0.0;0.0;8.0;329.0;266.0;9.0;0.0;1.0;1.0;1.0;0.0;2022
Catanduva;2;15.0;265.0;0.0;265.0;0.0;0.0;4.0;246.0;14.0;1.0;0.0;0.0;1.0;1.0;0.0;2022
Catanduva;2;29.0;391.0;0.0;270.0;0.0;0.0;5.0;254.0;125.0;7.0;0.0;1.0;1.0;1.0;1.0;2022
Catanduva;2;53.0;788.0;0.0;388.0;0.0;0.0;5.0;391.0;375.0;17.0;0.0;1.0;1.0;1.0;1.0;2022
Catanduva;2;65.0;1069.0;0.0;0.0;0.0;0.0;0.0;11.0;760.0;298.0;0.0;1.0;1.0;1.0;1.0;2022
Catanduva;2;71.0;1094.0;0.0;384.0;0.0;0.0;10.0;384.0;647.0;53.0;0.0;1.0;1.0;1.0;0.0;2022
Catanduva;2;20.0;196.0;0.0;0.0;0.0;0.0;0.0;7.0;176.0;13.0;0.0;1.0;1.0;1.0;0.0;2022
Catanduva;2;59.0;715.0;0.0;469.0;0.0;0.0;7.0;446.0;176.0;86.0;0.0;0.0;1.0;1.0;0.0;2022
Catanduva;2;;;;;;;;;;;0.0;1.0;1.0;1.0;0.0;2022
Catiguá;2;43.0;584.0;0.0;323.0;0.0;0.0;4.0;308.0;219.0;53.0;0.0;1.0;1.0;1.0;0.0;2022
Cedral;2;31.0;388.0;0.0;0.0;0.0;0.0;0.0;5.0;334.0;49.0;0.0;1.0;1.0;1.0;0.0;2022
Cerqueira César;2;60.0;964.0;0.0;626.0;0.0;0.0;1.0;587.0;357.0;19.0;0.0;1.0;1.0;1.0;0.0;2022
Cerqueira César;2;33.0;244.0;0.0;0.0;0.0;0.0;0.0;0.0;142.0;102.0;1.0;1.0;1.0;1.0;1.0;2022
Cerqueira César;2;30.0;473.0;0.0;342.0;0.0;0.0;0.0;321.0;147.0;5.0;0.0;0.0;1.0;1.0;1.0;2022
Cerqueira César;2;16.0;31.0;0.0;13.0;0.0;0.0;0.0;2.0;20.0;9.0;0.0;0.0;1.0;1.0;1.0;2022
Cerqueira César;2;;;;;;;;;;;;;;;;2022
Cerqueira César;2;20.0;36.0;0.0;13.0;0.0;0.0;0.0;6.0;20.0;10.0;0.0;1.0;1.0;1.0;0.0;2022
Cerqueira César;2;18.0;29.0;0.0;13.0;0.0;0.0;0.0;2.0;22.0;5.0;0.0;0.0;1.0;0.0;1.0;2022
Cerqueira César;2;12.0;127.0;0.0;0.0;0.0;0.0;0.0;0.0;0.0;127.0;0.0;0.0;1.0;0.0;0.0;2022
Cerqueira César;2;12.0;106.0;0.0;0.0;0.0;0.0;0.0;0.0;0.0;106.0;0.0;0.0;1.0;0.0;0.0;2022
Cerquilho;2;44.0;584.0;0.0;0.0;0.0;0.0;0.0;17.0;528.0;39.0;0.0;1.0;1.0;1.0;0.0;2022
Cerquilho;2;32.0;371.0;0.0;0.0;0.0;0.0;0.0;11.0;275.0;85.0;1.0;1.0;1.0;0.0;0.0;2022
Cerquilho;2;31.0;514.0;0.0;0.0;0.0;0.0;0.0;12.0;428.0;74.0;0.0;1.0;1.0;1.0;0.0;2022
Cesário Lange;2;43.0;961.0;0.0;0.0;0.0;0.0;0.0;20.0;888.0;53.0;0.0;1.0;1.0;1.0;1.0;2022
Charqueada;2;;;;;;;;;;;;;;;;2022
Charqueada;2;16.0;245.0;0.0;164.0;0.0;0.0;1.0;150.0;90.0;4.0;0.0;0.0;1.0;1.0;0.0;2022
Charqueada;2;38.0;710.0;0.0;185.0;0.0;0.0;0.0;173.0;499.0;38.0;0.0;0.0;1.0;1.0;0.0;2022
Clementina;2;43.0;735.0;0.0;404.0;0.0;0.0;2.0;367.0;342.0;24.0;0.0;0.0;1.0;1.0;0.0;2022
Colina;2;;;;;;;;;;;;;;;;2022
Colina;2;23.0;389.0;0.0;0.0;0.0;0.0;0.0;2.0;372.0;15.0;0.0;0.0;1.0;1.0;0.0;2022
Colômbia;2;13.0;185.0;0.0;0.0;0.0;0.0;0.0;0.0;174.0;11.0;0.0;1.0;1.0;1.0;1.0;2022
Conchal;2;;;;;;;;;;;;;;;;2022
Conchal;2;51.0;863.0;0.0;289.0;0.0;0.0;7.0;259.0;491.0;106.0;0.0;0.0;1.0;1.0;0.0;2022
Conchal;2;;;;;;;;;;;;;;;;2022
Conchal;2;22.0;345.0;0.0;212.0;0.0;0.0;2.0;210.0;130.0;3.0;0.0;0.0;1.0;1.0;1.0;2022
Conchal;2;22.0;269.0;0.0;269.0;0.0;0.0;8.0;253.0;8.0;0.0;0.0;0.0;1.0;1.0;0.0;2022
Conchal;2;31.0;563.0;0.0;300.0;0.0;0.0;3.0;292.0;262.0;6.0;0.0;0.0;1.0;1.0;0.0;2022
Conchal;2;38.0;580.0;0.0;298.0;0.0;0.0;9.0;284.0;278.0;9.0;0.0;0.0;1.0;1.0;0.0;2022
Conchas;2;40.0;927.0;0.0;149.0;0.0;0.0;6.0;141.0;701.0;79.0;0.0;1.0;1.0;1.0;0.0;2022
Conchas;2;;;;;;;;;;;;;;;;2022
Cordeirópolis;2;13.0;198.0;0.0;0.0;0.0;0.0;0.0;0.0;193.0;5.0;0.0;1.0;1.0;1.0;1.0;2022
Cordeirópolis;2;54.0;1272.0;0.0;741.0;0.0;0.0;6.0;636.0;501.0;129.0;0.0;1.0;1.0;1.0;0.0;2022
Cordeirópolis;2;34.0;854.0;0.0;468.0;0.0;0.0;5.0;426.0;395.0;28.0;0.0;1.0;1.0;1.0;1.0;2022
Coroados;2;31.0;385.0;0.0;219.0;0.0;0.0;1.0;215.0;164.0;5.0;0.0;1.0;1.0;1.0;1.0;2022
Coronel Macedo;2;31.0;369.0;0.0;226.0;0.0;0.0;5.0;217.0;141.0;6.0;0.0;1.0;1.0;1.0;1.0;2022
Corumbataí;2;13.0;137.0;0.0;0.0;0.0;0.0;0.0;0.0;128.0;9.0;0.0;1.0;1.0;1.0;1.0;2022
Cosmópolis;2;23.0;351.0;0.0;0.0;0.0;0.0;0.0;8.0;320.0;23.0;0.0;1.0;1.0;1.0;0.0;2022
Cosmópolis;2;30.0;661.0;0.0;49.0;0.0;0.0;0.0;35.0;570.0;56.0;0.0;1.0;1.0;1.0;0.0;2022
Cosmópolis;2;50.0;773.0;0.0;319.0;0.0;0.0;3.0;275.0;314.0;181.0;0.0;1.0;1.0;1.0;1.0;2022
Cosmópolis;2;15.0;177.0;0.0;0.0;0.0;0.0;0.0;5.0;154.0;18.0;0.0;1.0;1.0;1.0;1.0;2022
Cosmópolis;2;14.0;218.0;0.0;0.0;0.0;0.0;0.0;3.0;202.0;13.0;0.0;1.0;1.0;1.0;1.0;2022
Cosmorama;2;26.0;353.0;0.0;154.0;0.0;0.0;2.0;127.0;206.0;18.0;0.0;0.0;1.0;1.0;0.0;2022
Cotia;2;20.0;369.0;0.0;0.0;0.0;0.0;0.0;5.0;353.0;11.0;0.0;1.0;1.0;1.0;1.0;2022
Cotia;2;12.0;246.0;0.0;246.0;0.0;0.0;5.0;230.0;11.0;0.0;0.0;0.0;1.0;1.0;1.0;2022
Cotia;2;40.0;418.0;0.0;234.0;0.0;0.0;2.0;225.0;180.0;11.0;0.0;1.0;1.0;1.0;0.0;2022
Cotia;2;31.0;458.0;0.0;215.0;0.0;0.0;1.0;199.0;249.0;9.0;0.0;1.0;1.0;1.0;1.0;2022
Cotia;2;40.0;722.0;116.0;314.0;0.0;0.0;113.0;291.0;285.0;33.0;0.0;1.0;1.0;1.0;1.0;2022
Cotia;2;70.0;1277.0;0.0;412.0;0.0;0.0;7.0;390.0;636.0;244.0;0.0;1.0;1.0;1.0;1.0;2022
Cotia;2;58.0;1463.0;0.0;608.0;0.0;0.0;12.0;583.0;809.0;59.0;0.0;1.0;1.0;1.0;0.0;2022
Cotia;2;24.0;404.0;0.0;186.0;0.0;0.0;3.0;167.0;220.0;14.0;0.0;1.0;1.0;1.0;1.0;2022
Cotia;2;72.0;1510.0;0.0;700.0;0.0;0.0;9.0;599.0;803.0;99.0;0.0;1.0;1.0;1.0;0.0;2022
Cotia;2;105.0;2446.0;0.0;987.0;0.0;0.0;17.0;912.0;1323.0;194.0;1.0;1.0;1.0;1.0;1.0;2022
Cotia;2;48.0;998.0;0.0;574.0;0.0;0.0;0.0;499.0;472.0;27.0;0.0;0.0;1.0;1.0;0.0;2022
Cotia;2;34.0;430.0;0.0;221.0;0.0;0.0;1.0;198.0;214.0;17.0;0.0;1.0;1.0;1.0;0.0;2022
Cotia;2;28.0;486.0;0.0;0.0;0.0;0.0;0.0;9.0;455.0;22.0;0.0;1.0;1.0;1.0;0.0;2022
Cotia;2;;;;;;;;;;;;;;;;2022
Cotia;2;30.0;599.0;0.0;412.0;0.0;0.0;8.0;392.0;187.0;12.0;0.0;0.0;1.0;1.0;0.0;2022
Cotia;2;26.0;450.0;0.0;450.0;0.0;0.0;8.0;422.0;20.0;0.0;0.0;0.0;1.0;1.0;0.0;2022
Cotia;2;41.0;912.0;0.0;519.0;0.0;0.0;11.0;480.0;383.0;38.0;0.0;1.0;1.0;1.0;1.0;2022
Cotia;2;17.0;246.0;0.0;246.0;0.0;0.0;3.0;230.0;13.0;0.0;0.0;1.0;1.0;1.0;0.0;2022
Cotia;2;37.0;685.0;0.0;381.0;0.0;0.0;3.0;367.0;279.0;36.0;0.0;0.0;1.0;1.0;0.0;2022
Cotia;2;26.0;496.0;0.0;496.0;0.0;0.0;14.0;446.0;36.0;0.0;0.0;1.0;1.0;1.0;0.0;2022
Cotia;2;57.0;1407.0;0.0;482.0;0.0;0.0;4.0;433.0;771.0;199.0;0.0;1.0;1.0;0.0;0.0;2022
Cotia;2;60.0;1241.0;0.0;699.0;0.0;0.0;9.0;608.0;541.0;83.0;0.0;1.0;1.0;1.0;1.0;2022
Cotia;2;37.0;603.0;0.0;0.0;0.0;0.0;0.0;8.0;467.0;128.0;1.0;1.0;1.0;0.0;0.0;2022
Cotia;2;34.0;597.0;0.0;437.0;0.0;0.0;7.0;390.0;183.0;17.0;0.0;0.0;1.0;1.0;1.0;2022
Cotia;2;82.0;2025.0;0.0;872.0;0.0;0.0;19.0;809.0;960.0;237.0;0.0;1.0;1.0;1.0;1.0;2022
Cotia;2;37.0;741.0;0.0;444.0;0.0;0.0;5.0;392.0;313.0;31.0;0.0;0.0;1.0;1.0;0.0;2022
Cotia;2;23.0;446.0;0.0;446.0;0.0;0.0;10.0;403.0;33.0;0.0;0.0;1.0;1.0;1.0;1.0;2022
Cotia;2;29.0;410.0;0.0;410.0;0.0;0.0;8.0;373.0;29.0;0.0;0.0;1.0;1.0;1.0;0.0;2022
Cotia;2;22.0;435.0;0.0;241.0;0.0;0.0;1.0;232.0;190.0;12.0;0.0;1.0;1.0;1.0;0.0;2022
Cotia;2;;;;;;;;;;;0.0;0.0;1.0;0.0;0.0;2022
Cravinhos;2;39.0;641.0;0.0;355.0;0.0;0.0;0.0;310.0;311.0;20.0;0.0;1.0;1.0;1.0;0.0;2022
Cravinhos;2;50.0;1028.0;0.0;284.0;0.0;0.0;0.0;218.0;474.0;336.0;0.0;1.0;1.0;1.0;0.0;2022
Cravinhos;2;18.0;350.0;0.0;215.0;0.0;0.0;1.0;193.0;152.0;4.0;0.0;1.0;1.0;1.0;1.0;2022
Cravinhos;2;50.0;816.0;0.0;297.0;0.0;0.0;0.0;249.0;304.0;263.0;0.0;1.0;1.0;1.0;1.0;2022
Cravinhos;2;;;;;;;;;;;;;;;;2022
Cristais Paulista;2;;;;;;;;;;;0.0;1.0;1.0;1.0;0.0;2022
Cristais Paulista;2;25.0;394.0;0.0;0.0;0.0;0.0;0.0;1.0;369.0;24.0;1.0;1.0;1.0;1.0;1.0;2022
Cruzália;2;16.0;146.0;0.0;102.0;0.0;0.0;2.0;97.0;44.0;3.0;0.0;0.0;1.0;1.0;1.0;2022
Cruzeiro;2;18.0;240.0;0.0;143.0;0.0;0.0;5.0;130.0;97.0;8.0;0.0;1.0;1.0;1.0;1.0;2022
Cruzeiro;2;15.0;176.0;0.0;38.0;0.0;0.0;1.0;39.0;125.0;11.0;0.0;1.0;1.0;1.0;1.0;2022
Cruzeiro;2;16.0;202.0;0.0;0.0;0.0;0.0;0.0;8.0;178.0;16.0;0.0;1.0;1.0;1.0;1.0;2022
Cruzeiro;2;56.0;705.0;0.0;213.0;0.0;0.0;3.0;205.0;322.0;175.0;0.0;1.0;1.0;1.0;0.0;2022
Cruzeiro;2;33.0;468.0;0.0;255.0;0.0;0.0;3.0;240.0;217.0;8.0;0.0;1.0;1.0;1.0;1.0;2022
Cruzeiro;2;77.0;1267.0;0.0;0.0;0.0;0.0;0.0;32.0;763.0;472.0;1.0;1.0;1.0;1.0;0.0;2022
Cruzeiro;2;;;;;;;;;;;;;;;;2022
Cruzeiro;2;57.0;466.0;0.0;54.0;0.0;0.0;0.0;54.0;228.0;184.0;0.0;1.0;1.0;0.0;0.0;2022
Cruzeiro;2;;;;;;;;;;;;;;;;2022
Cruzeiro;2;;;;;;;;;;;;;;;;2022
Cruzeiro;2;29.0;311.0;0.0;193.0;0.0;0.0;3.0;175.0;127.0;6.0;0.0;1.0;1.0;1.0;1.0;2022
Cruzeiro;2;;;;;;;;;;;;;;;;2022
Cruzeiro;2;;;;;;;;;;;;;;;;2022
Cruzeiro;2;30.0;480.0;0.0;289.0;0.0;0.0;8.0;265.0;191.0;16.0;0.0;1.0;1.0;1.0;0.0;2022
Cruzeiro;2;;;;;;;;;;;0.0;1.0;1.0;1.0;0.0;2022
Cubatão;2;78.0;1619.0;0.0;434.0;0.0;0.0;2.0;392.0;1030.0;195.0;0.0;1.0;1.0;1.0;1.0;2022
Cubatão;2;14.0;137.0;0.0;0.0;0.0;0.0;0.0;0.0;134.0;3.0;0.0;1.0;1.0;1.0;1.0;2022
Cubatão;2;;;;;;;;;;;;;;;;2022
Cubatão;2;12.0;174.0;0.0;174.0;0.0;0.0;0.0;165.0;9.0;0.0;0.0;1.0;1.0;1.0;0.0;2022
Cubatão;2;40.0;649.0;216.0;433.0;0.0;0.0;205.0;414.0;30.0;0.0;1.0;0.0;1.0;0.0;1.0;2022
Cubatão;2;29.0;295.0;0.0;189.0;0.0;0.0;1.0;171.0;112.0;11.0;0.0;1.0;1.0;1.0;0.0;2022
Cubatão;2;57.0;1564.0;0.0;69.0;0.0;0.0;0.0;47.0;1136.0;381.0;0.0;1.0;1.0;1.0;1.0;2022
Cubatão;2;26.0;285.0;98.0;113.0;0.0;0.0;92.0;100.0;84.0;9.0;0.0;1.0;1.0;0.0;1.0;2022
Cubatão;2;60.0;976.0;0.0;0.0;0.0;0.0;0.0;3.0;886.0;87.0;0.0;1.0;1.0;1.0;1.0;2022
Cubatão;2;;;;;;;;;;;;;;;;2022
Cubatão;2;46.0;692.0;0.0;0.0;0.0;0.0;0.0;1.0;390.0;301.0;0.0;1.0;1.0;0.0;0.0;2022
Cubatão;2;;;;;;;;;;;;;;;;2022
Cubatão;2;29.0;483.0;483.0;0.0;0.0;0.0;462.0;21.0;0.0;0.0;0.0;1.0;1.0;1.0;1.0;2022
Cubatão;2;37.0;570.0;363.0;207.0;0.0;0.0;339.0;215.0;16.0;0.0;0.0;1.0;1.0;1.0;1.0;2022
Cubatão;2;70.0;1137.0;0.0;450.0;0.0;0.0;0.0;396.0;571.0;170.0;0.0;1.0;1.0;1.0;1.0;2022
Cunha;2;;;;;;;;;;;;;;;;2022
Cunha;2;51.0;813.0;0.0;375.0;0.0;0.0;28.0;334.0;374.0;77.0;0.0;1.0;1.0;1.0;1.0;2022
Cunha;2;22.0;286.0;0.0;168.0;0.0;0.0;3.0;161.0;110.0;12.0;0.0;0.0;1.0;1.0;1.0;2022
Cunha;2;18.0;312.0;0.0;312.0;0.0;0.0;16.0;266.0;29.0;1.0;0.0;0.0;1.0;1.0;1.0;2022
Cunha;2;;;;;;;;;;;;;;;;2022
Cunha;2;;;;;;;;;;;;;;;;2022
Cunha;2;;;;;;;;;;;;;;;;2022
Cunha;2;;;;;;;;;;;;;;;;2022
Cunha;2;;;;;;;;;;;;;;;;2022
Cunha;2;;;;;;;;;;;;;;;;2022
Cunha;2;;;;;;;;;;;;;;;;2022
Cunha;2;;;;;;;;;;;;;;;;2022
Cunha;2;;;;;;;;;;;;;;;;2022
Cunha;2;;;;;;;;;;;;;;;;2022
Cunha;2;;;;;;;;;;;;;;;;2022
Cunha;2;;;;;;;;;;;;;;;;2022
Cunha;2;;;;;;;;;;;;;;;;2022
Cunha;2;;;;;;;;;;;;;;;;2022
Cunha;2;;;;;;;;;;;;;;;;2022
Cunha;2;;;;;;;;;;;;;;;;2022
Cunha;2;;;;;;;;;;;;;;;;2022
Cunha;2;;;;;;;;;;;;;;;;2022
Cunha;2;;;;;;;;;;;;;;;;2022
Cunha;2;;;;;;;;;;;;;;;;2022
Cunha;2;;;;;;;;;;;;;;;;2022
Cunha;2;;;;;;;;;;;;;;;;2022
Cunha;2;;;;;;;;;;;;;;;;2022
Cunha;2;;;;;;;;;;;;;;;;2022
Cunha;2;;;;;;;;;;;;;;;;2022
Cunha;2;;;;;;;;;;;;;;;;2022
Cunha;2;;;;;;;;;;;;;;;;2022
Cunha;2;;;;;;;;;;;;;;;;2022
Cunha;2;;;;;;;;;;;;;;;;2022
Cunha;2;;;;;;;;;;;;;;;;2022
Cunha;2;;;;;;;;;;;;;;;;2022
Cunha;2;;;;;;;;;;;;;;;;2022
Cunha;2;;;;;;;;;;;;;;;;2022
Cunha;2;;;;;;;;;;;;;;;;2022
Cunha;2;;;;;;;;;;;0.0;1.0;1.0;1.0;1.0;2022
Cunha;2;;;;;;;;;;;;;;;;2022
Cunha;2;;;;;;;;;;;;;;;;2022
Cunha;2;;;;;;;;;;;;;;;;2022
Cunha;2;;;;;;;;;;;;;;;;2022
Cunha;2;;;;;;;;;;;;;;;;2022
Cunha;2;;;;;;;;;;;;;;;;2022
Cunha;2;;;;;;;;;;;;;;;;2022
Cunha;2;;;;;;;;;;;;;;;;2022
Cunha;2;;;;;;;;;;;;;;;;2022
Cunha;2;;;;;;;;;;;;;;;;2022
Cunha;2;;;;;;;;;;;;;;;;2022
Cunha;2;;;;;;;;;;;;;;;;2022
Cunha;2;15.0;87.0;0.0;48.0;0.0;0.0;2.0;43.0;36.0;6.0;0.0;0.0;1.0;1.0;1.0;2022
Cunha;2;11.0;85.0;0.0;50.0;0.0;0.0;4.0;45.0;34.0;2.0;0.0;0.0;1.0;1.0;0.0;2022
Cunha;2;7.0;25.0;0.0;25.0;0.0;0.0;2.0;17.0;6.0;0.0;0.0;1.0;1.0;0.0;1.0;2022
Descalvado;2;34.0;542.0;0.0;0.0;0.0;0.0;0.0;1.0;484.0;57.0;0.0;1.0;1.0;1.0;0.0;2022
Descalvado;2;17.0;434.0;0.0;0.0;0.0;0.0;0.0;1.0;394.0;39.0;0.0;1.0;1.0;1.0;1.0;2022
Diadema;2;47.0;1074.0;775.0;0.0;0.0;9.0;755.0;11.0;0.0;299.0;0.0;1.0;1.0;1.0;0.0;2022
Diadema;2;40.0;705.0;0.0;431.0;0.0;0.0;6.0;392.0;287.0;20.0;0.0;1.0;1.0;1.0;1.0;2022
Diadema;2;;;;;;;;;;;;;;;;2022
Diadema;2;57.0;1077.0;864.0;0.0;0.0;8.0;844.0;12.0;0.0;213.0;0.0;1.0;1.0;1.0;1.0;2022
Diadema;2;60.0;1147.0;0.0;598.0;0.0;0.0;17.0;545.0;564.0;21.0;0.0;1.0;1.0;1.0;1.0;2022
Diadema;2;92.0;2024.0;0.0;1098.0;0.0;0.0;20.0;1006.0;931.0;67.0;0.0;1.0;1.0;1.0;1.0;2022
Diadema;2;52.0;1132.0;0.0;671.0;0.0;0.0;4.0;619.0;495.0;14.0;0.0;0.0;1.0;1.0;1.0;2022
Diadema;2;51.0;1006.0;351.0;378.0;0.0;0.0;343.0;355.0;277.0;31.0;0.0;1.0;1.0;1.0;1.0;2022
Diadema;2;15.0;315.0;315.0;0.0;0.0;1.0;310.0;4.0;0.0;0.0;0.0;1.0;1.0;1.0;0.0;2022
Diadema;2;26.0;543.0;543.0;0.0;0.0;4.0;536.0;3.0;0.0;0.0;0.0;1.0;1.0;0.0;0.0;2022
Diadema;2;25.0;417.0;417.0;0.0;0.0;4.0;406.0;7.0;0.0;0.0;0.0;0.0;1.0;0.0;1.0;2022
Diadema;2;33.0;533.0;0.0;385.0;0.0;0.0;2.0;367.0;158.0;6.0;0.0;1.0;1.0;1.0;1.0;2022
Diadema;2;52.0;924.0;0.0;613.0;0.0;0.0;4.0;561.0;335.0;24.0;1.0;1.0;1.0;1.0;1.0;2022
Diadema;2;23.0;434.0;434.0;0.0;0.0;6.0;423.0;5.0;0.0;0.0;0.0;1.0;1.0;1.0;0.0;2022
Diadema;2;24.0;464.0;464.0;0.0;0.0;1.0;452.0;11.0;0.0;0.0;0.0;0.0;1.0;1.0;1.0;2022
Diadema;2;;;;;;;;;;;;;;;;2022
Diadema;2;33.0;540.0;0.0;0.0;0.0;0.0;0.0;0.0;497.0;43.0;0.0;1.0;1.0;1.0;1.0;2022
Diadema;2;38.0;707.0;0.0;412.0;0.0;0.0;8.0;375.0;310.0;14.0;0.0;1.0;1.0;1.0;1.0;2022
Diadema;2;27.0;453.0;453.0;0.0;0.0;0.0;447.0;6.0;0.0;0.0;0.0;1.0;1.0;1.0;1.0;2022
Diadema;2;56.0;1328.0;0.0;759.0;0.0;0.0;13.0;696.0;574.0;45.0;0.0;1.0;1.0;0.0;1.0;2022
Diadema;2;66.0;1470.0;0.0;904.0;0.0;0.0;19.0;807.0;617.0;27.0;0.0;1.0;1.0;1.0;1.0;2022
Diadema;2;43.0;579.0;0.0;322.0;0.0;0.0;6.0;294.0;257.0;22.0;0.0;1.0;1.0;0.0;1.0;2022
Diadema;2;46.0;1090.0;0.0;592.0;0.0;0.0;9.0;537.0;511.0;33.0;0.0;0.0;1.0;1.0;0.0;2022
Diadema;2;52.0;1113.0;0.0;611.0;0.0;0.0;7.0;582.0;479.0;45.0;0.0;1.0;1.0;1.0;1.0;2022
Diadema;2;;;;;;;;;;;;;;;;2022
Diadema;2;;;;;;;;;;;;;;;;2022
Diadema;2;41.0;784.0;0.0;514.0;0.0;0.0;14.0;453.0;292.0;25.0;0.0;1.0;1.0;1.0;0.0;2022
Diadema;2;23.0;385.0;385.0;0.0;0.0;0.0;373.0;11.0;1.0;0.0;0.0;0.0;1.0;1.0;1.0;2022
Diadema;2;55.0;1053.0;660.0;0.0;0.0;4.0;645.0;11.0;0.0;393.0;0.0;1.0;1.0;1.0;0.0;2022
Diadema;2;26.0;567.0;567.0;0.0;0.0;0.0;557.0;10.0;0.0;0.0;0.0;1.0;1.0;1.0;0.0;2022
Diadema;2;29.0;460.0;0.0;346.0;0.0;0.0;1.0;326.0;130.0;3.0;0.0;1.0;1.0;1.0;1.0;2022
Diadema;2;26.0;383.0;0.0;257.0;0.0;0.0;0.0;233.0;144.0;6.0;0.0;0.0;1.0;1.0;1.0;2022
Diadema;2;42.0;763.0;583.0;0.0;0.0;4.0;566.0;13.0;0.0;180.0;0.0;1.0;1.0;1.0;1.0;2022
Diadema;2;;;;;;;;;;;;;;;;2022
Diadema;2;63.0;1165.0;141.0;656.0;0.0;0.0;139.0;620.0;377.0;29.0;0.0;1.0;1.0;1.0;1.0;2022
Diadema;2;59.0;1103.0;0.0;558.0;0.0;0.0;8.0;513.0;539.0;43.0;1.0;1.0;1.0;1.0;1.0;2022
Diadema;2;18.0;312.0;312.0;0.0;0.0;4.0;307.0;1.0;0.0;0.0;0.0;0.0;1.0;0.0;1.0;2022
Diadema;2;;;;;;;;;;;;;;;;2022
Diadema;2;81.0;1942.0;0.0;1018.0;0.0;0.0;10.0;974.0;902.0;56.0;0.0;1.0;1.0;1.0;1.0;2022
Diadema;2;77.0;1561.0;462.0;612.0;0.0;8.0;452.0;585.0;437.0;79.0;0.0;1.0;1.0;1.0;1.0;2022
Diadema;2;70.0;1075.0;0.0;0.0;0.0;0.0;0.0;1.0;536.0;538.0;1.0;1.0;1.0;0.0;0.0;2022
Diadema;2;3.0;29.0;0.0;0.0;0.0;0.0;0.0;0.0;0.0;29.0;0.0;0.0;1.0;0.0;0.0;2022
Diadema;2;;;;;;;;;;;0.0;0.0;1.0;0.0;0.0;2022
Diadema;2;5.0;33.0;0.0;13.0;0.0;0.0;0.0;0.0;27.0;6.0;0.0;0.0;1.0;0.0;0.0;2022
Diadema;2;36.0;743.0;743.0;0.0;0.0;3.0;730.0;10.0;0.0;0.0;0.0;1.0;1.0;1.0;0.0;2022
Diadema;2;;;;;;;;;;;;;;;;2022
Diadema;2;32.0;516.0;0.0;385.0;0.0;0.0;8.0;348.0;150.0;10.0;0.0;1.0;1.0;1.0;0.0;2022
Diadema;2;37.0;722.0;722.0;0.0;0.0;10.0;696.0;15.0;1.0;0.0;0.0;1.0;1.0;1.0;1.0;2022
Diadema;2;65.0;1550.0;0.0;850.0;0.0;0.0;18.0;763.0;703.0;66.0;0.0;1.0;1.0;1.0;1.0;2022
Diadema;2;43.0;768.0;0.0;529.0;0.0;0.0;0.0;488.0;273.0;7.0;0.0;1.0;1.0;1.0;1.0;2022
Diadema;2;27.0;490.0;490.0;0.0;0.0;7.0;477.0;6.0;0.0;0.0;0.0;1.0;1.0;1.0;0.0;2022
Diadema;2;33.0;592.0;0.0;304.0;0.0;0.0;7.0;277.0;295.0;13.0;0.0;1.0;1.0;1.0;0.0;2022
Diadema;2;58.0;1091.0;0.0;606.0;0.0;0.0;11.0;563.0;496.0;21.0;0.0;1.0;1.0;1.0;1.0;2022
Diadema;2;21.0;309.0;129.0;180.0;0.0;0.0;133.0;165.0;11.0;0.0;0.0;0.0;1.0;1.0;0.0;2022
Diadema;2;20.0;441.0;441.0;0.0;0.0;0.0;436.0;5.0;0.0;0.0;0.0;1.0;1.0;0.0;0.0;2022
Diadema;2;17.0;277.0;277.0;0.0;0.0;0.0;272.0;5.0;0.0;0.0;0.0;1.0;1.0;0.0;0.0;2022
Diadema;2;46.0;1020.0;602.0;0.0;0.0;6.0;585.0;11.0;0.0;418.0;0.0;0.0;1.0;0.0;0.0;2022
Diadema;2;47.0;903.0;0.0;314.0;0.0;0.0;6.0;294.0;577.0;26.0;0.0;1.0;1.0;1.0;0.0;2022
Diadema;2;16.0;343.0;343.0;0.0;0.0;0.0;331.0;12.0;0.0;0.0;0.0;0.0;1.0;1.0;0.0;2022
Diadema;2;52.0;1022.0;0.0;623.0;0.0;0.0;14.0;567.0;427.0;14.0;0.0;1.0;1.0;1.0;1.0;2022
Diadema;2;37.0;578.0;0.0;578.0;0.0;0.0;7.0;547.0;24.0;0.0;0.0;1.0;1.0;1.0;0.0;2022
Diadema;2;16.0;179.0;0.0;128.0;0.0;0.0;4.0;119.0;53.0;3.0;0.0;1.0;1.0;1.0;1.0;2022
Diadema;2;79.0;1931.0;0.0;1018.0;0.0;0.0;9.0;942.0;907.0;73.0;0.0;1.0;1.0;1.0;1.0;2022
Diadema;2;;;;;;;;;;;;;;;;2022
Diadema;2;85.0;1708.0;0.0;850.0;0.0;0.0;12.0;801.0;847.0;48.0;0.0;1.0;1.0;1.0;1.0;2022
Diadema;2;38.0;836.0;0.0;326.0;0.0;0.0;8.0;291.0;480.0;57.0;0.0;1.0;1.0;1.0;1.0;2022
Diadema;2;;;;;;;;;;;;;;;;2022
Diadema;2;55.0;1337.0;0.0;803.0;0.0;0.0;17.0;726.0;573.0;21.0;0.0;1.0;1.0;1.0;1.0;2022
Diadema;2;46.0;980.0;0.0;519.0;0.0;0.0;7.0;488.0;471.0;14.0;0.0;1.0;1.0;1.0;0.0;2022
Diadema;2;31.0;483.0;0.0;322.0;0.0;0.0;11.0;278.0;189.0;5.0;0.0;1.0;1.0;1.0;1.0;2022
Dirce Reis;2;24.0;201.0;80.0;82.0;0.0;0.0;79.0;75.0;47.0;0.0;0.0;0.0;1.0;1.0;0.0;2022
Divinolândia;2;26.0;507.0;0.0;123.0;0.0;0.0;2.0;125.0;361.0;19.0;0.0;1.0;1.0;1.0;0.0;2022
Dobrada;2;57.0;939.0;0.0;499.0;0.0;0.0;6.0;487.0;306.0;140.0;0.0;1.0;1.0;1.0;0.0;2022
Dobrada;2;16.0;263.0;263.0;0.0;0.0;0.0;262.0;0.0;0.0;1.0;0.0;1.0;1.0;0.0;1.0;2022
Dobrada;2;12.0;205.0;205.0;0.0;0.0;0.0;202.0;2.0;1.0;0.0;0.0;1.0;1.0;0.0;0.0;2022
Dois Córregos;2;52.0;802.0;0.0;386.0;0.0;0.0;6.0;348.0;420.0;28.0;0.0;1.0;1.0;1.0;1.0;2022
Dois Córregos;2;;;;;;;;;;;0.0;0.0;1.0;0.0;0.0;2022
Dois Córregos;2;48.0;834.0;0.0;361.0;0.0;0.0;3.0;337.0;412.0;82.0;0.0;1.0;1.0;1.0;1.0;2022
Dolcinópolis;2;16.0;152.0;0.0;99.0;0.0;0.0;0.0;94.0;54.0;4.0;0.0;1.0;1.0;1.0;0.0;2022
Dourado;2;14.0;210.0;0.0;0.0;0.0;0.0;0.0;4.0;203.0;3.0;0.0;1.0;1.0;1.0;0.0;2022
Dracena;2;48.0;645.0;0.0;0.0;0.0;0.0;0.0;2.0;381.0;262.0;0.0;1.0;1.0;1.0;1.0;2022
Dracena;2;67.0;779.0;0.0;428.0;0.0;0.0;8.0;393.0;356.0;22.0;0.0;1.0;1.0;1.0;0.0;2022
Dracena;2;35.0;743.0;0.0;421.0;0.0;0.0;5.0;405.0;327.0;6.0;0.0;1.0;1.0;1.0;1.0;2022
Dracena;2;53.0;783.0;0.0;391.0;0.0;0.0;4.0;365.0;309.0;105.0;0.0;1.0;1.0;1.0;1.0;2022
Dracena;2;4.0;78.0;0.0;0.0;0.0;0.0;0.0;0.0;0.0;78.0;0.0;0.0;0.0;0.0;0.0;2022
Dracena;2;;;;;;;;;;;0.0;1.0;1.0;0.0;0.0;2022
Dracena;2;26.0;340.0;0.0;245.0;0.0;0.0;6.0;221.0;103.0;10.0;0.0;1.0;1.0;1.0;0.0;2022
Duartina;2;45.0;824.0;0.0;470.0;0.0;0.0;12.0;450.0;336.0;26.0;0.0;1.0;1.0;1.0;0.0;2022
Dumont;2;29.0;401.0;0.0;0.0;0.0;0.0;0.0;1.0;347.0;53.0;0.0;1.0;1.0;1.0;0.0;2022
Dumont;2;;;;;;;;;;;0.0;1.0;1.0;0.0;0.0;2022
Echaporã;2;27.0;567.0;0.0;301.0;0.0;0.0;0.0;269.0;277.0;21.0;1.0;1.0;1.0;1.0;0.0;2022
Eldorado;2;36.0;525.0;0.0;525.0;0.0;0.0;4.0;483.0;38.0;0.0;0.0;1.0;1.0;1.0;1.0;2022
Eldorado;2;29.0;417.0;0.0;0.0;0.0;0.0;0.0;6.0;322.0;89.0;0.0;1.0;1.0;1.0;0.0;2022
Eldorado;2;16.0;142.0;0.0;76.0;0.0;0.0;2.0;65.0;71.0;4.0;0.0;1.0;1.0;1.0;0.0;2022
Eldorado;2;8.0;36.0;8.0;12.0;0.0;3.0;8.0;7.0;8.0;10.0;0.0;0.0;0.0;0.0;0.0;2022
Eldorado;2;14.0;109.0;0.0;74.0;0.0;0.0;0.0;69.0;38.0;2.0;0.0;1.0;1.0;1.0;0.0;2022
Eldorado;2;16.0;51.0;0.0;51.0;0.0;0.0;0.0;48.0;3.0;0.0;0.0;1.0;1.0;0.0;0.0;2022
Eldorado;2;14.0;164.0;0.0;113.0;0.0;0.0;1.0;89.0;62.0;12.0;0.0;1.0;1.0;1.0;1.0;2022
Elias Fausto;2;28.0;543.0;0.0;0.0;0.0;0.0;0.0;1.0;503.0;39.0;0.0;1.0;1.0;1.0;1.0;2022
Elias Fausto;2;16.0;194.0;0.0;0.0;0.0;0.0;0.0;5.0;180.0;9.0;0.0;1.0;1.0;1.0;0.0;2022
Elias Fausto;2;;;;;;;;;;;;;;;;2022
Elisiário;2;17.0;114.0;0.0;0.0;0.0;0.0;0.0;1.0;110.0;3.0;0.0;1.0;1.0;1.0;1.0;2022
Embaúba;2;21.0;187.0;0.0;104.0;0.0;0.0;3.0;101.0;57.0;26.0;0.0;1.0;1.0;1.0;1.0;2022
Embu das Artes;2;26.0;573.0;0.0;306.0;0.0;0.0;4.0;278.0;276.0;15.0;0.0;1.0;1.0;1.0;0.0;2022
Embu das Artes;2;30.0;587.0;587.0;0.0;0.0;1.0;566.0;20.0;0.0;0.0;0.0;0.0;1.0;1.0;0.0;2022
Embu das Artes;2;37.0;740.0;0.0;423.0;0.0;0.0;2.0;387.0;311.0;40.0;0.0;1.0;1.0;1.0;1.0;2022
Embu das Artes;2;28.0;413.0;0.0;257.0;0.0;0.0;0.0;236.0;172.0;5.0;0.0;1.0;1.0;1.0;0.0;2022
Embu das Artes;2;25.0;538.0;538.0;0.0;0.0;2.0;511.0;24.0;1.0;0.0;0.0;0.0;1.0;1.0;1.0;2022
Embu das Artes;2;78.0;1321.0;0.0;525.0;0.0;0.0;6.0;480.0;549.0;286.0;0.0;1.0;1.0;1.0;0.0;2022
Embu das Artes;2;42.0;926.0;0.0;456.0;0.0;0.0;3.0;430.0;464.0;29.0;0.0;1.0;1.0;1.0;1.0;2022
Embu das Artes;2;78.0;1420.0;0.0;326.0;0.0;0.0;0.0;299.0;818.0;303.0;0.0;1.0;1.0;1.0;0.0;2022
Embu das Artes;2;77.0;1293.0;387.0;413.0;0.0;0.0;362.0;410.0;432.0;89.0;0.0;1.0;1.0;1.0;1.0;2022
Embu das Artes;2;50.0;587.0;237.0;215.0;0.0;0.0;219.0;221.0;139.0;8.0;0.0;1.0;1.0;1.0;1.0;2022
Embu das Artes;2;36.0;432.0;173.0;156.0;0.0;0.0;171.0;151.0;92.0;18.0;0.0;1.0;1.0;1.0;1.0;2022
Embu das Artes;2;60.0;1124.0;0.0;577.0;0.0;0.0;6.0;529.0;516.0;73.0;0.0;0.0;1.0;1.0;0.0;2022
Embu das Artes;2;76.0;1429.0;463.0;444.0;0.0;1.0;439.0;424.0;374.0;191.0;0.0;1.0;1.0;1.0;1.0;2022
Embu das Artes;2;30.0;545.0;0.0;315.0;0.0;0.0;0.0;307.0;223.0;15.0;0.0;1.0;1.0;1.0;0.0;2022
Embu das Artes;2;37.0;763.0;0.0;527.0;0.0;0.0;1.0;493.0;244.0;25.0;0.0;1.0;1.0;1.0;0.0;2022
Embu das Artes;2;46.0;982.0;455.0;339.0;0.0;0.0;428.0;345.0;186.0;23.0;0.0;1.0;1.0;1.0;1.0;2022
Embu das Artes;2;23.0;298.0;139.0;159.0;0.0;0.0;129.0;157.0;12.0;0.0;0.0;1.0;1.0;1.0;0.0;2022
Embu das Artes;2;79.0;1561.0;0.0;593.0;0.0;0.0;0.0;527.0;686.0;348.0;0.0;0.0;1.0;1.0;0.0;2022
Embu das Artes;2;22.0;298.0;0.0;179.0;0.0;0.0;1.0;170.0;117.0;10.0;0.0;1.0;1.0;1.0;0.0;2022
Embu das Artes;2;27.0;470.0;0.0;287.0;0.0;0.0;1.0;254.0;187.0;28.0;0.0;1.0;1.0;1.0;1.0;2022
Embu das Artes;2;55.0;1195.0;0.0;764.0;0.0;0.0;12.0;678.0;441.0;64.0;0.0;1.0;1.0;1.0;1.0;2022
Embu das Artes;2;17.0;331.0;331.0;0.0;0.0;0.0;323.0;8.0;0.0;0.0;0.0;0.0;1.0;0.0;1.0;2022
Embu das Artes;2;38.0;480.0;161.0;205.0;0.0;0.0;155.0;195.0;127.0;3.0;0.0;1.0;1.0;1.0;1.0;2022
Embu das Artes;2;26.0;451.0;0.0;268.0;0.0;0.0;0.0;259.0;176.0;16.0;0.0;1.0;1.0;1.0;1.0;2022
Embu das Artes;2;29.0;374.0;0.0;374.0;0.0;0.0;3.0;353.0;18.0;0.0;0.0;0.0;1.0;0.0;1.0;2022
Embu das Artes;2;39.0;870.0;0.0;459.0;0.0;0.0;3.0;434.0;405.0;28.0;0.0;1.0;1.0;1.0;1.0;2022
Embu das Artes;2;46.0;818.0;0.0;423.0;0.0;0.0;2.0;384.0;394.0;38.0;0.0;1.0;1.0;1.0;1.0;2022
Embu das Artes;2;50.0;1014.0;0.0;0.0;0.0;0.0;0.0;1.0;574.0;439.0;1.0;1.0;1.0;1.0;0.0;2022
Embu das Artes;2;26.0;395.0;0.0;255.0;0.0;0.0;2.0;229.0;156.0;8.0;0.0;1.0;1.0;1.0;1.0;2022
Embu das Artes;2;48.0;869.0;0.0;481.0;0.0;0.0;1.0;456.0;360.0;52.0;0.0;1.0;1.0;1.0;1.0;2022
Embu das Artes;2;33.0;612.0;0.0;426.0;0.0;0.0;3.0;393.0;198.0;18.0;0.0;1.0;1.0;1.0;1.0;2022
Embu das Artes;2;37.0;574.0;0.0;367.0;0.0;0.0;1.0;332.0;225.0;16.0;0.0;1.0;1.0;1.0;1.0;2022
Embu das Artes;2;61.0;1421.0;0.0;577.0;0.0;0.0;0.0;547.0;661.0;213.0;0.0;1.0;1.0;1.0;0.0;2022
Embu das Artes;2;17.0;276.0;154.0;122.0;0.0;0.0;150.0;118.0;8.0;0.0;0.0;1.0;1.0;1.0;1.0;2022
Embu das Artes;2;47.0;960.0;0.0;350.0;0.0;0.0;1.0;314.0;500.0;145.0;0.0;1.0;1.0;1.0;0.0;2022
Embu das Artes;2;44.0;813.0;0.0;501.0;0.0;0.0;2.0;456.0;324.0;31.0;1.0;1.0;1.0;1.0;1.0;2022
Embu das Artes;2;23.0;269.0;130.0;139.0;0.0;1.0;124.0;137.0;7.0;0.0;0.0;0.0;1.0;1.0;1.0;2022
Embu das Artes;2;42.0;746.0;0.0;363.0;0.0;0.0;2.0;342.0;365.0;37.0;0.0;1.0;1.0;1.0;1.0;2022
Embu das Artes;2;24.0;514.0;514.0;0.0;0.0;0.0;492.0;22.0;0.0;0.0;0.0;0.0;1.0;0.0;1.0;2022
Embu das Artes;2;59.0;1122.0;0.0;464.0;0.0;0.0;1.0;420.0;444.0;257.0;0.0;0.0;1.0;1.0;0.0;2022
Embu das Artes;2;23.0;404.0;0.0;404.0;0.0;0.0;2.0;388.0;14.0;0.0;0.0;1.0;1.0;1.0;0.0;2022
Embu das Artes;2;12.0;195.0;0.0;195.0;0.0;0.0;1.0;191.0;3.0;0.0;0.0;1.0;1.0;1.0;1.0;2022
Embu das Artes;2;30.0;453.0;0.0;303.0;0.0;0.0;0.0;278.0;152.0;23.0;0.0;1.0;1.0;1.0;1.0;2022
Embu das Artes;2;19.0;340.0;340.0;0.0;0.0;1.0;329.0;10.0;0.0;0.0;0.0;1.0;1.0;1.0;1.0;2022
Embu das Artes;2;33.0;679.0;679.0;0.0;0.0;0.0;652.0;27.0;0.0;0.0;0.0;1.0;1.0;1.0;1.0;2022
Embu-Guaçu;2;;;;;;;;;;;0.0;0.0;1.0;0.0;0.0;2022
Embu-Guaçu;2;37.0;771.0;0.0;433.0;0.0;0.0;6.0;424.0;332.0;9.0;0.0;1.0;1.0;1.0;0.0;2022
Embu-Guaçu;2;84.0;1432.0;0.0;337.0;0.0;0.0;8.0;328.0;851.0;245.0;0.0;1.0;1.0;1.0;1.0;2022
Embu-Guaçu;2;30.0;487.0;0.0;302.0;0.0;0.0;8.0;292.0;184.0;3.0;1.0;1.0;1.0;1.0;1.0;2022
Embu-Guaçu;2;22.0;461.0;0.0;270.0;0.0;0.0;4.0;269.0;184.0;4.0;0.0;0.0;1.0;1.0;1.0;2022
Embu-Guaçu;2;31.0;514.0;0.0;321.0;0.0;0.0;4.0;309.0;190.0;11.0;0.0;0.0;1.0;1.0;0.0;2022
Embu-Guaçu;2;19.0;499.0;499.0;0.0;0.0;1.0;493.0;5.0;0.0;0.0;0.0;1.0;1.0;1.0;1.0;2022
Embu-Guaçu;2;48.0;735.0;735.0;0.0;0.0;3.0;720.0;10.0;2.0;0.0;0.0;1.0;1.0;1.0;0.0;2022
Embu-Guaçu;2;51.0;634.0;237.0;218.0;0.0;0.0;237.0;213.0;174.0;10.0;0.0;1.0;1.0;1.0;1.0;2022
Embu-Guaçu;2;28.0;262.0;0.0;151.0;0.0;0.0;2.0;145.0;108.0;7.0;0.0;1.0;1.0;1.0;0.0;2022
Embu-Guaçu;2;35.0;491.0;0.0;268.0;0.0;0.0;1.0;261.0;214.0;15.0;0.0;1.0;1.0;1.0;0.0;2022
Embu-Guaçu;2;13.0;184.0;0.0;184.0;0.0;0.0;8.0;163.0;13.0;0.0;0.0;1.0;1.0;1.0;0.0;2022
Embu-Guaçu;2;10.0;245.0;245.0;0.0;0.0;0.0;236.0;8.0;0.0;1.0;0.0;0.0;1.0;0.0;1.0;2022
Embu-Guaçu;2;66.0;1230.0;0.0;525.0;0.0;0.0;6.0;497.0;528.0;199.0;0.0;1.0;1.0;1.0;1.0;2022
Embu-Guaçu;2;24.0;378.0;162.0;149.0;0.0;3.0;157.0;145.0;72.0;1.0;0.0;0.0;1.0;1.0;0.0;2022
Embu-Guaçu;2;14.0;241.0;241.0;0.0;0.0;0.0;235.0;6.0;0.0;0.0;0.0;1.0;1.0;0.0;0.0;2022
Embu-Guaçu;2;8.0;124.0;0.0;124.0;0.0;0.0;1.0;115.0;8.0;0.0;0.0;1.0;1.0;1.0;0.0;2022
Embu-Guaçu;2;8.0;123.0;0.0;123.0;0.0;0.0;3.0;118.0;2.0;0.0;0.0;1.0;1.0;1.0;0.0;2022
Embu-Guaçu;2;10.0;136.0;136.0;0.0;0.0;1.0;133.0;2.0;0.0;0.0;0.0;1.0;1.0;0.0;0.0;2022
Embu-Guaçu;2;18.0;298.0;298.0;0.0;0.0;0.0;296.0;2.0;0.0;0.0;0.0;0.0;1.0;1.0;0.0;2022
Embu-Guaçu;2;10.0;133.0;133.0;0.0;0.0;0.0;132.0;1.0;0.0;0.0;0.0;0.0;1.0;0.0;1.0;2022
Emilianópolis;2;18.0;127.0;0.0;0.0;0.0;0.0;0.0;4.0;100.0;23.0;1.0;1.0;1.0;1.0;1.0;2022
Engenheiro Coelho;2;59.0;1580.0;0.0;824.0;0.0;0.0;17.0;760.0;671.0;132.0;0.0;1.0;1.0;1.0;0.0;2022
Espírito Santo do Pinhal;2;9.0;100.0;100.0;0.0;0.0;0.0;96.0;4.0;0.0;0.0;1.0;1.0;1.0;1.0;1.0;2022
Espírito Santo do Pinhal;2;59.0;643.0;0.0;340.0;0.0;0.0;6.0;316.0;233.0;88.0;0.0;1.0;1.0;1.0;0.0;2022
Espírito Santo do Pinhal;2;62.0;891.0;0.0;418.0;0.0;0.0;8.0;403.0;429.0;51.0;0.0;1.0;1.0;1.0;1.0;2022
Espírito Santo do Pinhal;2;47.0;560.0;0.0;0.0;0.0;0.0;0.0;6.0;357.0;197.0;1.0;1.0;1.0;1.0;1.0;2022
Espírito Santo do Pinhal;2;24.0;384.0;384.0;0.0;0.0;2.0;376.0;6.0;0.0;0.0;0.0;1.0;1.0;1.0;1.0;2022
Espírito Santo do Pinhal;2;29.0;457.0;0.0;286.0;0.0;0.0;5.0;264.0;177.0;11.0;0.0;1.0;1.0;1.0;0.0;2022
Espírito Santo do Pinhal;2;31.0;477.0;0.0;292.0;0.0;0.0;3.0;278.0;184.0;12.0;0.0;1.0;1.0;1.0;1.0;2022
Espírito Santo do Pinhal;2;21.0;231.0;118.0;113.0;0.0;0.0;111.0;114.0;5.0;1.0;0.0;1.0;1.0;1.0;0.0;2022
Espírito Santo do Pinhal;2;;;;;;;;;;;0.0;0.0;1.0;0.0;0.0;2022
Espírito Santo do Pinhal;2;28.0;166.0;166.0;0.0;0.0;2.0;162.0;2.0;0.0;0.0;0.0;1.0;1.0;1.0;0.0;2022
Espírito Santo do Pinhal;2;15.0;119.0;36.0;83.0;0.0;0.0;37.0;79.0;3.0;0.0;0.0;1.0;1.0;1.0;0.0;2022
Espírito Santo do Turvo;2;38.0;481.0;0.0;239.0;0.0;0.0;2.0;224.0;150.0;105.0;0.0;1.0;1.0;1.0;0.0;2022
Estrela d'Oeste;2;33.0;550.0;0.0;361.0;0.0;0.0;2.0;327.0;204.0;17.0;0.0;1.0;1.0;1.0;1.0;2022
Estrela do Norte;2;28.0;304.0;0.0;157.0;0.0;0.0;0.0;147.0;141.0;16.0;0.0;1.0;1.0;1.0;1.0;2022
Euclides da Cunha Paulista;2;22.0;303.0;0.0;185.0;0.0;0.0;0.0;182.0;120.0;1.0;0.0;1.0;1.0;1.0;1.0;2022
Euclides da Cunha Paulista;2;7.0;40.0;0.0;40.0;0.0;0.0;0.0;39.0;1.0;0.0;0.0;1.0;1.0;1.0;1.0;2022
Euclides da Cunha Paulista;2;51.0;391.0;0.0;130.0;0.0;0.0;0.0;124.0;221.0;46.0;0.0;1.0;1.0;1.0;1.0;2022
Euclides da Cunha Paulista;2;15.0;82.0;0.0;39.0;0.0;0.0;0.0;37.0;45.0;0.0;0.0;1.0;1.0;1.0;0.0;2022
Euclides da Cunha Paulista;2;20.0;96.0;0.0;40.0;0.0;0.0;0.0;44.0;47.0;5.0;0.0;1.0;1.0;1.0;0.0;2022
Fartura;2;47.0;802.0;0.0;429.0;0.0;0.0;1.0;430.0;365.0;6.0;0.0;1.0;1.0;1.0;1.0;2022
Fartura;2;32.0;640.0;0.0;353.0;0.0;0.0;1.0;353.0;282.0;4.0;0.0;1.0;1.0;1.0;0.0;2022
Fernandópolis;2;81.0;1029.0;0.0;375.0;0.0;0.0;4.0;348.0;503.0;174.0;0.0;0.0;1.0;1.0;1.0;2022
Fernandópolis;2;19.0;215.0;25.0;122.0;0.0;0.0;27.0;102.0;75.0;11.0;0.0;1.0;1.0;1.0;1.0;2022
Fernandópolis;2;23.0;112.0;58.0;34.0;0.0;1.0;53.0;36.0;20.0;2.0;0.0;0.0;1.0;0.0;0.0;2022
Fernandópolis;2;46.0;532.0;0.0;305.0;0.0;0.0;4.0;281.0;227.0;20.0;0.0;0.0;1.0;1.0;0.0;2022
Fernandópolis;2;;;;;;;;;;;;;;;;2022
Fernandópolis;2;27.0;434.0;0.0;273.0;0.0;0.0;2.0;254.0;175.0;3.0;0.0;0.0;1.0;1.0;1.0;2022
Fernandópolis;2;;;;;;;;;;;;;;;;2022
Fernandópolis;2;25.0;396.0;0.0;290.0;0.0;0.0;5.0;243.0;139.0;9.0;0.0;1.0;1.0;1.0;0.0;2022
Fernandópolis;2;35.0;614.0;0.0;415.0;0.0;0.0;10.0;376.0;218.0;10.0;0.0;0.0;1.0;1.0;1.0;2022
Fernandópolis;2;;;;;;;;;;;;;;;;2022
Fernandópolis;2;26.0;307.0;0.0;187.0;0.0;0.0;5.0;166.0;127.0;9.0;0.0;0.0;1.0;1.0;1.0;2022
Fernandópolis;2;27.0;290.0;78.0;161.0;0.0;0.0;77.0;147.0;65.0;1.0;0.0;0.0;1.0;1.0;1.0;2022
Fernandópolis;2;57.0;859.0;0.0;0.0;0.0;0.0;0.0;4.0;633.0;222.0;0.0;1.0;1.0;1.0;1.0;2022
Fernandópolis;2;;;;;;;;;;;;;;;;2022
Fernandópolis;2;20.0;269.0;0.0;191.0;0.0;0.0;1.0;174.0;88.0;6.0;0.0;1.0;1.0;1.0;1.0;2022
Fernandópolis;2;;;;;;;;;;;;;;;;2022
Fernando Prestes;2;25.0;249.0;0.0;0.0;0.0;0.0;0.0;8.0;216.0;25.0;0.0;1.0;1.0;1.0;1.0;2022
Fernão;2;16.0;187.0;0.0;111.0;0.0;0.0;4.0;106.0;76.0;1.0;0.0;1.0;1.0;1.0;0.0;2022
Ferraz de Vasconcelos;2;37.0;753.0;0.0;419.0;0.0;0.0;2.0;394.0;344.0;13.0;0.0;1.0;1.0;1.0;0.0;2022
Ferraz de Vasconcelos;2;;;;;;;;;;;;;;;;2022
Ferraz de Vasconcelos;2;75.0;1140.0;0.0;460.0;0.0;0.0;2.0;415.0;502.0;221.0;0.0;1.0;1.0;1.0;0.0;2022
Ferraz de Vasconcelos;2;46.0;759.0;0.0;546.0;0.0;0.0;0.0;505.0;245.0;9.0;0.0;1.0;1.0;1.0;0.0;2022
Ferraz de Vasconcelos;2;;;;;;;;;;;;;;;;2022
Ferraz de Vasconcelos;2;57.0;983.0;0.0;464.0;0.0;0.0;3.0;436.0;507.0;37.0;0.0;1.0;1.0;1.0;1.0;2022
Ferraz de Vasconcelos;2;34.0;598.0;0.0;398.0;0.0;0.0;1.0;374.0;217.0;6.0;0.0;1.0;1.0;1.0;1.0;2022
Ferraz de Vasconcelos;2;49.0;1030.0;0.0;429.0;0.0;0.0;1.0;399.0;581.0;49.0;0.0;1.0;1.0;1.0;1.0;2022
Ferraz de Vasconcelos;2;57.0;971.0;0.0;485.0;0.0;0.0;2.0;440.0;480.0;49.0;0.0;1.0;1.0;1.0;1.0;2022
Ferraz de Vasconcelos;2;30.0;481.0;0.0;319.0;0.0;0.0;0.0;306.0;163.0;12.0;0.0;1.0;1.0;1.0;1.0;2022
Ferraz de Vasconcelos;2;;;;;;;;;;;;;;;;2022
Ferraz de Vasconcelos;2;;;;;;;;;;;;;;;;2022
Ferraz de Vasconcelos;2;;;;;;;;;;;;;;;;2022
Ferraz de Vasconcelos;2;;;;;;;;;;;;;;;;2022
Ferraz de Vasconcelos;2;45.0;874.0;0.0;0.0;0.0;0.0;0.0;4.0;663.0;207.0;1.0;1.0;1.0;1.0;0.0;2022
Ferraz de Vasconcelos;2;;;;;;;;;;;;;;;;2022
Ferraz de Vasconcelos;2;;;;;;;;;;;;;;;;2022
Ferraz de Vasconcelos;2;;;;;;;;;;;;;;;;2022
Ferraz de Vasconcelos;2;;;;;;;;;;;;;;;;2022
Ferraz de Vasconcelos;2;59.0;675.0;0.0;338.0;0.0;0.0;1.0;309.0;340.0;25.0;0.0;1.0;1.0;1.0;1.0;2022
Ferraz de Vasconcelos;2;19.0;266.0;0.0;144.0;0.0;0.0;0.0;130.0;129.0;7.0;0.0;1.0;1.0;1.0;0.0;2022
Ferraz de Vasconcelos;2;81.0;988.0;0.0;453.0;0.0;0.0;0.0;417.0;522.0;49.0;0.0;1.0;1.0;1.0;0.0;2022
Ferraz de Vasconcelos;2;;;;;;;;;;;;;;;;2022
Ferraz de Vasconcelos;2;;;;;;;;;;;;;;;;2022
Ferraz de Vasconcelos;2;70.0;1155.0;0.0;452.0;0.0;0.0;0.0;408.0;671.0;76.0;0.0;1.0;1.0;1.0;0.0;2022
Ferraz de Vasconcelos;2;69.0;1126.0;0.0;575.0;0.0;0.0;0.0;526.0;531.0;69.0;0.0;1.0;1.0;1.0;1.0;2022
Ferraz de Vasconcelos;2;;;;;;;;;;;;;;;;2022
Ferraz de Vasconcelos;2;59.0;743.0;0.0;374.0;0.0;0.0;0.0;343.0;359.0;41.0;0.0;1.0;1.0;1.0;0.0;2022
Ferraz de Vasconcelos;2;38.0;702.0;0.0;382.0;0.0;0.0;0.0;343.0;343.0;16.0;0.0;1.0;1.0;1.0;0.0;2022
Ferraz de Vasconcelos;2;;;;;;;;;;;;;;;;2022
Ferraz de Vasconcelos;2;71.0;1307.0;0.0;630.0;0.0;0.0;1.0;579.0;650.0;77.0;0.0;1.0;1.0;1.0;1.0;2022
Ferraz de Vasconcelos;2;29.0;466.0;0.0;329.0;0.0;0.0;1.0;300.0;150.0;15.0;0.0;1.0;1.0;1.0;1.0;2022
Flora Rica;2;10.0;63.0;0.0;0.0;0.0;0.0;0.0;2.0;51.0;10.0;0.0;1.0;1.0;1.0;0.0;2022
Floreal;2;14.0;164.0;0.0;104.0;0.0;0.0;2.0;88.0;67.0;7.0;0.0;1.0;1.0;1.0;1.0;2022
Flórida Paulista;2;;;;;;;;;;;;;;;;2022
Flórida Paulista;2;50.0;720.0;0.0;443.0;0.0;0.0;5.0;416.0;237.0;62.0;0.0;1.0;1.0;1.0;1.0;2022
Flórida Paulista;2;;;;;;;;;;;;;;;;2022
Flórida Paulista;2;7.0;118.0;0.0;0.0;0.0;0.0;0.0;0.0;0.0;118.0;0.0;0.0;1.0;0.0;0.0;2022
Florínea;2;25.0;260.0;0.0;134.0;0.0;0.0;1.0;134.0;98.0;27.0;0.0;1.0;1.0;1.0;0.0;2022
Florínea;2;8.0;101.0;0.0;0.0;0.0;0.0;0.0;0.0;0.0;101.0;0.0;0.0;0.0;0.0;0.0;2022
Florínea;2;13.0;170.0;170.0;0.0;0.0;0.0;169.0;1.0;0.0;0.0;0.0;1.0;1.0;1.0;1.0;2022
Franca;2;37.0;728.0;728.0;0.0;0.0;0.0;702.0;26.0;0.0;0.0;0.0;1.0;1.0;1.0;0.0;2022
Franca;2;14.0;278.0;278.0;0.0;0.0;0.0;266.0;12.0;0.0;0.0;0.0;1.0;1.0;1.0;1.0;2022
Franca;2;63.0;1460.0;0.0;598.0;0.0;0.0;0.0;568.0;882.0;10.0;0.0;0.0;1.0;1.0;1.0;2022
Franca;2;18.0;241.0;0.0;191.0;0.0;0.0;0.0;182.0;59.0;0.0;0.0;1.0;1.0;1.0;0.0;2022
Franca;2;84.0;1223.0;0.0;0.0;0.0;0.0;0.0;3.0;831.0;389.0;1.0;1.0;1.0;1.0;1.0;2022
Franca;2;20.0;333.0;0.0;308.0;0.0;0.0;2.0;287.0;44.0;0.0;0.0;1.0;1.0;1.0;0.0;2022
Franca;2;20.0;400.0;400.0;0.0;0.0;0.0;379.0;21.0;0.0;0.0;0.0;1.0;1.0;1.0;0.0;2022
Franca;2;26.0;438.0;0.0;353.0;0.0;0.0;3.0;333.0;100.0;2.0;0.0;1.0;1.0;1.0;0.0;2022
Franca;2;26.0;377.0;377.0;0.0;0.0;0.0;354.0;23.0;0.0;0.0;0.0;0.0;1.0;1.0;0.0;2022
Franca;2;48.0;718.0;0.0;369.0;0.0;0.0;0.0;320.0;381.0;17.0;0.0;1.0;1.0;1.0;0.0;2022
Franca;2;14.0;242.0;242.0;0.0;0.0;0.0;226.0;16.0;0.0;0.0;0.0;0.0;1.0;0.0;0.0;2022
Franca;2;25.0;424.0;0.0;287.0;0.0;0.0;0.0;277.0;141.0;6.0;0.0;1.0;1.0;1.0;0.0;2022
Franca;2;78.0;2249.0;0.0;672.0;0.0;0.0;1.0;634.0;1576.0;38.0;0.0;1.0;1.0;1.0;1.0;2022
Franca;2;39.0;525.0;0.0;525.0;0.0;0.0;2.0;495.0;28.0;0.0;0.0;0.0;1.0;1.0;0.0;2022
Franca;2;43.0;707.0;0.0;707.0;0.0;0.0;0.0;649.0;58.0;0.0;0.0;1.0;1.0;1.0;0.0;2022
Franca;2;48.0;817.0;817.0;0.0;0.0;0.0;771.0;46.0;0.0;0.0;0.0;0.0;1.0;1.0;0.0;2022
Franca;2;64.0;1082.0;0.0;303.0;0.0;0.0;0.0;278.0;781.0;23.0;0.0;0.0;1.0;1.0;1.0;2022
Franca;2;58.0;1148.0;0.0;489.0;0.0;0.0;1.0;464.0;676.0;7.0;0.0;1.0;1.0;1.0;0.0;2022
Franca;2;;;;;;;;;;;;;;;;2022
Franca;2;42.0;566.0;0.0;0.0;0.0;0.0;0.0;0.0;439.0;127.0;1.0;1.0;1.0;1.0;1.0;2022
Franca;2;15.0;257.0;0.0;257.0;0.0;0.0;1.0;240.0;16.0;0.0;0.0;1.0;1.0;1.0;1.0;2022
Franca;2;23.0;274.0;0.0;237.0;0.0;0.0;0.0;227.0;47.0;0.0;0.0;1.0;1.0;1.0;0.0;2022
Franca;2;14.0;239.0;239.0;0.0;0.0;0.0;227.0;12.0;0.0;0.0;0.0;1.0;1.0;1.0;0.0;2022
Franca;2;18.0;278.0;0.0;204.0;0.0;0.0;0.0;191.0;82.0;5.0;0.0;1.0;1.0;1.0;0.0;2022
Franca;2;17.0;289.0;289.0;0.0;0.0;0.0;279.0;10.0;0.0;0.0;0.0;1.0;1.0;1.0;0.0;2022
Franca;2;31.0;414.0;0.0;324.0;0.0;0.0;1.0;305.0;106.0;2.0;0.0;1.0;1.0;1.0;1.0;2022
Franca;2;82.0;1297.0;0.0;565.0;0.0;0.0;0.0;508.0;777.0;12.0;0.0;1.0;1.0;1.0;0.0;2022
Franca;2;13.0;245.0;245.0;0.0;0.0;0.0;227.0;18.0;0.0;0.0;0.0;0.0;1.0;1.0;1.0;2022
Franca;2;29.0;432.0;83.0;297.0;0.0;0.0;76.0;283.0;73.0;0.0;0.0;1.0;1.0;1.0;0.0;2022
Franca;2;52.0;1167.0;0.0;486.0;0.0;0.0;1.0;443.0;715.0;8.0;0.0;1.0;1.0;1.0;1.0;2022
Franca;2;28.0;329.0;0.0;247.0;0.0;0.0;1.0;232.0;94.0;2.0;0.0;1.0;1.0;1.0;1.0;2022
Franca;2;68.0;905.0;0.0;343.0;0.0;0.0;2.0;302.0;580.0;21.0;0.0;1.0;1.0;1.0;1.0;2022
Franca;2;16.0;204.0;0.0;153.0;0.0;0.0;0.0;144.0;57.0;3.0;0.0;1.0;1.0;1.0;1.0;2022
Franca;2;3.0;9.0;0.0;0.0;9.0;0.0;0.0;0.0;0.0;0.0;0.0;0.0;1.0;0.0;1.0;2022
Franca;2;11.0;55.0;0.0;25.0;0.0;0.0;0.0;3.0;38.0;14.0;0.0;0.0;1.0;0.0;0.0;2022
Franca;2;50.0;1017.0;0.0;444.0;0.0;0.0;0.0;425.0;571.0;21.0;0.0;0.0;1.0;1.0;1.0;2022
Franca;2;67.0;648.0;0.0;324.0;0.0;0.0;0.0;283.0;351.0;14.0;0.0;1.0;1.0;1.0;1.0;2022
Franca;2;41.0;678.0;0.0;347.0;0.0;0.0;0.0;308.0;357.0;13.0;0.0;1.0;1.0;1.0;1.0;2022
Franca;2;;;;;;;;;;;0.0;1.0;1.0;0.0;1.0;2022
Franca;2;;;;;;;;;;;;;;;;2022
Franca;2;9.0;185.0;0.0;0.0;0.0;0.0;0.0;0.0;0.0;185.0;0.0;0.0;1.0;0.0;0.0;2022
Franca;2;46.0;761.0;0.0;428.0;0.0;0.0;0.0;397.0;352.0;12.0;0.0;1.0;1.0;1.0;1.0;2022
Franca;2;32.0;536.0;0.0;457.0;0.0;0.0;1.0;420.0;112.0;3.0;0.0;0.0;1.0;1.0;1.0;2022
Franca;2;45.0;605.0;0.0;330.0;0.0;0.0;0.0;301.0;296.0;8.0;0.0;1.0;1.0;1.0;1.0;2022
Franca;2;61.0;819.0;0.0;432.0;0.0;0.0;0.0;404.0;409.0;6.0;0.0;1.0;1.0;1.0;1.0;2022
Franca;2;;;;;;;;;;;0.0;1.0;1.0;0.0;0.0;2022
Franca;2;;;;;;;;;;;;;;;;2022
Franca;2;;;;;;;;;;;0.0;0.0;1.0;0.0;0.0;2022
Franca;2;;;;;;;;;;;0.0;0.0;1.0;0.0;0.0;2022
Franca;2;54.0;676.0;0.0;246.0;0.0;0.0;1.0;227.0;439.0;9.0;0.0;1.0;1.0;1.0;0.0;2022
Franca;2;30.0;377.0;0.0;269.0;0.0;0.0;1.0;250.0;122.0;4.0;0.0;1.0;1.0;1.0;1.0;2022
Franca;2;71.0;868.0;0.0;312.0;0.0;0.0;0.0;270.0;577.0;21.0;0.0;1.0;1.0;1.0;0.0;2022
Franca;2;29.0;519.0;519.0;0.0;0.0;0.0;484.0;35.0;0.0;0.0;0.0;1.0;1.0;1.0;1.0;2022
Franca;2;19.0;309.0;309.0;0.0;0.0;0.0;292.0;17.0;0.0;0.0;0.0;1.0;1.0;1.0;0.0;2022
Franca;2;53.0;1017.0;0.0;396.0;0.0;0.0;1.0;357.0;629.0;30.0;0.0;1.0;1.0;1.0;1.0;2022
Franca;2;36.0;486.0;0.0;486.0;0.0;0.0;3.0;449.0;34.0;0.0;0.0;1.0;1.0;1.0;0.0;2022
Franca;2;14.0;265.0;265.0;0.0;0.0;0.0;252.0;13.0;0.0;0.0;0.0;0.0;1.0;1.0;1.0;2022
Franca;2;11.0;203.0;203.0;0.0;0.0;0.0;193.0;10.0;0.0;0.0;0.0;1.0;1.0;1.0;0.0;2022
Franca;2;46.0;936.0;0.0;562.0;0.0;0.0;0.0;525.0;401.0;10.0;0.0;1.0;1.0;1.0;0.0;2022
Franca;2;23.0;343.0;0.0;290.0;0.0;0.0;0.0;275.0;68.0;0.0;0.0;1.0;1.0;1.0;1.0;2022
Franca;2;18.0;264.0;0.0;236.0;0.0;0.0;0.0;217.0;47.0;0.0;0.0;1.0;1.0;1.0;1.0;2022
Franca;2;15.0;298.0;298.0;0.0;0.0;0.0;288.0;10.0;0.0;0.0;0.0;1.0;1.0;1.0;1.0;2022
Franca;2;23.0;303.0;0.0;229.0;0.0;0.0;1.0;209.0;91.0;2.0;0.0;1.0;1.0;1.0;0.0;2022
Franca;2;38.0;568.0;0.0;380.0;0.0;0.0;0.0;333.0;225.0;10.0;0.0;1.0;1.0;1.0;1.0;2022
Franca;2;43.0;625.0;0.0;363.0;0.0;0.0;0.0;324.0;290.0;11.0;0.0;1.0;1.0;1.0;0.0;2022
Franca;2;9.0;142.0;142.0;0.0;0.0;0.0;132.0;10.0;0.0;0.0;0.0;1.0;1.0;1.0;0.0;2022
Franca;2;15.0;220.0;220.0;0.0;0.0;0.0;208.0;12.0;0.0;0.0;0.0;1.0;1.0;1.0;1.0;2022
Franca;2;34.0;380.0;0.0;258.0;0.0;0.0;0.0;229.0;147.0;4.0;0.0;1.0;1.0;1.0;1.0;2022
Franca;2;;;;;;;;;;;0.0;1.0;1.0;1.0;1.0;2022
Francisco Morato;2;44.0;879.0;0.0;456.0;0.0;0.0;7.0;439.0;418.0;15.0;0.0;1.0;1.0;1.0;0.0;2022
Francisco Morato;2;39.0;846.0;0.0;599.0;0.0;0.0;14.0;573.0;12.0;247.0;0.0;1.0;1.0;1.0;1.0;2022
Francisco Morato;2;93.0;2194.0;0.0;1083.0;0.0;0.0;11.0;1050.0;1056.0;77.0;0.0;1.0;1.0;1.0;0.0;2022
Francisco Morato;2;65.0;1374.0;0.0;782.0;0.0;0.0;17.0;703.0;618.0;36.0;0.0;0.0;1.0;1.0;0.0;2022
Francisco Morato;2;32.0;591.0;0.0;308.0;0.0;0.0;5.0;297.0;282.0;7.0;0.0;1.0;1.0;1.0;0.0;2022
Francisco Morato;2;;;;;;;;;;;;;;;;2022
Francisco Morato;2;44.0;782.0;279.0;268.0;0.0;1.0;281.0;253.0;238.0;9.0;0.0;1.0;1.0;0.0;0.0;2022
Francisco Morato;2;67.0;1461.0;0.0;742.0;0.0;0.0;12.0;688.0;699.0;62.0;0.0;1.0;1.0;1.0;1.0;2022
Francisco Morato;2;53.0;1163.0;0.0;670.0;0.0;0.0;18.0;621.0;474.0;50.0;0.0;1.0;1.0;1.0;1.0;2022
Francisco Morato;2;45.0;769.0;0.0;0.0;0.0;0.0;0.0;16.0;592.0;161.0;1.0;1.0;1.0;1.0;0.0;2022
Francisco Morato;2;29.0;608.0;216.0;200.0;0.0;1.0;217.0;196.0;186.0;8.0;0.0;0.0;1.0;1.0;0.0;2022
Francisco Morato;2;62.0;1392.0;0.0;716.0;0.0;0.0;12.0;669.0;663.0;48.0;0.0;1.0;1.0;1.0;1.0;2022
Francisco Morato;2;57.0;1010.0;0.0;471.0;0.0;0.0;8.0;456.0;510.0;36.0;0.0;1.0;1.0;1.0;1.0;2022
Francisco Morato;2;38.0;758.0;0.0;525.0;0.0;0.0;5.0;516.0;230.0;7.0;0.0;1.0;1.0;1.0;1.0;2022
Francisco Morato;2;73.0;1678.0;0.0;965.0;0.0;0.0;15.0;916.0;581.0;166.0;0.0;1.0;1.0;1.0;1.0;2022
Francisco Morato;2;56.0;1460.0;0.0;680.0;0.0;0.0;14.0;641.0;774.0;31.0;0.0;1.0;1.0;1.0;0.0;2022
Francisco Morato;2;64.0;1398.0;0.0;686.0;0.0;0.0;11.0;657.0;658.0;72.0;0.0;0.0;1.0;1.0;1.0;2022
Francisco Morato;2;69.0;1836.0;0.0;947.0;0.0;0.0;16.0;914.0;855.0;51.0;0.0;1.0;1.0;1.0;0.0;2022
Francisco Morato;2;83.0;1873.0;0.0;1035.0;0.0;0.0;16.0;986.0;815.0;56.0;0.0;1.0;1.0;1.0;0.0;2022
Francisco Morato;2;;;;;;;;;;;;;;;;2022
Francisco Morato;2;;;;;;;;;;;0.0;0.0;1.0;1.0;1.0;2022
Franco da Rocha;2;;;;;;;;;;;;;;;;2022
Franco da Rocha;2;31.0;546.0;0.0;320.0;0.0;0.0;2.0;316.0;214.0;14.0;0.0;1.0;1.0;1.0;1.0;2022
Franco da Rocha;2;39.0;675.0;0.0;462.0;0.0;0.0;5.0;456.0;207.0;7.0;0.0;0.0;1.0;1.0;0.0;2022
Franco da Rocha;2;48.0;1063.0;0.0;521.0;0.0;0.0;18.0;500.0;520.0;25.0;0.0;0.0;1.0;1.0;0.0;2022
Franco da Rocha;2;40.0;895.0;0.0;488.0;0.0;0.0;8.0;472.0;8.0;407.0;0.0;0.0;1.0;1.0;0.0;2022
Franco da Rocha;2;39.0;737.0;0.0;0.0;0.0;0.0;0.0;11.0;700.0;26.0;0.0;1.0;1.0;1.0;0.0;2022
Franco da Rocha;2;38.0;681.0;0.0;458.0;0.0;0.0;7.0;437.0;225.0;12.0;0.0;1.0;1.0;1.0;1.0;2022
Franco da Rocha;2;;;;;;;;;;;;;;;;2022
Franco da Rocha;2;;;;;;;;;;;;;;;;2022
Franco da Rocha;2;;;;;;;;;;;;;;;;2022
Franco da Rocha;2;57.0;1059.0;338.0;371.0;0.0;0.0;345.0;363.0;330.0;21.0;0.0;1.0;1.0;1.0;0.0;2022
Franco da Rocha;2;27.0;489.0;0.0;274.0;0.0;0.0;1.0;275.0;207.0;6.0;0.0;1.0;1.0;1.0;1.0;2022
Franco da Rocha;2;69.0;1367.0;0.0;713.0;0.0;0.0;7.0;699.0;631.0;30.0;1.0;1.0;1.0;1.0;1.0;2022
Franco da Rocha;2;51.0;1240.0;368.0;475.0;0.0;0.0;376.0;457.0;393.0;14.0;0.0;1.0;1.0;1.0;1.0;2022
Franco da Rocha;2;;;;;;;;;;;;;;;;2022
Franco da Rocha;2;37.0;810.0;0.0;536.0;0.0;0.0;10.0;523.0;271.0;6.0;0.0;1.0;1.0;1.0;1.0;2022
Franco da Rocha;2;54.0;995.0;0.0;0.0;0.0;0.0;0.0;13.0;668.0;314.0;0.0;1.0;1.0;1.0;1.0;2022
Franco da Rocha;2;;;;;;;;;;;;;;;;2022
Franco da Rocha;2;34.0;601.0;0.0;388.0;0.0;0.0;8.0;375.0;207.0;11.0;0.0;1.0;1.0;1.0;1.0;2022
Franco da Rocha;2;11.0;12.0;3.0;0.0;0.0;0.0;0.0;0.0;10.0;2.0;0.0;0.0;0.0;0.0;0.0;2022
Franco da Rocha;2;13.0;202.0;0.0;0.0;0.0;0.0;0.0;0.0;0.0;202.0;0.0;0.0;0.0;0.0;0.0;2022
Franco da Rocha;2;8.0;56.0;0.0;0.0;0.0;0.0;0.0;0.0;0.0;56.0;0.0;0.0;0.0;0.0;0.0;2022
Franco da Rocha;2;8.0;103.0;0.0;0.0;0.0;0.0;0.0;0.0;0.0;103.0;0.0;0.0;0.0;0.0;0.0;2022
Franco da Rocha;2;12.0;67.0;0.0;0.0;0.0;0.0;0.0;0.0;0.0;67.0;1.0;0.0;1.0;0.0;0.0;2022
Franco da Rocha;2;10.0;84.0;0.0;0.0;0.0;0.0;0.0;0.0;0.0;84.0;0.0;0.0;1.0;0.0;0.0;2022
Franco da Rocha;2;5.0;35.0;0.0;0.0;0.0;0.0;0.0;0.0;0.0;35.0;0.0;0.0;1.0;0.0;0.0;2022
Franco da Rocha;2;10.0;56.0;0.0;0.0;0.0;0.0;0.0;0.0;0.0;56.0;0.0;0.0;1.0;0.0;0.0;2022
Franco da Rocha;2;;;;;;;;;;;0.0;1.0;1.0;1.0;0.0;2022
Franco da Rocha;2;;;;;;;;;;;;;;;;2022
Franco da Rocha;2;;;;;;;;;;;;;;;;2022
Franco da Rocha;2;16.0;61.0;0.0;31.0;0.0;0.0;0.0;1.0;41.0;19.0;0.0;0.0;0.0;0.0;0.0;2022
Franco da Rocha;2;13.0;19.0;0.0;11.0;0.0;0.0;0.0;0.0;12.0;7.0;0.0;0.0;0.0;0.0;0.0;2022
Franco da Rocha;2;;;;;;;;;;;;;;;;2022
Franco da Rocha;2;50.0;1194.0;0.0;567.0;0.0;0.0;14.0;564.0;602.0;14.0;0.0;1.0;1.0;1.0;1.0;2022
Franco da Rocha;2;;;;;;;;;;;;;;;;2022
Franco da Rocha;2;;;;;;;;;;;;;;;;2022
Franco da Rocha;2;;;;;;;;;;;;;;;;2022
Franco da Rocha;2;42.0;788.0;0.0;478.0;0.0;0.0;6.0;466.0;303.0;13.0;0.0;1.0;1.0;1.0;0.0;2022
Franco da Rocha;2;;;;;;;;;;;;;;;;2022
Franco da Rocha;2;;;;;;;;;;;;;;;;2022
Franco da Rocha;2;56.0;838.0;0.0;467.0;0.0;0.0;11.0;432.0;368.0;27.0;0.0;1.0;1.0;1.0;1.0;2022
Franco da Rocha;2;81.0;1715.0;0.0;727.0;0.0;0.0;7.0;717.0;915.0;76.0;0.0;1.0;1.0;1.0;1.0;2022
Franco da Rocha;2;53.0;1159.0;0.0;591.0;0.0;0.0;5.0;567.0;556.0;31.0;0.0;1.0;1.0;1.0;1.0;2022
Gabriel Monteiro;2;22.0;208.0;0.0;139.0;0.0;0.0;0.0;129.0;75.0;4.0;0.0;1.0;1.0;1.0;1.0;2022
Gália;2;32.0;461.0;0.0;237.0;0.0;0.0;4.0;219.0;196.0;42.0;0.0;1.0;1.0;1.0;1.0;2022
Garça;2;35.0;363.0;0.0;176.0;0.0;0.0;7.0;166.0;182.0;8.0;0.0;0.0;1.0;1.0;0.0;2022
Garça;2;;;;;;;;;;;;;;;;2022
Garça;2;56.0;755.0;0.0;386.0;0.0;0.0;9.0;361.0;334.0;51.0;0.0;1.0;1.0;1.0;0.0;2022
Garça;2;;;;;;;;;;;;;;;;2022
Garça;2;25.0;394.0;0.0;301.0;0.0;0.0;4.0;289.0;100.0;1.0;0.0;1.0;1.0;1.0;1.0;2022
Garça;2;74.0;1102.0;0.0;0.0;0.0;0.0;0.0;13.0;599.0;490.0;0.0;1.0;1.0;1.0;1.0;2022
Garça;2;26.0;204.0;0.0;97.0;0.0;0.0;2.0;95.0;87.0;20.0;0.0;0.0;1.0;1.0;1.0;2022
Garça;2;46.0;710.0;0.0;234.0;0.0;0.0;10.0;219.0;363.0;118.0;0.0;0.0;1.0;1.0;1.0;2022
Garça;2;27.0;178.0;0.0;0.0;0.0;0.0;0.0;2.0;108.0;68.0;1.0;1.0;1.0;1.0;1.0;2022
Garça;2;28.0;458.0;0.0;458.0;0.0;0.0;10.0;424.0;23.0;1.0;0.0;0.0;1.0;1.0;0.0;2022
Garça;2;;;;;;;;;;;;;;;;2022
Garça;2;;;;;;;;;;;;;;;;2022
Garça;2;;;;;;;;;;;;;;;;2022
Garça;2;;;;;;;;;;;;;;;;2022
Gastão Vidigal;2;32.0;424.0;119.0;195.0;0.0;0.0;119.0;178.0;121.0;6.0;0.0;1.0;1.0;1.0;0.0;2022
Gavião Peixoto;2;17.0;164.0;0.0;0.0;0.0;0.0;0.0;5.0;142.0;17.0;0.0;1.0;1.0;0.0;1.0;2022
General Salgado;2;28.0;239.0;0.0;0.0;0.0;0.0;0.0;2.0;227.0;10.0;0.0;1.0;1.0;1.0;1.0;2022
General Salgado;2;18.0;86.0;47.0;39.0;0.0;0.0;47.0;35.0;4.0;0.0;0.0;1.0;1.0;1.0;1.0;2022
General Salgado;2;;;;;;;;;;;;;;;;2022
Getulina;2;14.0;87.0;0.0;55.0;0.0;0.0;0.0;51.0;35.0;1.0;0.0;1.0;1.0;1.0;0.0;2022
Getulina;2;23.0;331.0;0.0;331.0;0.0;0.0;4.0;302.0;25.0;0.0;0.0;1.0;1.0;1.0;0.0;2022
Getulina;2;8.0;278.0;0.0;0.0;0.0;0.0;0.0;4.0;262.0;12.0;0.0;1.0;1.0;1.0;0.0;2022
Getulina;2;;;;;;;;;;;;;;;;2022
Getulina;2;1.0;4.0;0.0;0.0;0.0;0.0;0.0;0.0;0.0;4.0;0.0;0.0;1.0;0.0;0.0;2022
Glicério;2;19.0;286.0;0.0;186.0;0.0;0.0;0.0;177.0;108.0;1.0;0.0;0.0;1.0;1.0;1.0;2022
Guaiçara;2;68.0;957.0;0.0;415.0;0.0;0.0;7.0;381.0;423.0;146.0;0.0;1.0;1.0;1.0;1.0;2022
Guaiçara;2;;;;;;;;;;;;;;;;2022
Guaiçara;2;12.0;252.0;0.0;252.0;0.0;0.0;4.0;235.0;12.0;1.0;0.0;1.0;1.0;1.0;1.0;2022
Guaiçara;2;;;;;;;;;;;;;;;;2022
Guaimbê;2;32.0;521.0;0.0;324.0;0.0;0.0;7.0;291.0;212.0;11.0;0.0;1.0;1.0;1.0;0.0;2022
Guaíra;2;46.0;908.0;0.0;661.0;0.0;0.0;9.0;576.0;305.0;18.0;0.0;0.0;1.0;1.0;1.0;2022
Guaíra;2;26.0;375.0;0.0;309.0;0.0;0.0;5.0;275.0;91.0;4.0;0.0;0.0;1.0;1.0;1.0;2022
Guaíra;2;61.0;1682.0;0.0;625.0;0.0;0.0;6.0;586.0;904.0;186.0;0.0;1.0;1.0;1.0;1.0;2022
Guaíra;2;;;;;;;;;;;0.0;0.0;1.0;1.0;1.0;2022
Guapiaçu;2;29.0;675.0;0.0;0.0;0.0;0.0;0.0;5.0;571.0;99.0;0.0;1.0;1.0;1.0;0.0;2022
Guapiara;2;15.0;233.0;0.0;0.0;0.0;0.0;0.0;8.0;221.0;4.0;0.0;1.0;1.0;1.0;0.0;2022
Guapiara;2;33.0;319.0;0.0;259.0;0.0;0.0;1.0;255.0;63.0;0.0;0.0;1.0;1.0;1.0;0.0;2022
Guapiara;2;22.0;162.0;0.0;76.0;0.0;0.0;1.0;74.0;71.0;16.0;0.0;1.0;1.0;0.0;0.0;2022
Guapiara;2;32.0;315.0;0.0;178.0;0.0;0.0;1.0;176.0;136.0;2.0;0.0;1.0;1.0;1.0;0.0;2022
Guapiara;2;;;;;;;;;;;0.0;0.0;1.0;0.0;0.0;2022
Guapiara;2;;;;;;;;;;;;;;;;2022
Guapiara;2;13.0;84.0;0.0;0.0;0.0;0.0;0.0;0.0;82.0;2.0;0.0;1.0;1.0;1.0;0.0;2022
Guapiara;2;16.0;165.0;0.0;101.0;0.0;0.0;1.0;99.0;61.0;4.0;0.0;1.0;1.0;1.0;0.0;2022
Guapiara;2;21.0;145.0;0.0;54.0;0.0;0.0;1.0;51.0;67.0;26.0;0.0;1.0;1.0;1.0;1.0;2022
Guará;2;36.0;587.0;0.0;0.0;0.0;0.0;0.0;11.0;482.0;94.0;0.0;1.0;1.0;1.0;1.0;2022
Guaraçaí;2;30.0;559.0;0.0;324.0;0.0;0.0;4.0;292.0;259.0;4.0;0.0;1.0;1.0;1.0;0.0;2022
Guaraçaí;2;;;;;;;;;;;;;;;;2022
Guaraci;2;31.0;541.0;0.0;0.0;0.0;0.0;0.0;6.0;426.0;109.0;0.0;1.0;1.0;1.0;1.0;2022
Guarani d'Oeste;2;15.0;145.0;0.0;96.0;0.0;0.0;1.0;85.0;59.0;0.0;0.0;1.0;1.0;1.0;1.0;2022
Guarantã;2;31.0;442.0;0.0;335.0;0.0;0.0;5.0;300.0;132.0;5.0;0.0;0.0;1.0;1.0;0.0;2022
Guarantã;2;;;;;;;;;;;;;;;;2022
Guararapes;2;;;;;;;;;;;;;;;;2022
Guararapes;2;26.0;524.0;0.0;331.0;0.0;0.0;1.0;314.0;199.0;10.0;0.0;1.0;1.0;1.0;1.0;2022
Guararapes;2;;;;;;;;;;;;;;;;2022
Guararapes;2;;;;;;;;;;;;;;;;2022
Guararapes;2;39.0;612.0;0.0;339.0;0.0;0.0;1.0;310.0;195.0;106.0;0.0;1.0;1.0;1.0;1.0;2022
Guararapes;2;36.0;678.0;0.0;402.0;0.0;0.0;2.0;386.0;280.0;10.0;0.0;1.0;1.0;1.0;1.0;2022
Guararema;2;55.0;1082.0;0.0;491.0;0.0;0.0;11.0;471.0;485.0;115.0;0.0;1.0;1.0;1.0;0.0;2022
Guararema;2;28.0;408.0;0.0;269.0;0.0;0.0;4.0;258.0;140.0;6.0;0.0;1.0;1.0;1.0;1.0;2022
Guararema;2;;;;;;;;;;;;;;;;2022
Guararema;2;28.0;546.0;0.0;355.0;0.0;0.0;6.0;345.0;184.0;11.0;0.0;1.0;1.0;1.0;1.0;2022
Guararema;2;;;;;;;;;;;;;;;;2022
Guararema;2;30.0;438.0;0.0;285.0;0.0;0.0;2.0;274.0;152.0;10.0;0.0;0.0;1.0;1.0;1.0;2022
Guararema;2;;;;;;;;;;;;;;;;2022
Guararema;2;;;;;;;;;;;;;;;;2022
Guararema;2;;;;;;;;;;;;;;;;2022
Guararema;2;14.0;183.0;0.0;107.0;0.0;0.0;1.0;105.0;75.0;2.0;0.0;1.0;1.0;1.0;1.0;2022
Guararema;2;32.0;361.0;0.0;213.0;0.0;0.0;4.0;201.0;138.0;18.0;0.0;1.0;1.0;1.0;1.0;2022
Guararema;2;;;;;;;;;;;;;;;;2022
Guararema;2;;;;;;;;;;;;;;;;2022
Guaratinguetá;2;33.0;350.0;0.0;185.0;0.0;0.0;3.0;173.0;161.0;13.0;0.0;1.0;1.0;1.0;0.0;2022
Guaratinguetá;2;61.0;1125.0;0.0;0.0;0.0;0.0;0.0;13.0;665.0;447.0;1.0;1.0;1.0;1.0;0.0;2022
Guaratinguetá;2;70.0;1395.0;0.0;156.0;0.0;0.0;6.0;160.0;902.0;327.0;0.0;1.0;1.0;1.0;1.0;2022
Guaratinguetá;2;27.0;377.0;0.0;245.0;0.0;0.0;6.0;227.0;127.0;17.0;0.0;1.0;1.0;1.0;0.0;2022
Guaratinguetá;2;31.0;426.0;0.0;289.0;0.0;0.0;7.0;242.0;167.0;10.0;0.0;1.0;1.0;1.0;0.0;2022
Guaratinguetá;2;40.0;439.0;0.0;244.0;0.0;0.0;8.0;203.0;128.0;100.0;0.0;1.0;1.0;1.0;1.0;2022
Guaratinguetá;2;26.0;304.0;0.0;171.0;0.0;0.0;5.0;152.0;129.0;18.0;0.0;0.0;1.0;1.0;1.0;2022
Guaratinguetá;2;;;;;;;;;;;;;;;;2022
Guaratinguetá;2;18.0;285.0;0.0;285.0;0.0;0.0;2.0;273.0;10.0;0.0;0.0;1.0;1.0;1.0;0.0;2022
Guaratinguetá;2;55.0;1084.0;0.0;0.0;0.0;0.0;0.0;12.0;706.0;366.0;0.0;1.0;1.0;1.0;1.0;2022
Guaratinguetá;2;;;;;;;;;;;;;;;;2022
Guaratinguetá;2;21.0;233.0;0.0;169.0;0.0;0.0;2.0;134.0;92.0;5.0;0.0;1.0;1.0;1.0;0.0;2022
Guaratinguetá;2;29.0;338.0;0.0;245.0;0.0;0.0;4.0;227.0;102.0;5.0;0.0;1.0;1.0;1.0;1.0;2022
Guaratinguetá;2;43.0;347.0;0.0;0.0;0.0;0.0;0.0;11.0;314.0;22.0;0.0;1.0;1.0;1.0;0.0;2022
Guaratinguetá;2;;;;;;;;;;;;;;;;2022
Guaratinguetá;2;5.0;10.0;0.0;0.0;10.0;0.0;0.0;0.0;0.0;0.0;1.0;0.0;1.0;0.0;1.0;2022
Guaratinguetá;2;;;;;;;;;;;;;;;;2022
Guaratinguetá;2;26.0;490.0;0.0;175.0;0.0;0.0;2.0;173.0;294.0;21.0;0.0;0.0;1.0;1.0;0.0;2022
Guaratinguetá;2;;;;;;;;;;;;;;;;2022
Guaratinguetá;2;42.0;357.0;0.0;220.0;0.0;0.0;5.0;202.0;138.0;12.0;0.0;1.0;1.0;1.0;1.0;2022
Guaratinguetá;2;;;;;;;;;;;0.0;1.0;1.0;1.0;1.0;2022
Guareí;2;43.0;733.0;0.0;296.0;0.0;0.0;0.0;272.0;393.0;68.0;0.0;0.0;1.0;1.0;1.0;2022
Guareí;2;18.0;261.0;0.0;261.0;0.0;0.0;0.0;240.0;21.0;0.0;0.0;0.0;1.0;1.0;0.0;2022
Guareí;2;7.0;157.0;0.0;0.0;0.0;0.0;0.0;0.0;0.0;157.0;0.0;0.0;0.0;0.0;0.0;2022
Guareí;2;9.0;140.0;0.0;0.0;0.0;0.0;0.0;0.0;0.0;140.0;0.0;0.0;0.0;0.0;0.0;2022
Guariba;2;16.0;107.0;0.0;0.0;0.0;0.0;0.0;0.0;0.0;107.0;0.0;0.0;0.0;0.0;0.0;2022
Guariba;2;55.0;882.0;0.0;0.0;0.0;0.0;0.0;9.0;656.0;217.0;0.0;1.0;1.0;1.0;1.0;2022
Guariba;2;28.0;627.0;0.0;0.0;0.0;0.0;0.0;12.0;564.0;51.0;0.0;1.0;1.0;1.0;1.0;2022
Guariba;2;;;;;;;;;;;;;;;;2022
Guariba;2;41.0;778.0;0.0;0.0;0.0;0.0;0.0;10.0;620.0;148.0;1.0;1.0;1.0;1.0;0.0;2022
Guarujá;2;49.0;944.0;563.0;381.0;0.0;1.0;543.0;359.0;40.0;1.0;0.0;1.0;1.0;1.0;1.0;2022
Guarujá;2;;;;;;;;;;;;;;;;2022
Guarujá;2;19.0;273.0;0.0;273.0;0.0;0.0;1.0;250.0;22.0;0.0;0.0;1.0;1.0;1.0;1.0;2022
Guarujá;2;102.0;2213.0;0.0;697.0;0.0;0.0;0.0;637.0;1395.0;181.0;0.0;1.0;1.0;1.0;0.0;2022
Guarujá;2;42.0;655.0;284.0;208.0;0.0;1.0;266.0;200.0;165.0;23.0;0.0;1.0;1.0;1.0;1.0;2022
Guarujá;2;54.0;1029.0;0.0;0.0;0.0;0.0;0.0;1.0;905.0;123.0;0.0;1.0;1.0;1.0;0.0;2022
Guarujá;2;57.0;1187.0;0.0;268.0;0.0;0.0;0.0;238.0;858.0;91.0;0.0;1.0;1.0;1.0;1.0;2022
Guarujá;2;36.0;575.0;575.0;0.0;0.0;0.0;549.0;26.0;0.0;0.0;0.0;1.0;1.0;1.0;1.0;2022
Guarujá;2;32.0;423.0;0.0;423.0;0.0;0.0;3.0;369.0;47.0;4.0;0.0;1.0;1.0;1.0;0.0;2022
Guarujá;2;59.0;1186.0;0.0;0.0;0.0;0.0;0.0;3.0;1042.0;141.0;0.0;1.0;1.0;0.0;0.0;2022
Guarujá;2;34.0;532.0;532.0;0.0;0.0;0.0;500.0;32.0;0.0;0.0;0.0;1.0;1.0;1.0;0.0;2022
Guarujá;2;37.0;686.0;686.0;0.0;0.0;1.0;652.0;33.0;0.0;0.0;0.0;1.0;1.0;1.0;0.0;2022
Guarujá;2;65.0;857.0;0.0;133.0;0.0;0.0;0.0;107.0;583.0;167.0;0.0;1.0;1.0;1.0;1.0;2022
Guarujá;2;29.0;451.0;0.0;248.0;0.0;0.0;0.0;229.0;192.0;30.0;0.0;1.0;1.0;1.0;1.0;2022
Guarujá;2;82.0;1566.0;398.0;481.0;0.0;0.0;376.0;473.0;659.0;58.0;0.0;1.0;1.0;1.0;1.0;2022
Guarujá;2;43.0;709.0;337.0;372.0;0.0;0.0;327.0;346.0;36.0;0.0;0.0;1.0;1.0;1.0;0.0;2022
Guarujá;2;65.0;1489.0;0.0;484.0;0.0;0.0;1.0;436.0;916.0;136.0;0.0;1.0;1.0;1.0;0.0;2022
Guarujá;2;88.0;2432.0;0.0;637.0;0.0;0.0;4.0;603.0;1695.0;130.0;0.0;1.0;1.0;1.0;0.0;2022
Guarujá;2;74.0;1420.0;0.0;722.0;0.0;0.0;2.0;670.0;659.0;89.0;0.0;1.0;1.0;1.0;0.0;2022
Guarujá;2;10.0;33.0;0.0;33.0;0.0;0.0;0.0;20.0;13.0;0.0;0.0;1.0;1.0;1.0;0.0;2022
Guarujá;2;31.0;559.0;559.0;0.0;0.0;0.0;535.0;24.0;0.0;0.0;0.0;1.0;1.0;1.0;0.0;2022
Guarujá;2;45.0;1000.0;0.0;272.0;0.0;0.0;0.0;217.0;540.0;243.0;1.0;1.0;1.0;1.0;1.0;2022
Guarujá;2;29.0;515.0;515.0;0.0;0.0;0.0;499.0;16.0;0.0;0.0;0.0;1.0;1.0;1.0;0.0;2022
Guarujá;2;23.0;247.0;0.0;218.0;0.0;0.0;1.0;212.0;33.0;1.0;0.0;1.0;1.0;1.0;1.0;2022
Guarujá;2;87.0;1929.0;0.0;463.0;0.0;0.0;1.0;419.0;1111.0;398.0;0.0;1.0;1.0;1.0;1.0;2022
Guarujá;2;53.0;882.0;515.0;367.0;0.0;0.0;487.0;352.0;43.0;0.0;0.0;1.0;1.0;1.0;1.0;2022
Guarujá;2;;;;;;;;;;;;;;;;2022
Guarujá;2;45.0;789.0;0.0;0.0;0.0;0.0;0.0;5.0;603.0;181.0;1.0;1.0;1.0;1.0;0.0;2022
Guarujá;2;;;;;;;;;;;;;;;;2022
Guarujá;2;;;;;;;;;;;;;;;;2022
Guarujá;2;15.0;2095.0;0.0;0.0;0.0;0.0;0.0;0.0;0.0;2095.0;0.0;0.0;1.0;1.0;1.0;2022
Guarujá;2;;;;;;;;;;;;;;;;2022
Guarujá;2;2.0;22.0;22.0;0.0;0.0;0.0;22.0;0.0;0.0;0.0;0.0;0.0;1.0;0.0;0.0;2022
Guarujá;2;6.0;32.0;2.0;23.0;0.0;0.0;0.0;9.0;23.0;0.0;0.0;0.0;1.0;0.0;0.0;2022
Guarujá;2;32.0;742.0;742.0;0.0;0.0;0.0;708.0;34.0;0.0;0.0;0.0;1.0;1.0;1.0;0.0;2022
Guarujá;2;30.0;375.0;375.0;0.0;0.0;0.0;358.0;17.0;0.0;0.0;1.0;0.0;1.0;0.0;1.0;2022
Guarujá;2;45.0;926.0;0.0;245.0;0.0;0.0;0.0;222.0;613.0;91.0;0.0;1.0;1.0;0.0;0.0;2022
Guarujá;2;20.0;292.0;292.0;0.0;0.0;1.0;274.0;17.0;0.0;0.0;0.0;0.0;1.0;0.0;0.0;2022
Guarujá;2;98.0;2002.0;0.0;488.0;0.0;0.0;0.0;449.0;1402.0;151.0;0.0;1.0;1.0;1.0;0.0;2022
Guarujá;2;;;;;;;;;;;;;;;;2022
Guarujá;2;33.0;561.0;0.0;323.0;0.0;0.0;0.0;293.0;244.0;24.0;0.0;1.0;1.0;1.0;0.0;2022
Guarulhos;2;23.0;327.0;0.0;173.0;0.0;0.0;1.0;165.0;145.0;16.0;0.0;1.0;1.0;1.0;0.0;2022
Guarulhos;2;22.0;465.0;465.0;0.0;0.0;1.0;454.0;10.0;0.0;0.0;0.0;0.0;1.0;0.0;1.0;2022
Guarulhos;2;29.0;444.0;444.0;0.0;0.0;1.0;426.0;17.0;0.0;0.0;0.0;0.0;1.0;1.0;0.0;2022
Guarulhos;2;27.0;477.0;477.0;0.0;0.0;0.0;456.0;20.0;1.0;0.0;0.0;0.0;1.0;0.0;0.0;2022
Guarulhos;2;65.0;1479.0;0.0;743.0;0.0;0.0;7.0;705.0;724.0;43.0;0.0;1.0;1.0;1.0;1.0;2022
Guarulhos;2;58.0;1239.0;0.0;506.0;0.0;0.0;1.0;464.0;716.0;58.0;0.0;0.0;1.0;0.0;1.0;2022
Guarulhos;2;34.0;551.0;0.0;0.0;0.0;0.0;0.0;1.0;420.0;130.0;1.0;1.0;1.0;1.0;1.0;2022
Guarulhos;2;32.0;394.0;394.0;0.0;0.0;0.0;365.0;29.0;0.0;0.0;0.0;0.0;1.0;1.0;1.0;2022
Guarulhos;2;97.0;1986.0;0.0;484.0;0.0;0.0;2.0;453.0;1399.0;132.0;0.0;1.0;1.0;0.0;1.0;2022
Guarulhos;2;32.0;478.0;0.0;249.0;0.0;0.0;3.0;233.0;222.0;20.0;0.0;1.0;1.0;1.0;0.0;2022
Guarulhos;2;76.0;1509.0;0.0;276.0;0.0;0.0;0.0;252.0;809.0;448.0;0.0;1.0;1.0;0.0;1.0;2022
Guarulhos;2;48.0;624.0;0.0;117.0;0.0;0.0;0.0;113.0;362.0;149.0;1.0;1.0;1.0;1.0;1.0;2022
Guarulhos;2;40.0;499.0;202.0;297.0;0.0;0.0;191.0;283.0;25.0;0.0;0.0;0.0;1.0;1.0;1.0;2022
Guarulhos;2;49.0;924.0;0.0;597.0;0.0;0.0;1.0;556.0;344.0;23.0;0.0;1.0;1.0;1.0;0.0;2022
Guarulhos;2;48.0;993.0;0.0;548.0;0.0;0.0;0.0;516.0;452.0;25.0;0.0;1.0;1.0;1.0;1.0;2022
Guarulhos;2;37.0;521.0;0.0;453.0;0.0;0.0;3.0;424.0;25.0;69.0;0.0;1.0;1.0;1.0;1.0;2022
Guarulhos;2;18.0;369.0;0.0;369.0;0.0;0.0;1.0;352.0;16.0;0.0;0.0;0.0;1.0;1.0;1.0;2022
Guarulhos;2;14.0;194.0;194.0;0.0;0.0;0.0;191.0;3.0;0.0;0.0;0.0;0.0;1.0;0.0;1.0;2022
Guarulhos;2;;;;;;;;;;;;;;;;2022
Guarulhos;2;26.0;393.0;393.0;0.0;0.0;0.0;383.0;10.0;0.0;0.0;0.0;0.0;1.0;0.0;0.0;2022
Guarulhos;2;92.0;1287.0;0.0;568.0;0.0;0.0;1.0;523.0;672.0;91.0;0.0;1.0;1.0;0.0;1.0;2022
Guarulhos;2;73.0;1254.0;0.0;417.0;0.0;0.0;0.0;390.0;634.0;230.0;0.0;1.0;1.0;0.0;0.0;2022
Guarulhos;2;20.0;274.0;0.0;0.0;0.0;0.0;0.0;4.0;262.0;8.0;0.0;1.0;1.0;1.0;0.0;2022
Guarulhos;2;24.0;410.0;410.0;0.0;0.0;0.0;403.0;7.0;0.0;0.0;0.0;0.0;1.0;1.0;0.0;2022
Guarulhos;2;29.0;398.0;227.0;171.0;0.0;1.0;226.0;144.0;27.0;0.0;0.0;1.0;1.0;1.0;0.0;2022
Guarulhos;2;69.0;984.0;0.0;378.0;0.0;0.0;2.0;355.0;584.0;43.0;0.0;1.0;1.0;1.0;1.0;2022
Guarulhos;2;30.0;379.0;0.0;185.0;0.0;0.0;1.0;176.0;195.0;7.0;0.0;1.0;1.0;1.0;1.0;2022
Guarulhos;2;55.0;820.0;69.0;399.0;0.0;0.0;63.0;389.0;353.0;15.0;0.0;1.0;1.0;1.0;1.0;2022
Guarulhos;2;86.0;1808.0;174.0;612.0;0.0;0.0;167.0;590.0;940.0;111.0;0.0;1.0;1.0;1.0;1.0;2022
Guarulhos;2;47.0;713.0;0.0;351.0;0.0;0.0;5.0;318.0;332.0;58.0;0.0;1.0;1.0;1.0;0.0;2022
Guarulhos;2;41.0;882.0;0.0;570.0;0.0;0.0;0.0;525.0;333.0;24.0;0.0;1.0;1.0;1.0;1.0;2022
Guarulhos;2;44.0;899.0;0.0;378.0;0.0;0.0;3.0;346.0;495.0;55.0;0.0;1.0;1.0;1.0;1.0;2022
Guarulhos;2;42.0;397.0;0.0;320.0;0.0;0.0;0.0;293.0;103.0;1.0;0.0;1.0;1.0;1.0;1.0;2022
Guarulhos;2;42.0;855.0;0.0;394.0;0.0;0.0;2.0;378.0;436.0;39.0;0.0;1.0;1.0;1.0;1.0;2022
Guarulhos;2;31.0;411.0;411.0;0.0;0.0;0.0;392.0;19.0;0.0;0.0;0.0;1.0;1.0;0.0;0.0;2022
Guarulhos;2;36.0;574.0;574.0;0.0;0.0;0.0;555.0;19.0;0.0;0.0;0.0;1.0;1.0;1.0;1.0;2022
Guarulhos;2;26.0;357.0;0.0;0.0;0.0;0.0;0.0;0.0;338.0;19.0;0.0;1.0;1.0;1.0;1.0;2022
Guarulhos;2;68.0;1032.0;0.0;461.0;0.0;0.0;0.0;418.0;584.0;30.0;0.0;1.0;1.0;1.0;1.0;2022
Guarulhos;2;40.0;654.0;0.0;422.0;0.0;0.0;1.0;396.0;249.0;8.0;0.0;1.0;1.0;1.0;1.0;2022
Guarulhos;2;55.0;1236.0;0.0;442.0;0.0;0.0;3.0;402.0;519.0;312.0;0.0;1.0;1.0;1.0;1.0;2022
Guarulhos;2;20.0;293.0;0.0;293.0;0.0;0.0;1.0;268.0;24.0;0.0;0.0;1.0;1.0;1.0;0.0;2022
Guarulhos;2;64.0;1009.0;0.0;550.0;0.0;0.0;2.0;521.0;444.0;42.0;0.0;0.0;1.0;1.0;1.0;2022
Guarulhos;2;27.0;471.0;471.0;0.0;0.0;0.0;457.0;14.0;0.0;0.0;0.0;1.0;1.0;1.0;1.0;2022
Guarulhos;2;67.0;1077.0;0.0;797.0;0.0;0.0;2.0;747.0;117.0;211.0;1.0;0.0;1.0;1.0;0.0;2022
Guarulhos;2;21.0;378.0;378.0;0.0;0.0;0.0;365.0;13.0;0.0;0.0;0.0;1.0;1.0;1.0;1.0;2022
Guarulhos;2;35.0;319.0;319.0;0.0;0.0;0.0;312.0;7.0;0.0;0.0;0.0;1.0;1.0;0.0;1.0;2022
Guarulhos;2;57.0;936.0;0.0;525.0;0.0;0.0;1.0;485.0;403.0;47.0;0.0;1.0;1.0;1.0;1.0;2022
Guarulhos;2;27.0;475.0;0.0;0.0;0.0;0.0;0.0;4.0;447.0;24.0;0.0;1.0;1.0;1.0;1.0;2022
Guarulhos;2;116.0;2520.0;261.0;1021.0;0.0;0.0;230.0;973.0;1052.0;265.0;0.0;1.0;1.0;1.0;1.0;2022
Guarulhos;2;59.0;668.0;0.0;388.0;0.0;0.0;2.0;353.0;273.0;40.0;0.0;1.0;1.0;1.0;1.0;2022
Guarulhos;2;43.0;631.0;0.0;352.0;0.0;0.0;0.0;336.0;270.0;25.0;0.0;0.0;1.0;0.0;0.0;2022
Guarulhos;2;36.0;663.0;194.0;469.0;0.0;0.0;187.0;476.0;0.0;0.0;0.0;1.0;1.0;1.0;1.0;2022
Guarulhos;2;85.0;1886.0;0.0;1013.0;0.0;0.0;0.0;940.0;868.0;78.0;0.0;1.0;1.0;1.0;0.0;2022
Guarulhos;2;42.0;912.0;912.0;0.0;0.0;0.0;886.0;26.0;0.0;0.0;0.0;0.0;1.0;1.0;1.0;2022
Guarulhos;2;47.0;848.0;848.0;0.0;0.0;0.0;823.0;25.0;0.0;0.0;0.0;1.0;1.0;1.0;1.0;2022
Guarulhos;2;33.0;553.0;0.0;383.0;0.0;0.0;1.0;353.0;177.0;22.0;0.0;1.0;1.0;1.0;1.0;2022
Guarulhos;2;41.0;519.0;452.0;0.0;0.0;0.0;402.0;49.0;1.0;67.0;0.0;1.0;1.0;1.0;1.0;2022
Guarulhos;2;26.0;401.0;401.0;0.0;0.0;0.0;385.0;16.0;0.0;0.0;0.0;1.0;1.0;1.0;0.0;2022
Guarulhos;2;55.0;931.0;0.0;430.0;0.0;0.0;2.0;393.0;494.0;42.0;0.0;1.0;1.0;1.0;1.0;2022
Guarulhos;2;56.0;1120.0;0.0;608.0;0.0;0.0;1.0;554.0;509.0;56.0;0.0;0.0;1.0;1.0;0.0;2022
Guarulhos;2;98.0;1829.0;130.0;801.0;0.0;0.0;123.0;766.0;804.0;136.0;0.0;1.0;1.0;1.0;0.0;2022
Guarulhos;2;35.0;594.0;0.0;368.0;0.0;0.0;0.0;343.0;218.0;33.0;0.0;1.0;1.0;1.0;1.0;2022
Guarulhos;2;31.0;502.0;92.0;282.0;0.0;0.0;76.0;275.0;133.0;18.0;0.0;1.0;1.0;1.0;0.0;2022
Guarulhos;2;31.0;528.0;0.0;350.0;0.0;0.0;2.0;332.0;189.0;5.0;0.0;1.0;1.0;1.0;0.0;2022
Guarulhos;2;66.0;1065.0;0.0;600.0;0.0;0.0;0.0;543.0;396.0;126.0;0.0;1.0;1.0;1.0;1.0;2022
Guarulhos;2;32.0;555.0;555.0;0.0;0.0;0.0;543.0;12.0;0.0;0.0;0.0;1.0;1.0;0.0;0.0;2022
Guarulhos;2;19.0;313.0;313.0;0.0;0.0;1.0;291.0;21.0;0.0;0.0;1.0;1.0;1.0;1.0;1.0;2022
Guarulhos;2;40.0;432.0;0.0;256.0;0.0;0.0;0.0;224.0;172.0;36.0;0.0;1.0;1.0;1.0;1.0;2022
Guarulhos;2;;;;;;;;;;;;;;;;2022
Guarulhos;2;29.0;403.0;0.0;260.0;0.0;0.0;0.0;238.0;143.0;22.0;0.0;0.0;1.0;0.0;0.0;2022
Guarulhos;2;92.0;1438.0;0.0;797.0;0.0;0.0;1.0;741.0;639.0;57.0;0.0;1.0;1.0;0.0;0.0;2022
Guarulhos;2;43.0;560.0;136.0;259.0;0.0;0.0;124.0;245.0;171.0;20.0;0.0;1.0;1.0;1.0;1.0;2022
Guarulhos;2;71.0;1302.0;0.0;544.0;0.0;0.0;1.0;487.0;778.0;36.0;0.0;1.0;1.0;1.0;1.0;2022
Guarulhos;2;27.0;420.0;0.0;0.0;0.0;0.0;0.0;4.0;399.0;17.0;0.0;1.0;1.0;1.0;1.0;2022
Guarulhos;2;40.0;750.0;750.0;0.0;0.0;0.0;715.0;35.0;0.0;0.0;0.0;1.0;1.0;1.0;0.0;2022
Guarulhos;2;60.0;697.0;0.0;697.0;0.0;0.0;4.0;651.0;42.0;0.0;0.0;1.0;1.0;1.0;0.0;2022
Guarulhos;2;49.0;984.0;0.0;753.0;0.0;0.0;2.0;713.0;38.0;231.0;0.0;1.0;1.0;1.0;1.0;2022
Guarulhos;2;41.0;416.0;416.0;0.0;0.0;0.0;403.0;13.0;0.0;0.0;0.0;1.0;1.0;1.0;0.0;2022
Guarulhos;2;33.0;627.0;627.0;0.0;0.0;0.0;594.0;33.0;0.0;0.0;0.0;1.0;1.0;1.0;1.0;2022
Guarulhos;2;45.0;856.0;0.0;530.0;0.0;0.0;0.0;493.0;342.0;21.0;0.0;1.0;1.0;1.0;0.0;2022
Guarulhos;2;68.0;1206.0;0.0;606.0;0.0;0.0;1.0;522.0;594.0;89.0;1.0;1.0;1.0;1.0;1.0;2022
Guarulhos;2;43.0;733.0;0.0;733.0;0.0;0.0;1.0;682.0;50.0;0.0;0.0;1.0;1.0;1.0;0.0;2022
Guarulhos;2;13.0;150.0;150.0;0.0;0.0;0.0;147.0;2.0;1.0;0.0;0.0;0.0;1.0;1.0;0.0;2022
Guarulhos;2;52.0;796.0;0.0;483.0;0.0;0.0;1.0;459.0;313.0;23.0;0.0;1.0;1.0;1.0;1.0;2022
Guarulhos;2;38.0;658.0;658.0;0.0;0.0;0.0;631.0;27.0;0.0;0.0;1.0;1.0;1.0;1.0;0.0;2022
Guarulhos;2;60.0;1111.0;1111.0;0.0;0.0;0.0;1080.0;31.0;0.0;0.0;0.0;1.0;1.0;1.0;1.0;2022
Guarulhos;2;61.0;863.0;0.0;516.0;0.0;0.0;4.0;449.0;381.0;29.0;0.0;1.0;1.0;1.0;0.0;2022
Guarulhos;2;87.0;2202.0;0.0;855.0;0.0;0.0;0.0;785.0;1317.0;100.0;0.0;1.0;1.0;1.0;0.0;2022
Guarulhos;2;68.0;1237.0;0.0;648.0;0.0;0.0;2.0;612.0;584.0;39.0;0.0;1.0;1.0;0.0;1.0;2022
Guarulhos;2;45.0;567.0;185.0;382.0;0.0;0.0;180.0;327.0;60.0;0.0;0.0;0.0;1.0;0.0;1.0;2022
Guarulhos;2;32.0;469.0;469.0;0.0;0.0;0.0;459.0;10.0;0.0;0.0;0.0;1.0;1.0;1.0;0.0;2022
Guarulhos;2;68.0;1469.0;0.0;505.0;0.0;0.0;0.0;468.0;908.0;93.0;0.0;1.0;1.0;0.0;1.0;2022
Guarulhos;2;58.0;1176.0;0.0;578.0;0.0;0.0;2.0;522.0;600.0;52.0;0.0;0.0;1.0;1.0;0.0;2022
Guarulhos;2;91.0;1737.0;0.0;887.0;0.0;0.0;1.0;814.0;861.0;61.0;0.0;1.0;1.0;0.0;1.0;2022
Guarulhos;2;;;;;;;;;;;;;;;;2022
Guarulhos;2;36.0;639.0;639.0;0.0;0.0;0.0;616.0;23.0;0.0;0.0;0.0;0.0;1.0;0.0;1.0;2022
Guarulhos;2;29.0;510.0;261.0;249.0;0.0;0.0;252.0;247.0;11.0;0.0;0.0;1.0;1.0;1.0;1.0;2022
Guarulhos;2;47.0;822.0;0.0;567.0;0.0;0.0;2.0;524.0;277.0;19.0;0.0;0.0;1.0;1.0;1.0;2022
Guarulhos;2;56.0;1043.0;0.0;1043.0;0.0;0.0;1.0;964.0;78.0;0.0;0.0;1.0;1.0;0.0;0.0;2022
Guarulhos;2;42.0;645.0;0.0;398.0;0.0;0.0;0.0;348.0;275.0;22.0;0.0;1.0;1.0;1.0;0.0;2022
Guarulhos;2;22.0;328.0;0.0;0.0;0.0;0.0;0.0;2.0;298.0;28.0;0.0;1.0;1.0;1.0;1.0;2022
Guarulhos;2;102.0;2050.0;0.0;557.0;0.0;0.0;1.0;486.0;1320.0;243.0;0.0;1.0;1.0;1.0;1.0;2022
Guarulhos;2;55.0;831.0;124.0;707.0;0.0;0.0;130.0;645.0;56.0;0.0;0.0;0.0;1.0;1.0;1.0;2022
Guarulhos;2;17.0;250.0;250.0;0.0;0.0;0.0;238.0;12.0;0.0;0.0;0.0;1.0;1.0;1.0;1.0;2022
Guarulhos;2;25.0;430.0;0.0;295.0;0.0;0.0;1.0;274.0;141.0;14.0;0.0;1.0;1.0;1.0;0.0;2022
Guarulhos;2;50.0;844.0;556.0;288.0;0.0;0.0;526.0;317.0;1.0;0.0;1.0;1.0;1.0;1.0;1.0;2022
Guarulhos;2;74.0;1242.0;0.0;639.0;0.0;0.0;0.0;586.0;600.0;56.0;0.0;1.0;1.0;1.0;1.0;2022
Guarulhos;2;52.0;958.0;0.0;598.0;0.0;0.0;0.0;572.0;365.0;21.0;0.0;1.0;1.0;1.0;1.0;2022
Guarulhos;2;70.0;1338.0;0.0;466.0;0.0;0.0;0.0;466.0;674.0;198.0;0.0;1.0;1.0;0.0;1.0;2022
Guarulhos;2;11.0;33.0;0.0;14.0;0.0;0.0;0.0;0.0;14.0;19.0;0.0;0.0;1.0;0.0;0.0;2022
Guarulhos;2;;;;;;;;;;;;;;;;2022
Guarulhos;2;;;;;;;;;;;0.0;1.0;1.0;0.0;0.0;2022
Guarulhos;2;54.0;1076.0;0.0;200.0;0.0;0.0;0.0;200.0;809.0;67.0;0.0;1.0;1.0;0.0;1.0;2022
Guarulhos;2;12.0;27.0;2.0;17.0;0.0;0.0;0.0;1.0;23.0;3.0;0.0;0.0;0.0;0.0;0.0;2022
Guarulhos;2;34.0;572.0;0.0;279.0;0.0;0.0;0.0;279.0;278.0;15.0;0.0;0.0;1.0;1.0;0.0;2022
Guarulhos;2;19.0;283.0;0.0;0.0;0.0;0.0;0.0;0.0;0.0;283.0;0.0;0.0;0.0;0.0;0.0;2022
Guarulhos;2;15.0;222.0;0.0;0.0;0.0;0.0;0.0;1.0;208.0;13.0;0.0;1.0;1.0;1.0;1.0;2022
Guarulhos;2;7.0;71.0;0.0;0.0;0.0;0.0;0.0;0.0;0.0;71.0;0.0;0.0;0.0;0.0;0.0;2022
Guarulhos;2;7.0;73.0;0.0;0.0;0.0;0.0;0.0;0.0;0.0;73.0;0.0;0.0;0.0;0.0;0.0;2022
Guarulhos;2;39.0;601.0;0.0;601.0;0.0;0.0;2.0;556.0;43.0;0.0;0.0;1.0;1.0;1.0;1.0;2022
Guarulhos;2;77.0;1924.0;0.0;0.0;0.0;0.0;0.0;5.0;1739.0;180.0;0.0;1.0;1.0;0.0;1.0;2022
Guarulhos;2;23.0;301.0;0.0;211.0;0.0;0.0;0.0;194.0;104.0;3.0;0.0;1.0;1.0;1.0;1.0;2022
Guarulhos;2;50.0;866.0;0.0;866.0;0.0;0.0;1.0;822.0;43.0;0.0;0.0;1.0;1.0;1.0;0.0;2022
Guarulhos;2;31.0;505.0;0.0;349.0;0.0;0.0;0.0;326.0;169.0;10.0;0.0;1.0;1.0;1.0;0.0;2022
Guarulhos;2;55.0;1176.0;0.0;539.0;0.0;0.0;0.0;497.0;636.0;43.0;0.0;1.0;1.0;1.0;0.0;2022
Guarulhos;2;99.0;1809.0;0.0;791.0;0.0;0.0;0.0;728.0;912.0;169.0;0.0;1.0;1.0;1.0;1.0;2022
Guarulhos;2;54.0;742.0;0.0;413.0;0.0;0.0;0.0;357.0;349.0;36.0;0.0;1.0;1.0;1.0;1.0;2022
Guarulhos;2;38.0;659.0;659.0;0.0;0.0;0.0;637.0;22.0;0.0;0.0;0.0;0.0;1.0;1.0;0.0;2022
Guarulhos;2;95.0;1919.0;0.0;643.0;0.0;0.0;2.0;609.0;1212.0;96.0;0.0;1.0;1.0;1.0;0.0;2022
Guarulhos;2;38.0;659.0;0.0;659.0;0.0;0.0;0.0;613.0;46.0;0.0;0.0;1.0;1.0;1.0;1.0;2022
Guarulhos;2;22.0;365.0;365.0;0.0;0.0;0.0;345.0;20.0;0.0;0.0;0.0;1.0;1.0;1.0;1.0;2022
Guarulhos;2;39.0;491.0;491.0;0.0;0.0;0.0;467.0;24.0;0.0;0.0;0.0;0.0;1.0;1.0;1.0;2022
Guarulhos;2;37.0;651.0;508.0;143.0;0.0;1.0;492.0;158.0;0.0;0.0;0.0;1.0;1.0;1.0;0.0;2022
Guarulhos;2;42.0;812.0;0.0;294.0;0.0;0.0;2.0;275.0;468.0;67.0;0.0;1.0;1.0;1.0;1.0;2022
Guarulhos;2;51.0;768.0;0.0;768.0;0.0;0.0;2.0;719.0;47.0;0.0;0.0;1.0;1.0;1.0;1.0;2022
Guarulhos;2;76.0;1404.0;579.0;593.0;0.0;0.0;525.0;645.0;21.0;213.0;0.0;1.0;1.0;1.0;1.0;2022
Guarulhos;2;49.0;875.0;441.0;434.0;0.0;1.0;414.0;454.0;6.0;0.0;0.0;1.0;1.0;1.0;1.0;2022
Guarulhos;2;98.0;1954.0;0.0;937.0;0.0;0.0;1.0;867.0;991.0;95.0;0.0;1.0;1.0;1.0;1.0;2022
Guarulhos;2;53.0;790.0;0.0;663.0;0.0;0.0;1.0;615.0;47.0;127.0;0.0;1.0;1.0;1.0;1.0;2022
Guarulhos;2;71.0;1187.0;0.0;239.0;0.0;0.0;0.0;228.0;671.0;288.0;0.0;1.0;1.0;1.0;0.0;2022
Guarulhos;2;23.0;445.0;445.0;0.0;0.0;0.0;421.0;24.0;0.0;0.0;1.0;1.0;1.0;1.0;1.0;2022
Guarulhos;2;101.0;1812.0;0.0;854.0;0.0;0.0;1.0;808.0;951.0;52.0;0.0;0.0;1.0;1.0;1.0;2022
Guarulhos;2;45.0;720.0;0.0;400.0;0.0;0.0;3.0;357.0;314.0;46.0;1.0;1.0;1.0;1.0;1.0;2022
Guarulhos;2;23.0;369.0;0.0;236.0;0.0;0.0;1.0;214.0;140.0;14.0;0.0;0.0;1.0;1.0;0.0;2022
Guarulhos;2;103.0;2167.0;0.0;874.0;0.0;0.0;1.0;822.0;1270.0;74.0;0.0;1.0;1.0;1.0;1.0;2022
Guarulhos;2;46.0;850.0;0.0;560.0;0.0;0.0;0.0;504.0;325.0;21.0;0.0;1.0;1.0;0.0;1.0;2022
Guarulhos;2;28.0;381.0;381.0;0.0;0.0;0.0;366.0;15.0;0.0;0.0;0.0;0.0;1.0;0.0;0.0;2022
Guarulhos;2;61.0;1097.0;0.0;1097.0;0.0;0.0;2.0;1027.0;68.0;0.0;0.0;1.0;1.0;1.0;1.0;2022
Guarulhos;2;61.0;992.0;0.0;992.0;0.0;0.0;1.0;949.0;42.0;0.0;0.0;1.0;1.0;1.0;1.0;2022
Guarulhos;2;95.0;1403.0;393.0;692.0;0.0;0.0;380.0;663.0;111.0;249.0;0.0;1.0;1.0;1.0;1.0;2022
Guarulhos;2;37.0;662.0;0.0;403.0;0.0;0.0;1.0;374.0;260.0;27.0;0.0;1.0;1.0;1.0;1.0;2022
Guarulhos;2;30.0;451.0;0.0;317.0;0.0;0.0;0.0;299.0;146.0;6.0;0.0;0.0;1.0;1.0;1.0;2022
Guarulhos;2;39.0;766.0;0.0;476.0;0.0;0.0;1.0;437.0;310.0;18.0;0.0;1.0;1.0;1.0;1.0;2022
Guarulhos;2;18.0;216.0;216.0;0.0;0.0;0.0;207.0;9.0;0.0;0.0;0.0;1.0;1.0;1.0;1.0;2022
Guarulhos;2;42.0;797.0;0.0;528.0;0.0;0.0;2.0;506.0;271.0;18.0;0.0;1.0;1.0;1.0;1.0;2022
Guarulhos;2;73.0;1088.0;0.0;507.0;0.0;0.0;2.0;456.0;546.0;84.0;0.0;1.0;1.0;0.0;1.0;2022
Guarulhos;2;16.0;246.0;0.0;246.0;0.0;0.0;0.0;232.0;14.0;0.0;0.0;0.0;1.0;0.0;0.0;2022
Guarulhos;2;103.0;1857.0;0.0;957.0;0.0;0.0;3.0;902.0;874.0;78.0;0.0;1.0;1.0;1.0;1.0;2022
Guarulhos;2;47.0;671.0;0.0;0.0;0.0;0.0;0.0;0.0;594.0;77.0;0.0;1.0;1.0;0.0;1.0;2022
Guarulhos;2;66.0;1625.0;0.0;555.0;0.0;0.0;1.0;479.0;1043.0;102.0;0.0;1.0;1.0;1.0;1.0;2022
Guarulhos;2;68.0;1331.0;0.0;556.0;0.0;0.0;2.0;524.0;725.0;80.0;0.0;1.0;1.0;1.0;0.0;2022
Guarulhos;2;78.0;1414.0;0.0;521.0;0.0;0.0;0.0;474.0;622.0;318.0;0.0;1.0;1.0;0.0;1.0;2022
Guarulhos;2;18.0;360.0;0.0;0.0;0.0;0.0;0.0;7.0;335.0;18.0;0.0;1.0;1.0;1.0;1.0;2022
Guarulhos;2;67.0;1506.0;0.0;421.0;0.0;0.0;0.0;403.0;1030.0;73.0;0.0;1.0;1.0;0.0;1.0;2022
Guarulhos;2;72.0;1019.0;0.0;577.0;0.0;0.0;0.0;556.0;430.0;33.0;0.0;1.0;1.0;0.0;1.0;2022
Guarulhos;2;59.0;1140.0;0.0;769.0;0.0;0.0;2.0;726.0;394.0;18.0;0.0;0.0;1.0;0.0;1.0;2022
Guarulhos;2;48.0;714.0;0.0;685.0;0.0;0.0;0.0;645.0;40.0;29.0;0.0;1.0;1.0;1.0;0.0;2022
Guarulhos;2;50.0;959.0;0.0;527.0;0.0;0.0;1.0;491.0;445.0;22.0;0.0;1.0;1.0;0.0;1.0;2022
Guarulhos;2;31.0;470.0;0.0;344.0;0.0;0.0;0.0;321.0;141.0;8.0;0.0;1.0;1.0;1.0;0.0;2022
Guarulhos;2;30.0;452.0;0.0;312.0;0.0;0.0;1.0;292.0;153.0;6.0;0.0;1.0;1.0;1.0;1.0;2022
Guarulhos;2;99.0;1626.0;800.0;826.0;0.0;0.0;760.0;824.0;42.0;0.0;0.0;1.0;1.0;1.0;1.0;2022
Guarulhos;2;35.0;625.0;625.0;0.0;0.0;0.0;598.0;27.0;0.0;0.0;0.0;1.0;1.0;1.0;1.0;2022
Guarulhos;2;56.0;858.0;0.0;858.0;0.0;0.0;0.0;794.0;64.0;0.0;0.0;1.0;1.0;1.0;1.0;2022
Guarulhos;2;47.0;719.0;0.0;380.0;0.0;0.0;1.0;354.0;333.0;31.0;1.0;1.0;1.0;1.0;1.0;2022
Guarulhos;2;46.0;659.0;0.0;353.0;0.0;0.0;1.0;324.0;295.0;39.0;0.0;1.0;1.0;1.0;1.0;2022
Guarulhos;2;38.0;649.0;649.0;0.0;0.0;0.0;619.0;30.0;0.0;0.0;0.0;1.0;1.0;1.0;1.0;2022
Guarulhos;2;81.0;1686.0;0.0;749.0;0.0;0.0;1.0;652.0;709.0;324.0;0.0;1.0;1.0;0.0;1.0;2022
Guarulhos;2;59.0;1230.0;0.0;0.0;0.0;0.0;0.0;3.0;1117.0;110.0;0.0;1.0;1.0;0.0;1.0;2022
Guarulhos;2;;;;;;;;;;;;;;;;2022
Guarulhos;2;;;;;;;;;;;;;;;;2022
Guarulhos;2;61.0;1099.0;150.0;633.0;0.0;0.0;141.0;586.0;252.0;120.0;0.0;1.0;1.0;1.0;0.0;2022
Guarulhos;2;;;;;;;;;;;0.0;0.0;1.0;0.0;0.0;2022
Guatapará;2;22.0;345.0;0.0;0.0;0.0;0.0;0.0;3.0;276.0;66.0;0.0;1.0;1.0;1.0;1.0;2022
Guzolândia;2;34.0;381.0;0.0;235.0;0.0;0.0;2.0;212.0;159.0;8.0;0.0;1.0;1.0;1.0;0.0;2022
Guzolândia;2;;;;;;;;;;;;;;;;2022
Herculândia;2;;;;;;;;;;;;;;;;2022
Herculândia;2;39.0;619.0;0.0;341.0;0.0;0.0;8.0;323.0;258.0;30.0;0.0;1.0;1.0;1.0;0.0;2022
Holambra;2;33.0;671.0;0.0;0.0;0.0;0.0;0.0;2.0;591.0;78.0;0.0;1.0;1.0;1.0;0.0;2022
Hortolândia;2;26.0;434.0;0.0;289.0;0.0;0.0;2.0;269.0;158.0;5.0;0.0;1.0;1.0;1.0;0.0;2022
Hortolândia;2;35.0;660.0;0.0;405.0;0.0;0.0;3.0;376.0;272.0;9.0;0.0;1.0;1.0;1.0;0.0;2022
Hortolândia;2;73.0;1079.0;0.0;630.0;0.0;0.0;3.0;584.0;400.0;92.0;1.0;1.0;1.0;1.0;1.0;2022
Hortolândia;2;;;;;;;;;;;;;;;;2022
Hortolândia;2;17.0;291.0;0.0;0.0;0.0;0.0;0.0;2.0;283.0;6.0;0.0;1.0;1.0;1.0;0.0;2022
Hortolândia;2;32.0;275.0;0.0;183.0;0.0;0.0;2.0;168.0;103.0;2.0;0.0;1.0;1.0;1.0;0.0;2022
Hortolândia;2;44.0;878.0;0.0;522.0;0.0;0.0;1.0;484.0;374.0;19.0;0.0;1.0;1.0;1.0;1.0;2022
Hortolândia;2;41.0;577.0;0.0;577.0;0.0;0.0;2.0;536.0;39.0;0.0;0.0;1.0;1.0;1.0;0.0;2022
Hortolândia;2;;;;;;;;;;;;;;;;2022
Hortolândia;2;54.0;981.0;0.0;548.0;0.0;0.0;0.0;500.0;443.0;38.0;0.0;1.0;1.0;1.0;0.0;2022
Hortolândia;2;40.0;674.0;0.0;435.0;0.0;0.0;3.0;387.0;271.0;13.0;0.0;1.0;1.0;1.0;0.0;2022
Hortolândia;2;76.0;1440.0;0.0;821.0;0.0;0.0;0.0;728.0;679.0;33.0;0.0;1.0;1.0;1.0;0.0;2022
Hortolândia;2;48.0;702.0;0.0;496.0;0.0;0.0;3.0;452.0;240.0;7.0;0.0;1.0;1.0;1.0;0.0;2022
Hortolândia;2;53.0;775.0;0.0;423.0;0.0;0.0;0.0;399.0;351.0;25.0;0.0;1.0;1.0;1.0;1.0;2022
Hortolândia;2;;;;;;;;;;;;;;;;2022
Hortolândia;2;13.0;174.0;0.0;0.0;0.0;0.0;0.0;0.0;0.0;174.0;0.0;1.0;0.0;0.0;0.0;2022
Hortolândia;2;;;;;;;;;;;0.0;0.0;1.0;0.0;0.0;2022
Hortolândia;2;12.0;111.0;0.0;0.0;0.0;0.0;0.0;0.0;0.0;111.0;0.0;1.0;0.0;0.0;0.0;2022
Hortolândia;2;14.0;124.0;0.0;0.0;0.0;0.0;0.0;0.0;0.0;124.0;0.0;1.0;0.0;0.0;0.0;2022
Hortolândia;2;25.0;336.0;0.0;222.0;0.0;0.0;0.0;210.0;119.0;7.0;0.0;1.0;1.0;1.0;1.0;2022
Hortolândia;2;23.0;432.0;0.0;0.0;0.0;0.0;0.0;5.0;405.0;22.0;0.0;1.0;1.0;1.0;1.0;2022
Hortolândia;2;27.0;419.0;0.0;288.0;0.0;0.0;0.0;260.0;147.0;12.0;0.0;1.0;1.0;1.0;1.0;2022
Hortolândia;2;;;;;;;;;;;;;;;;2022
Hortolândia;2;28.0;386.0;0.0;248.0;0.0;0.0;0.0;231.0;147.0;8.0;0.0;1.0;1.0;1.0;1.0;2022
Hortolândia;2;35.0;342.0;0.0;233.0;0.0;0.0;3.0;216.0;119.0;4.0;0.0;1.0;1.0;1.0;0.0;2022
Hortolândia;2;;;;;;;;;;;;;;;;2022
Hortolândia;2;;;;;;;;;;;;;;;;2022
Hortolândia;2;14.0;299.0;0.0;299.0;0.0;0.0;0.0;287.0;12.0;0.0;0.0;1.0;1.0;1.0;1.0;2022
Hortolândia;2;64.0;1199.0;0.0;711.0;0.0;0.0;2.0;658.0;498.0;41.0;0.0;1.0;1.0;1.0;0.0;2022
Hortolândia;2;23.0;491.0;0.0;491.0;0.0;0.0;0.0;464.0;26.0;1.0;0.0;1.0;1.0;1.0;1.0;2022
Hortolândia;2;77.0;1049.0;0.0;454.0;0.0;0.0;1.0;430.0;486.0;132.0;0.0;1.0;1.0;1.0;0.0;2022
Hortolândia;2;73.0;1286.0;0.0;653.0;0.0;0.0;3.0;601.0;429.0;253.0;0.0;1.0;1.0;1.0;0.0;2022
Hortolândia;2;48.0;462.0;124.0;230.0;0.0;0.0;117.0;215.0;124.0;6.0;0.0;1.0;1.0;1.0;0.0;2022
Hortolândia;2;65.0;1166.0;0.0;635.0;0.0;0.0;4.0;584.0;423.0;155.0;0.0;1.0;1.0;1.0;1.0;2022
Hortolândia;2;44.0;635.0;0.0;382.0;0.0;0.0;2.0;353.0;267.0;13.0;0.0;0.0;1.0;1.0;1.0;2022
Hortolândia;2;64.0;977.0;0.0;0.0;0.0;0.0;0.0;3.0;702.0;272.0;0.0;1.0;1.0;1.0;1.0;2022
Iacanga;2;29.0;469.0;0.0;0.0;0.0;0.0;0.0;4.0;431.0;34.0;0.0;1.0;1.0;1.0;1.0;2022
Iacri;2;43.0;431.0;0.0;271.0;0.0;0.0;4.0;263.0;142.0;22.0;0.0;1.0;1.0;1.0;1.0;2022
Iacri;2;17.0;283.0;283.0;0.0;0.0;0.0;277.0;6.0;0.0;0.0;0.0;1.0;1.0;1.0;1.0;2022
Iaras;2;16.0;213.0;0.0;0.0;0.0;0.0;0.0;5.0;185.0;23.0;0.0;0.0;1.0;0.0;0.0;2022
Iaras;2;;;;;;;;;;;;;;;;2022
Iaras;2;;;;;;;;;;;;;;;;2022
Iaras;2;;;;;;;;;;;;;;;;2022
Iaras;2;18.0;192.0;0.0;0.0;0.0;0.0;0.0;0.0;0.0;192.0;0.0;0.0;1.0;0.0;0.0;2022
Iaras;2;18.0;47.0;1.0;22.0;0.0;0.0;0.0;1.0;32.0;14.0;0.0;0.0;1.0;0.0;0.0;2022
Iaras;2;20.0;57.0;0.0;19.0;0.0;0.0;0.0;1.0;29.0;27.0;0.0;1.0;1.0;0.0;0.0;2022
Iaras;2;14.0;71.0;0.0;0.0;0.0;0.0;0.0;1.0;64.0;6.0;0.0;1.0;1.0;1.0;0.0;2022
Ibaté;2;29.0;394.0;0.0;262.0;0.0;0.0;12.0;243.0;133.0;6.0;1.0;0.0;1.0;1.0;1.0;2022
Ibaté;2;23.0;332.0;0.0;279.0;0.0;0.0;7.0;264.0;59.0;2.0;0.0;1.0;1.0;1.0;1.0;2022
Ibaté;2;35.0;558.0;0.0;344.0;0.0;0.0;7.0;317.0;227.0;7.0;0.0;1.0;1.0;1.0;1.0;2022
Ibaté;2;;;;;;;;;;;;;;;;2022
Ibaté;2;31.0;416.0;0.0;0.0;0.0;0.0;0.0;15.0;357.0;44.0;1.0;1.0;1.0;1.0;0.0;2022
Ibaté;2;57.0;1132.0;0.0;421.0;0.0;0.0;8.0;395.0;500.0;229.0;0.0;1.0;1.0;1.0;1.0;2022
Ibaté;2;19.0;350.0;0.0;269.0;0.0;0.0;8.0;254.0;84.0;4.0;0.0;1.0;1.0;1.0;1.0;2022
Ibaté;2;29.0;396.0;0.0;294.0;0.0;0.0;6.0;257.0;127.0;6.0;0.0;1.0;1.0;1.0;1.0;2022
Ibirá;2;29.0;418.0;0.0;0.0;0.0;0.0;0.0;5.0;303.0;110.0;0.0;1.0;1.0;1.0;0.0;2022
Ibirarema;2;45.0;575.0;0.0;306.0;0.0;0.0;4.0;294.0;189.0;88.0;0.0;1.0;1.0;1.0;0.0;2022
Ibitinga;2;29.0;456.0;0.0;404.0;0.0;0.0;12.0;380.0;62.0;2.0;0.0;1.0;1.0;1.0;1.0;2022
Ibitinga;2;66.0;1488.0;0.0;390.0;0.0;0.0;3.0;366.0;1034.0;85.0;0.0;1.0;1.0;1.0;0.0;2022
Ibitinga;2;29.0;419.0;331.0;88.0;0.0;0.0;328.0;90.0;1.0;0.0;0.0;1.0;1.0;1.0;0.0;2022
Ibitinga;2;19.0;311.0;220.0;91.0;0.0;0.0;222.0;89.0;0.0;0.0;0.0;1.0;1.0;1.0;0.0;2022
Ibitinga;2;38.0;862.0;0.0;419.0;0.0;0.0;2.0;422.0;433.0;5.0;0.0;0.0;1.0;1.0;1.0;2022
Ibitinga;2;53.0;881.0;0.0;384.0;0.0;0.0;7.0;374.0;337.0;163.0;0.0;1.0;1.0;1.0;0.0;2022
Ibitinga;2;32.0;304.0;0.0;0.0;0.0;0.0;0.0;6.0;207.0;91.0;0.0;1.0;1.0;0.0;0.0;2022
Ibitinga;2;;;;;;;;;;;0.0;1.0;1.0;0.0;1.0;2022
Ibitinga;2;35.0;684.0;149.0;434.0;0.0;0.0;149.0;427.0;108.0;0.0;0.0;1.0;1.0;1.0;1.0;2022
Ibitinga;2;20.0;295.0;0.0;266.0;0.0;0.0;5.0;245.0;43.0;2.0;0.0;1.0;1.0;1.0;0.0;2022
Ibiúna;2;26.0;390.0;0.0;234.0;0.0;0.0;2.0;218.0;160.0;10.0;0.0;1.0;1.0;1.0;0.0;2022
Ibiúna;2;28.0;367.0;0.0;367.0;0.0;0.0;3.0;335.0;29.0;0.0;0.0;1.0;1.0;1.0;1.0;2022
Ibiúna;2;31.0;561.0;0.0;348.0;0.0;0.0;3.0;321.0;230.0;7.0;1.0;0.0;1.0;1.0;1.0;2022
Ibiúna;2;28.0;435.0;0.0;274.0;0.0;0.0;8.0;257.0;161.0;9.0;0.0;1.0;1.0;1.0;1.0;2022
Ibiúna;2;55.0;876.0;0.0;411.0;0.0;0.0;6.0;389.0;465.0;16.0;0.0;1.0;1.0;1.0;0.0;2022
Ibiúna;2;31.0;518.0;0.0;333.0;0.0;0.0;5.0;319.0;188.0;6.0;0.0;1.0;1.0;1.0;1.0;2022
Ibiúna;2;67.0;1529.0;0.0;551.0;0.0;0.0;8.0;520.0;725.0;276.0;0.0;1.0;1.0;1.0;1.0;2022
Ibiúna;2;18.0;344.0;0.0;344.0;0.0;0.0;4.0;318.0;22.0;0.0;0.0;1.0;1.0;0.0;0.0;2022
Ibiúna;2;22.0;263.0;0.0;263.0;0.0;0.0;4.0;247.0;12.0;0.0;0.0;1.0;1.0;1.0;0.0;2022
Ibiúna;2;;;;;;;;;;;0.0;0.0;1.0;0.0;0.0;2022
Ibiúna;2;29.0;566.0;0.0;360.0;0.0;0.0;10.0;321.0;220.0;15.0;1.0;1.0;1.0;1.0;1.0;2022
Ibiúna;2;30.0;378.0;0.0;226.0;0.0;0.0;3.0;207.0;161.0;7.0;1.0;0.0;1.0;1.0;0.0;2022
Ibiúna;2;28.0;513.0;0.0;312.0;0.0;0.0;8.0;282.0;212.0;11.0;0.0;0.0;1.0;1.0;1.0;2022
Ibiúna;2;38.0;604.0;0.0;353.0;0.0;0.0;12.0;330.0;246.0;16.0;0.0;1.0;1.0;0.0;0.0;2022
Icém;2;7.0;61.0;0.0;0.0;0.0;0.0;0.0;0.0;0.0;61.0;1.0;0.0;0.0;0.0;0.0;2022
Icém;2;24.0;254.0;0.0;0.0;0.0;0.0;0.0;4.0;190.0;60.0;0.0;1.0;1.0;1.0;1.0;2022
Iepê;2;40.0;643.0;0.0;371.0;0.0;0.0;1.0;360.0;267.0;15.0;0.0;1.0;1.0;1.0;0.0;2022
Igaraçu do Tietê;2;44.0;637.0;0.0;434.0;0.0;0.0;0.0;408.0;222.0;7.0;1.0;1.0;1.0;1.0;0.0;2022
Igaraçu do Tietê;2;;;;;;;;;;;;;;;;2022
Igaraçu do Tietê;2;52.0;660.0;0.0;417.0;0.0;0.0;1.0;375.0;269.0;15.0;0.0;1.0;1.0;1.0;0.0;2022
Igaraçu do Tietê;2;;;;;;;;;;;;;;;;2022
Igaraçu do Tietê;2;;;;;;;;;;;;;;;;2022
Igaraçu do Tietê;2;;;;;;;;;;;0.0;1.0;1.0;0.0;0.0;2022
Igarapava;2;34.0;449.0;0.0;0.0;0.0;0.0;0.0;12.0;325.0;112.0;0.0;1.0;1.0;1.0;1.0;2022
Igarapava;2;38.0;763.0;0.0;0.0;0.0;0.0;0.0;5.0;652.0;106.0;1.0;1.0;1.0;1.0;1.0;2022
Igaratá;2;43.0;639.0;0.0;238.0;0.0;0.0;1.0;216.0;366.0;56.0;0.0;1.0;1.0;1.0;0.0;2022
Igaratá;2;;;;;;;;;;;;;;;;2022
Igaratá;2;;;;;;;;;;;;;;;;2022
Iguape;2;13.0;158.0;0.0;158.0;0.0;0.0;1.0;151.0;6.0;0.0;0.0;1.0;1.0;1.0;1.0;2022
Iguape;2;37.0;477.0;0.0;0.0;0.0;0.0;0.0;4.0;370.0;103.0;0.0;1.0;1.0;1.0;1.0;2022
Iguape;2;12.0;238.0;0.0;238.0;0.0;0.0;11.0;224.0;3.0;0.0;0.0;1.0;1.0;1.0;0.0;2022
Iguape;2;27.0;370.0;0.0;0.0;0.0;0.0;0.0;5.0;327.0;38.0;1.0;1.0;1.0;1.0;1.0;2022
Iguape;2;26.0;441.0;0.0;425.0;0.0;0.0;5.0;397.0;27.0;12.0;0.0;1.0;1.0;1.0;1.0;2022
Iguape;2;27.0;236.0;101.0;86.0;0.0;0.0;101.0;83.0;46.0;6.0;0.0;0.0;1.0;1.0;0.0;2022
Iguape;2;45.0;755.0;0.0;337.0;0.0;0.0;7.0;326.0;354.0;68.0;0.0;0.0;1.0;1.0;0.0;2022
Iguape;2;15.0;109.0;0.0;65.0;0.0;0.0;0.0;63.0;43.0;3.0;1.0;1.0;1.0;1.0;0.0;2022
Iguape;2;;;;;;;;;;;;;;;;2022
Iguape;2;4.0;19.0;9.0;6.0;0.0;2.0;11.0;6.0;0.0;0.0;0.0;0.0;1.0;0.0;1.0;2022
Iguape;2;;;;;;;;;;;;;;;;2022
Iguape;2;;;;;;;;;;;;;;;;2022
Iguape;2;;;;;;;;;;;;;;;;2022
Iguape;2;;;;;;;;;;;;;;;;2022
Iguape;2;;;;;;;;;;;;;;;;2022
Iguape;2;;;;;;;;;;;;;;;;2022
Iguape;2;;;;;;;;;;;;;;;;2022
Iguape;2;;;;;;;;;;;;;;;;2022
Iguape;2;;;;;;;;;;;;;;;;2022
Iguape;2;;;;;;;;;;;;;;;;2022
Iguape;2;6.0;24.0;12.0;8.0;0.0;4.0;12.0;5.0;2.0;1.0;0.0;0.0;0.0;0.0;1.0;2022
Iguape;2;;;;;;;;;;;;;;;;2022
Iguape;2;;;;;;;;;;;;;;;;2022
Iguape;2;7.0;34.0;17.0;6.0;0.0;4.0;14.0;6.0;4.0;6.0;0.0;0.0;1.0;0.0;1.0;2022
Iguape;2;15.0;231.0;0.0;124.0;0.0;0.0;1.0;117.0;105.0;8.0;0.0;0.0;1.0;1.0;0.0;2022
Iguape;2;8.0;47.0;0.0;47.0;0.0;0.0;2.0;45.0;0.0;0.0;0.0;1.0;1.0;1.0;0.0;2022
Iguape;2;8.0;52.0;0.0;52.0;0.0;0.0;1.0;48.0;3.0;0.0;0.0;1.0;1.0;0.0;0.0;2022
Iguape;2;;;;;;;;;;;;;;;;2022
Ilhabela;2;39.0;502.0;0.0;0.0;0.0;0.0;0.0;2.0;371.0;129.0;0.0;1.0;1.0;0.0;1.0;2022
Ilhabela;2;15.0;217.0;0.0;0.0;0.0;0.0;0.0;0.0;208.0;9.0;0.0;1.0;1.0;1.0;1.0;2022
Ilhabela;2;;;;;;;;;;;;;;;;2022
Ilhabela;2;40.0;498.0;0.0;0.0;0.0;0.0;0.0;3.0;461.0;34.0;0.0;1.0;1.0;1.0;1.0;2022
Ilhabela;2;;;;;;;;;;;;;;;;2022
Ilhabela;2;;;;;;;;;;;;;;;;2022
Ilha Comprida;2;38.0;422.0;0.0;0.0;0.0;0.0;0.0;1.0;364.0;57.0;0.0;1.0;1.0;1.0;1.0;2022
Ilha Solteira;2;21.0;386.0;0.0;386.0;0.0;0.0;12.0;357.0;17.0;0.0;0.0;1.0;1.0;1.0;1.0;2022
Ilha Solteira;2;50.0;766.0;0.0;457.0;0.0;0.0;9.0;399.0;223.0;135.0;0.0;1.0;1.0;1.0;0.0;2022
Ilha Solteira;2;24.0;387.0;0.0;135.0;0.0;0.0;3.0;133.0;236.0;15.0;0.0;1.0;1.0;1.0;0.0;2022
Ilha Solteira;2;4.0;15.0;0.0;0.0;15.0;0.0;0.0;0.0;0.0;0.0;1.0;0.0;1.0;0.0;0.0;2022
Ilha Solteira;2;;;;;;;;;;;;;;;;2022
Ilha Solteira;2;62.0;871.0;0.0;0.0;0.0;0.0;0.0;3.0;419.0;449.0;1.0;1.0;1.0;0.0;1.0;2022
Indaiatuba;2;34.0;675.0;0.0;370.0;0.0;0.0;2.0;345.0;310.0;18.0;0.0;1.0;1.0;1.0;0.0;2022
Indaiatuba;2;;;;;;;;;;;;;;;;2022
Indaiatuba;2;;;;;;;;;;;;;;;;2022
Indaiatuba;2;31.0;516.0;0.0;516.0;0.0;0.0;2.0;494.0;20.0;0.0;0.0;1.0;1.0;1.0;0.0;2022
Indaiatuba;2;52.0;1329.0;0.0;489.0;0.0;0.0;4.0;455.0;564.0;306.0;1.0;1.0;1.0;1.0;0.0;2022
Indaiatuba;2;71.0;1801.0;0.0;563.0;0.0;0.0;1.0;524.0;1149.0;127.0;0.0;1.0;1.0;1.0;0.0;2022
Indaiatuba;2;22.0;466.0;0.0;300.0;0.0;0.0;1.0;284.0;177.0;4.0;0.0;1.0;1.0;1.0;0.0;2022
Indaiatuba;2;58.0;1328.0;0.0;608.0;0.0;0.0;0.0;562.0;703.0;63.0;0.0;1.0;1.0;1.0;1.0;2022
Indaiatuba;2;38.0;708.0;0.0;403.0;0.0;0.0;1.0;360.0;334.0;13.0;0.0;1.0;1.0;1.0;0.0;2022
Indaiatuba;2;64.0;1804.0;0.0;964.0;0.0;0.0;1.0;868.0;873.0;62.0;0.0;1.0;1.0;1.0;0.0;2022
Indaiatuba;2;35.0;487.0;0.0;279.0;0.0;0.0;1.0;254.0;217.0;15.0;0.0;1.0;1.0;1.0;0.0;2022
Indaiatuba;2;52.0;1039.0;0.0;461.0;0.0;0.0;2.0;414.0;535.0;88.0;0.0;1.0;1.0;1.0;0.0;2022
Indaiatuba;2;54.0;1024.0;0.0;562.0;0.0;0.0;3.0;523.0;462.0;36.0;0.0;1.0;1.0;0.0;1.0;2022
Indaiatuba;2;;;;;;;;;;;;;;;;2022
Indaiatuba;2;20.0;436.0;0.0;0.0;0.0;0.0;0.0;4.0;424.0;8.0;0.0;1.0;1.0;1.0;1.0;2022
Indaiatuba;2;42.0;795.0;0.0;487.0;0.0;0.0;1.0;448.0;325.0;21.0;0.0;1.0;1.0;1.0;1.0;2022
Indaiatuba;2;;;;;;;;;;;;;;;;2022
Indaiatuba;2;38.0;677.0;0.0;436.0;0.0;0.0;0.0;396.0;272.0;9.0;0.0;1.0;1.0;1.0;0.0;2022
Indaiatuba;2;22.0;433.0;0.0;285.0;0.0;0.0;5.0;266.0;158.0;4.0;0.0;1.0;1.0;1.0;0.0;2022
Indaiatuba;2;33.0;487.0;0.0;365.0;0.0;0.0;0.0;316.0;162.0;9.0;0.0;1.0;1.0;1.0;1.0;2022
Indaiatuba;2;29.0;601.0;0.0;321.0;0.0;0.0;1.0;293.0;290.0;17.0;0.0;1.0;1.0;1.0;0.0;2022
Indaiatuba;2;52.0;1542.0;0.0;702.0;0.0;0.0;1.0;644.0;858.0;39.0;0.0;1.0;1.0;1.0;0.0;2022
Indaiatuba;2;;;;;;;;;;;;;;;;2022
Indaiatuba;2;33.0;515.0;0.0;317.0;0.0;0.0;0.0;278.0;220.0;17.0;0.0;1.0;1.0;1.0;0.0;2022
Indaiatuba;2;70.0;1770.0;0.0;817.0;0.0;0.0;4.0;739.0;952.0;75.0;0.0;1.0;1.0;1.0;0.0;2022
Indaiatuba;2;39.0;783.0;0.0;609.0;0.0;0.0;0.0;552.0;60.0;171.0;0.0;1.0;1.0;1.0;0.0;2022
Indiana;2;26.0;384.0;0.0;214.0;0.0;0.0;0.0;210.0;158.0;16.0;0.0;1.0;1.0;1.0;1.0;2022
Indiaporã;2;;;;;;;;;;;;;;;;2022
Indiaporã;2;18.0;264.0;0.0;176.0;0.0;0.0;0.0;163.0;98.0;3.0;0.0;1.0;1.0;1.0;1.0;2022
Inúbia Paulista;2;37.0;249.0;0.0;154.0;0.0;0.0;1.0;146.0;83.0;19.0;0.0;1.0;1.0;1.0;0.0;2022
Ipaussu;2;35.0;421.0;0.0;0.0;0.0;0.0;0.0;5.0;332.0;84.0;1.0;1.0;1.0;1.0;0.0;2022
Ipaussu;2;35.0;422.0;0.0;0.0;0.0;0.0;0.0;4.0;300.0;118.0;0.0;1.0;1.0;1.0;1.0;2022
Iperó;2;40.0;653.0;0.0;0.0;0.0;0.0;0.0;4.0;522.0;127.0;0.0;1.0;1.0;1.0;0.0;2022
Iperó;2;15.0;130.0;0.0;0.0;0.0;0.0;0.0;0.0;0.0;130.0;1.0;0.0;0.0;0.0;0.0;2022
Iperó;2;25.0;556.0;0.0;0.0;0.0;0.0;0.0;2.0;436.0;118.0;0.0;1.0;1.0;1.0;1.0;2022
Ipeúna;2;16.0;270.0;0.0;141.0;0.0;0.0;3.0;136.0;125.0;6.0;0.0;1.0;1.0;1.0;1.0;2022
Ipeúna;2;23.0;379.0;0.0;212.0;0.0;0.0;2.0;215.0;155.0;7.0;1.0;1.0;1.0;1.0;1.0;2022
Ipiguá;2;36.0;583.0;0.0;393.0;0.0;0.0;2.0;372.0;190.0;19.0;0.0;1.0;1.0;1.0;0.0;2022
Iporanga;2;5.0;9.0;0.0;1.0;0.0;0.0;0.0;1.0;2.0;6.0;0.0;0.0;0.0;0.0;0.0;2022
Iporanga;2;5.0;13.0;0.0;7.0;0.0;0.0;1.0;3.0;5.0;4.0;0.0;0.0;0.0;0.0;0.0;2022
Iporanga;2;25.0;323.0;0.0;164.0;0.0;0.0;2.0;155.0;158.0;8.0;0.0;1.0;1.0;1.0;0.0;2022
Ipuã;2;31.0;530.0;0.0;0.0;0.0;0.0;0.0;7.0;446.0;77.0;0.0;1.0;1.0;1.0;0.0;2022
Iracemápolis;2;48.0;777.0;0.0;311.0;0.0;0.0;1.0;286.0;347.0;143.0;0.0;1.0;1.0;1.0;0.0;2022
Iracemápolis;2;32.0;730.0;0.0;398.0;0.0;0.0;0.0;364.0;358.0;8.0;0.0;1.0;1.0;1.0;0.0;2022
Iracemápolis;2;24.0;361.0;0.0;361.0;0.0;0.0;0.0;336.0;25.0;0.0;0.0;1.0;1.0;1.0;1.0;2022
Irapuã;2;42.0;569.0;0.0;351.0;0.0;0.0;6.0;333.0;209.0;21.0;0.0;1.0;1.0;1.0;1.0;2022
Irapuru;2;32.0;397.0;0.0;232.0;0.0;0.0;3.0;217.0;158.0;19.0;0.0;1.0;1.0;1.0;1.0;2022
Irapuru;2;;;;;;;;;;;;;;;;2022
Irapuru;2;13.0;35.0;1.0;10.0;0.0;0.0;0.0;1.0;24.0;10.0;0.0;0.0;0.0;1.0;1.0;2022
Irapuru;2;10.0;30.0;0.0;5.0;0.0;0.0;0.0;0.0;25.0;5.0;0.0;0.0;0.0;1.0;1.0;2022
Irapuru;2;7.0;82.0;0.0;0.0;0.0;0.0;0.0;0.0;0.0;82.0;0.0;0.0;0.0;0.0;0.0;2022
Itaberá;2;14.0;161.0;0.0;105.0;0.0;0.0;2.0;102.0;55.0;2.0;0.0;1.0;1.0;1.0;0.0;2022
Itaberá;2;17.0;261.0;261.0;0.0;0.0;0.0;260.0;1.0;0.0;0.0;0.0;0.0;1.0;1.0;0.0;2022
Itaberá;2;46.0;519.0;0.0;294.0;0.0;0.0;4.0;282.0;213.0;20.0;0.0;0.0;1.0;1.0;0.0;2022
Itaberá;2;22.0;311.0;0.0;202.0;0.0;0.0;1.0;202.0;106.0;2.0;0.0;1.0;1.0;1.0;0.0;2022
Itaberá;2;;;;;;;;;;;;;;;;2022
Itaberá;2;;;;;;;;;;;;;;;;2022
Itaberá;2;26.0;255.0;0.0;144.0;0.0;0.0;4.0;135.0;111.0;5.0;0.0;1.0;1.0;1.0;1.0;2022
Itaberá;2;;;;;;;;;;;;;;;;2022
Itaberá;2;26.0;299.0;0.0;156.0;0.0;0.0;7.0;149.0;139.0;4.0;0.0;1.0;1.0;1.0;0.0;2022
Itaberá;2;18.0;271.0;271.0;0.0;0.0;0.0;269.0;2.0;0.0;0.0;0.0;1.0;1.0;1.0;1.0;2022
Itaberá;2;8.0;116.0;116.0;0.0;0.0;0.0;116.0;0.0;0.0;0.0;0.0;1.0;1.0;1.0;1.0;2022
Itaberá;2;8.0;86.0;86.0;0.0;0.0;0.0;86.0;0.0;0.0;0.0;0.0;1.0;1.0;1.0;0.0;2022
Itaberá;2;20.0;323.0;323.0;0.0;0.0;2.0;320.0;1.0;0.0;0.0;0.0;0.0;1.0;0.0;1.0;2022
Itaberá;2;8.0;85.0;85.0;0.0;0.0;0.0;85.0;0.0;0.0;0.0;0.0;0.0;1.0;0.0;1.0;2022
Itaí;2;53.0;842.0;0.0;463.0;0.0;0.0;8.0;423.0;373.0;38.0;0.0;1.0;1.0;1.0;0.0;2022
Itaí;2;20.0;191.0;0.0;0.0;0.0;0.0;0.0;0.0;0.0;191.0;0.0;0.0;0.0;0.0;0.0;2022
Itaí;2;31.0;590.0;0.0;402.0;0.0;0.0;3.0;390.0;193.0;4.0;0.0;0.0;1.0;1.0;1.0;2022
Itaí;2;;;;;;;;;;;;;;;;2022
Itaí;2;41.0;626.0;0.0;399.0;0.0;0.0;10.0;360.0;251.0;5.0;0.0;0.0;1.0;1.0;1.0;2022
Itajobi;2;41.0;372.0;0.0;0.0;0.0;0.0;0.0;8.0;327.0;37.0;0.0;1.0;1.0;1.0;1.0;2022
Itaju;2;35.0;324.0;0.0;186.0;0.0;0.0;2.0;175.0;142.0;5.0;0.0;1.0;1.0;1.0;1.0;2022
Itanhaém;2;78.0;1035.0;0.0;188.0;0.0;0.0;0.0;182.0;787.0;66.0;0.0;1.0;1.0;1.0;0.0;2022
Itanhaém;2;;;;;;;;;;;;;;;;2022
Itanhaém;2;59.0;753.0;0.0;0.0;0.0;0.0;0.0;1.0;681.0;71.0;0.0;1.0;1.0;1.0;0.0;2022
Itanhaém;2;77.0;653.0;0.0;310.0;0.0;0.0;2.0;279.0;353.0;19.0;0.0;1.0;1.0;1.0;1.0;2022
Itanhaém;2;55.0;850.0;0.0;0.0;0.0;0.0;0.0;2.0;524.0;324.0;0.0;1.0;1.0;1.0;0.0;2022
Itanhaém;2;;;;;;;;;;;;;;;;2022
Itanhaém;2;67.0;805.0;0.0;390.0;0.0;0.0;0.0;343.0;421.0;41.0;0.0;1.0;1.0;1.0;0.0;2022
Itanhaém;2;;;;;;;;;;;;;;;;2022
Itanhaém;2;59.0;789.0;0.0;184.0;0.0;0.0;2.0;139.0;568.0;80.0;0.0;1.0;1.0;1.0;0.0;2022
Itanhaém;2;;;;;;;;;;;;;;;;2022
Itanhaém;2;3.0;23.0;11.0;9.0;0.0;3.0;8.0;9.0;2.0;1.0;0.0;0.0;1.0;0.0;0.0;2022
Itanhaém;2;37.0;561.0;0.0;0.0;0.0;0.0;0.0;1.0;398.0;162.0;1.0;1.0;1.0;1.0;1.0;2022
Itanhaém;2;;;;;;;;;;;;;;;;2022
Itanhaém;2;2.0;6.0;4.0;2.0;0.0;0.0;3.0;1.0;2.0;0.0;0.0;0.0;0.0;0.0;0.0;2022
Itanhaém;2;32.0;508.0;0.0;94.0;0.0;0.0;0.0;91.0;341.0;76.0;0.0;1.0;1.0;1.0;0.0;2022
Itanhaém;2;;;;;;;;;;;;;;;;2022
Itanhaém;2;;;;;;;;;;;;;;;;2022
Itanhaém;2;;;;;;;;;;;;;;;;2022
Itanhaém;2;;;;;;;;;;;;;;;;2022
Itanhaém;2;;;;;;;;;;;;;;;;2022
Itanhaém;2;;;;;;;;;;;;;;;;2022
Itanhaém;2;47.0;665.0;0.0;0.0;0.0;0.0;0.0;1.0;511.0;153.0;0.0;1.0;1.0;1.0;0.0;2022
Itanhaém;2;;;;;;;;;;;0.0;1.0;1.0;0.0;0.0;2022
Itaoca;2;20.0;199.0;0.0;97.0;0.0;0.0;2.0;96.0;77.0;24.0;0.0;1.0;1.0;1.0;0.0;2022
Itaoca;2;17.0;144.0;38.0;56.0;0.0;0.0;38.0;51.0;48.0;7.0;0.0;0.0;1.0;1.0;0.0;2022
Itaoca;2;25.0;103.0;35.0;38.0;0.0;0.0;34.0;36.0;31.0;2.0;0.0;1.0;1.0;1.0;0.0;2022
Itaoca;2;2.0;6.0;6.0;0.0;0.0;0.0;6.0;0.0;0.0;0.0;0.0;0.0;0.0;0.0;0.0;2022
Itapecerica da Serra;2;15.0;205.0;0.0;205.0;0.0;0.0;5.0;187.0;13.0;0.0;0.0;0.0;1.0;1.0;1.0;2022
Itapecerica da Serra;2;37.0;809.0;0.0;478.0;0.0;0.0;4.0;422.0;361.0;22.0;0.0;1.0;1.0;1.0;1.0;2022
Itapecerica da Serra;2;33.0;551.0;0.0;364.0;0.0;0.0;4.0;333.0;202.0;12.0;0.0;0.0;1.0;1.0;1.0;2022
Itapecerica da Serra;2;21.0;304.0;0.0;194.0;0.0;0.0;4.0;174.0;120.0;6.0;0.0;1.0;1.0;1.0;1.0;2022
Itapecerica da Serra;2;85.0;1084.0;0.0;474.0;0.0;0.0;10.0;416.0;424.0;234.0;0.0;1.0;1.0;1.0;0.0;2022
Itapecerica da Serra;2;81.0;1344.0;0.0;482.0;0.0;0.0;5.0;454.0;608.0;277.0;0.0;0.0;1.0;1.0;1.0;2022
Itapecerica da Serra;2;22.0;368.0;0.0;244.0;0.0;0.0;0.0;226.0;133.0;9.0;0.0;0.0;1.0;1.0;0.0;2022
Itapecerica da Serra;2;55.0;1063.0;0.0;707.0;0.0;0.0;9.0;628.0;380.0;46.0;0.0;1.0;1.0;1.0;1.0;2022
Itapecerica da Serra;2;40.0;414.0;208.0;206.0;0.0;0.0;210.0;179.0;24.0;1.0;0.0;1.0;1.0;1.0;1.0;2022
Itapecerica da Serra;2;33.0;535.0;0.0;396.0;0.0;0.0;7.0;348.0;170.0;10.0;0.0;0.0;1.0;1.0;0.0;2022
Itapecerica da Serra;2;68.0;1169.0;0.0;472.0;0.0;0.0;6.0;412.0;440.0;311.0;0.0;1.0;1.0;1.0;0.0;2022
Itapecerica da Serra;2;87.0;1473.0;0.0;795.0;0.0;0.0;8.0;718.0;706.0;41.0;0.0;1.0;1.0;1.0;0.0;2022
Itapecerica da Serra;2;25.0;441.0;0.0;268.0;0.0;0.0;3.0;249.0;185.0;4.0;0.0;1.0;1.0;1.0;1.0;2022
Itapecerica da Serra;2;22.0;270.0;0.0;167.0;0.0;0.0;2.0;156.0;112.0;0.0;0.0;0.0;1.0;1.0;0.0;2022
Itapecerica da Serra;2;54.0;402.0;0.0;218.0;0.0;0.0;2.0;193.0;196.0;11.0;0.0;1.0;1.0;1.0;0.0;2022
Itapecerica da Serra;2;22.0;377.0;0.0;255.0;0.0;0.0;3.0;240.0;131.0;3.0;0.0;1.0;1.0;1.0;0.0;2022
Itapecerica da Serra;2;58.0;1187.0;0.0;507.0;0.0;0.0;5.0;458.0;683.0;41.0;0.0;1.0;1.0;1.0;0.0;2022
Itapecerica da Serra;2;11.0;146.0;146.0;0.0;0.0;1.0;142.0;3.0;0.0;0.0;0.0;0.0;1.0;1.0;0.0;2022
Itapecerica da Serra;2;26.0;422.0;0.0;260.0;0.0;0.0;4.0;238.0;174.0;6.0;0.0;0.0;1.0;1.0;0.0;2022
Itapecerica da Serra;2;23.0;362.0;0.0;220.0;0.0;0.0;4.0;196.0;155.0;7.0;0.0;0.0;1.0;1.0;1.0;2022
Itapecerica da Serra;2;19.0;313.0;0.0;313.0;0.0;0.0;5.0;289.0;19.0;0.0;0.0;1.0;1.0;1.0;1.0;2022
Itapecerica da Serra;2;;;;;;;;;;;;;;;;2022
Itapecerica da Serra;2;23.0;327.0;0.0;224.0;0.0;0.0;2.0;209.0;114.0;2.0;0.0;1.0;1.0;1.0;0.0;2022
Itapecerica da Serra;2;33.0;618.0;0.0;454.0;0.0;0.0;7.0;405.0;197.0;9.0;0.0;0.0;1.0;1.0;1.0;2022
Itapecerica da Serra;2;;;;;;;;;;;;;;;;2022
Itapecerica da Serra;2;36.0;655.0;0.0;448.0;0.0;0.0;6.0;411.0;229.0;9.0;0.0;1.0;1.0;1.0;0.0;2022
Itapecerica da Serra;2;14.0;280.0;280.0;0.0;0.0;1.0;275.0;4.0;0.0;0.0;0.0;0.0;1.0;1.0;0.0;2022
Itapecerica da Serra;2;37.0;685.0;0.0;423.0;0.0;0.0;1.0;381.0;293.0;10.0;0.0;0.0;1.0;1.0;1.0;2022
Itapecerica da Serra;2;32.0;549.0;0.0;332.0;0.0;0.0;5.0;294.0;221.0;29.0;0.0;1.0;1.0;1.0;1.0;2022
Itapecerica da Serra;2;25.0;433.0;0.0;288.0;0.0;0.0;5.0;265.0;157.0;6.0;0.0;0.0;1.0;1.0;0.0;2022
Itapecerica da Serra;2;29.0;582.0;0.0;378.0;0.0;0.0;5.0;350.0;214.0;13.0;0.0;1.0;1.0;1.0;1.0;2022
Itapecerica da Serra;2;22.0;288.0;0.0;202.0;0.0;0.0;2.0;189.0;93.0;4.0;0.0;1.0;1.0;1.0;1.0;2022
Itapecerica da Serra;2;;;;;;;;;;;0.0;0.0;1.0;1.0;1.0;2022
Itapetininga;2;31.0;511.0;0.0;317.0;0.0;0.0;13.0;297.0;193.0;8.0;1.0;1.0;1.0;1.0;1.0;2022
Itapetininga;2;71.0;949.0;0.0;317.0;0.0;0.0;8.0;294.0;597.0;50.0;0.0;1.0;1.0;1.0;1.0;2022
Itapetininga;2;60.0;1003.0;0.0;428.0;0.0;0.0;5.0;412.0;550.0;36.0;0.0;1.0;1.0;1.0;1.0;2022
Itapetininga;2;44.0;691.0;0.0;349.0;0.0;0.0;6.0;330.0;337.0;18.0;0.0;1.0;1.0;1.0;1.0;2022
Itapetininga;2;32.0;574.0;0.0;326.0;0.0;0.0;4.0;326.0;236.0;8.0;0.0;1.0;1.0;1.0;0.0;2022
Itapetininga;2;16.0;261.0;0.0;261.0;0.0;0.0;3.0;250.0;8.0;0.0;0.0;0.0;1.0;1.0;1.0;2022
Itapetininga;2;44.0;628.0;0.0;367.0;0.0;0.0;4.0;352.0;217.0;55.0;1.0;0.0;1.0;1.0;1.0;2022
Itapetininga;2;35.0;501.0;0.0;282.0;0.0;0.0;5.0;268.0;219.0;9.0;0.0;0.0;1.0;1.0;1.0;2022
Itapetininga;2;42.0;549.0;0.0;297.0;0.0;0.0;5.0;293.0;240.0;11.0;0.0;1.0;1.0;1.0;1.0;2022
Itapetininga;2;31.0;448.0;0.0;0.0;0.0;0.0;0.0;1.0;341.0;106.0;0.0;0.0;1.0;1.0;1.0;2022
Itapetininga;2;33.0;645.0;0.0;453.0;0.0;0.0;4.0;441.0;198.0;2.0;0.0;1.0;1.0;1.0;0.0;2022
Itapetininga;2;17.0;266.0;266.0;0.0;0.0;2.0;262.0;2.0;0.0;0.0;0.0;1.0;1.0;0.0;0.0;2022
Itapetininga;2;20.0;332.0;0.0;216.0;0.0;0.0;4.0;216.0;108.0;4.0;0.0;1.0;1.0;1.0;0.0;2022
Itapetininga;2;96.0;976.0;0.0;260.0;0.0;0.0;6.0;246.0;419.0;305.0;0.0;0.0;1.0;1.0;1.0;2022
Itapetininga;2;35.0;323.0;0.0;181.0;0.0;0.0;2.0;174.0;142.0;5.0;0.0;0.0;1.0;1.0;1.0;2022
Itapetininga;2;24.0;440.0;0.0;440.0;0.0;0.0;6.0;416.0;18.0;0.0;0.0;0.0;1.0;1.0;0.0;2022
Itapetininga;2;36.0;662.0;0.0;394.0;0.0;0.0;7.0;365.0;262.0;28.0;0.0;1.0;1.0;1.0;1.0;2022
Itapetininga;2;24.0;312.0;0.0;187.0;0.0;0.0;1.0;172.0;120.0;19.0;0.0;1.0;1.0;1.0;0.0;2022
Itapetininga;2;24.0;298.0;298.0;0.0;0.0;3.0;292.0;3.0;0.0;0.0;0.0;1.0;1.0;1.0;0.0;2022
Itapetininga;2;28.0;466.0;0.0;278.0;0.0;0.0;3.0;269.0;186.0;8.0;0.0;0.0;1.0;1.0;0.0;2022
Itapetininga;2;14.0;238.0;0.0;238.0;0.0;0.0;2.0;232.0;4.0;0.0;0.0;1.0;1.0;1.0;1.0;2022
Itapetininga;2;9.0;35.0;0.0;17.0;0.0;0.0;0.0;7.0;23.0;5.0;0.0;0.0;1.0;1.0;1.0;2022
Itapetininga;2;;;;;;;;;;;;;;;;2022
Itapetininga;2;;;;;;;;;;;0.0;1.0;1.0;1.0;1.0;2022
Itapetininga;2;13.0;77.0;0.0;0.0;0.0;0.0;0.0;0.0;0.0;77.0;0.0;0.0;0.0;0.0;0.0;2022
Itapetininga;2;17.0;181.0;0.0;0.0;0.0;0.0;0.0;0.0;0.0;181.0;0.0;0.0;0.0;0.0;0.0;2022
Itapetininga;2;19.0;215.0;0.0;0.0;0.0;0.0;0.0;0.0;0.0;215.0;0.0;0.0;0.0;0.0;0.0;2022
Itapetininga;2;55.0;762.0;0.0;0.0;0.0;0.0;0.0;11.0;522.0;229.0;1.0;1.0;1.0;0.0;0.0;2022
Itapetininga;2;66.0;566.0;0.0;343.0;0.0;0.0;6.0;314.0;236.0;10.0;0.0;0.0;1.0;1.0;0.0;2022
Itapetininga;2;27.0;360.0;0.0;223.0;0.0;0.0;4.0;212.0;127.0;17.0;0.0;1.0;1.0;1.0;1.0;2022
Itapetininga;2;10.0;212.0;212.0;0.0;0.0;3.0;207.0;2.0;0.0;0.0;0.0;1.0;1.0;1.0;0.0;2022
Itapetininga;2;33.0;342.0;0.0;206.0;0.0;0.0;3.0;200.0;124.0;15.0;0.0;1.0;1.0;1.0;0.0;2022
Itapetininga;2;30.0;264.0;0.0;248.0;0.0;0.0;5.0;232.0;11.0;16.0;0.0;1.0;1.0;0.0;0.0;2022
Itapetininga;2;25.0;405.0;0.0;251.0;0.0;0.0;3.0;234.0;162.0;6.0;0.0;1.0;1.0;1.0;1.0;2022
Itapeva;2;55.0;610.0;0.0;0.0;0.0;0.0;0.0;5.0;489.0;116.0;0.0;1.0;1.0;1.0;1.0;2022
Itapeva;2;70.0;1259.0;0.0;0.0;0.0;0.0;0.0;6.0;877.0;376.0;1.0;1.0;1.0;1.0;1.0;2022
Itapeva;2;70.0;883.0;0.0;0.0;0.0;0.0;0.0;3.0;849.0;31.0;0.0;1.0;1.0;1.0;1.0;2022
Itapeva;2;23.0;338.0;0.0;0.0;0.0;0.0;0.0;4.0;326.0;8.0;0.0;1.0;1.0;1.0;1.0;2022
Itapeva;2;19.0;283.0;0.0;0.0;0.0;0.0;0.0;0.0;271.0;12.0;0.0;1.0;1.0;1.0;1.0;2022
Itapeva;2;51.0;615.0;0.0;0.0;0.0;0.0;0.0;2.0;591.0;22.0;0.0;0.0;1.0;1.0;0.0;2022
Itapeva;2;16.0;105.0;0.0;0.0;0.0;0.0;0.0;0.0;103.0;2.0;0.0;1.0;1.0;1.0;1.0;2022
Itapeva;2;15.0;167.0;0.0;0.0;0.0;0.0;0.0;1.0;159.0;7.0;0.0;0.0;1.0;1.0;1.0;2022
Itapeva;2;16.0;160.0;0.0;0.0;0.0;0.0;0.0;0.0;152.0;8.0;0.0;1.0;1.0;1.0;0.0;2022
Itapeva;2;17.0;114.0;0.0;0.0;0.0;0.0;0.0;0.0;107.0;7.0;0.0;1.0;1.0;1.0;1.0;2022
Itapeva;2;;;;;;;;;;;0.0;1.0;1.0;1.0;1.0;2022
Itapeva;2;14.0;86.0;0.0;0.0;0.0;0.0;0.0;0.0;66.0;20.0;0.0;1.0;1.0;1.0;1.0;2022
Itapevi;2;24.0;174.0;0.0;0.0;0.0;0.0;0.0;4.0;85.0;85.0;1.0;1.0;1.0;1.0;1.0;2022
Itapevi;2;53.0;998.0;0.0;580.0;0.0;0.0;7.0;554.0;418.0;19.0;0.0;1.0;1.0;1.0;0.0;2022
Itapevi;2;92.0;2273.0;0.0;1082.0;0.0;0.0;16.0;1030.0;1130.0;97.0;0.0;1.0;1.0;1.0;0.0;2022
Itapevi;2;42.0;896.0;0.0;554.0;0.0;0.0;10.0;516.0;356.0;14.0;0.0;1.0;1.0;1.0;1.0;2022
Itapevi;2;31.0;524.0;0.0;333.0;0.0;0.0;8.0;320.0;192.0;4.0;0.0;1.0;1.0;1.0;1.0;2022
Itapevi;2;95.0;1730.0;0.0;414.0;0.0;0.0;11.0;394.0;656.0;669.0;0.0;1.0;1.0;1.0;1.0;2022
Itapevi;2;43.0;837.0;0.0;479.0;0.0;0.0;7.0;456.0;351.0;23.0;0.0;0.0;1.0;1.0;1.0;2022
Itapevi;2;38.0;775.0;0.0;463.0;0.0;0.0;12.0;441.0;303.0;19.0;0.0;1.0;1.0;1.0;1.0;2022
Itapevi;2;67.0;1349.0;0.0;639.0;0.0;0.0;10.0;615.0;660.0;64.0;1.0;1.0;1.0;1.0;0.0;2022
Itapevi;2;95.0;1838.0;0.0;911.0;0.0;0.0;8.0;880.0;782.0;168.0;0.0;1.0;1.0;1.0;1.0;2022
Itapevi;2;23.0;413.0;0.0;213.0;0.0;0.0;3.0;203.0;204.0;3.0;0.0;0.0;1.0;0.0;0.0;2022
Itapevi;2;57.0;1265.0;0.0;665.0;0.0;0.0;12.0;628.0;579.0;46.0;0.0;1.0;1.0;1.0;1.0;2022
Itapevi;2;50.0;1170.0;0.0;658.0;0.0;0.0;12.0;616.0;517.0;25.0;1.0;1.0;1.0;1.0;1.0;2022
Itapevi;2;67.0;1388.0;0.0;701.0;0.0;0.0;12.0;665.0;664.0;47.0;0.0;1.0;1.0;1.0;0.0;2022
Itapevi;2;45.0;932.0;0.0;574.0;0.0;0.0;12.0;552.0;360.0;8.0;0.0;1.0;1.0;1.0;1.0;2022
Itapevi;2;100.0;2257.0;0.0;1209.0;0.0;0.0;28.0;1146.0;1023.0;60.0;0.0;1.0;1.0;1.0;1.0;2022
Itapevi;2;87.0;2098.0;0.0;999.0;0.0;0.0;16.0;967.0;1036.0;79.0;0.0;1.0;1.0;1.0;1.0;2022
Itapevi;2;;;;;;;;;;;;;;;;2022
Itapevi;2;32.0;539.0;0.0;328.0;0.0;0.0;3.0;319.0;199.0;18.0;0.0;1.0;1.0;1.0;1.0;2022
Itapevi;2;71.0;1659.0;0.0;934.0;0.0;0.0;11.0;894.0;704.0;50.0;1.0;1.0;1.0;1.0;0.0;2022
Itapevi;2;75.0;1460.0;0.0;697.0;0.0;0.0;17.0;677.0;722.0;44.0;0.0;1.0;1.0;1.0;0.0;2022
Itapevi;2;54.0;1125.0;0.0;633.0;0.0;0.0;7.0;593.0;483.0;42.0;0.0;1.0;1.0;1.0;1.0;2022
Itapevi;2;65.0;1521.0;0.0;730.0;0.0;0.0;18.0;688.0;769.0;46.0;0.0;1.0;1.0;1.0;1.0;2022
Itapevi;2;17.0;378.0;0.0;262.0;0.0;0.0;4.0;260.0;114.0;0.0;0.0;1.0;1.0;1.0;1.0;2022
Itapira;2;25.0;374.0;0.0;296.0;0.0;0.0;0.0;247.0;118.0;9.0;0.0;0.0;1.0;1.0;1.0;2022
Itapira;2;27.0;246.0;0.0;167.0;0.0;0.0;0.0;142.0;99.0;5.0;0.0;1.0;1.0;1.0;0.0;2022
Itapira;2;45.0;540.0;0.0;328.0;0.0;0.0;0.0;284.0;227.0;29.0;0.0;1.0;1.0;1.0;0.0;2022
Itapira;2;47.0;904.0;0.0;436.0;0.0;0.0;0.0;387.0;381.0;136.0;0.0;1.0;1.0;1.0;1.0;2022
Itapira;2;31.0;403.0;403.0;0.0;0.0;3.0;389.0;11.0;0.0;0.0;0.0;1.0;1.0;1.0;1.0;2022
Itapira;2;38.0;603.0;0.0;316.0;0.0;0.0;1.0;280.0;292.0;30.0;0.0;1.0;1.0;1.0;1.0;2022
Itapira;2;59.0;807.0;0.0;408.0;0.0;0.0;1.0;347.0;422.0;37.0;1.0;1.0;1.0;1.0;1.0;2022
Itapira;2;42.0;604.0;0.0;234.0;0.0;0.0;1.0;187.0;184.0;232.0;0.0;1.0;1.0;1.0;0.0;2022
Itapira;2;52.0;594.0;0.0;0.0;0.0;0.0;0.0;1.0;406.0;187.0;1.0;1.0;1.0;1.0;1.0;2022
Itapira;2;;;;;;;;;;;;;;;;2022
Itapira;2;22.0;364.0;0.0;272.0;0.0;0.0;0.0;246.0;113.0;5.0;0.0;0.0;1.0;1.0;0.0;2022
Itapirapuã Paulista;2;25.0;336.0;0.0;166.0;0.0;0.0;2.0;165.0;167.0;2.0;0.0;0.0;1.0;1.0;0.0;2022
Itapirapuã Paulista;2;14.0;114.0;0.0;66.0;0.0;0.0;2.0;65.0;45.0;2.0;0.0;1.0;1.0;1.0;0.0;2022
Itápolis;2;49.0;800.0;0.0;183.0;0.0;0.0;1.0;158.0;530.0;111.0;0.0;1.0;1.0;1.0;0.0;2022
Itápolis;2;20.0;252.0;150.0;102.0;0.0;0.0;135.0;117.0;0.0;0.0;0.0;1.0;1.0;1.0;0.0;2022
Itápolis;2;31.0;369.0;114.0;116.0;0.0;0.0;107.0;112.0;144.0;6.0;0.0;1.0;1.0;1.0;1.0;2022
Itápolis;2;16.0;121.0;69.0;52.0;0.0;0.0;65.0;51.0;2.0;3.0;0.0;0.0;1.0;1.0;1.0;2022
Itápolis;2;31.0;454.0;0.0;207.0;0.0;0.0;0.0;196.0;255.0;3.0;0.0;1.0;1.0;1.0;1.0;2022
Itápolis;2;31.0;630.0;394.0;236.0;0.0;0.0;380.0;249.0;1.0;0.0;0.0;1.0;1.0;1.0;1.0;2022
Itápolis;2;18.0;262.0;0.0;183.0;0.0;0.0;0.0;175.0;86.0;1.0;0.0;1.0;1.0;1.0;0.0;2022
Itápolis;2;11.0;165.0;165.0;0.0;0.0;0.0;159.0;6.0;0.0;0.0;0.0;1.0;1.0;0.0;1.0;2022
Itápolis;2;15.0;298.0;298.0;0.0;0.0;0.0;281.0;17.0;0.0;0.0;0.0;1.0;1.0;1.0;0.0;2022
Itápolis;2;34.0;455.0;103.0;253.0;0.0;0.0;92.0;244.0;119.0;0.0;0.0;1.0;1.0;0.0;0.0;2022
Itápolis;2;;;;;;;;;;;0.0;1.0;1.0;1.0;0.0;2022
Itaporanga;2;55.0;857.0;0.0;499.0;0.0;0.0;5.0;490.0;332.0;30.0;0.0;1.0;1.0;1.0;0.0;2022
Itaporanga;2;17.0;131.0;0.0;66.0;0.0;0.0;2.0;63.0;65.0;1.0;0.0;1.0;1.0;1.0;0.0;2022
Itaporanga;2;11.0;15.0;5.0;4.0;0.0;3.0;5.0;4.0;0.0;3.0;0.0;0.0;0.0;0.0;1.0;2022
Itaporanga;2;;;;;;;;;;;;;;;;2022
Itaporanga;2;;;;;;;;;;;;;;;;2022
Itaporanga;2;;;;;;;;;;;;;;;;2022
Itaporanga;2;19.0;268.0;0.0;166.0;0.0;0.0;4.0;156.0;106.0;2.0;0.0;1.0;1.0;1.0;0.0;2022
Itapuí;2;;;;;;;;;;;;;;;;2022
Itapuí;2;62.0;1000.0;0.0;638.0;0.0;0.0;8.0;583.0;391.0;18.0;0.0;1.0;1.0;1.0;0.0;2022
Itapura;2;28.0;343.0;0.0;209.0;0.0;0.0;3.0;194.0;112.0;34.0;0.0;1.0;1.0;1.0;0.0;2022
Itaquaquecetuba;2;;;;;;;;;;;;;;;;2022
Itaquaquecetuba;2;59.0;858.0;0.0;393.0;0.0;0.0;1.0;360.0;258.0;239.0;0.0;1.0;1.0;1.0;1.0;2022
Itaquaquecetuba;2;98.0;1166.0;0.0;712.0;0.0;0.0;16.0;658.0;443.0;49.0;0.0;1.0;1.0;1.0;0.0;2022
Itaquaquecetuba;2;;;;;;;;;;;;;;;;2022
Itaquaquecetuba;2;66.0;1073.0;0.0;644.0;0.0;0.0;6.0;572.0;386.0;109.0;0.0;1.0;1.0;1.0;0.0;2022
Itaquaquecetuba;2;;;;;;;;;;;;;;;;2022
Itaquaquecetuba;2;111.0;1581.0;0.0;697.0;0.0;0.0;9.0;644.0;683.0;245.0;0.0;1.0;1.0;1.0;0.0;2022
Itaquaquecetuba;2;35.0;495.0;0.0;250.0;0.0;0.0;3.0;246.0;242.0;4.0;0.0;1.0;1.0;1.0;0.0;2022
Itaquaquecetuba;2;75.0;1549.0;0.0;351.0;0.0;0.0;3.0;325.0;535.0;686.0;0.0;1.0;1.0;1.0;0.0;2022
Itaquaquecetuba;2;38.0;551.0;0.0;0.0;0.0;0.0;0.0;7.0;496.0;48.0;0.0;1.0;1.0;0.0;0.0;2022
Itaquaquecetuba;2;;;;;;;;;;;;;;;;2022
Itaquaquecetuba;2;54.0;716.0;152.0;294.0;0.0;0.0;153.0;290.0;265.0;8.0;0.0;1.0;1.0;1.0;0.0;2022
Itaquaquecetuba;2;16.0;130.0;0.0;65.0;0.0;0.0;0.0;50.0;75.0;5.0;0.0;1.0;1.0;1.0;0.0;2022
Itaquaquecetuba;2;39.0;580.0;0.0;486.0;0.0;0.0;7.0;447.0;31.0;95.0;0.0;1.0;1.0;0.0;0.0;2022
Itaquaquecetuba;2;;;;;;;;;;;;;;;;2022
Itaquaquecetuba;2;31.0;484.0;0.0;342.0;0.0;0.0;3.0;316.0;153.0;12.0;0.0;1.0;1.0;1.0;1.0;2022
Itaquaquecetuba;2;50.0;873.0;0.0;499.0;0.0;0.0;14.0;440.0;353.0;66.0;0.0;0.0;1.0;1.0;1.0;2022
Itaquaquecetuba;2;71.0;1124.0;0.0;706.0;0.0;0.0;10.0;645.0;442.0;27.0;0.0;1.0;1.0;1.0;0.0;2022
Itaquaquecetuba;2;;;;;;;;;;;;;;;;2022
Itaquaquecetuba;2;11.0;35.0;0.0;17.0;0.0;0.0;0.0;0.0;25.0;10.0;0.0;0.0;1.0;1.0;1.0;2022
Itaquaquecetuba;2;77.0;923.0;0.0;775.0;0.0;0.0;15.0;693.0;70.0;145.0;0.0;1.0;1.0;1.0;0.0;2022
Itaquaquecetuba;2;44.0;862.0;0.0;0.0;0.0;0.0;0.0;12.0;702.0;148.0;1.0;1.0;1.0;1.0;1.0;2022
Itaquaquecetuba;2;;;;;;;;;;;0.0;0.0;1.0;0.0;0.0;2022
Itaquaquecetuba;2;;;;;;;;;;;;;;;;2022
Itaquaquecetuba;2;34.0;702.0;0.0;420.0;0.0;0.0;7.0;385.0;290.0;20.0;0.0;0.0;1.0;1.0;1.0;2022
Itaquaquecetuba;2;9.0;30.0;0.0;16.0;0.0;0.0;0.0;8.0;20.0;2.0;0.0;1.0;1.0;1.0;1.0;2022
Itaquaquecetuba;2;72.0;1169.0;0.0;676.0;0.0;0.0;12.0;615.0;481.0;61.0;0.0;0.0;1.0;1.0;1.0;2022
Itaquaquecetuba;2;40.0;712.0;0.0;422.0;0.0;0.0;5.0;396.0;303.0;8.0;0.0;0.0;1.0;1.0;0.0;2022
Itaquaquecetuba;2;74.0;1454.0;427.0;467.0;0.0;0.0;428.0;436.0;528.0;62.0;0.0;1.0;1.0;0.0;0.0;2022
Itaquaquecetuba;2;34.0;721.0;0.0;421.0;0.0;0.0;11.0;386.0;305.0;19.0;0.0;1.0;1.0;1.0;1.0;2022
Itaquaquecetuba;2;;;;;;;;;;;;;;;;2022
Itaquaquecetuba;2;54.0;969.0;0.0;546.0;0.0;0.0;8.0;509.0;413.0;39.0;0.0;1.0;1.0;1.0;1.0;2022
Itaquaquecetuba;2;92.0;1874.0;0.0;968.0;0.0;0.0;12.0;912.0;887.0;63.0;0.0;1.0;1.0;1.0;0.0;2022
Itaquaquecetuba;2;77.0;1258.0;0.0;590.0;0.0;0.0;4.0;564.0;638.0;52.0;0.0;1.0;1.0;1.0;1.0;2022
Itaquaquecetuba;2;36.0;966.0;0.0;494.0;0.0;0.0;9.0;454.0;467.0;36.0;0.0;1.0;1.0;1.0;1.0;2022
Itaquaquecetuba;2;78.0;1456.0;275.0;526.0;0.0;0.0;272.0;495.0;619.0;70.0;0.0;1.0;1.0;1.0;0.0;2022
Itaquaquecetuba;2;24.0;230.0;0.0;147.0;0.0;0.0;2.0;144.0;79.0;5.0;0.0;1.0;1.0;1.0;0.0;2022
Itaquaquecetuba;2;28.0;496.0;0.0;293.0;0.0;0.0;3.0;286.0;195.0;12.0;0.0;1.0;1.0;1.0;0.0;2022
Itaquaquecetuba;2;75.0;1090.0;0.0;625.0;0.0;0.0;11.0;585.0;458.0;36.0;0.0;0.0;1.0;1.0;1.0;2022
Itaquaquecetuba;2;46.0;614.0;0.0;272.0;0.0;0.0;1.0;249.0;344.0;20.0;0.0;1.0;1.0;0.0;0.0;2022
Itaquaquecetuba;2;73.0;1351.0;0.0;711.0;0.0;0.0;8.0;665.0;640.0;38.0;0.0;1.0;1.0;1.0;0.0;2022
Itaquaquecetuba;2;64.0;780.0;0.0;420.0;0.0;0.0;8.0;369.0;364.0;39.0;0.0;1.0;1.0;1.0;0.0;2022
Itaquaquecetuba;2;87.0;1265.0;0.0;673.0;0.0;0.0;6.0;602.0;466.0;191.0;0.0;1.0;1.0;1.0;1.0;2022
Itaquaquecetuba;2;;;;;;;;;;;;;;;;2022
Itaquaquecetuba;2;63.0;1021.0;0.0;650.0;0.0;0.0;17.0;586.0;342.0;76.0;0.0;1.0;1.0;1.0;1.0;2022
Itaquaquecetuba;2;45.0;839.0;0.0;524.0;0.0;0.0;12.0;478.0;326.0;23.0;0.0;1.0;1.0;1.0;1.0;2022
Itaquaquecetuba;2;33.0;599.0;29.0;346.0;0.0;0.0;29.0;322.0;223.0;25.0;0.0;1.0;1.0;1.0;0.0;2022
Itaquaquecetuba;2;40.0;629.0;0.0;476.0;0.0;0.0;5.0;446.0;164.0;14.0;0.0;1.0;1.0;1.0;0.0;2022
Itaquaquecetuba;2;58.0;933.0;0.0;523.0;0.0;0.0;7.0;479.0;368.0;79.0;0.0;1.0;1.0;1.0;1.0;2022
Itaquaquecetuba;2;69.0;1530.0;0.0;768.0;0.0;0.0;15.0;704.0;750.0;61.0;0.0;1.0;1.0;1.0;0.0;2022
Itaquaquecetuba;2;66.0;1164.0;0.0;582.0;0.0;0.0;5.0;536.0;577.0;46.0;0.0;1.0;1.0;1.0;0.0;2022
Itaquaquecetuba;2;75.0;1343.0;0.0;806.0;0.0;0.0;17.0;743.0;534.0;49.0;1.0;0.0;1.0;1.0;0.0;2022
Itaquaquecetuba;2;33.0;469.0;0.0;247.0;0.0;0.0;0.0;223.0;223.0;23.0;0.0;1.0;1.0;0.0;0.0;2022
Itaquaquecetuba;2;92.0;1531.0;0.0;860.0;0.0;0.0;15.0;781.0;660.0;75.0;0.0;1.0;1.0;1.0;0.0;2022
Itaquaquecetuba;2;56.0;1064.0;0.0;582.0;0.0;0.0;7.0;543.0;467.0;47.0;0.0;1.0;1.0;1.0;1.0;2022
Itararé;2;25.0;485.0;0.0;312.0;0.0;0.0;1.0;293.0;183.0;8.0;0.0;0.0;1.0;1.0;1.0;2022
Itararé;2;58.0;934.0;0.0;391.0;0.0;0.0;0.0;349.0;535.0;50.0;0.0;0.0;1.0;1.0;0.0;2022
Itararé;2;51.0;718.0;0.0;272.0;0.0;0.0;0.0;229.0;418.0;71.0;0.0;1.0;1.0;1.0;0.0;2022
Itararé;2;40.0;325.0;0.0;113.0;0.0;0.0;0.0;102.0;134.0;89.0;0.0;1.0;1.0;1.0;0.0;2022
Itararé;2;24.0;352.0;0.0;233.0;0.0;0.0;3.0;206.0;131.0;12.0;0.0;0.0;1.0;1.0;0.0;2022
Itararé;2;33.0;509.0;0.0;370.0;0.0;0.0;2.0;331.0;160.0;16.0;0.0;1.0;1.0;1.0;1.0;2022
Itararé;2;26.0;227.0;0.0;74.0;0.0;0.0;0.0;66.0;141.0;20.0;0.0;1.0;1.0;1.0;0.0;2022
Itararé;2;;;;;;;;;;;0.0;1.0;1.0;1.0;1.0;2022
Itararé;2;34.0;571.0;0.0;0.0;0.0;0.0;0.0;6.0;449.0;116.0;1.0;1.0;1.0;0.0;1.0;2022
Itariri;2;37.0;312.0;95.0;128.0;0.0;0.0;90.0;127.0;70.0;25.0;0.0;0.0;1.0;1.0;0.0;2022
Itariri;2;38.0;676.0;0.0;392.0;0.0;0.0;4.0;360.0;286.0;26.0;0.0;1.0;1.0;1.0;0.0;2022
Itariri;2;27.0;237.0;70.0;99.0;0.0;0.0;66.0;100.0;68.0;3.0;0.0;1.0;1.0;1.0;0.0;2022
Itariri;2;7.0;24.0;4.0;6.0;0.0;0.0;2.0;3.0;4.0;15.0;0.0;0.0;0.0;0.0;1.0;2022
Itariri;2;1.0;2.0;2.0;0.0;0.0;0.0;1.0;1.0;0.0;0.0;0.0;0.0;0.0;0.0;0.0;2022
Itariri;2;;;;;;;;;;;;;;;;2022
Itariri;2;;;;;;;;;;;;;;;;2022
Itariri;2;;;;;;;;;;;;;;;;2022
Itariri;2;;;;;;;;;;;;;;;;2022
Itariri;2;;;;;;;;;;;;;;;;2022
Itariri;2;36.0;321.0;0.0;209.0;0.0;0.0;0.0;191.0;123.0;7.0;0.0;0.0;1.0;0.0;0.0;2022
Itatiba;2;63.0;894.0;0.0;0.0;0.0;0.0;0.0;11.0;704.0;179.0;0.0;0.0;1.0;1.0;0.0;2022
Itatiba;2;32.0;410.0;0.0;0.0;0.0;0.0;0.0;9.0;369.0;32.0;0.0;1.0;1.0;1.0;1.0;2022
Itatiba;2;58.0;1061.0;0.0;0.0;0.0;0.0;0.0;11.0;678.0;372.0;1.0;1.0;1.0;1.0;0.0;2022
Itatiba;2;22.0;332.0;0.0;0.0;0.0;0.0;0.0;8.0;312.0;12.0;0.0;1.0;1.0;1.0;0.0;2022
Itatiba;2;60.0;1189.0;0.0;0.0;0.0;0.0;0.0;26.0;1094.0;69.0;0.0;0.0;1.0;1.0;1.0;2022
Itatinga;2;11.0;62.0;0.0;0.0;0.0;0.0;0.0;0.0;0.0;62.0;0.0;0.0;1.0;0.0;1.0;2022
Itatinga;2;30.0;467.0;0.0;257.0;0.0;0.0;5.0;235.0;220.0;7.0;0.0;1.0;1.0;1.0;0.0;2022
Itatinga;2;45.0;810.0;0.0;283.0;0.0;0.0;3.0;270.0;436.0;101.0;0.0;0.0;1.0;1.0;0.0;2022
Itirapina;2;56.0;1076.0;0.0;389.0;0.0;0.0;8.0;377.0;581.0;110.0;0.0;1.0;1.0;1.0;1.0;2022
Itirapina;2;15.0;100.0;0.0;0.0;0.0;0.0;0.0;0.0;0.0;100.0;0.0;0.0;0.0;0.0;0.0;2022
Itirapina;2;16.0;290.0;0.0;0.0;0.0;0.0;0.0;0.0;0.0;290.0;0.0;0.0;0.0;0.0;0.0;2022
Itirapina;2;;;;;;;;;;;;;;;;2022
Itirapuã;2;35.0;620.0;0.0;350.0;0.0;0.0;6.0;311.0;273.0;30.0;0.0;1.0;1.0;1.0;0.0;2022
Itirapuã;2;;;;;;;;;;;0.0;0.0;1.0;0.0;0.0;2022
Itobi;2;42.0;577.0;0.0;288.0;0.0;0.0;0.0;272.0;260.0;45.0;0.0;1.0;1.0;1.0;1.0;2022
Itobi;2;12.0;171.0;171.0;0.0;0.0;0.0;165.0;6.0;0.0;0.0;0.0;1.0;1.0;1.0;0.0;2022
Itobi;2;8.0;96.0;96.0;0.0;0.0;0.0;92.0;4.0;0.0;0.0;1.0;0.0;1.0;1.0;0.0;2022
Itu;2;56.0;927.0;0.0;0.0;0.0;0.0;0.0;5.0;753.0;169.0;1.0;1.0;1.0;1.0;1.0;2022
Itu;2;67.0;894.0;0.0;418.0;0.0;0.0;4.0;383.0;447.0;60.0;0.0;1.0;1.0;1.0;0.0;2022
Itu;2;47.0;759.0;0.0;542.0;0.0;0.0;12.0;506.0;225.0;16.0;0.0;1.0;1.0;1.0;1.0;2022
Itu;2;43.0;526.0;0.0;358.0;0.0;0.0;10.0;322.0;181.0;13.0;0.0;1.0;1.0;1.0;0.0;2022
Itu;2;19.0;286.0;0.0;0.0;0.0;0.0;0.0;7.0;270.0;9.0;0.0;1.0;1.0;1.0;1.0;2022
Itu;2;61.0;1285.0;0.0;554.0;0.0;0.0;6.0;516.0;432.0;331.0;0.0;1.0;1.0;1.0;1.0;2022
Itu;2;72.0;831.0;0.0;327.0;0.0;0.0;8.0;314.0;476.0;33.0;0.0;1.0;1.0;1.0;0.0;2022
Itu;2;20.0;300.0;0.0;300.0;0.0;0.0;6.0;275.0;19.0;0.0;0.0;1.0;1.0;1.0;0.0;2022
Itu;2;59.0;848.0;0.0;440.0;0.0;0.0;4.0;407.0;409.0;28.0;0.0;1.0;1.0;1.0;0.0;2022
Itu;2;44.0;842.0;0.0;539.0;0.0;0.0;13.0;527.0;287.0;15.0;0.0;1.0;1.0;0.0;0.0;2022
Itu;2;;;;;;;;;;;;;;;;2022
Itu;2;52.0;905.0;0.0;534.0;0.0;0.0;11.0;524.0;357.0;13.0;0.0;0.0;1.0;1.0;1.0;2022
Itu;2;;;;;;;;;;;;;;;;2022
Itu;2;29.0;443.0;0.0;374.0;0.0;0.0;9.0;349.0;80.0;5.0;0.0;1.0;1.0;1.0;1.0;2022
Itu;2;23.0;291.0;0.0;291.0;0.0;0.0;1.0;269.0;21.0;0.0;0.0;1.0;1.0;1.0;1.0;2022
Itu;2;60.0;1049.0;0.0;528.0;0.0;0.0;11.0;501.0;496.0;41.0;0.0;1.0;1.0;1.0;0.0;2022
Itu;2;66.0;1254.0;0.0;675.0;0.0;0.0;14.0;608.0;486.0;146.0;0.0;1.0;1.0;1.0;1.0;2022
Itu;2;60.0;1378.0;0.0;803.0;0.0;0.0;11.0;761.0;562.0;44.0;0.0;1.0;1.0;1.0;0.0;2022
Itu;2;39.0;724.0;0.0;498.0;0.0;0.0;6.0;469.0;235.0;14.0;0.0;1.0;1.0;1.0;1.0;2022
Itu;2;29.0;399.0;0.0;255.0;0.0;0.0;4.0;241.0;147.0;7.0;0.0;1.0;1.0;1.0;1.0;2022
Itu;2;;;;;;;;;;;0.0;0.0;1.0;0.0;0.0;2022
Itupeva;2;51.0;1267.0;0.0;682.0;0.0;0.0;6.0;633.0;579.0;49.0;0.0;1.0;1.0;1.0;0.0;2022
Itupeva;2;51.0;1245.0;0.0;645.0;0.0;0.0;15.0;592.0;581.0;57.0;0.0;1.0;1.0;1.0;0.0;2022
Itupeva;2;52.0;1025.0;0.0;569.0;0.0;0.0;17.0;516.0;443.0;49.0;0.0;1.0;1.0;1.0;0.0;2022
Itupeva;2;50.0;1024.0;0.0;535.0;0.0;0.0;10.0;505.0;354.0;155.0;0.0;0.0;1.0;0.0;1.0;2022
Itupeva;2;47.0;1348.0;0.0;734.0;0.0;0.0;9.0;685.0;593.0;61.0;0.0;1.0;1.0;1.0;0.0;2022
Ituverava;2;;;;;;;;;;;;;;;;2022
Ituverava;2;36.0;891.0;0.0;0.0;0.0;0.0;0.0;6.0;699.0;186.0;0.0;1.0;1.0;1.0;1.0;2022
Ituverava;2;;;;;;;;;;;;;;;;2022
Ituverava;2;39.0;639.0;0.0;0.0;0.0;0.0;0.0;11.0;450.0;178.0;1.0;1.0;1.0;1.0;0.0;2022
Jaborandi;2;14.0;162.0;0.0;0.0;0.0;0.0;0.0;1.0;142.0;19.0;0.0;1.0;1.0;1.0;1.0;2022
Jaboticabal;2;30.0;450.0;0.0;289.0;0.0;0.0;5.0;277.0;154.0;14.0;0.0;1.0;1.0;1.0;1.0;2022
Jaboticabal;2;63.0;1197.0;0.0;256.0;0.0;0.0;6.0;246.0;785.0;160.0;0.0;1.0;1.0;1.0;1.0;2022
Jaboticabal;2;21.0;194.0;0.0;116.0;0.0;0.0;1.0;111.0;79.0;3.0;0.0;1.0;1.0;1.0;1.0;2022
Jaboticabal;2;52.0;738.0;0.0;309.0;0.0;0.0;6.0;287.0;361.0;84.0;0.0;1.0;1.0;1.0;0.0;2022
Jaboticabal;2;20.0;335.0;0.0;210.0;0.0;0.0;7.0;202.0;114.0;12.0;0.0;1.0;1.0;1.0;0.0;2022
Jaboticabal;2;30.0;321.0;0.0;0.0;0.0;0.0;0.0;2.0;284.0;35.0;0.0;1.0;1.0;0.0;0.0;2022
Jaboticabal;2;56.0;905.0;0.0;340.0;0.0;0.0;5.0;325.0;492.0;83.0;0.0;1.0;1.0;1.0;0.0;2022
Jaboticabal;2;4.0;21.0;0.0;0.0;21.0;0.0;0.0;0.0;0.0;0.0;0.0;0.0;1.0;0.0;1.0;2022
Jaboticabal;2;;;;;;;;;;;0.0;0.0;1.0;0.0;0.0;2022
Jacareí;2;56.0;707.0;0.0;0.0;0.0;0.0;0.0;3.0;377.0;327.0;0.0;1.0;1.0;1.0;1.0;2022
Jacareí;2;34.0;630.0;0.0;435.0;0.0;0.0;1.0;423.0;195.0;11.0;0.0;1.0;1.0;1.0;0.0;2022
Jacareí;2;24.0;516.0;0.0;0.0;0.0;0.0;0.0;13.0;489.0;14.0;0.0;1.0;1.0;1.0;1.0;2022
Jacareí;2;69.0;1145.0;0.0;330.0;0.0;0.0;0.0;316.0;645.0;184.0;0.0;1.0;1.0;1.0;0.0;2022
Jacareí;2;42.0;795.0;0.0;514.0;0.0;0.0;1.0;484.0;294.0;16.0;0.0;1.0;1.0;1.0;0.0;2022
Jacareí;2;71.0;1045.0;0.0;509.0;0.0;0.0;1.0;487.0;384.0;173.0;0.0;1.0;1.0;1.0;0.0;2022
Jacareí;2;41.0;541.0;0.0;328.0;0.0;0.0;0.0;311.0;222.0;8.0;0.0;1.0;1.0;1.0;1.0;2022
Jacareí;2;49.0;608.0;0.0;0.0;0.0;0.0;0.0;9.0;453.0;146.0;1.0;1.0;1.0;1.0;1.0;2022
Jacareí;2;40.0;616.0;0.0;360.0;0.0;0.0;2.0;338.0;263.0;13.0;0.0;1.0;1.0;1.0;1.0;2022
Jacareí;2;77.0;1207.0;0.0;293.0;0.0;0.0;0.0;282.0;763.0;162.0;0.0;1.0;1.0;1.0;0.0;2022
Jacareí;2;28.0;312.0;0.0;215.0;0.0;0.0;1.0;203.0;101.0;7.0;0.0;0.0;1.0;0.0;0.0;2022
Jacareí;2;;;;;;;;;;;;;;;;2022
Jacareí;2;;;;;;;;;;;;;;;;2022
Jacareí;2;;;;;;;;;;;;;;;;2022
Jacareí;2;29.0;436.0;0.0;270.0;0.0;0.0;0.0;259.0;167.0;10.0;0.0;1.0;1.0;1.0;1.0;2022
Jacareí;2;19.0;268.0;0.0;159.0;0.0;0.0;1.0;152.0;105.0;10.0;0.0;1.0;1.0;0.0;0.0;2022
Jacareí;2;75.0;1085.0;0.0;536.0;0.0;0.0;1.0;500.0;524.0;60.0;0.0;0.0;1.0;1.0;1.0;2022
Jacareí;2;35.0;563.0;0.0;378.0;0.0;0.0;3.0;359.0;195.0;6.0;0.0;0.0;1.0;1.0;0.0;2022
Jacareí;2;43.0;422.0;0.0;230.0;0.0;0.0;1.0;217.0;196.0;8.0;0.0;1.0;1.0;1.0;0.0;2022
Jacareí;2;33.0;587.0;0.0;409.0;0.0;0.0;0.0;396.0;173.0;18.0;0.0;1.0;1.0;1.0;0.0;2022
Jacareí;2;16.0;115.0;0.0;64.0;0.0;0.0;0.0;64.0;50.0;1.0;0.0;0.0;1.0;1.0;0.0;2022
Jacareí;2;14.0;271.0;0.0;271.0;0.0;0.0;0.0;263.0;8.0;0.0;0.0;1.0;1.0;1.0;0.0;2022
Jacareí;2;33.0;443.0;0.0;313.0;0.0;0.0;0.0;298.0;138.0;7.0;0.0;1.0;1.0;1.0;0.0;2022
Jacareí;2;73.0;1208.0;0.0;608.0;0.0;0.0;0.0;600.0;594.0;14.0;0.0;1.0;1.0;1.0;1.0;2022
Jacareí;2;29.0;501.0;0.0;310.0;0.0;0.0;0.0;303.0;189.0;9.0;0.0;1.0;1.0;1.0;0.0;2022
Jacareí;2;7.0;26.0;2.0;11.0;0.0;0.0;0.0;2.0;17.0;7.0;0.0;0.0;1.0;0.0;0.0;2022
Jacareí;2;;;;;;;;;;;0.0;1.0;1.0;0.0;0.0;2022
Jacareí;2;40.0;543.0;0.0;543.0;0.0;0.0;0.0;519.0;24.0;0.0;0.0;1.0;1.0;1.0;0.0;2022
Jacareí;2;;;;;;;;;;;;;;;;2022
Jacareí;2;22.0;304.0;0.0;223.0;0.0;0.0;0.0;217.0;83.0;4.0;0.0;0.0;1.0;1.0;0.0;2022
Jacareí;2;41.0;580.0;0.0;307.0;0.0;0.0;0.0;289.0;223.0;68.0;0.0;1.0;1.0;1.0;0.0;2022
Jacareí;2;;;;;;;;;;;;;;;;2022
Jacareí;2;40.0;776.0;0.0;426.0;0.0;0.0;0.0;414.0;342.0;20.0;0.0;1.0;1.0;1.0;1.0;2022
Jacareí;2;32.0;444.0;0.0;306.0;0.0;0.0;1.0;295.0;141.0;7.0;0.0;1.0;1.0;1.0;1.0;2022
Jacareí;2;15.0;203.0;0.0;141.0;0.0;0.0;0.0;137.0;65.0;1.0;0.0;0.0;1.0;1.0;1.0;2022
Jacareí;2;;;;;;;;;;;;;;;;2022
Jacareí;2;27.0;411.0;0.0;285.0;0.0;0.0;0.0;268.0;135.0;8.0;0.0;1.0;1.0;1.0;0.0;2022
Jacareí;2;54.0;808.0;0.0;489.0;0.0;0.0;1.0;472.0;320.0;15.0;0.0;1.0;1.0;1.0;0.0;2022
Jaci;2;44.0;651.0;0.0;371.0;0.0;0.0;10.0;339.0;278.0;24.0;0.0;0.0;1.0;1.0;1.0;2022
Jacupiranga;2;44.0;503.0;0.0;0.0;0.0;0.0;0.0;6.0;449.0;48.0;0.0;1.0;1.0;1.0;0.0;2022
Jacupiranga;2;36.0;442.0;0.0;442.0;0.0;0.0;11.0;391.0;40.0;0.0;0.0;1.0;1.0;1.0;0.0;2022
Jacupiranga;2;32.0;485.0;0.0;485.0;0.0;0.0;11.0;441.0;33.0;0.0;0.0;1.0;1.0;1.0;0.0;2022
Jaguariúna;2;23.0;345.0;0.0;0.0;0.0;0.0;0.0;4.0;333.0;8.0;0.0;1.0;1.0;1.0;1.0;2022
Jaguariúna;2;44.0;889.0;0.0;0.0;0.0;0.0;0.0;19.0;736.0;134.0;0.0;1.0;1.0;1.0;1.0;2022
Jaguariúna;2;;;;;;;;;;;;;;;;2022
Jaguariúna;2;39.0;757.0;0.0;0.0;0.0;0.0;0.0;11.0;681.0;65.0;0.0;1.0;1.0;1.0;0.0;2022
Jales;2;;;;;;;;;;;;;;;;2022
Jales;2;60.0;819.0;0.0;325.0;0.0;0.0;5.0;283.0;421.0;110.0;0.0;1.0;1.0;1.0;1.0;2022
Jales;2;;;;;;;;;;;;;;;;2022
Jales;2;32.0;540.0;0.0;352.0;0.0;0.0;5.0;323.0;207.0;5.0;0.0;0.0;1.0;1.0;1.0;2022
Jales;2;22.0;249.0;0.0;156.0;0.0;0.0;2.0;138.0;103.0;6.0;0.0;1.0;1.0;1.0;1.0;2022
Jales;2;;;;;;;;;;;;;;;;2022
Jales;2;29.0;432.0;0.0;306.0;0.0;0.0;6.0;290.0;132.0;4.0;0.0;1.0;1.0;1.0;1.0;2022
Jales;2;32.0;449.0;0.0;321.0;0.0;0.0;3.0;299.0;138.0;9.0;0.0;1.0;1.0;1.0;0.0;2022
Jales;2;;;;;;;;;;;;;;;;2022
Jales;2;27.0;401.0;0.0;296.0;0.0;0.0;8.0;279.0;109.0;5.0;0.0;1.0;1.0;1.0;1.0;2022
Jales;2;69.0;852.0;0.0;0.0;0.0;0.0;0.0;5.0;487.0;360.0;1.0;1.0;1.0;0.0;1.0;2022
Jales;2;;;;;;;;;;;;;;;;2022
Jales;2;;;;;;;;;;;;;;;;2022
Jales;2;;;;;;;;;;;0.0;0.0;1.0;0.0;0.0;2022
Jambeiro;2;23.0;240.0;0.0;0.0;0.0;0.0;0.0;3.0;183.0;54.0;0.0;0.0;1.0;1.0;0.0;2022
Jandira;2;37.0;759.0;0.0;530.0;0.0;0.0;7.0;515.0;225.0;12.0;0.0;1.0;1.0;1.0;1.0;2022
Jandira;2;47.0;455.0;0.0;291.0;0.0;0.0;8.0;263.0;159.0;25.0;0.0;1.0;1.0;1.0;1.0;2022
Jandira;2;22.0;420.0;0.0;223.0;0.0;0.0;6.0;221.0;188.0;5.0;0.0;1.0;1.0;1.0;1.0;2022
Jandira;2;50.0;850.0;0.0;411.0;0.0;0.0;7.0;384.0;421.0;38.0;0.0;1.0;1.0;1.0;0.0;2022
Jandira;2;22.0;360.0;0.0;298.0;0.0;0.0;6.0;275.0;73.0;6.0;0.0;1.0;1.0;1.0;1.0;2022
Jandira;2;39.0;560.0;0.0;323.0;0.0;0.0;5.0;305.0;240.0;10.0;0.0;1.0;1.0;1.0;1.0;2022
Jandira;2;40.0;817.0;0.0;540.0;0.0;0.0;11.0;515.0;272.0;19.0;0.0;1.0;1.0;1.0;1.0;2022
Jandira;2;23.0;376.0;0.0;264.0;0.0;0.0;4.0;251.0;117.0;4.0;0.0;1.0;1.0;1.0;1.0;2022
Jandira;2;25.0;446.0;0.0;279.0;0.0;0.0;4.0;272.0;161.0;9.0;0.0;1.0;1.0;1.0;0.0;2022
Jandira;2;;;;;;;;;;;;;;;;2022
Jandira;2;44.0;550.0;0.0;0.0;0.0;0.0;0.0;5.0;410.0;135.0;1.0;1.0;1.0;1.0;0.0;2022
Jandira;2;16.0;238.0;0.0;107.0;0.0;0.0;3.0;110.0;119.0;6.0;0.0;1.0;1.0;1.0;1.0;2022
Jandira;2;;;;;;;;;;;;;;;;2022
Jandira;2;44.0;847.0;0.0;396.0;0.0;0.0;6.0;359.0;428.0;54.0;0.0;1.0;1.0;1.0;1.0;2022
Jandira;2;20.0;387.0;0.0;286.0;0.0;0.0;3.0;280.0;98.0;6.0;0.0;1.0;1.0;1.0;1.0;2022
Jandira;2;91.0;2114.0;0.0;934.0;0.0;0.0;14.0;898.0;1046.0;156.0;1.0;1.0;1.0;1.0;1.0;2022
Jandira;2;51.0;1078.0;0.0;352.0;0.0;0.0;7.0;336.0;577.0;158.0;0.0;1.0;1.0;1.0;1.0;2022
Jardinópolis;2;14.0;101.0;0.0;0.0;0.0;0.0;0.0;0.0;98.0;3.0;0.0;0.0;1.0;1.0;1.0;2022
Jardinópolis;2;63.0;1217.0;0.0;0.0;0.0;0.0;0.0;25.0;1017.0;175.0;0.0;1.0;1.0;1.0;0.0;2022
Jardinópolis;2;16.0;310.0;0.0;0.0;0.0;0.0;0.0;0.0;0.0;310.0;0.0;1.0;0.0;0.0;0.0;2022
Jarinu;2;38.0;764.0;0.0;503.0;0.0;0.0;2.0;473.0;282.0;7.0;0.0;0.0;1.0;1.0;0.0;2022
Jarinu;2;39.0;831.0;0.0;407.0;0.0;0.0;1.0;379.0;415.0;36.0;0.0;1.0;1.0;1.0;1.0;2022
Jarinu;2;71.0;1380.0;0.0;679.0;0.0;0.0;1.0;626.0;608.0;145.0;0.0;0.0;1.0;1.0;0.0;2022
Jarinu;2;46.0;986.0;0.0;556.0;0.0;0.0;1.0;495.0;444.0;46.0;0.0;0.0;1.0;1.0;1.0;2022
Jaú;2;22.0;345.0;0.0;261.0;0.0;0.0;1.0;241.0;99.0;4.0;0.0;1.0;1.0;1.0;1.0;2022
Jaú;2;88.0;1076.0;0.0;513.0;0.0;0.0;1.0;443.0;502.0;130.0;0.0;1.0;1.0;1.0;1.0;2022
Jaú;2;25.0;383.0;0.0;238.0;0.0;0.0;1.0;209.0;172.0;1.0;0.0;1.0;1.0;1.0;1.0;2022
Jaú;2;102.0;1441.0;0.0;0.0;0.0;0.0;0.0;9.0;570.0;862.0;1.0;1.0;1.0;1.0;1.0;2022
Jaú;2;78.0;874.0;0.0;432.0;0.0;0.0;1.0;384.0;414.0;75.0;0.0;1.0;1.0;1.0;0.0;2022
Jaú;2;14.0;36.0;0.0;36.0;0.0;0.0;0.0;34.0;2.0;0.0;0.0;1.0;1.0;1.0;1.0;2022
Jaú;2;48.0;679.0;0.0;315.0;0.0;0.0;4.0;290.0;357.0;28.0;0.0;1.0;1.0;1.0;1.0;2022
Jaú;2;;;;;;;;;;;;;;;;2022
Jaú;2;26.0;440.0;0.0;257.0;0.0;0.0;1.0;233.0;196.0;10.0;0.0;1.0;1.0;1.0;1.0;2022
Jaú;2;31.0;542.0;0.0;347.0;0.0;0.0;2.0;310.0;218.0;12.0;0.0;1.0;1.0;1.0;1.0;2022
Jaú;2;25.0;226.0;0.0;0.0;0.0;0.0;0.0;4.0;133.0;89.0;1.0;1.0;1.0;1.0;1.0;2022
Jaú;2;60.0;603.0;0.0;361.0;0.0;0.0;1.0;316.0;258.0;28.0;0.0;1.0;1.0;1.0;0.0;2022
Jaú;2;5.0;71.0;0.0;0.0;0.0;0.0;0.0;0.0;0.0;71.0;0.0;0.0;0.0;0.0;0.0;2022
Jaú;2;56.0;833.0;0.0;485.0;0.0;0.0;1.0;417.0;385.0;30.0;0.0;1.0;1.0;1.0;1.0;2022
Jaú;2;20.0;3367.0;0.0;0.0;0.0;0.0;0.0;0.0;3.0;3364.0;0.0;0.0;1.0;0.0;0.0;2022
Jaú;2;18.0;397.0;0.0;0.0;0.0;0.0;0.0;4.0;381.0;12.0;0.0;1.0;1.0;1.0;1.0;2022
Jaú;2;44.0;628.0;0.0;377.0;0.0;0.0;0.0;323.0;287.0;18.0;0.0;1.0;1.0;1.0;1.0;2022
Jaú;2;20.0;358.0;0.0;246.0;0.0;0.0;0.0;225.0;125.0;8.0;0.0;1.0;1.0;0.0;0.0;2022
Jaú;2;;;;;;;;;;;;;;;;2022
Jaú;2;24.0;359.0;0.0;262.0;0.0;0.0;1.0;222.0;126.0;10.0;0.0;1.0;1.0;1.0;0.0;2022
Jaú;2;;;;;;;;;;;;;;;;2022
Jaú;2;;;;;;;;;;;0.0;1.0;1.0;0.0;0.0;2022
Jeriquara;2;15.0;211.0;0.0;0.0;0.0;0.0;0.0;2.0;192.0;17.0;0.0;1.0;1.0;1.0;1.0;2022
Joanópolis;2;27.0;406.0;0.0;0.0;0.0;0.0;0.0;13.0;384.0;9.0;0.0;0.0;1.0;1.0;1.0;2022
João Ramalho;2;31.0;361.0;0.0;248.0;0.0;0.0;4.0;243.0;101.0;13.0;0.0;1.0;1.0;1.0;0.0;2022
José Bonifácio;2;34.0;297.0;94.0;109.0;0.0;0.0;95.0;107.0;88.0;7.0;0.0;1.0;1.0;1.0;0.0;2022
José Bonifácio;2;24.0;441.0;0.0;441.0;0.0;0.0;8.0;426.0;7.0;0.0;0.0;1.0;1.0;1.0;1.0;2022
José Bonifácio;2;36.0;530.0;530.0;0.0;0.0;0.0;521.0;9.0;0.0;0.0;0.0;0.0;1.0;1.0;1.0;2022
José Bonifácio;2;48.0;1070.0;0.0;0.0;0.0;0.0;0.0;20.0;916.0;134.0;0.0;1.0;1.0;1.0;1.0;2022
José Bonifácio;2;;;;;;;;;;;;;;;;2022
José Bonifácio;2;47.0;604.0;215.0;255.0;0.0;0.0;214.0;241.0;142.0;7.0;0.0;1.0;1.0;1.0;0.0;2022
José Bonifácio;2;;;;;;;;;;;;;;;;2022
Júlio Mesquita;2;26.0;406.0;0.0;212.0;0.0;0.0;5.0;197.0;177.0;27.0;0.0;1.0;1.0;1.0;0.0;2022
Jumirim;2;22.0;134.0;0.0;0.0;0.0;0.0;0.0;1.0;99.0;34.0;0.0;1.0;1.0;0.0;0.0;2022
Jundiaí;2;49.0;889.0;0.0;478.0;0.0;0.0;0.0;474.0;396.0;19.0;0.0;1.0;1.0;1.0;0.0;2022
Jundiaí;2;41.0;703.0;0.0;420.0;0.0;0.0;3.0;408.0;282.0;10.0;0.0;1.0;1.0;1.0;0.0;2022
Jundiaí;2;35.0;592.0;0.0;393.0;0.0;0.0;2.0;358.0;219.0;13.0;0.0;1.0;1.0;0.0;0.0;2022
Jundiaí;2;66.0;1344.0;0.0;552.0;0.0;0.0;1.0;535.0;781.0;27.0;0.0;1.0;1.0;1.0;0.0;2022
Jundiaí;2;46.0;983.0;0.0;446.0;0.0;0.0;0.0;439.0;503.0;41.0;0.0;1.0;1.0;1.0;0.0;2022
Jundiaí;2;35.0;704.0;0.0;455.0;0.0;0.0;2.0;447.0;241.0;14.0;0.0;1.0;1.0;1.0;1.0;2022
Jundiaí;2;65.0;1144.0;0.0;460.0;0.0;0.0;0.0;453.0;657.0;34.0;0.0;1.0;1.0;1.0;1.0;2022
Jundiaí;2;71.0;1239.0;0.0;0.0;0.0;0.0;0.0;13.0;1064.0;162.0;1.0;1.0;1.0;1.0;1.0;2022
Jundiaí;2;24.0;422.0;0.0;237.0;0.0;0.0;0.0;238.0;181.0;3.0;0.0;1.0;1.0;1.0;1.0;2022
Jundiaí;2;44.0;776.0;0.0;530.0;0.0;0.0;1.0;525.0;242.0;8.0;0.0;1.0;1.0;1.0;0.0;2022
Jundiaí;2;44.0;810.0;0.0;385.0;0.0;0.0;2.0;372.0;407.0;29.0;0.0;0.0;1.0;1.0;0.0;2022
Jundiaí;2;26.0;479.0;0.0;0.0;0.0;0.0;0.0;10.0;463.0;6.0;0.0;1.0;1.0;1.0;0.0;2022
Jundiaí;2;34.0;602.0;0.0;414.0;0.0;0.0;0.0;409.0;186.0;7.0;0.0;1.0;1.0;1.0;0.0;2022
Jundiaí;2;52.0;859.0;0.0;469.0;0.0;0.0;6.0;433.0;393.0;27.0;0.0;1.0;1.0;1.0;0.0;2022
Jundiaí;2;35.0;606.0;0.0;412.0;0.0;0.0;1.0;397.0;200.0;8.0;1.0;1.0;1.0;1.0;0.0;2022
Jundiaí;2;22.0;283.0;0.0;208.0;0.0;0.0;1.0;202.0;75.0;5.0;0.0;1.0;1.0;1.0;0.0;2022
Jundiaí;2;27.0;370.0;0.0;242.0;0.0;0.0;0.0;238.0;128.0;4.0;0.0;1.0;1.0;1.0;0.0;2022
Jundiaí;2;45.0;892.0;0.0;503.0;0.0;0.0;2.0;491.0;382.0;17.0;1.0;1.0;1.0;1.0;0.0;2022
Jundiaí;2;84.0;1138.0;0.0;0.0;0.0;0.0;0.0;7.0;711.0;420.0;1.0;1.0;1.0;1.0;1.0;2022
Jundiaí;2;62.0;1122.0;0.0;618.0;0.0;0.0;1.0;604.0;493.0;24.0;0.0;1.0;1.0;1.0;1.0;2022
Jundiaí;2;46.0;723.0;0.0;432.0;0.0;0.0;1.0;423.0;287.0;12.0;0.0;0.0;1.0;1.0;0.0;2022
Jundiaí;2;34.0;574.0;0.0;401.0;0.0;0.0;0.0;396.0;173.0;5.0;0.0;0.0;1.0;1.0;1.0;2022
Jundiaí;2;31.0;492.0;0.0;336.0;0.0;0.0;0.0;328.0;162.0;2.0;0.0;1.0;1.0;1.0;0.0;2022
Jundiaí;2;47.0;803.0;0.0;467.0;0.0;0.0;0.0;459.0;337.0;7.0;0.0;0.0;1.0;1.0;0.0;2022
Jundiaí;2;62.0;1084.0;0.0;645.0;0.0;0.0;2.0;617.0;433.0;32.0;0.0;1.0;1.0;1.0;0.0;2022
Jundiaí;2;31.0;405.0;0.0;281.0;0.0;0.0;0.0;277.0;120.0;8.0;0.0;1.0;1.0;1.0;1.0;2022
Jundiaí;2;22.0;327.0;0.0;223.0;0.0;0.0;0.0;222.0;103.0;2.0;0.0;1.0;1.0;1.0;0.0;2022
Jundiaí;2;22.0;268.0;0.0;192.0;0.0;0.0;1.0;193.0;74.0;0.0;0.0;1.0;1.0;1.0;1.0;2022
Jundiaí;2;57.0;905.0;0.0;442.0;0.0;0.0;2.0;439.0;432.0;32.0;0.0;1.0;1.0;1.0;0.0;2022
Jundiaí;2;17.0;330.0;0.0;330.0;0.0;0.0;0.0;313.0;17.0;0.0;0.0;1.0;1.0;1.0;0.0;2022
Jundiaí;2;114.0;1805.0;0.0;0.0;0.0;0.0;0.0;7.0;1052.0;746.0;1.0;1.0;1.0;0.0;1.0;2022
Jundiaí;2;35.0;475.0;0.0;307.0;0.0;0.0;2.0;296.0;174.0;3.0;0.0;1.0;1.0;1.0;0.0;2022
Jundiaí;2;42.0;784.0;0.0;564.0;0.0;0.0;1.0;554.0;222.0;7.0;0.0;1.0;1.0;1.0;1.0;2022
Jundiaí;2;;;;;;;;;;;;;;;;2022
Jundiaí;2;64.0;1674.0;0.0;858.0;0.0;0.0;5.0;837.0;805.0;27.0;0.0;1.0;1.0;1.0;1.0;2022
Jundiaí;2;1.0;11.0;0.0;0.0;0.0;0.0;0.0;0.0;0.0;11.0;0.0;0.0;0.0;0.0;0.0;2022
Jundiaí;2;29.0;496.0;0.0;315.0;0.0;0.0;2.0;303.0;181.0;10.0;0.0;0.0;1.0;1.0;0.0;2022
Jundiaí;2;69.0;1490.0;0.0;709.0;0.0;0.0;1.0;693.0;748.0;48.0;0.0;1.0;1.0;1.0;1.0;2022
Jundiaí;2;14.0;272.0;0.0;272.0;0.0;0.0;0.0;268.0;4.0;0.0;0.0;0.0;1.0;1.0;0.0;2022
Jundiaí;2;63.0;1240.0;0.0;628.0;0.0;0.0;2.0;605.0;598.0;35.0;0.0;1.0;1.0;1.0;1.0;2022
Jundiaí;2;;;;;;;;;;;0.0;0.0;1.0;0.0;0.0;2022
Junqueirópolis;2;15.0;255.0;0.0;255.0;0.0;0.0;3.0;243.0;9.0;0.0;0.0;1.0;1.0;1.0;1.0;2022
Junqueirópolis;2;80.0;1315.0;0.0;647.0;0.0;0.0;3.0;608.0;579.0;125.0;0.0;1.0;1.0;1.0;1.0;2022
Junqueirópolis;2;12.0;98.0;0.0;0.0;0.0;0.0;0.0;0.0;0.0;98.0;0.0;0.0;0.0;0.0;0.0;2022
Junqueirópolis;2;;;;;;;;;;;;;;;;2022
Juquiá;2;15.0;135.0;0.0;83.0;0.0;0.0;3.0;77.0;53.0;2.0;1.0;0.0;1.0;1.0;0.0;2022
Juquiá;2;23.0;377.0;0.0;248.0;0.0;0.0;10.0;235.0;131.0;1.0;0.0;1.0;1.0;1.0;1.0;2022
Juquiá;2;27.0;415.0;0.0;233.0;0.0;0.0;2.0;223.0;186.0;4.0;0.0;1.0;1.0;1.0;1.0;2022
Juquiá;2;;;;;;;;;;;;;;;;2022
Juquiá;2;49.0;709.0;0.0;371.0;0.0;0.0;10.0;361.0;253.0;85.0;0.0;1.0;1.0;1.0;0.0;2022
Juquiá;2;;;;;;;;;;;;;;;;2022
Juquiá;2;;;;;;;;;;;;;;;;2022
Juquiá;2;16.0;158.0;0.0;101.0;0.0;0.0;1.0;98.0;58.0;1.0;0.0;1.0;1.0;1.0;0.0;2022
Juquiá;2;;;;;;;;;;;;;;;;2022
Juquiá;2;;;;;;;;;;;;;;;;2022
Juquiá;2;;;;;;;;;;;;;;;;2022
Juquiá;2;;;;;;;;;;;;;;;;2022
Juquiá;2;;;;;;;;;;;;;;;;2022
Juquiá;2;;;;;;;;;;;;;;;;2022
Juquiá;2;;;;;;;;;;;;;;;;2022
Juquiá;2;;;;;;;;;;;;;;;;2022
Juquiá;2;;;;;;;;;;;;;;;;2022
Juquiá;2;;;;;;;;;;;;;;;;2022
Juquiá;2;;;;;;;;;;;;;;;;2022
Juquiá;2;;;;;;;;;;;;;;;;2022
Juquiá;2;;;;;;;;;;;;;;;;2022
Juquiá;2;;;;;;;;;;;;;;;;2022
Juquiá;2;;;;;;;;;;;;;;;;2022
Juquiá;2;;;;;;;;;;;;;;;;2022
Juquiá;2;;;;;;;;;;;;;;;;2022
Juquitiba;2;;;;;;;;;;;;;;;;2022
Juquitiba;2;57.0;1029.0;0.0;464.0;0.0;0.0;8.0;424.0;495.0;102.0;0.0;1.0;1.0;1.0;1.0;2022
Juquitiba;2;30.0;639.0;0.0;405.0;0.0;0.0;6.0;372.0;249.0;12.0;0.0;0.0;1.0;1.0;1.0;2022
Juquitiba;2;21.0;259.0;0.0;147.0;0.0;0.0;2.0;135.0;113.0;9.0;0.0;0.0;1.0;1.0;0.0;2022
Juquitiba;2;16.0;290.0;290.0;0.0;0.0;0.0;282.0;8.0;0.0;0.0;0.0;0.0;1.0;1.0;0.0;2022
Juquitiba;2;15.0;172.0;0.0;104.0;0.0;0.0;2.0;98.0;68.0;4.0;0.0;1.0;1.0;1.0;0.0;2022
Juquitiba;2;36.0;382.0;184.0;198.0;0.0;2.0;182.0;178.0;20.0;0.0;0.0;1.0;1.0;0.0;0.0;2022
Juquitiba;2;30.0;319.0;138.0;106.0;0.0;1.0;134.0;101.0;77.0;6.0;0.0;1.0;1.0;1.0;1.0;2022
Juquitiba;2;37.0;379.0;194.0;185.0;0.0;2.0;194.0;168.0;15.0;0.0;0.0;1.0;1.0;0.0;0.0;2022
Juquitiba;2;35.0;420.0;126.0;138.0;0.0;2.0;123.0;125.0;167.0;3.0;0.0;1.0;1.0;1.0;1.0;2022
Juquitiba;2;10.0;102.0;102.0;0.0;0.0;0.0;102.0;0.0;0.0;0.0;0.0;0.0;1.0;1.0;1.0;2022
Lagoinha;2;39.0;530.0;0.0;274.0;0.0;0.0;8.0;250.0;233.0;39.0;0.0;1.0;1.0;1.0;1.0;2022
Laranjal Paulista;2;41.0;884.0;0.0;123.0;0.0;0.0;0.0;115.0;704.0;65.0;0.0;1.0;1.0;1.0;0.0;2022
Laranjal Paulista;2;;;;;;;;;;;;;;;;2022
Laranjal Paulista;2;43.0;737.0;0.0;167.0;0.0;0.0;0.0;163.0;435.0;139.0;0.0;1.0;1.0;1.0;0.0;2022
Laranjal Paulista;2;;;;;;;;;;;0.0;0.0;1.0;1.0;0.0;2022
Lavínia;2;6.0;29.0;0.0;0.0;0.0;0.0;0.0;0.0;0.0;29.0;0.0;0.0;0.0;0.0;0.0;2022
Lavínia;2;14.0;182.0;0.0;0.0;0.0;0.0;0.0;0.0;175.0;7.0;0.0;1.0;1.0;1.0;0.0;2022
Lavínia;2;12.0;74.0;0.0;0.0;0.0;0.0;0.0;0.0;0.0;74.0;0.0;0.0;0.0;0.0;0.0;2022
Lavínia;2;11.0;88.0;0.0;0.0;0.0;0.0;0.0;0.0;0.0;88.0;1.0;0.0;0.0;0.0;0.0;2022
Lavínia;2;12.0;98.0;0.0;0.0;0.0;0.0;0.0;0.0;0.0;98.0;0.0;0.0;0.0;0.0;0.0;2022
Lavrinhas;2;37.0;337.0;0.0;67.0;0.0;0.0;1.0;66.0;131.0;139.0;0.0;1.0;1.0;1.0;1.0;2022
Lavrinhas;2;15.0;128.0;0.0;0.0;0.0;0.0;0.0;2.0;114.0;12.0;0.0;1.0;1.0;1.0;1.0;2022
Lavrinhas;2;;;;;;;;;;;;;;;;2022
Leme;2;36.0;622.0;0.0;622.0;0.0;0.0;0.0;554.0;68.0;0.0;0.0;1.0;1.0;1.0;0.0;2022
Leme;2;50.0;901.0;0.0;419.0;0.0;0.0;0.0;372.0;355.0;174.0;0.0;1.0;1.0;1.0;1.0;2022
Leme;2;22.0;389.0;0.0;0.0;0.0;0.0;0.0;5.0;341.0;43.0;0.0;1.0;1.0;1.0;0.0;2022
Leme;2;77.0;1482.0;0.0;455.0;0.0;0.0;0.0;384.0;940.0;158.0;0.0;1.0;1.0;1.0;1.0;2022
Leme;2;39.0;743.0;0.0;743.0;0.0;0.0;1.0;671.0;71.0;0.0;0.0;1.0;1.0;1.0;0.0;2022
Leme;2;15.0;122.0;0.0;80.0;0.0;0.0;1.0;67.0;47.0;7.0;0.0;1.0;1.0;1.0;0.0;2022
Leme;2;23.0;321.0;0.0;252.0;0.0;0.0;1.0;218.0;95.0;7.0;0.0;0.0;1.0;1.0;1.0;2022
Leme;2;40.0;539.0;0.0;539.0;0.0;0.0;0.0;481.0;58.0;0.0;0.0;1.0;1.0;1.0;1.0;2022
Leme;2;35.0;614.0;0.0;423.0;0.0;0.0;1.0;357.0;236.0;20.0;0.0;1.0;1.0;1.0;1.0;2022
Leme;2;18.0;85.0;0.0;57.0;0.0;0.0;0.0;49.0;31.0;5.0;0.0;1.0;1.0;0.0;1.0;2022
Leme;2;62.0;901.0;0.0;0.0;0.0;0.0;0.0;1.0;480.0;420.0;1.0;1.0;1.0;1.0;1.0;2022
Leme;2;64.0;1032.0;0.0;495.0;0.0;0.0;0.0;429.0;393.0;210.0;0.0;1.0;1.0;1.0;1.0;2022
Leme;2;39.0;717.0;0.0;418.0;0.0;0.0;0.0;374.0;311.0;32.0;0.0;1.0;1.0;1.0;1.0;2022
Lençóis Paulista;2;75.0;1329.0;0.0;284.0;0.0;0.0;0.0;243.0;971.0;115.0;0.0;1.0;1.0;1.0;1.0;2022
Lençóis Paulista;2;23.0;328.0;0.0;278.0;0.0;0.0;0.0;250.0;74.0;4.0;1.0;1.0;1.0;1.0;1.0;2022
Lençóis Paulista;2;29.0;544.0;0.0;249.0;0.0;0.0;1.0;230.0;291.0;22.0;0.0;1.0;1.0;1.0;0.0;2022
Lençóis Paulista;2;37.0;504.0;0.0;231.0;0.0;0.0;1.0;178.0;229.0;96.0;0.0;1.0;1.0;1.0;0.0;2022
Lençóis Paulista;2;49.0;934.0;0.0;278.0;0.0;0.0;0.0;246.0;604.0;84.0;0.0;1.0;1.0;1.0;0.0;2022
Lençóis Paulista;2;25.0;424.0;0.0;245.0;0.0;0.0;1.0;234.0;171.0;18.0;0.0;1.0;1.0;1.0;0.0;2022
Lençóis Paulista;2;50.0;674.0;0.0;0.0;0.0;0.0;0.0;2.0;377.0;295.0;1.0;1.0;1.0;1.0;0.0;2022
Lençóis Paulista;2;;;;;;;;;;;0.0;0.0;1.0;0.0;0.0;2022
Limeira;2;6.0;85.0;0.0;0.0;0.0;0.0;0.0;0.0;0.0;85.0;0.0;0.0;0.0;0.0;0.0;2022
Limeira;2;39.0;682.0;0.0;305.0;0.0;0.0;0.0;301.0;242.0;139.0;0.0;1.0;1.0;1.0;1.0;2022
Limeira;2;82.0;1579.0;0.0;813.0;0.0;0.0;0.0;756.0;777.0;46.0;0.0;1.0;1.0;1.0;0.0;2022
Limeira;2;46.0;869.0;276.0;295.0;0.0;0.0;263.0;298.0;297.0;11.0;0.0;1.0;1.0;1.0;1.0;2022
Limeira;2;58.0;966.0;237.0;452.0;0.0;0.0;226.0;430.0;304.0;6.0;0.0;1.0;1.0;1.0;1.0;2022
Limeira;2;50.0;732.0;0.0;514.0;0.0;0.0;1.0;472.0;247.0;12.0;0.0;1.0;1.0;1.0;1.0;2022
Limeira;2;30.0;402.0;0.0;278.0;0.0;0.0;0.0;251.0;144.0;7.0;0.0;1.0;1.0;1.0;1.0;2022
Limeira;2;71.0;898.0;0.0;292.0;0.0;0.0;0.0;262.0;478.0;158.0;0.0;1.0;1.0;1.0;1.0;2022
Limeira;2;18.0;201.0;0.0;0.0;0.0;0.0;0.0;1.0;192.0;8.0;0.0;1.0;1.0;1.0;1.0;2022
Limeira;2;70.0;978.0;0.0;0.0;0.0;0.0;0.0;4.0;677.0;297.0;1.0;1.0;1.0;1.0;0.0;2022
Limeira;2;35.0;531.0;0.0;382.0;0.0;0.0;0.0;353.0;170.0;8.0;0.0;1.0;1.0;1.0;1.0;2022
Limeira;2;14.0;238.0;0.0;238.0;0.0;0.0;1.0;219.0;18.0;0.0;0.0;1.0;1.0;1.0;1.0;2022
Limeira;2;36.0;663.0;0.0;452.0;0.0;0.0;0.0;423.0;232.0;8.0;0.0;1.0;1.0;1.0;0.0;2022
Limeira;2;35.0;733.0;0.0;503.0;0.0;0.0;2.0;452.0;272.0;7.0;0.0;1.0;1.0;1.0;1.0;2022
Limeira;2;78.0;1650.0;0.0;0.0;0.0;0.0;0.0;9.0;1320.0;321.0;0.0;0.0;1.0;0.0;0.0;2022
Limeira;2;49.0;507.0;0.0;289.0;0.0;0.0;1.0;255.0;237.0;14.0;0.0;1.0;1.0;1.0;1.0;2022
Limeira;2;14.0;228.0;0.0;228.0;0.0;0.0;0.0;216.0;12.0;0.0;0.0;1.0;1.0;1.0;1.0;2022
Limeira;2;34.0;522.0;154.0;368.0;0.0;0.0;149.0;345.0;28.0;0.0;0.0;1.0;1.0;0.0;0.0;2022
Limeira;2;22.0;343.0;0.0;233.0;0.0;0.0;0.0;209.0;130.0;4.0;0.0;1.0;1.0;1.0;1.0;2022
Limeira;2;18.0;160.0;0.0;0.0;0.0;0.0;0.0;1.0;151.0;8.0;0.0;1.0;1.0;1.0;1.0;2022
Limeira;2;15.0;264.0;0.0;264.0;0.0;0.0;0.0;249.0;15.0;0.0;0.0;1.0;1.0;1.0;1.0;2022
Limeira;2;6.0;101.0;0.0;0.0;0.0;0.0;0.0;0.0;0.0;101.0;0.0;0.0;0.0;0.0;0.0;2022
Limeira;2;7.0;43.0;0.0;24.0;0.0;0.0;0.0;0.0;26.0;17.0;0.0;0.0;0.0;0.0;0.0;2022
Limeira;2;8.0;39.0;1.0;20.0;0.0;0.0;0.0;0.0;25.0;14.0;0.0;0.0;0.0;0.0;0.0;2022
Limeira;2;55.0;1136.0;0.0;718.0;0.0;0.0;2.0;653.0;427.0;54.0;0.0;1.0;1.0;1.0;1.0;2022
Limeira;2;41.0;464.0;170.0;294.0;0.0;0.0;159.0;279.0;26.0;0.0;0.0;1.0;1.0;1.0;0.0;2022
Limeira;2;56.0;684.0;0.0;232.0;0.0;0.0;0.0;201.0;452.0;31.0;1.0;1.0;1.0;1.0;0.0;2022
Limeira;2;31.0;508.0;135.0;258.0;0.0;0.0;132.0;231.0;36.0;109.0;0.0;1.0;1.0;1.0;1.0;2022
Limeira;2;82.0;1690.0;0.0;682.0;0.0;0.0;1.0;626.0;995.0;68.0;0.0;1.0;1.0;1.0;1.0;2022
Limeira;2;29.0;426.0;0.0;426.0;0.0;0.0;0.0;390.0;36.0;0.0;0.0;0.0;1.0;1.0;0.0;2022
Limeira;2;55.0;799.0;0.0;389.0;0.0;0.0;0.0;339.0;419.0;41.0;0.0;1.0;1.0;1.0;1.0;2022
Limeira;2;16.0;266.0;0.0;266.0;0.0;0.0;1.0;249.0;16.0;0.0;0.0;0.0;1.0;1.0;0.0;2022
Limeira;2;43.0;775.0;135.0;388.0;0.0;0.0;130.0;371.0;268.0;6.0;0.0;1.0;1.0;1.0;0.0;2022
Limeira;2;37.0;578.0;0.0;444.0;0.0;0.0;0.0;403.0;171.0;4.0;0.0;1.0;1.0;1.0;1.0;2022
Limeira;2;44.0;1073.0;0.0;622.0;0.0;0.0;3.0;573.0;483.0;14.0;1.0;1.0;1.0;1.0;0.0;2022
Limeira;2;44.0;773.0;0.0;594.0;0.0;0.0;3.0;560.0;65.0;145.0;0.0;1.0;1.0;1.0;1.0;2022
Limeira;2;;;;;;;;;;;0.0;1.0;1.0;0.0;0.0;2022
Lindóia;2;36.0;258.0;0.0;0.0;0.0;0.0;0.0;2.0;176.0;80.0;0.0;1.0;1.0;1.0;1.0;2022
Lins;2;;;;;;;;;;;;;;;;2022
Lins;2;;;;;;;;;;;;;;;;2022
Lins;2;40.0;869.0;869.0;0.0;0.0;1.0;831.0;37.0;0.0;0.0;0.0;1.0;1.0;1.0;1.0;2022
Lins;2;19.0;401.0;401.0;0.0;0.0;1.0;381.0;19.0;0.0;0.0;0.0;1.0;1.0;1.0;0.0;2022
Lins;2;47.0;540.0;0.0;246.0;0.0;0.0;1.0;206.0;306.0;27.0;0.0;1.0;1.0;1.0;1.0;2022
Lins;2;45.0;829.0;0.0;347.0;0.0;0.0;1.0;306.0;497.0;25.0;0.0;1.0;1.0;1.0;0.0;2022
Lins;2;27.0;425.0;425.0;0.0;0.0;0.0;406.0;19.0;0.0;0.0;0.0;0.0;1.0;1.0;0.0;2022
Lins;2;15.0;253.0;0.0;253.0;0.0;0.0;1.0;232.0;20.0;0.0;0.0;1.0;1.0;1.0;0.0;2022
Lins;2;61.0;1472.0;0.0;385.0;0.0;0.0;0.0;349.0;1066.0;57.0;0.0;1.0;1.0;1.0;0.0;2022
Lins;2;25.0;362.0;0.0;183.0;0.0;0.0;1.0;178.0;120.0;63.0;0.0;1.0;1.0;1.0;0.0;2022
Lins;2;;;;;;;;;;;;;;;;2022
Lins;2;27.0;413.0;0.0;413.0;0.0;0.0;2.0;344.0;67.0;0.0;0.0;1.0;1.0;1.0;1.0;2022
Lins;2;21.0;493.0;493.0;0.0;0.0;0.0;472.0;21.0;0.0;0.0;0.0;1.0;1.0;1.0;0.0;2022
Lins;2;8.0;134.0;134.0;0.0;0.0;1.0;128.0;5.0;0.0;0.0;0.0;0.0;1.0;1.0;1.0;2022
Lins;2;;;;;;;;;;;;;;;;2022
Lins;2;;;;;;;;;;;;;;;;2022
Lins;2;81.0;1343.0;0.0;0.0;0.0;0.0;0.0;15.0;881.0;447.0;1.0;1.0;1.0;1.0;0.0;2022
Lins;2;15.0;64.0;1.0;25.0;0.0;0.0;0.0;0.0;39.0;25.0;0.0;0.0;0.0;1.0;0.0;2022
Lins;2;;;;;;;;;;;0.0;1.0;1.0;0.0;1.0;2022
Lins;2;5.0;93.0;0.0;0.0;0.0;0.0;0.0;0.0;0.0;93.0;0.0;0.0;1.0;0.0;0.0;2022
Lins;2;10.0;1424.0;0.0;0.0;0.0;0.0;0.0;0.0;1.0;1423.0;0.0;1.0;1.0;0.0;0.0;2022
Lins;2;9.0;25.0;0.0;6.0;0.0;0.0;0.0;0.0;18.0;7.0;0.0;0.0;0.0;1.0;1.0;2022
Lins;2;13.0;258.0;0.0;258.0;0.0;0.0;0.0;250.0;8.0;0.0;0.0;1.0;1.0;1.0;1.0;2022
Lins;2;11.0;169.0;169.0;0.0;0.0;0.0;158.0;11.0;0.0;0.0;0.0;1.0;1.0;1.0;0.0;2022
Lins;2;12.0;251.0;251.0;0.0;0.0;0.0;242.0;9.0;0.0;0.0;0.0;1.0;1.0;1.0;1.0;2022
Lins;2;23.0;468.0;0.0;468.0;0.0;0.0;1.0;409.0;56.0;2.0;0.0;1.0;1.0;1.0;0.0;2022
Lorena;2;77.0;1619.0;0.0;0.0;0.0;0.0;0.0;18.0;1002.0;599.0;0.0;1.0;1.0;1.0;1.0;2022
Lorena;2;;;;;;;;;;;;;;;;2022
Lorena;2;22.0;298.0;0.0;192.0;0.0;0.0;4.0;174.0;111.0;9.0;0.0;1.0;1.0;1.0;0.0;2022
Lorena;2;;;;;;;;;;;;;;;;2022
Lorena;2;;;;;;;;;;;;;;;;2022
Lorena;2;46.0;783.0;0.0;452.0;0.0;0.0;11.0;416.0;336.0;20.0;1.0;1.0;1.0;1.0;0.0;2022
Lorena;2;15.0;247.0;0.0;247.0;0.0;0.0;4.0;231.0;12.0;0.0;0.0;1.0;1.0;1.0;1.0;2022
Lorena;2;;;;;;;;;;;;;;;;2022
Lorena;2;30.0;351.0;0.0;237.0;0.0;0.0;2.0;215.0;122.0;12.0;0.0;1.0;1.0;1.0;0.0;2022
Lorena;2;10.0;38.0;3.0;21.0;0.0;0.0;0.0;6.0;25.0;7.0;0.0;0.0;1.0;0.0;0.0;2022
Lorena;2;46.0;826.0;0.0;0.0;0.0;0.0;0.0;17.0;559.0;250.0;1.0;1.0;1.0;1.0;0.0;2022
Lorena;2;28.0;309.0;0.0;197.0;0.0;0.0;4.0;176.0;117.0;12.0;0.0;0.0;1.0;1.0;1.0;2022
Lorena;2;24.0;446.0;0.0;249.0;0.0;0.0;4.0;233.0;199.0;10.0;0.0;1.0;1.0;1.0;1.0;2022
Lorena;2;13.0;200.0;0.0;200.0;0.0;0.0;3.0;182.0;15.0;0.0;0.0;1.0;1.0;1.0;1.0;2022
Lorena;2;;;;;;;;;;;;;;;;2022
Lorena;2;19.0;173.0;0.0;0.0;0.0;0.0;0.0;4.0;158.0;11.0;1.0;1.0;1.0;1.0;0.0;2022
Lourdes;2;15.0;152.0;0.0;89.0;0.0;0.0;3.0;83.0;58.0;8.0;0.0;1.0;1.0;1.0;0.0;2022
Louveira;2;82.0;1636.0;0.0;696.0;0.0;0.0;3.0;633.0;845.0;155.0;0.0;1.0;1.0;1.0;1.0;2022
Louveira;2;45.0;1212.0;0.0;598.0;0.0;0.0;2.0;550.0;619.0;41.0;0.0;1.0;1.0;1.0;0.0;2022
Louveira;2;68.0;1799.0;0.0;1039.0;0.0;0.0;1.0;962.0;765.0;71.0;0.0;0.0;1.0;1.0;1.0;2022
Louveira;2;8.0;127.0;0.0;127.0;0.0;0.0;0.0;121.0;6.0;0.0;0.0;0.0;1.0;1.0;0.0;2022
Lucélia;2;51.0;743.0;0.0;297.0;0.0;0.0;10.0;270.0;351.0;112.0;0.0;1.0;1.0;1.0;0.0;2022
Lucélia;2;11.0;162.0;0.0;0.0;0.0;0.0;0.0;0.0;0.0;162.0;0.0;0.0;0.0;0.0;0.0;2022
Lucélia;2;16.0;243.0;0.0;180.0;0.0;0.0;2.0;170.0;71.0;0.0;0.0;1.0;1.0;1.0;1.0;2022
Lucianópolis;2;15.0;249.0;0.0;129.0;0.0;0.0;2.0;123.0;120.0;4.0;0.0;0.0;1.0;1.0;0.0;2022
Luís Antônio;2;34.0;778.0;0.0;0.0;0.0;0.0;0.0;6.0;537.0;235.0;0.0;0.0;1.0;1.0;1.0;2022
Luiziânia;2;39.0;412.0;0.0;241.0;0.0;0.0;0.0;205.0;186.0;21.0;0.0;0.0;1.0;1.0;1.0;2022
Lupércio;2;28.0;313.0;0.0;131.0;0.0;0.0;1.0;125.0;169.0;18.0;0.0;1.0;1.0;1.0;0.0;2022
Lupércio;2;9.0;75.0;0.0;75.0;0.0;0.0;0.0;69.0;6.0;0.0;0.0;1.0;1.0;1.0;0.0;2022
Lutécia;2;36.0;254.0;0.0;146.0;0.0;0.0;5.0;134.0;85.0;30.0;0.0;1.0;1.0;1.0;0.0;2022
Macatuba;2;45.0;670.0;0.0;288.0;0.0;0.0;0.0;267.0;364.0;39.0;0.0;1.0;1.0;1.0;0.0;2022
Macatuba;2;21.0;294.0;0.0;229.0;0.0;0.0;0.0;211.0;79.0;4.0;0.0;1.0;1.0;1.0;0.0;2022
Macatuba;2;24.0;417.0;0.0;317.0;0.0;0.0;1.0;284.0;124.0;8.0;0.0;1.0;1.0;1.0;1.0;2022
Macaubal;2;27.0;504.0;0.0;296.0;0.0;0.0;5.0;287.0;204.0;8.0;0.0;1.0;1.0;1.0;0.0;2022
Macaubal;2;;;;;;;;;;;;;;;;2022
Macedônia;2;22.0;273.0;0.0;174.0;0.0;0.0;3.0;159.0;99.0;12.0;0.0;1.0;1.0;1.0;1.0;2022
Magda;2;16.0;225.0;0.0;146.0;0.0;0.0;2.0;137.0;86.0;0.0;0.0;0.0;1.0;1.0;1.0;2022
Magda;2;;;;;;;;;;;;;;;;2022
Mairinque;2;46.0;760.0;0.0;0.0;0.0;0.0;0.0;9.0;556.0;195.0;1.0;1.0;1.0;1.0;0.0;2022
Mairinque;2;19.0;406.0;0.0;0.0;0.0;0.0;0.0;5.0;376.0;25.0;0.0;1.0;1.0;1.0;1.0;2022
Mairinque;2;52.0;721.0;0.0;0.0;0.0;0.0;0.0;4.0;469.0;248.0;1.0;1.0;1.0;0.0;0.0;2022
Mairinque;2;;;;;;;;;;;;;;;;2022
Mairinque;2;11.0;151.0;0.0;0.0;0.0;0.0;0.0;0.0;0.0;151.0;0.0;0.0;1.0;0.0;0.0;2022
Mairinque;2;19.0;335.0;0.0;0.0;0.0;0.0;0.0;8.0;310.0;17.0;0.0;0.0;1.0;1.0;1.0;2022
Mairinque;2;19.0;298.0;0.0;0.0;0.0;0.0;0.0;4.0;256.0;38.0;0.0;1.0;1.0;1.0;0.0;2022
Mairiporã;2;49.0;802.0;0.0;329.0;0.0;0.0;6.0;316.0;456.0;24.0;0.0;1.0;1.0;1.0;1.0;2022
Mairiporã;2;62.0;1206.0;0.0;430.0;0.0;0.0;11.0;402.0;610.0;183.0;0.0;1.0;1.0;1.0;0.0;2022
Mairiporã;2;31.0;442.0;0.0;200.0;0.0;0.0;6.0;190.0;234.0;12.0;0.0;0.0;1.0;1.0;0.0;2022
Mairiporã;2;28.0;348.0;0.0;190.0;0.0;0.0;2.0;177.0;157.0;12.0;0.0;1.0;1.0;0.0;0.0;2022
Mairiporã;2;44.0;1039.0;0.0;449.0;0.0;0.0;8.0;429.0;573.0;29.0;0.0;1.0;1.0;1.0;0.0;2022
Mairiporã;2;38.0;714.0;0.0;354.0;0.0;0.0;3.0;334.0;353.0;24.0;0.0;1.0;1.0;1.0;0.0;2022
Mairiporã;2;17.0;331.0;0.0;331.0;0.0;0.0;3.0;323.0;5.0;0.0;0.0;1.0;1.0;1.0;0.0;2022
Mairiporã;2;23.0;251.0;0.0;0.0;0.0;0.0;0.0;0.0;129.0;122.0;1.0;0.0;1.0;0.0;1.0;2022
Mairiporã;2;24.0;296.0;0.0;153.0;0.0;0.0;4.0;150.0;136.0;6.0;0.0;0.0;1.0;1.0;0.0;2022
Mairiporã;2;30.0;575.0;0.0;448.0;0.0;0.0;10.0;423.0;135.0;7.0;0.0;1.0;1.0;1.0;1.0;2022
Mairiporã;2;23.0;400.0;0.0;220.0;0.0;0.0;3.0;211.0;180.0;6.0;0.0;1.0;1.0;1.0;1.0;2022
Mairiporã;2;29.0;494.0;0.0;297.0;0.0;0.0;2.0;269.0;208.0;15.0;0.0;1.0;1.0;0.0;0.0;2022
Mairiporã;2;30.0;353.0;0.0;215.0;0.0;0.0;2.0;208.0;138.0;5.0;0.0;1.0;1.0;1.0;0.0;2022
Mairiporã;2;27.0;429.0;0.0;271.0;0.0;0.0;3.0;259.0;163.0;4.0;0.0;0.0;1.0;1.0;1.0;2022
Mairiporã;2;20.0;359.0;0.0;359.0;0.0;0.0;5.0;332.0;22.0;0.0;0.0;1.0;1.0;0.0;0.0;2022
Manduri;2;42.0;787.0;0.0;480.0;0.0;0.0;9.0;442.0;322.0;14.0;0.0;1.0;1.0;1.0;0.0;2022
Marabá Paulista;2;28.0;255.0;0.0;162.0;0.0;0.0;1.0;155.0;92.0;7.0;0.0;1.0;1.0;1.0;0.0;2022
Marabá Paulista;2;9.0;74.0;0.0;0.0;0.0;0.0;0.0;0.0;0.0;74.0;0.0;0.0;0.0;0.0;0.0;2022
Marabá Paulista;2;;;;;;;;;;;;;;;;2022
Maracaí;2;23.0;374.0;0.0;259.0;0.0;0.0;10.0;247.0;111.0;6.0;0.0;1.0;1.0;1.0;0.0;2022
Maracaí;2;15.0;61.0;0.0;33.0;0.0;0.0;0.0;32.0;27.0;2.0;0.0;1.0;1.0;0.0;1.0;2022
Maracaí;2;16.0;70.0;0.0;43.0;0.0;0.0;1.0;42.0;26.0;1.0;0.0;1.0;1.0;1.0;1.0;2022
Maracaí;2;49.0;598.0;0.0;228.0;0.0;0.0;2.0;222.0;248.0;126.0;0.0;1.0;1.0;0.0;1.0;2022
Maracaí;2;;;;;;;;;;;0.0;1.0;1.0;0.0;0.0;2022
Marapoama;2;21.0;229.0;0.0;139.0;0.0;0.0;0.0;141.0;86.0;2.0;0.0;0.0;1.0;1.0;0.0;2022
Mariápolis;2;31.0;297.0;0.0;151.0;0.0;0.0;4.0;142.0;125.0;26.0;0.0;1.0;1.0;1.0;0.0;2022
Marília;2;35.0;687.0;0.0;330.0;0.0;0.0;6.0;312.0;356.0;13.0;0.0;1.0;1.0;1.0;1.0;2022
Marília;2;61.0;1004.0;0.0;0.0;0.0;0.0;0.0;21.0;540.0;443.0;1.0;1.0;1.0;0.0;1.0;2022
Marília;2;20.0;195.0;68.0;79.0;0.0;2.0;67.0;79.0;47.0;0.0;0.0;0.0;1.0;1.0;0.0;2022
Marília;2;20.0;436.0;436.0;0.0;0.0;3.0;430.0;3.0;0.0;0.0;0.0;1.0;1.0;1.0;1.0;2022
Marília;2;14.0;291.0;0.0;291.0;0.0;0.0;7.0;277.0;6.0;1.0;0.0;0.0;1.0;1.0;1.0;2022
Marília;2;14.0;128.0;69.0;59.0;0.0;0.0;69.0;57.0;2.0;0.0;0.0;0.0;1.0;0.0;0.0;2022
Marília;2;39.0;413.0;0.0;226.0;0.0;0.0;5.0;213.0;188.0;7.0;0.0;1.0;1.0;1.0;0.0;2022
Marília;2;16.0;305.0;0.0;305.0;0.0;0.0;5.0;296.0;4.0;0.0;0.0;0.0;1.0;1.0;1.0;2022
Marília;2;28.0;370.0;370.0;0.0;0.0;6.0;357.0;7.0;0.0;0.0;0.0;1.0;1.0;1.0;1.0;2022
Marília;2;20.0;321.0;0.0;0.0;0.0;0.0;0.0;11.0;307.0;3.0;0.0;1.0;1.0;1.0;1.0;2022
Marília;2;18.0;390.0;390.0;0.0;0.0;1.0;382.0;7.0;0.0;0.0;0.0;1.0;1.0;1.0;0.0;2022
Marília;2;18.0;281.0;281.0;0.0;0.0;6.0;273.0;2.0;0.0;0.0;0.0;0.0;1.0;1.0;0.0;2022
Marília;2;43.0;694.0;0.0;472.0;0.0;0.0;4.0;464.0;225.0;1.0;0.0;1.0;1.0;1.0;1.0;2022
Marília;2;17.0;288.0;0.0;288.0;0.0;0.0;5.0;267.0;16.0;0.0;0.0;0.0;1.0;1.0;1.0;2022
Marília;2;35.0;384.0;94.0;162.0;0.0;0.0;98.0;158.0;127.0;1.0;0.0;1.0;1.0;0.0;0.0;2022
Marília;2;12.0;38.0;22.0;0.0;0.0;0.0;22.0;0.0;0.0;16.0;0.0;1.0;1.0;0.0;0.0;2022
Marília;2;39.0;795.0;109.0;351.0;0.0;0.0;117.0;329.0;335.0;14.0;0.0;0.0;1.0;1.0;0.0;2022
Marília;2;16.0;226.0;226.0;0.0;0.0;1.0;222.0;3.0;0.0;0.0;0.0;1.0;1.0;1.0;1.0;2022
Marília;2;62.0;937.0;0.0;235.0;0.0;0.0;6.0;231.0;670.0;30.0;0.0;1.0;1.0;1.0;1.0;2022
Marília;2;64.0;1181.0;0.0;351.0;0.0;0.0;2.0;345.0;815.0;19.0;0.0;1.0;1.0;1.0;1.0;2022
Marília;2;11.0;185.0;185.0;0.0;0.0;4.0;180.0;1.0;0.0;0.0;0.0;1.0;1.0;1.0;0.0;2022
Marília;2;50.0;1146.0;0.0;369.0;0.0;0.0;5.0;367.0;755.0;19.0;0.0;1.0;1.0;1.0;0.0;2022
Marília;2;58.0;619.0;0.0;202.0;0.0;0.0;1.0;198.0;409.0;11.0;0.0;0.0;1.0;1.0;1.0;2022
Marília;2;43.0;679.0;0.0;371.0;0.0;0.0;3.0;370.0;293.0;13.0;0.0;1.0;1.0;1.0;1.0;2022
Marília;2;17.0;244.0;0.0;244.0;0.0;0.0;8.0;232.0;4.0;0.0;0.0;1.0;1.0;1.0;1.0;2022
Marília;2;65.0;1101.0;0.0;473.0;0.0;0.0;16.0;433.0;623.0;29.0;0.0;1.0;1.0;1.0;0.0;2022
Marília;2;25.0;368.0;0.0;241.0;0.0;0.0;4.0;234.0;125.0;5.0;0.0;1.0;1.0;1.0;1.0;2022
Marília;2;57.0;947.0;0.0;366.0;0.0;0.0;11.0;351.0;561.0;24.0;0.0;1.0;1.0;1.0;0.0;2022
Marília;2;;;;;;;;;;;;;;;;2022
Marília;2;15.0;273.0;0.0;273.0;0.0;0.0;7.0;257.0;9.0;0.0;0.0;1.0;1.0;1.0;1.0;2022
Marília;2;10.0;127.0;0.0;0.0;0.0;0.0;0.0;0.0;0.0;127.0;1.0;0.0;0.0;0.0;0.0;2022
Marília;2;8.0;84.0;0.0;0.0;0.0;0.0;0.0;0.0;0.0;84.0;0.0;0.0;0.0;0.0;0.0;2022
Marília;2;15.0;256.0;0.0;256.0;0.0;0.0;8.0;239.0;9.0;0.0;0.0;1.0;1.0;1.0;1.0;2022
Marília;2;40.0;528.0;0.0;305.0;0.0;0.0;3.0;293.0;224.0;8.0;0.0;0.0;1.0;1.0;0.0;2022
Marília;2;;;;;;;;;;;;;;;;2022
Marília;2;9.0;55.0;0.0;13.0;0.0;0.0;0.0;2.0;40.0;13.0;0.0;0.0;0.0;0.0;0.0;2022
Marília;2;39.0;767.0;0.0;387.0;0.0;0.0;7.0;366.0;364.0;30.0;0.0;1.0;1.0;1.0;0.0;2022
Marília;2;38.0;470.0;0.0;470.0;0.0;0.0;3.0;452.0;14.0;1.0;0.0;0.0;1.0;1.0;0.0;2022
Marília;2;43.0;486.0;0.0;333.0;0.0;0.0;7.0;313.0;160.0;6.0;0.0;0.0;1.0;1.0;1.0;2022
Marília;2;54.0;862.0;0.0;374.0;0.0;0.0;8.0;368.0;466.0;20.0;0.0;1.0;1.0;1.0;1.0;2022
Marília;2;12.0;125.0;0.0;125.0;0.0;0.0;2.0;117.0;6.0;0.0;0.0;1.0;1.0;1.0;1.0;2022
Marília;2;13.0;99.0;0.0;0.0;0.0;0.0;0.0;4.0;93.0;2.0;0.0;1.0;1.0;1.0;1.0;2022
Marília;2;12.0;653.0;0.0;0.0;0.0;0.0;0.0;0.0;0.0;653.0;0.0;0.0;1.0;1.0;1.0;2022
Marília;2;3.0;5.0;0.0;0.0;5.0;0.0;0.0;0.0;0.0;0.0;0.0;0.0;1.0;0.0;1.0;2022
Marília;2;;;;;;;;;;;;;;;;2022
Marinópolis;2;15.0;130.0;0.0;77.0;0.0;0.0;2.0;73.0;53.0;2.0;0.0;1.0;1.0;1.0;1.0;2022
Martinópolis;2;12.0;99.0;0.0;0.0;0.0;0.0;0.0;0.0;93.0;6.0;0.0;1.0;1.0;1.0;0.0;2022
Martinópolis;2;45.0;846.0;0.0;466.0;0.0;0.0;0.0;436.0;351.0;59.0;0.0;1.0;1.0;1.0;0.0;2022
Martinópolis;2;42.0;742.0;0.0;454.0;0.0;0.0;1.0;423.0;302.0;16.0;0.0;1.0;1.0;1.0;1.0;2022
Martinópolis;2;13.0;200.0;0.0;0.0;0.0;0.0;0.0;0.0;0.0;200.0;0.0;0.0;0.0;0.0;0.0;2022
Martinópolis;2;;;;;;;;;;;0.0;0.0;0.0;0.0;0.0;2022
Matão;2;36.0;574.0;0.0;375.0;0.0;0.0;3.0;358.0;174.0;39.0;0.0;1.0;1.0;1.0;1.0;2022
Matão;2;63.0;894.0;0.0;0.0;0.0;0.0;0.0;23.0;651.0;220.0;0.0;1.0;1.0;1.0;1.0;2022
Matão;2;52.0;503.0;0.0;329.0;0.0;0.0;5.0;319.0;167.0;12.0;0.0;1.0;1.0;1.0;0.0;2022
Matão;2;42.0;336.0;193.0;143.0;0.0;1.0;191.0;135.0;9.0;0.0;0.0;0.0;1.0;1.0;1.0;2022
Matão;2;32.0;557.0;557.0;0.0;0.0;0.0;553.0;4.0;0.0;0.0;0.0;1.0;1.0;1.0;1.0;2022
Matão;2;19.0;232.0;232.0;0.0;0.0;0.0;228.0;4.0;0.0;0.0;0.0;1.0;1.0;1.0;1.0;2022
Matão;2;24.0;86.0;0.0;0.0;0.0;0.0;0.0;1.0;53.0;32.0;0.0;1.0;1.0;1.0;1.0;2022
Matão;2;18.0;174.0;174.0;0.0;0.0;0.0;172.0;2.0;0.0;0.0;0.0;1.0;1.0;1.0;1.0;2022
Matão;2;44.0;416.0;0.0;225.0;0.0;0.0;5.0;204.0;193.0;14.0;0.0;1.0;1.0;1.0;0.0;2022
Matão;2;17.0;340.0;0.0;340.0;0.0;0.0;13.0;320.0;7.0;0.0;0.0;1.0;1.0;1.0;1.0;2022
Matão;2;;;;;;;;;;;0.0;0.0;1.0;0.0;0.0;2022
Matão;2;19.0;292.0;0.0;0.0;0.0;0.0;0.0;8.0;276.0;8.0;0.0;0.0;1.0;1.0;1.0;2022
Matão;2;33.0;440.0;440.0;0.0;0.0;1.0;435.0;4.0;0.0;0.0;0.0;1.0;1.0;1.0;0.0;2022
Matão;2;26.0;309.0;309.0;0.0;0.0;0.0;306.0;3.0;0.0;0.0;0.0;1.0;1.0;1.0;0.0;2022
Matão;2;68.0;1052.0;0.0;0.0;0.0;0.0;0.0;19.0;608.0;425.0;1.0;1.0;1.0;1.0;1.0;2022
Matão;2;26.0;280.0;0.0;280.0;0.0;0.0;5.0;267.0;8.0;0.0;0.0;1.0;1.0;1.0;1.0;2022
Matão;2;27.0;478.0;478.0;0.0;0.0;0.0;473.0;5.0;0.0;0.0;0.0;1.0;1.0;1.0;0.0;2022
Matão;2;18.0;258.0;258.0;0.0;0.0;0.0;254.0;4.0;0.0;0.0;0.0;1.0;1.0;1.0;0.0;2022
Matão;2;15.0;273.0;0.0;273.0;0.0;0.0;9.0;258.0;6.0;0.0;0.0;1.0;1.0;1.0;1.0;2022
Mauá;2;27.0;449.0;449.0;0.0;0.0;4.0;436.0;9.0;0.0;0.0;0.0;0.0;1.0;1.0;0.0;2022
Mauá;2;50.0;1090.0;0.0;549.0;0.0;0.0;4.0;555.0;520.0;11.0;0.0;0.0;1.0;1.0;1.0;2022
Mauá;2;28.0;454.0;454.0;0.0;0.0;2.0;445.0;7.0;0.0;0.0;1.0;1.0;1.0;0.0;1.0;2022
Mauá;2;20.0;289.0;0.0;168.0;0.0;0.0;4.0;159.0;124.0;2.0;0.0;1.0;1.0;1.0;0.0;2022
Mauá;2;45.0;1176.0;0.0;607.0;0.0;0.0;10.0;597.0;541.0;28.0;0.0;0.0;1.0;1.0;1.0;2022
Mauá;2;41.0;619.0;96.0;267.0;0.0;0.0;93.0;249.0;268.0;9.0;0.0;1.0;1.0;1.0;0.0;2022
Mauá;2;52.0;960.0;960.0;0.0;0.0;1.0;927.0;32.0;0.0;0.0;0.0;0.0;1.0;1.0;1.0;2022
Mauá;2;32.0;361.0;153.0;104.0;0.0;0.0;150.0;105.0;105.0;1.0;0.0;1.0;1.0;1.0;1.0;2022
Mauá;2;43.0;745.0;655.0;0.0;0.0;1.0;649.0;5.0;0.0;90.0;0.0;1.0;1.0;0.0;0.0;2022
Mauá;2;33.0;592.0;306.0;286.0;0.0;2.0;298.0;281.0;11.0;0.0;0.0;1.0;1.0;1.0;0.0;2022
Mauá;2;56.0;1043.0;323.0;409.0;0.0;1.0;324.0;392.0;34.0;292.0;0.0;1.0;1.0;1.0;0.0;2022
Mauá;2;36.0;630.0;630.0;0.0;0.0;0.0;622.0;8.0;0.0;0.0;0.0;0.0;1.0;0.0;1.0;2022
Mauá;2;36.0;694.0;694.0;0.0;0.0;5.0;687.0;2.0;0.0;0.0;0.0;0.0;1.0;1.0;1.0;2022
Mauá;2;44.0;953.0;953.0;0.0;0.0;7.0;945.0;1.0;0.0;0.0;0.0;1.0;1.0;1.0;1.0;2022
Mauá;2;69.0;1419.0;0.0;556.0;0.0;0.0;10.0;546.0;808.0;55.0;1.0;1.0;1.0;1.0;1.0;2022
Mauá;2;38.0;559.0;559.0;0.0;0.0;4.0;546.0;9.0;0.0;0.0;0.0;1.0;1.0;1.0;1.0;2022
Mauá;2;33.0;566.0;0.0;385.0;0.0;0.0;11.0;371.0;175.0;9.0;0.0;1.0;1.0;1.0;0.0;2022
Mauá;2;31.0;468.0;468.0;0.0;0.0;1.0;460.0;7.0;0.0;0.0;0.0;1.0;1.0;1.0;0.0;2022
Mauá;2;40.0;981.0;0.0;495.0;0.0;0.0;11.0;463.0;486.0;21.0;0.0;1.0;1.0;1.0;0.0;2022
Mauá;2;52.0;783.0;783.0;0.0;0.0;6.0;759.0;18.0;0.0;0.0;0.0;1.0;1.0;1.0;1.0;2022
Mauá;2;51.0;922.0;922.0;0.0;0.0;5.0;905.0;12.0;0.0;0.0;0.0;1.0;1.0;1.0;1.0;2022
Mauá;2;58.0;1057.0;0.0;431.0;0.0;0.0;9.0;415.0;397.0;236.0;0.0;1.0;1.0;1.0;0.0;2022
Mauá;2;46.0;674.0;296.0;264.0;0.0;0.0;292.0;261.0;114.0;7.0;0.0;1.0;1.0;1.0;1.0;2022
Mauá;2;33.0;603.0;603.0;0.0;0.0;6.0;591.0;6.0;0.0;0.0;1.0;1.0;1.0;1.0;0.0;2022
Mauá;2;80.0;1719.0;0.0;633.0;0.0;0.0;13.0;600.0;1022.0;84.0;0.0;1.0;1.0;1.0;1.0;2022
Mauá;2;77.0;1558.0;0.0;1007.0;0.0;0.0;20.0;976.0;544.0;18.0;0.0;1.0;1.0;1.0;1.0;2022
Mauá;2;34.0;538.0;0.0;381.0;0.0;0.0;1.0;360.0;169.0;8.0;0.0;1.0;1.0;1.0;0.0;2022
Mauá;2;46.0;512.0;254.0;258.0;0.0;0.0;253.0;246.0;13.0;0.0;0.0;1.0;1.0;1.0;0.0;2022
Mauá;2;46.0;658.0;496.0;0.0;0.0;2.0;480.0;14.0;4.0;158.0;0.0;0.0;1.0;0.0;0.0;2022
Mauá;2;89.0;2186.0;0.0;999.0;0.0;0.0;21.0;990.0;1130.0;45.0;0.0;1.0;1.0;1.0;1.0;2022
Mauá;2;58.0;1377.0;0.0;648.0;0.0;0.0;12.0;615.0;694.0;56.0;0.0;1.0;1.0;1.0;1.0;2022
Mauá;2;79.0;1269.0;0.0;585.0;0.0;0.0;9.0;581.0;644.0;35.0;0.0;1.0;1.0;1.0;1.0;2022
Mauá;2;29.0;628.0;628.0;0.0;0.0;0.0;616.0;12.0;0.0;0.0;0.0;0.0;1.0;1.0;0.0;2022
Mauá;2;30.0;730.0;348.0;382.0;0.0;1.0;348.0;367.0;14.0;0.0;0.0;0.0;1.0;1.0;0.0;2022
Mauá;2;75.0;1135.0;1135.0;0.0;0.0;4.0;1116.0;15.0;0.0;0.0;1.0;0.0;1.0;1.0;1.0;2022
Mauá;2;64.0;1592.0;0.0;586.0;0.0;0.0;14.0;553.0;967.0;58.0;1.0;1.0;1.0;1.0;1.0;2022
Mauá;2;40.0;626.0;250.0;240.0;0.0;0.0;246.0;237.0;138.0;5.0;0.0;1.0;1.0;1.0;1.0;2022
Mauá;2;18.0;479.0;479.0;0.0;0.0;3.0;473.0;3.0;0.0;0.0;0.0;1.0;1.0;1.0;0.0;2022
Mauá;2;41.0;765.0;765.0;0.0;0.0;5.0;744.0;16.0;0.0;0.0;0.0;0.0;1.0;0.0;1.0;2022
Mauá;2;25.0;507.0;507.0;0.0;0.0;0.0;494.0;13.0;0.0;0.0;0.0;1.0;1.0;1.0;0.0;2022
Mauá;2;60.0;1090.0;249.0;422.0;0.0;2.0;253.0;408.0;407.0;20.0;0.0;1.0;1.0;1.0;1.0;2022
Mauá;2;;;;;;;;;;;;;;;;2022
Mauá;2;9.0;147.0;147.0;0.0;0.0;0.0;146.0;1.0;0.0;0.0;0.0;1.0;1.0;1.0;0.0;2022
Mauá;2;69.0;1653.0;0.0;834.0;0.0;0.0;18.0;809.0;779.0;47.0;0.0;1.0;1.0;1.0;0.0;2022
Mauá;2;55.0;925.0;0.0;0.0;0.0;0.0;0.0;14.0;601.0;310.0;1.0;1.0;1.0;0.0;1.0;2022
Mauá;2;;;;;;;;;;;;;;;;2022
Mauá;2;;;;;;;;;;;;;;;;2022
Mauá;2;40.0;756.0;756.0;0.0;0.0;3.0;738.0;15.0;0.0;0.0;0.0;1.0;1.0;1.0;1.0;2022
Mauá;2;90.0;1670.0;0.0;779.0;0.0;0.0;11.0;720.0;563.0;376.0;0.0;1.0;1.0;1.0;1.0;2022
Mauá;2;65.0;1608.0;0.0;889.0;0.0;0.0;20.0;850.0;685.0;53.0;0.0;0.0;1.0;1.0;1.0;2022
Mauá;2;;;;;;;;;;;0.0;1.0;1.0;0.0;1.0;2022
Mauá;2;6.0;32.0;0.0;0.0;0.0;0.0;0.0;0.0;0.0;32.0;0.0;0.0;0.0;0.0;0.0;2022
Mauá;2;53.0;1063.0;0.0;576.0;0.0;0.0;14.0;526.0;493.0;30.0;1.0;1.0;1.0;1.0;1.0;2022
Mauá;2;40.0;904.0;0.0;558.0;0.0;0.0;7.0;529.0;354.0;14.0;0.0;1.0;1.0;1.0;1.0;2022
Mauá;2;21.0;489.0;489.0;0.0;0.0;7.0;479.0;3.0;0.0;0.0;0.0;1.0;1.0;1.0;0.0;2022
Mauá;2;31.0;526.0;0.0;313.0;0.0;0.0;7.0;309.0;208.0;2.0;0.0;1.0;1.0;1.0;1.0;2022
Mauá;2;31.0;644.0;0.0;430.0;0.0;0.0;9.0;401.0;20.0;214.0;0.0;1.0;1.0;1.0;1.0;2022
Mauá;2;30.0;463.0;463.0;0.0;0.0;6.0;451.0;6.0;0.0;0.0;0.0;1.0;1.0;1.0;0.0;2022
Mauá;2;22.0;498.0;498.0;0.0;0.0;2.0;491.0;5.0;0.0;0.0;0.0;1.0;1.0;1.0;0.0;2022
Mauá;2;63.0;1311.0;315.0;668.0;0.0;0.0;315.0;635.0;337.0;24.0;0.0;1.0;1.0;1.0;0.0;2022
Mauá;2;43.0;980.0;980.0;0.0;0.0;4.0;961.0;15.0;0.0;0.0;0.0;1.0;1.0;1.0;1.0;2022
Mauá;2;43.0;787.0;787.0;0.0;0.0;1.0;769.0;17.0;0.0;0.0;0.0;1.0;1.0;1.0;0.0;2022
Mauá;2;17.0;310.0;310.0;0.0;0.0;5.0;301.0;4.0;0.0;0.0;0.0;0.0;1.0;1.0;0.0;2022
Mauá;2;31.0;498.0;498.0;0.0;0.0;3.0;489.0;5.0;1.0;0.0;0.0;0.0;1.0;1.0;0.0;2022
Mauá;2;53.0;1196.0;0.0;652.0;0.0;0.0;9.0;616.0;524.0;47.0;0.0;1.0;1.0;0.0;1.0;2022
Mauá;2;48.0;877.0;0.0;622.0;0.0;0.0;17.0;596.0;260.0;4.0;0.0;1.0;1.0;1.0;1.0;2022
Mauá;2;23.0;554.0;554.0;0.0;0.0;2.0;537.0;15.0;0.0;0.0;0.0;1.0;1.0;0.0;0.0;2022
Mauá;2;54.0;637.0;0.0;305.0;0.0;0.0;6.0;291.0;326.0;14.0;0.0;1.0;1.0;1.0;1.0;2022
Mauá;2;53.0;990.0;0.0;632.0;0.0;0.0;11.0;601.0;362.0;16.0;0.0;1.0;1.0;1.0;0.0;2022
Mauá;2;;;;;;;;;;;0.0;1.0;1.0;1.0;1.0;2022
Mendonça;2;45.0;562.0;0.0;298.0;0.0;0.0;9.0;280.0;228.0;45.0;0.0;1.0;1.0;1.0;1.0;2022
Meridiano;2;24.0;309.0;0.0;207.0;0.0;0.0;2.0;194.0;109.0;4.0;0.0;1.0;1.0;1.0;1.0;2022
Meridiano;2;;;;;;;;;;;;;;;;2022
Meridiano;2;;;;;;;;;;;;;;;;2022
Mesópolis;2;15.0;190.0;0.0;136.0;0.0;0.0;3.0;123.0;61.0;3.0;0.0;1.0;1.0;1.0;1.0;2022
Miguelópolis;2;27.0;455.0;0.0;0.0;0.0;0.0;0.0;5.0;345.0;105.0;0.0;0.0;1.0;1.0;1.0;2022
Miguelópolis;2;28.0;516.0;0.0;0.0;0.0;0.0;0.0;16.0;302.0;198.0;1.0;1.0;1.0;1.0;1.0;2022
Mineiros do Tietê;2;64.0;980.0;0.0;564.0;0.0;0.0;6.0;508.0;406.0;60.0;0.0;1.0;1.0;1.0;1.0;2022
Miracatu;2;16.0;186.0;0.0;110.0;0.0;0.0;3.0;99.0;81.0;3.0;0.0;1.0;1.0;1.0;1.0;2022
Miracatu;2;29.0;481.0;0.0;321.0;0.0;0.0;3.0;309.0;166.0;3.0;0.0;0.0;1.0;1.0;0.0;2022
Miracatu;2;15.0;143.0;0.0;81.0;0.0;0.0;1.0;81.0;56.0;5.0;0.0;0.0;1.0;1.0;1.0;2022
Miracatu;2;18.0;140.0;0.0;71.0;0.0;0.0;1.0;69.0;67.0;3.0;0.0;0.0;1.0;1.0;0.0;2022
Miracatu;2;16.0;207.0;0.0;122.0;0.0;0.0;1.0;116.0;86.0;4.0;0.0;1.0;1.0;1.0;1.0;2022
Miracatu;2;2.0;3.0;1.0;2.0;0.0;0.0;0.0;3.0;0.0;0.0;0.0;0.0;0.0;0.0;1.0;2022
Miracatu;2;5.0;8.0;2.0;5.0;0.0;0.0;3.0;4.0;1.0;0.0;0.0;0.0;1.0;0.0;1.0;2022
Miracatu;2;8.0;30.0;13.0;8.0;0.0;4.0;12.0;8.0;1.0;5.0;0.0;0.0;0.0;0.0;0.0;2022
Miracatu;2;;;;;;;;;;;;;;;;2022
Miracatu;2;;;;;;;;;;;0.0;0.0;1.0;0.0;0.0;2022
Miracatu;2;7.0;439.0;0.0;0.0;0.0;0.0;0.0;1.0;0.0;438.0;0.0;0.0;1.0;0.0;0.0;2022
Miracatu;2;45.0;484.0;0.0;258.0;0.0;0.0;7.0;242.0;219.0;16.0;0.0;1.0;1.0;1.0;1.0;2022
Miracatu;2;14.0;173.0;0.0;103.0;0.0;0.0;0.0;101.0;70.0;2.0;0.0;0.0;1.0;1.0;0.0;2022
Miracatu;2;15.0;134.0;0.0;74.0;0.0;0.0;1.0;72.0;53.0;8.0;0.0;1.0;1.0;1.0;1.0;2022
Mira Estrela;2;15.0;197.0;0.0;132.0;0.0;0.0;2.0;119.0;71.0;5.0;0.0;1.0;1.0;1.0;1.0;2022
Mirandópolis;2;57.0;840.0;0.0;659.0;0.0;0.0;9.0;602.0;189.0;40.0;0.0;1.0;1.0;1.0;0.0;2022
Mirandópolis;2;18.0;310.0;0.0;0.0;0.0;0.0;0.0;2.0;301.0;7.0;0.0;1.0;1.0;1.0;0.0;2022
Mirandópolis;2;23.0;311.0;0.0;187.0;0.0;0.0;0.0;176.0;129.0;6.0;0.0;1.0;1.0;1.0;0.0;2022
Mirandópolis;2;12.0;153.0;0.0;0.0;0.0;0.0;0.0;0.0;0.0;153.0;0.0;0.0;1.0;0.0;0.0;2022
Mirandópolis;2;13.0;129.0;0.0;0.0;0.0;0.0;0.0;0.0;0.0;129.0;0.0;0.0;0.0;0.0;0.0;2022
Mirante do Paranapanema;2;40.0;292.0;106.0;91.0;0.0;0.0;101.0;96.0;79.0;16.0;0.0;1.0;1.0;1.0;0.0;2022
Mirante do Paranapanema;2;41.0;645.0;0.0;283.0;0.0;0.0;0.0;282.0;296.0;67.0;0.0;1.0;1.0;1.0;1.0;2022
Mirante do Paranapanema;2;17.0;167.0;0.0;114.0;0.0;0.0;1.0;111.0;52.0;3.0;0.0;1.0;1.0;1.0;0.0;2022
Mirante do Paranapanema;2;30.0;271.0;36.0;99.0;0.0;0.0;33.0;100.0;98.0;40.0;0.0;1.0;1.0;1.0;0.0;2022
Mirante do Paranapanema;2;;;;;;;;;;;;;;;;2022
Mirante do Paranapanema;2;;;;;;;;;;;0.0;0.0;1.0;0.0;0.0;2022
Mirante do Paranapanema;2;;;;;;;;;;;;;;;;2022
Mirante do Paranapanema;2;39.0;323.0;105.0;102.0;0.0;0.0;101.0;104.0;87.0;31.0;0.0;1.0;1.0;1.0;1.0;2022
Mirante do Paranapanema;2;48.0;296.0;111.0;83.0;0.0;0.0;109.0;76.0;54.0;57.0;0.0;1.0;1.0;1.0;1.0;2022
Mirassol;2;1.0;3.0;0.0;0.0;0.0;0.0;0.0;0.0;2.0;1.0;0.0;1.0;1.0;1.0;1.0;2022
Mirassol;2;45.0;1000.0;0.0;621.0;0.0;0.0;14.0;596.0;386.0;4.0;0.0;1.0;1.0;1.0;1.0;2022
Mirassol;2;33.0;224.0;0.0;0.0;0.0;0.0;0.0;2.0;126.0;96.0;1.0;1.0;1.0;1.0;1.0;2022
Mirassol;2;30.0;545.0;0.0;346.0;0.0;0.0;5.0;325.0;209.0;6.0;0.0;1.0;1.0;1.0;1.0;2022
Mirassol;2;70.0;1256.0;0.0;611.0;0.0;0.0;16.0;576.0;553.0;111.0;0.0;1.0;1.0;1.0;1.0;2022
Mirassol;2;56.0;836.0;0.0;479.0;0.0;0.0;2.0;457.0;347.0;30.0;0.0;1.0;1.0;1.0;0.0;2022
Mirassol;2;7.0;39.0;0.0;21.0;0.0;0.0;0.0;5.0;26.0;8.0;0.0;1.0;1.0;1.0;1.0;2022
Mirassol;2;51.0;676.0;0.0;355.0;0.0;0.0;0.0;299.0;328.0;49.0;0.0;1.0;1.0;1.0;1.0;2022
Mirassol;2;;;;;;;;;;;;;;;;2022
Mirassolândia;2;28.0;366.0;0.0;242.0;0.0;0.0;1.0;222.0;133.0;10.0;0.0;1.0;1.0;1.0;1.0;2022
Mirassolândia;2;;;;;;;;;;;;;;;;2022
Mococa;2;30.0;281.0;102.0;89.0;0.0;2.0;100.0;87.0;73.0;19.0;1.0;1.0;1.0;1.0;0.0;2022
Mococa;2;66.0;843.0;0.0;269.0;0.0;0.0;0.0;241.0;301.0;301.0;0.0;1.0;1.0;1.0;0.0;2022
Mococa;2;21.0;415.0;415.0;0.0;0.0;3.0;406.0;6.0;0.0;0.0;0.0;1.0;1.0;1.0;1.0;2022
Mococa;2;29.0;434.0;0.0;293.0;0.0;0.0;8.0;277.0;135.0;14.0;0.0;1.0;1.0;1.0;0.0;2022
Mococa;2;29.0;505.0;0.0;340.0;0.0;0.0;3.0;331.0;167.0;4.0;0.0;1.0;1.0;1.0;1.0;2022
Mococa;2;36.0;192.0;97.0;70.0;0.0;1.0;91.0;69.0;19.0;12.0;1.0;1.0;1.0;1.0;1.0;2022
Mococa;2;29.0;403.0;0.0;286.0;0.0;0.0;4.0;271.0;113.0;15.0;0.0;0.0;1.0;1.0;1.0;2022
Mococa;2;81.0;1307.0;0.0;0.0;0.0;0.0;0.0;15.0;643.0;649.0;1.0;1.0;1.0;1.0;1.0;2022
Mococa;2;26.0;357.0;0.0;278.0;0.0;0.0;4.0;254.0;93.0;6.0;0.0;0.0;1.0;1.0;0.0;2022
Mococa;2;48.0;493.0;0.0;0.0;0.0;0.0;0.0;7.0;280.0;206.0;1.0;1.0;1.0;1.0;1.0;2022
Mococa;2;;;;;;;;;;;0.0;0.0;1.0;0.0;0.0;2022
Mococa;2;8.0;106.0;0.0;0.0;0.0;0.0;0.0;0.0;0.0;106.0;0.0;0.0;0.0;1.0;1.0;2022
Mococa;2;52.0;558.0;0.0;344.0;0.0;0.0;4.0;299.0;225.0;30.0;0.0;1.0;1.0;1.0;0.0;2022
Mococa;2;32.0;609.0;609.0;0.0;0.0;10.0;594.0;5.0;0.0;0.0;0.0;1.0;1.0;1.0;1.0;2022
Mogi das Cruzes;2;46.0;569.0;0.0;569.0;0.0;0.0;0.0;512.0;55.0;2.0;0.0;1.0;1.0;1.0;0.0;2022
Mogi das Cruzes;2;104.0;1842.0;0.0;0.0;0.0;0.0;0.0;8.0;1165.0;669.0;1.0;1.0;1.0;1.0;1.0;2022
Mogi das Cruzes;2;56.0;456.0;0.0;273.0;0.0;0.0;1.0;247.0;198.0;10.0;1.0;1.0;1.0;1.0;1.0;2022
Mogi das Cruzes;2;37.0;424.0;0.0;0.0;0.0;0.0;0.0;3.0;408.0;13.0;0.0;1.0;1.0;1.0;0.0;2022
Mogi das Cruzes;2;;;;;;;;;;;;;;;;2022
Mogi das Cruzes;2;57.0;753.0;0.0;297.0;0.0;0.0;0.0;276.0;388.0;89.0;0.0;1.0;1.0;1.0;1.0;2022
Mogi das Cruzes;2;23.0;426.0;0.0;426.0;0.0;0.0;3.0;402.0;21.0;0.0;0.0;0.0;1.0;1.0;0.0;2022
Mogi das Cruzes;2;130.0;1699.0;0.0;608.0;0.0;0.0;0.0;582.0;1036.0;81.0;0.0;1.0;1.0;1.0;1.0;2022
Mogi das Cruzes;2;43.0;423.0;0.0;224.0;0.0;0.0;0.0;209.0;203.0;11.0;0.0;1.0;1.0;1.0;0.0;2022
Mogi das Cruzes;2;36.0;456.0;0.0;280.0;0.0;0.0;0.0;249.0;199.0;8.0;0.0;1.0;1.0;1.0;1.0;2022
Mogi das Cruzes;2;52.0;343.0;0.0;139.0;0.0;0.0;0.0;132.0;199.0;12.0;0.0;1.0;1.0;1.0;0.0;2022
Mogi das Cruzes;2;45.0;736.0;0.0;464.0;0.0;0.0;1.0;439.0;289.0;7.0;0.0;1.0;1.0;1.0;0.0;2022
Mogi das Cruzes;2;48.0;913.0;0.0;0.0;0.0;0.0;0.0;3.0;874.0;36.0;0.0;1.0;1.0;1.0;0.0;2022
Mogi das Cruzes;2;37.0;678.0;0.0;496.0;0.0;0.0;0.0;478.0;195.0;5.0;0.0;0.0;1.0;1.0;1.0;2022
Mogi das Cruzes;2;20.0;262.0;0.0;184.0;0.0;0.0;1.0;171.0;88.0;2.0;0.0;1.0;1.0;1.0;0.0;2022
Mogi das Cruzes;2;13.0;103.0;0.0;95.0;0.0;0.0;1.0;84.0;16.0;2.0;0.0;0.0;1.0;1.0;0.0;2022
Mogi das Cruzes;2;55.0;458.0;0.0;249.0;0.0;0.0;0.0;233.0;219.0;6.0;0.0;1.0;1.0;1.0;0.0;2022
Mogi das Cruzes;2;;;;;;;;;;;;;;;;2022
Mogi das Cruzes;2;57.0;609.0;0.0;369.0;0.0;0.0;3.0;342.0;255.0;9.0;0.0;1.0;1.0;1.0;0.0;2022
Mogi das Cruzes;2;26.0;440.0;0.0;269.0;0.0;0.0;0.0;250.0;186.0;4.0;0.0;1.0;1.0;1.0;0.0;2022
Mogi das Cruzes;2;;;;;;;;;;;;;;;;2022
Mogi das Cruzes;2;65.0;821.0;0.0;328.0;0.0;0.0;1.0;305.0;384.0;131.0;0.0;1.0;1.0;1.0;0.0;2022
Mogi das Cruzes;2;;;;;;;;;;;;;;;;2022
Mogi das Cruzes;2;42.0;496.0;0.0;245.0;0.0;0.0;0.0;228.0;256.0;12.0;0.0;1.0;1.0;1.0;1.0;2022
Mogi das Cruzes;2;37.0;440.0;0.0;440.0;0.0;0.0;0.0;439.0;1.0;0.0;0.0;0.0;1.0;1.0;0.0;2022
Mogi das Cruzes;2;47.0;709.0;0.0;579.0;0.0;0.0;0.0;528.0;51.0;130.0;0.0;1.0;1.0;1.0;0.0;2022
Mogi das Cruzes;2;69.0;772.0;108.0;303.0;0.0;0.0;92.0;302.0;371.0;7.0;0.0;1.0;1.0;1.0;0.0;2022
Mogi das Cruzes;2;35.0;532.0;0.0;68.0;0.0;0.0;1.0;69.0;448.0;14.0;0.0;1.0;1.0;1.0;1.0;2022
Mogi das Cruzes;2;43.0;791.0;0.0;547.0;0.0;0.0;0.0;507.0;276.0;8.0;0.0;0.0;1.0;1.0;0.0;2022
Mogi das Cruzes;2;23.0;189.0;0.0;116.0;0.0;0.0;0.0;110.0;76.0;3.0;0.0;1.0;1.0;1.0;1.0;2022
Mogi das Cruzes;2;19.0;267.0;0.0;212.0;0.0;0.0;1.0;196.0;66.0;4.0;0.0;1.0;1.0;1.0;0.0;2022
Mogi das Cruzes;2;26.0;358.0;0.0;358.0;0.0;0.0;1.0;327.0;30.0;0.0;0.0;0.0;1.0;1.0;0.0;2022
Mogi das Cruzes;2;36.0;409.0;0.0;409.0;0.0;0.0;0.0;381.0;28.0;0.0;0.0;1.0;1.0;1.0;0.0;2022
Mogi das Cruzes;2;36.0;486.0;0.0;297.0;0.0;0.0;0.0;277.0;179.0;30.0;0.0;0.0;1.0;1.0;0.0;2022
Mogi das Cruzes;2;47.0;633.0;0.0;633.0;0.0;0.0;1.0;580.0;52.0;0.0;0.0;1.0;1.0;1.0;1.0;2022
Mogi das Cruzes;2;39.0;351.0;0.0;148.0;0.0;0.0;0.0;135.0;207.0;9.0;0.0;1.0;1.0;1.0;0.0;2022
Mogi das Cruzes;2;39.0;495.0;0.0;291.0;0.0;0.0;0.0;278.0;206.0;11.0;0.0;1.0;1.0;1.0;0.0;2022
Mogi das Cruzes;2;66.0;825.0;0.0;481.0;0.0;0.0;0.0;446.0;339.0;40.0;0.0;1.0;1.0;1.0;0.0;2022
Mogi das Cruzes;2;55.0;733.0;0.0;733.0;0.0;0.0;2.0;677.0;54.0;0.0;0.0;1.0;1.0;1.0;1.0;2022
Mogi das Cruzes;2;81.0;1320.0;213.0;654.0;0.0;0.0;186.0;618.0;489.0;27.0;0.0;1.0;1.0;1.0;1.0;2022
Mogi das Cruzes;2;61.0;1212.0;0.0;1212.0;0.0;0.0;3.0;1110.0;99.0;0.0;0.0;1.0;1.0;1.0;0.0;2022
Mogi das Cruzes;2;13.0;118.0;0.0;86.0;0.0;0.0;0.0;79.0;38.0;1.0;0.0;1.0;1.0;1.0;1.0;2022
Mogi das Cruzes;2;17.0;238.0;0.0;0.0;0.0;0.0;0.0;0.0;236.0;2.0;0.0;1.0;1.0;1.0;1.0;2022
Mogi das Cruzes;2;32.0;231.0;0.0;231.0;0.0;0.0;0.0;204.0;27.0;0.0;0.0;1.0;1.0;1.0;1.0;2022
Mogi das Cruzes;2;22.0;301.0;0.0;246.0;0.0;0.0;1.0;242.0;57.0;1.0;0.0;1.0;1.0;1.0;1.0;2022
Mogi das Cruzes;2;71.0;606.0;0.0;289.0;0.0;0.0;0.0;252.0;338.0;16.0;1.0;1.0;1.0;0.0;1.0;2022
Mogi das Cruzes;2;;;;;;;;;;;0.0;0.0;1.0;0.0;0.0;2022
Mogi das Cruzes;2;15.0;1825.0;0.0;0.0;0.0;0.0;0.0;0.0;0.0;1825.0;0.0;0.0;1.0;0.0;0.0;2022
Mogi das Cruzes;2;60.0;641.0;0.0;305.0;0.0;0.0;0.0;293.0;334.0;14.0;0.0;1.0;1.0;1.0;0.0;2022
Mogi das Cruzes;2;;;;;;;;;;;;;;;;2022
Mogi das Cruzes;2;43.0;365.0;0.0;365.0;0.0;0.0;1.0;346.0;18.0;0.0;0.0;1.0;1.0;1.0;0.0;2022
Mogi das Cruzes;2;8.0;129.0;0.0;129.0;0.0;0.0;0.0;125.0;4.0;0.0;0.0;1.0;1.0;1.0;1.0;2022
Mogi das Cruzes;2;54.0;551.0;0.0;551.0;0.0;0.0;2.0;516.0;32.0;1.0;0.0;1.0;1.0;1.0;0.0;2022
Mogi das Cruzes;2;;;;;;;;;;;;;;;;2022
Mogi das Cruzes;2;95.0;1112.0;0.0;544.0;0.0;0.0;0.0;506.0;482.0;124.0;0.0;1.0;1.0;1.0;0.0;2022
Mogi das Cruzes;2;45.0;734.0;0.0;734.0;0.0;0.0;0.0;699.0;34.0;1.0;0.0;0.0;1.0;1.0;0.0;2022
Mogi das Cruzes;2;9.0;55.0;0.0;55.0;0.0;0.0;0.0;53.0;2.0;0.0;0.0;1.0;1.0;1.0;0.0;2022
Mogi das Cruzes;2;;;;;;;;;;;;;;;;2022
Mogi das Cruzes;2;14.0;293.0;0.0;293.0;0.0;0.0;0.0;272.0;20.0;1.0;0.0;0.0;1.0;1.0;1.0;2022
Mogi das Cruzes;2;8.0;72.0;0.0;72.0;0.0;0.0;0.0;70.0;2.0;0.0;0.0;1.0;1.0;1.0;0.0;2022
Mogi das Cruzes;2;15.0;229.0;0.0;229.0;0.0;0.0;1.0;219.0;9.0;0.0;0.0;1.0;1.0;1.0;0.0;2022
Mogi das Cruzes;2;;;;;;;;;;;;;;;;2022
Mogi das Cruzes;2;;;;;;;;;;;;;;;;2022
Mogi das Cruzes;2;47.0;670.0;0.0;670.0;0.0;0.0;3.0;630.0;37.0;0.0;0.0;0.0;1.0;0.0;0.0;2022
Mogi das Cruzes;2;17.0;228.0;0.0;0.0;0.0;0.0;0.0;0.0;219.0;9.0;0.0;1.0;1.0;1.0;1.0;2022
Mogi das Cruzes;2;63.0;561.0;0.0;561.0;0.0;0.0;1.0;531.0;27.0;2.0;0.0;1.0;1.0;0.0;0.0;2022
Mogi das Cruzes;2;18.0;349.0;0.0;256.0;0.0;0.0;1.0;244.0;102.0;2.0;0.0;0.0;1.0;1.0;0.0;2022
Mogi das Cruzes;2;;;;;;;;;;;;;;;;2022
Mogi das Cruzes;2;;;;;;;;;;;;;;;;2022
Mogi das Cruzes;2;16.0;199.0;0.0;132.0;0.0;0.0;0.0;124.0;71.0;4.0;0.0;1.0;1.0;1.0;1.0;2022
Mogi das Cruzes;2;105.0;1669.0;0.0;0.0;0.0;0.0;0.0;1.0;1504.0;164.0;0.0;1.0;1.0;1.0;0.0;2022
Mogi das Cruzes;2;61.0;710.0;0.0;447.0;0.0;0.0;2.0;417.0;276.0;15.0;0.0;1.0;1.0;1.0;1.0;2022
Mogi das Cruzes;2;57.0;793.0;0.0;0.0;0.0;0.0;0.0;0.0;764.0;29.0;0.0;1.0;1.0;1.0;1.0;2022
Mogi das Cruzes;2;;;;;;;;;;;;;;;;2022
Mogi das Cruzes;2;15.0;116.0;0.0;86.0;0.0;0.0;0.0;83.0;33.0;0.0;0.0;1.0;1.0;1.0;1.0;2022
Mogi das Cruzes;2;;;;;;;;;;;0.0;0.0;1.0;0.0;0.0;2022
Mogi Guaçu;2;17.0;310.0;0.0;0.0;0.0;0.0;0.0;3.0;291.0;16.0;0.0;1.0;1.0;1.0;0.0;2022
Mogi Guaçu;2;;;;;;;;;;;;;;;;2022
Mogi Guaçu;2;90.0;1107.0;0.0;0.0;0.0;0.0;0.0;3.0;912.0;192.0;0.0;0.0;1.0;1.0;0.0;2022
Mogi Guaçu;2;12.0;193.0;0.0;0.0;0.0;0.0;0.0;0.0;166.0;27.0;0.0;1.0;1.0;1.0;1.0;2022
Mogi Guaçu;2;70.0;1424.0;0.0;492.0;0.0;0.0;7.0;424.0;820.0;173.0;0.0;0.0;1.0;1.0;1.0;2022
Mogi Guaçu;2;16.0;268.0;0.0;268.0;0.0;0.0;6.0;249.0;13.0;0.0;0.0;1.0;1.0;1.0;1.0;2022
Mogi Guaçu;2;10.0;84.0;0.0;0.0;0.0;0.0;0.0;0.0;73.0;11.0;0.0;1.0;1.0;1.0;0.0;2022
Mogi Guaçu;2;40.0;297.0;0.0;183.0;0.0;0.0;4.0;162.0;118.0;13.0;0.0;1.0;1.0;1.0;1.0;2022
Mogi Guaçu;2;58.0;897.0;0.0;283.0;0.0;0.0;3.0;250.0;555.0;89.0;0.0;1.0;1.0;1.0;0.0;2022
Mogi Guaçu;2;14.0;170.0;0.0;0.0;0.0;0.0;0.0;0.0;164.0;6.0;0.0;1.0;1.0;1.0;1.0;2022
Mogi Guaçu;2;28.0;311.0;0.0;212.0;0.0;0.0;4.0;189.0;109.0;9.0;0.0;1.0;1.0;1.0;0.0;2022
Mogi Guaçu;2;47.0;444.0;0.0;132.0;0.0;0.0;1.0;117.0;159.0;167.0;0.0;1.0;1.0;1.0;0.0;2022
Mogi Guaçu;2;22.0;252.0;0.0;191.0;0.0;0.0;4.0;177.0;65.0;6.0;0.0;1.0;1.0;1.0;1.0;2022
Mogi Guaçu;2;49.0;700.0;0.0;0.0;0.0;0.0;0.0;4.0;556.0;140.0;1.0;1.0;1.0;1.0;1.0;2022
Mogi Guaçu;2;;;;;;;;;;;;;;;;2022
Mogi Guaçu;2;19.0;149.0;0.0;0.0;0.0;0.0;0.0;0.0;0.0;149.0;0.0;0.0;1.0;0.0;0.0;2022
Mogi Guaçu;2;33.0;415.0;0.0;324.0;0.0;0.0;3.0;298.0;104.0;10.0;0.0;1.0;1.0;1.0;1.0;2022
Mogi Guaçu;2;60.0;442.0;0.0;80.0;0.0;0.0;1.0;67.0;265.0;109.0;0.0;1.0;1.0;1.0;1.0;2022
Mogi Guaçu;2;;;;;;;;;;;;;;;;2022
Mogi Guaçu;2;;;;;;;;;;;;;;;;2022
Mogi Guaçu;2;;;;;;;;;;;;;;;;2022
Mogi Guaçu;2;34.0;535.0;0.0;381.0;0.0;0.0;11.0;331.0;174.0;19.0;0.0;1.0;1.0;1.0;1.0;2022
Mogi Guaçu;2;;;;;;;;;;;;;;;;2022
Mogi Guaçu;2;15.0;282.0;0.0;282.0;0.0;0.0;3.0;264.0;15.0;0.0;0.0;1.0;1.0;1.0;1.0;2022
Mogi Guaçu;2;27.0;320.0;0.0;213.0;0.0;0.0;5.0;189.0;118.0;8.0;0.0;0.0;1.0;1.0;1.0;2022
Mogi Mirim;2;63.0;890.0;0.0;265.0;0.0;0.0;1.0;226.0;577.0;86.0;0.0;1.0;1.0;1.0;0.0;2022
Mogi Mirim;2;;;;;;;;;;;;;;;;2022
Mogi Mirim;2;15.0;145.0;0.0;0.0;0.0;0.0;0.0;0.0;134.0;11.0;0.0;1.0;1.0;1.0;1.0;2022
Mogi Mirim;2;;;;;;;;;;;;;;;;2022
Mogi Mirim;2;44.0;576.0;0.0;160.0;0.0;0.0;1.0;141.0;399.0;35.0;0.0;1.0;1.0;1.0;1.0;2022
Mogi Mirim;2;71.0;752.0;0.0;374.0;0.0;0.0;4.0;329.0;273.0;146.0;0.0;1.0;1.0;1.0;1.0;2022
Mogi Mirim;2;47.0;415.0;0.0;257.0;0.0;0.0;6.0;238.0;122.0;49.0;0.0;1.0;1.0;1.0;1.0;2022
Mogi Mirim;2;111.0;1680.0;0.0;0.0;0.0;0.0;0.0;8.0;1146.0;526.0;1.0;1.0;1.0;1.0;1.0;2022
Mogi Mirim;2;34.0;397.0;0.0;231.0;0.0;0.0;3.0;200.0;179.0;15.0;0.0;1.0;1.0;1.0;0.0;2022
Mogi Mirim;2;14.0;274.0;0.0;274.0;0.0;0.0;5.0;249.0;20.0;0.0;0.0;1.0;1.0;1.0;1.0;2022
Mogi Mirim;2;;;;;;;;;;;;;;;;2022
Mogi Mirim;2;;;;;;;;;;;;;;;;2022
Mogi Mirim;2;11.0;41.0;0.0;20.0;0.0;0.0;0.0;0.0;21.0;20.0;0.0;0.0;1.0;0.0;1.0;2022
Mogi Mirim;2;12.0;52.0;0.0;25.0;0.0;0.0;0.0;2.0;39.0;11.0;0.0;0.0;1.0;0.0;1.0;2022
Mogi Mirim;2;8.0;84.0;0.0;0.0;0.0;0.0;0.0;0.0;0.0;84.0;0.0;0.0;1.0;0.0;0.0;2022
Mogi Mirim;2;21.0;222.0;0.0;169.0;0.0;0.0;0.0;143.0;73.0;6.0;0.0;0.0;1.0;1.0;1.0;2022
Mogi Mirim;2;45.0;905.0;0.0;505.0;0.0;0.0;2.0;450.0;406.0;47.0;0.0;0.0;1.0;1.0;1.0;2022
Mogi Mirim;2;;;;;;;;;;;;;;;;2022
Mogi Mirim;2;48.0;467.0;0.0;315.0;0.0;0.0;4.0;279.0;179.0;5.0;0.0;0.0;1.0;1.0;0.0;2022
Mogi Mirim;2;;;;;;;;;;;;;;;;2022
Mombuca;2;12.0;139.0;0.0;0.0;0.0;0.0;0.0;1.0;128.0;10.0;0.0;1.0;1.0;1.0;0.0;2022
Monções;2;14.0;133.0;0.0;89.0;0.0;0.0;2.0;83.0;48.0;0.0;0.0;1.0;1.0;1.0;1.0;2022
Mongaguá;2;;;;;;;;;;;;;;;;2022
Mongaguá;2;46.0;584.0;0.0;0.0;0.0;0.0;0.0;4.0;420.0;160.0;0.0;0.0;1.0;0.0;0.0;2022
Mongaguá;2;70.0;1462.0;0.0;0.0;0.0;0.0;0.0;19.0;1240.0;203.0;0.0;0.0;1.0;1.0;0.0;2022
Mongaguá;2;;;;;;;;;;;;;;;;2022
Mongaguá;2;49.0;506.0;0.0;0.0;0.0;0.0;0.0;0.0;445.0;61.0;0.0;1.0;1.0;1.0;0.0;2022
Mongaguá;2;;;;;;;;;;;;;;;;2022
Mongaguá;2;13.0;31.0;2.0;15.0;0.0;0.0;0.0;1.0;23.0;7.0;0.0;0.0;1.0;0.0;0.0;2022
Mongaguá;2;10.0;181.0;0.0;0.0;0.0;0.0;0.0;0.0;0.0;181.0;0.0;0.0;1.0;0.0;0.0;2022
Mongaguá;2;;;;;;;;;;;0.0;0.0;1.0;0.0;0.0;2022
Mongaguá;2;8.0;46.0;25.0;19.0;0.0;1.0;18.0;20.0;5.0;2.0;0.0;0.0;1.0;0.0;0.0;2022
Mongaguá;2;13.0;50.0;21.0;17.0;0.0;8.0;17.0;18.0;3.0;4.0;0.0;0.0;1.0;0.0;0.0;2022
Mongaguá;2;;;;;;;;;;;;;;;;2022
Mongaguá;2;63.0;848.0;0.0;0.0;0.0;0.0;0.0;6.0;518.0;324.0;1.0;1.0;1.0;1.0;0.0;2022
Mongaguá;2;;;;;;;;;;;;;;;;2022
Monte Alegre do Sul;2;24.0;463.0;0.0;0.0;0.0;0.0;0.0;9.0;389.0;65.0;0.0;1.0;1.0;1.0;0.0;2022
Monte Alto;2;48.0;748.0;0.0;192.0;0.0;0.0;2.0;173.0;545.0;28.0;0.0;0.0;1.0;1.0;1.0;2022
Monte Alto;2;52.0;898.0;0.0;383.0;0.0;0.0;5.0;355.0;396.0;142.0;0.0;1.0;1.0;1.0;1.0;2022
Monte Alto;2;23.0;358.0;0.0;224.0;0.0;0.0;5.0;203.0;147.0;3.0;0.0;1.0;1.0;1.0;1.0;2022
Monte Alto;2;;;;;;;;;;;;;;;;2022
Monte Alto;2;23.0;383.0;0.0;0.0;0.0;0.0;0.0;6.0;302.0;75.0;1.0;1.0;1.0;1.0;1.0;2022
Monte Aprazível;2;44.0;850.0;0.0;158.0;0.0;0.0;1.0;161.0;604.0;84.0;0.0;1.0;1.0;1.0;1.0;2022
Monte Aprazível;2;;;;;;;;;;;;;;;;2022
Monte Aprazível;2;35.0;526.0;0.0;0.0;0.0;0.0;0.0;5.0;292.0;229.0;1.0;1.0;1.0;1.0;1.0;2022
Monte Azul Paulista;2;30.0;685.0;0.0;197.0;0.0;0.0;0.0;178.0;454.0;53.0;0.0;0.0;1.0;1.0;0.0;2022
Monte Azul Paulista;2;15.0;155.0;0.0;55.0;0.0;0.0;0.0;56.0;94.0;5.0;1.0;1.0;1.0;1.0;1.0;2022
Monte Castelo;2;;;;;;;;;;;;;;;;2022
Monte Castelo;2;36.0;338.0;0.0;172.0;0.0;0.0;4.0;156.0;148.0;30.0;0.0;1.0;1.0;1.0;0.0;2022
Monteiro Lobato;2;28.0;378.0;0.0;231.0;0.0;0.0;0.0;205.0;146.0;27.0;0.0;1.0;1.0;1.0;0.0;2022
Monte Mor;2;;;;;;;;;;;;;;;;2022
Monte Mor;2;15.0;226.0;0.0;155.0;0.0;0.0;3.0;131.0;88.0;4.0;0.0;1.0;1.0;1.0;0.0;2022
Monte Mor;2;;;;;;;;;;;;;;;;2022
Monte Mor;2;;;;;;;;;;;;;;;;2022
Monte Mor;2;21.0;355.0;0.0;223.0;0.0;0.0;3.0;203.0;141.0;8.0;0.0;1.0;1.0;1.0;1.0;2022
Monte Mor;2;37.0;533.0;0.0;0.0;0.0;0.0;0.0;7.0;428.0;98.0;1.0;1.0;1.0;0.0;1.0;2022
Monte Mor;2;23.0;422.0;0.0;0.0;0.0;0.0;0.0;1.0;211.0;210.0;0.0;1.0;1.0;1.0;1.0;2022
Monte Mor;2;;;;;;;;;;;;;;;;2022
Monte Mor;2;;;;;;;;;;;;;;;;2022
Monte Mor;2;29.0;518.0;0.0;0.0;0.0;0.0;0.0;12.0;477.0;29.0;0.0;1.0;1.0;1.0;0.0;2022
Monte Mor;2;;;;;;;;;;;;;;;;2022
Monte Mor;2;46.0;966.0;0.0;285.0;0.0;0.0;3.0;254.0;626.0;83.0;0.0;1.0;1.0;1.0;0.0;2022
Monte Mor;2;25.0;649.0;0.0;0.0;0.0;0.0;0.0;8.0;560.0;81.0;0.0;1.0;1.0;1.0;1.0;2022
Monte Mor;2;;;;;;;;;;;;;;;;2022
Monte Mor;2;52.0;1212.0;0.0;730.0;0.0;0.0;6.0;643.0;518.0;45.0;0.0;1.0;1.0;1.0;0.0;2022
Morro Agudo;2;;;;;;;;;;;;;;;;2022
Morro Agudo;2;41.0;688.0;0.0;126.0;0.0;0.0;3.0;127.0;539.0;19.0;0.0;1.0;1.0;1.0;1.0;2022
Morro Agudo;2;38.0;560.0;0.0;460.0;0.0;0.0;4.0;420.0;56.0;80.0;0.0;1.0;1.0;1.0;1.0;2022
Morro Agudo;2;;;;;;;;;;;;;;;;2022
Morungaba;2;24.0;811.0;0.0;205.0;0.0;0.0;0.0;186.0;565.0;60.0;0.0;1.0;1.0;1.0;0.0;2022
Motuca;2;11.0;198.0;0.0;0.0;0.0;0.0;0.0;2.0;156.0;40.0;0.0;1.0;1.0;1.0;0.0;2022
Murutinga do Sul;2;16.0;258.0;0.0;153.0;0.0;0.0;4.0;133.0;117.0;4.0;0.0;1.0;1.0;1.0;0.0;2022
Nantes;2;22.0;259.0;0.0;151.0;0.0;0.0;2.0;151.0;89.0;17.0;0.0;1.0;1.0;1.0;0.0;2022
Narandiba;2;29.0;219.0;0.0;0.0;0.0;0.0;0.0;0.0;145.0;74.0;0.0;0.0;1.0;1.0;0.0;2022
Narandiba;2;;;;;;;;;;;;;;;;2022
Natividade da Serra;2;37.0;441.0;0.0;223.0;0.0;0.0;4.0;219.0;197.0;21.0;0.0;1.0;1.0;1.0;0.0;2022
Natividade da Serra;2;;;;;;;;;;;;;;;;2022
Natividade da Serra;2;17.0;61.0;0.0;40.0;0.0;0.0;1.0;40.0;20.0;0.0;0.0;0.0;1.0;0.0;0.0;2022
Nazaré Paulista;2;35.0;708.0;0.0;343.0;0.0;0.0;3.0;299.0;367.0;39.0;0.0;1.0;1.0;1.0;0.0;2022
Nazaré Paulista;2;17.0;192.0;0.0;134.0;0.0;0.0;1.0;119.0;64.0;8.0;0.0;1.0;1.0;1.0;1.0;2022
Nazaré Paulista;2;20.0;273.0;0.0;153.0;0.0;0.0;0.0;143.0;119.0;11.0;0.0;1.0;1.0;1.0;1.0;2022
Nazaré Paulista;2;18.0;310.0;0.0;217.0;0.0;0.0;0.0;208.0;99.0;3.0;0.0;1.0;1.0;1.0;1.0;2022
Nazaré Paulista;2;26.0;398.0;113.0;159.0;0.0;0.0;107.0;157.0;121.0;13.0;0.0;1.0;1.0;1.0;0.0;2022
Nazaré Paulista;2;12.0;161.0;161.0;0.0;0.0;0.0;159.0;2.0;0.0;0.0;0.0;0.0;1.0;1.0;1.0;2022
Neves Paulista;2;43.0;752.0;0.0;355.0;0.0;0.0;6.0;320.0;384.0;42.0;0.0;1.0;1.0;1.0;0.0;2022
Nhandeara;2;17.0;89.0;48.0;41.0;0.0;1.0;47.0;40.0;1.0;0.0;0.0;0.0;1.0;1.0;0.0;2022
Nhandeara;2;29.0;572.0;0.0;362.0;0.0;0.0;8.0;332.0;227.0;5.0;0.0;1.0;1.0;1.0;1.0;2022
Nipoã;2;34.0;461.0;0.0;256.0;0.0;0.0;2.0;234.0;214.0;11.0;0.0;1.0;1.0;1.0;0.0;2022
Nova Aliança;2;40.0;563.0;0.0;308.0;0.0;0.0;4.0;280.0;232.0;47.0;0.0;0.0;1.0;1.0;1.0;2022
Nova Campina;2;30.0;354.0;0.0;0.0;0.0;0.0;0.0;1.0;260.0;93.0;0.0;1.0;1.0;1.0;1.0;2022
Nova Campina;2;10.0;103.0;0.0;0.0;0.0;0.0;0.0;1.0;87.0;15.0;0.0;1.0;1.0;0.0;1.0;2022
Nova Canaã Paulista;2;14.0;115.0;0.0;75.0;0.0;0.0;1.0;68.0;45.0;1.0;0.0;1.0;1.0;1.0;1.0;2022
Nova Castilho;2;14.0;93.0;0.0;65.0;0.0;0.0;1.0;66.0;24.0;2.0;0.0;1.0;1.0;1.0;0.0;2022
Nova Europa;2;28.0;464.0;0.0;0.0;0.0;0.0;0.0;5.0;413.0;46.0;0.0;1.0;1.0;1.0;1.0;2022
Nova Granada;2;57.0;1164.0;0.0;476.0;0.0;0.0;12.0;438.0;577.0;137.0;0.0;1.0;1.0;1.0;1.0;2022
Nova Granada;2;18.0;421.0;0.0;421.0;0.0;0.0;5.0;396.0;20.0;0.0;0.0;1.0;1.0;1.0;0.0;2022
Nova Granada;2;;;;;;;;;;;0.0;0.0;1.0;0.0;0.0;2022
Nova Guataporanga;2;24.0;182.0;0.0;106.0;0.0;0.0;4.0;90.0;74.0;14.0;0.0;1.0;1.0;1.0;0.0;2022
Nova Independência;2;5.0;68.0;0.0;0.0;0.0;0.0;0.0;0.0;0.0;68.0;0.0;0.0;0.0;0.0;0.0;2022
Nova Independência;2;17.0;203.0;0.0;0.0;0.0;0.0;0.0;8.0;186.0;9.0;0.0;1.0;1.0;1.0;1.0;2022
Novais;2;12.0;150.0;0.0;0.0;0.0;0.0;0.0;3.0;139.0;8.0;0.0;1.0;1.0;1.0;0.0;2022
Nova Luzitânia;2;15.0;224.0;0.0;132.0;0.0;0.0;1.0;123.0;95.0;5.0;0.0;1.0;1.0;1.0;1.0;2022
Nova Odessa;2;42.0;822.0;0.0;452.0;0.0;0.0;13.0;429.0;358.0;22.0;0.0;1.0;1.0;1.0;0.0;2022
Nova Odessa;2;28.0;596.0;0.0;442.0;0.0;0.0;8.0;435.0;149.0;4.0;0.0;1.0;1.0;1.0;0.0;2022
Nova Odessa;2;33.0;528.0;0.0;365.0;0.0;0.0;10.0;342.0;165.0;11.0;0.0;1.0;1.0;1.0;0.0;2022
Nova Odessa;2;56.0;662.0;0.0;0.0;0.0;0.0;0.0;15.0;453.0;194.0;1.0;1.0;1.0;1.0;1.0;2022
Nova Odessa;2;38.0;681.0;0.0;302.0;0.0;0.0;8.0;281.0;371.0;21.0;0.0;1.0;1.0;1.0;1.0;2022
Nova Odessa;2;59.0;554.0;0.0;257.0;0.0;0.0;4.0;238.0;225.0;87.0;0.0;1.0;1.0;1.0;0.0;2022
Nova Odessa;2;54.0;777.0;0.0;432.0;0.0;0.0;8.0;396.0;362.0;11.0;0.0;1.0;1.0;1.0;1.0;2022
Novo Horizonte;2;23.0;374.0;0.0;0.0;0.0;0.0;0.0;14.0;352.0;8.0;0.0;1.0;1.0;1.0;1.0;2022
Novo Horizonte;2;39.0;669.0;0.0;0.0;0.0;0.0;0.0;8.0;583.0;78.0;0.0;1.0;1.0;1.0;1.0;2022
Novo Horizonte;2;20.0;208.0;0.0;138.0;0.0;0.0;1.0;135.0;69.0;3.0;0.0;1.0;1.0;1.0;1.0;2022
Novo Horizonte;2;48.0;716.0;0.0;0.0;0.0;0.0;0.0;9.0;502.0;205.0;1.0;1.0;1.0;0.0;0.0;2022
Novo Horizonte;2;;;;;;;;;;;0.0;0.0;1.0;1.0;1.0;2022
Nuporanga;2;13.0;198.0;0.0;0.0;0.0;0.0;0.0;2.0;182.0;14.0;0.0;1.0;1.0;1.0;0.0;2022
Ocauçu;2;21.0;459.0;0.0;243.0;0.0;0.0;1.0;230.0;222.0;6.0;0.0;1.0;1.0;1.0;0.0;2022
Óleo;2;17.0;220.0;0.0;153.0;0.0;0.0;0.0;148.0;69.0;3.0;0.0;1.0;1.0;1.0;1.0;2022
Olímpia;2;20.0;403.0;0.0;403.0;0.0;0.0;11.0;388.0;4.0;0.0;0.0;0.0;1.0;1.0;1.0;2022
Olímpia;2;40.0;756.0;0.0;490.0;0.0;0.0;8.0;481.0;260.0;7.0;0.0;1.0;1.0;1.0;1.0;2022
Olímpia;2;31.0;567.0;0.0;316.0;0.0;0.0;7.0;281.0;269.0;10.0;0.0;1.0;1.0;1.0;1.0;2022
Olímpia;2;59.0;1135.0;0.0;452.0;0.0;0.0;11.0;427.0;597.0;100.0;0.0;0.0;1.0;1.0;0.0;2022
Olímpia;2;30.0;571.0;0.0;310.0;0.0;0.0;7.0;285.0;267.0;12.0;0.0;0.0;1.0;1.0;1.0;2022
Olímpia;2;15.0;202.0;0.0;127.0;0.0;0.0;2.0;123.0;76.0;1.0;0.0;1.0;1.0;1.0;0.0;2022
Olímpia;2;16.0;144.0;0.0;83.0;0.0;0.0;3.0;77.0;63.0;1.0;0.0;1.0;1.0;1.0;0.0;2022
Olímpia;2;20.0;420.0;0.0;296.0;0.0;0.0;3.0;289.0;127.0;1.0;0.0;0.0;1.0;1.0;1.0;2022
Olímpia;2;;;;;;;;;;;0.0;1.0;1.0;1.0;1.0;2022
Olímpia;2;47.0;653.0;0.0;0.0;0.0;0.0;0.0;8.0;487.0;158.0;1.0;1.0;1.0;0.0;0.0;2022
Olímpia;2;11.0;171.0;0.0;171.0;0.0;0.0;5.0;162.0;4.0;0.0;0.0;1.0;1.0;1.0;1.0;2022
Onda Verde;2;30.0;418.0;0.0;259.0;0.0;0.0;7.0;245.0;162.0;4.0;0.0;1.0;1.0;1.0;1.0;2022
Oriente;2;32.0;411.0;0.0;234.0;0.0;0.0;6.0;224.0;154.0;27.0;0.0;1.0;1.0;1.0;0.0;2022
Oriente;2;;;;;;;;;;;;;;;;2022
Orindiúva;2;19.0;234.0;0.0;0.0;0.0;0.0;0.0;0.0;213.0;21.0;0.0;1.0;1.0;1.0;0.0;2022
Orlândia;2;51.0;905.0;0.0;0.0;0.0;0.0;0.0;16.0;673.0;216.0;0.0;1.0;1.0;1.0;1.0;2022
Orlândia;2;65.0;1149.0;0.0;0.0;0.0;0.0;0.0;16.0;825.0;308.0;1.0;1.0;1.0;1.0;0.0;2022
Orlândia;2;;;;;;;;;;;;;;;;2022
Osasco;2;14.0;3157.0;0.0;0.0;0.0;0.0;0.0;0.0;0.0;3157.0;0.0;1.0;1.0;1.0;1.0;2022
Osasco;2;71.0;910.0;0.0;417.0;0.0;0.0;1.0;368.0;321.0;220.0;0.0;1.0;1.0;1.0;0.0;2022
Osasco;2;78.0;1589.0;0.0;798.0;0.0;0.0;3.0;755.0;729.0;102.0;0.0;1.0;1.0;1.0;1.0;2022
Osasco;2;64.0;1111.0;0.0;479.0;0.0;0.0;1.0;457.0;571.0;82.0;0.0;1.0;1.0;1.0;0.0;2022
Osasco;2;47.0;798.0;0.0;488.0;0.0;0.0;0.0;456.0;300.0;42.0;0.0;1.0;1.0;1.0;0.0;2022
Osasco;2;38.0;713.0;0.0;493.0;0.0;0.0;2.0;460.0;228.0;23.0;0.0;1.0;1.0;1.0;1.0;2022
Osasco;2;75.0;1531.0;0.0;631.0;0.0;0.0;3.0;597.0;833.0;98.0;0.0;0.0;1.0;1.0;1.0;2022
Osasco;2;30.0;529.0;0.0;459.0;0.0;0.0;0.0;437.0;92.0;0.0;0.0;1.0;1.0;1.0;0.0;2022
Osasco;2;30.0;453.0;0.0;295.0;0.0;0.0;0.0;277.0;162.0;14.0;0.0;1.0;1.0;1.0;0.0;2022
Osasco;2;67.0;1145.0;0.0;527.0;0.0;0.0;0.0;495.0;580.0;70.0;0.0;0.0;1.0;1.0;1.0;2022
Osasco;2;22.0;341.0;0.0;0.0;0.0;0.0;0.0;2.0;305.0;34.0;0.0;1.0;1.0;1.0;1.0;2022
Osasco;2;87.0;2043.0;0.0;1095.0;0.0;0.0;0.0;983.0;924.0;136.0;0.0;1.0;1.0;1.0;0.0;2022
Osasco;2;20.0;412.0;0.0;412.0;0.0;0.0;2.0;389.0;21.0;0.0;0.0;0.0;1.0;1.0;1.0;2022
Osasco;2;76.0;1509.0;0.0;655.0;0.0;0.0;0.0;605.0;780.0;124.0;0.0;1.0;1.0;1.0;0.0;2022
Osasco;2;86.0;1800.0;0.0;713.0;0.0;0.0;3.0;655.0;927.0;215.0;0.0;1.0;1.0;1.0;0.0;2022
Osasco;2;44.0;767.0;0.0;486.0;0.0;0.0;3.0;458.0;275.0;31.0;0.0;1.0;1.0;1.0;0.0;2022
Osasco;2;48.0;970.0;0.0;565.0;0.0;0.0;0.0;512.0;429.0;29.0;0.0;1.0;1.0;1.0;1.0;2022
Osasco;2;29.0;520.0;0.0;350.0;0.0;0.0;2.0;327.0;185.0;6.0;0.0;1.0;1.0;1.0;1.0;2022
Osasco;2;92.0;1969.0;0.0;1036.0;0.0;0.0;0.0;973.0;919.0;77.0;0.0;0.0;1.0;1.0;1.0;2022
Osasco;2;42.0;485.0;0.0;279.0;0.0;0.0;1.0;262.0;197.0;25.0;0.0;1.0;1.0;1.0;1.0;2022
Osasco;2;32.0;621.0;0.0;389.0;0.0;0.0;1.0;370.0;222.0;28.0;0.0;1.0;1.0;1.0;0.0;2022
Osasco;2;82.0;1387.0;0.0;615.0;0.0;0.0;0.0;548.0;720.0;119.0;0.0;0.0;1.0;1.0;1.0;2022
Osasco;2;;;;;;;;;;;;;;;;2022
Osasco;2;103.0;2021.0;0.0;809.0;0.0;0.0;2.0;774.0;1131.0;114.0;0.0;0.0;1.0;1.0;1.0;2022
Osasco;2;26.0;287.0;0.0;0.0;0.0;0.0;0.0;0.0;265.0;22.0;0.0;1.0;1.0;1.0;0.0;2022
Osasco;2;44.0;784.0;0.0;562.0;0.0;0.0;0.0;527.0;233.0;24.0;0.0;1.0;1.0;1.0;1.0;2022
Osasco;2;36.0;487.0;0.0;320.0;0.0;0.0;1.0;300.0;178.0;8.0;0.0;1.0;1.0;1.0;0.0;2022
Osasco;2;121.0;2191.0;0.0;773.0;0.0;0.0;1.0;685.0;1287.0;218.0;0.0;1.0;1.0;1.0;1.0;2022
Osasco;2;32.0;496.0;0.0;369.0;0.0;0.0;1.0;317.0;165.0;13.0;0.0;1.0;1.0;1.0;1.0;2022
Osasco;2;81.0;1936.0;0.0;896.0;0.0;0.0;1.0;826.0;979.0;130.0;0.0;0.0;1.0;1.0;0.0;2022
Osasco;2;22.0;429.0;0.0;429.0;0.0;0.0;2.0;412.0;15.0;0.0;0.0;1.0;1.0;1.0;1.0;2022
Osasco;2;22.0;438.0;0.0;0.0;0.0;0.0;0.0;3.0;412.0;23.0;0.0;1.0;1.0;1.0;1.0;2022
Osasco;2;39.0;813.0;0.0;508.0;0.0;0.0;1.0;459.0;325.0;28.0;0.0;1.0;1.0;1.0;1.0;2022
Osasco;2;16.0;271.0;0.0;271.0;0.0;0.0;0.0;252.0;19.0;0.0;0.0;1.0;1.0;1.0;0.0;2022
Osasco;2;78.0;1680.0;0.0;724.0;0.0;0.0;1.0;659.0;689.0;331.0;0.0;1.0;1.0;1.0;1.0;2022
Osasco;2;53.0;922.0;0.0;565.0;0.0;0.0;0.0;521.0;362.0;39.0;0.0;1.0;1.0;1.0;0.0;2022
Osasco;2;51.0;756.0;0.0;205.0;0.0;0.0;1.0;181.0;190.0;384.0;0.0;0.0;1.0;1.0;1.0;2022
Osasco;2;88.0;1979.0;0.0;946.0;0.0;0.0;1.0;864.0;981.0;133.0;0.0;1.0;1.0;1.0;1.0;2022
Osasco;2;69.0;1587.0;0.0;841.0;0.0;0.0;2.0;778.0;721.0;86.0;0.0;1.0;1.0;1.0;0.0;2022
Osasco;2;35.0;600.0;0.0;438.0;0.0;0.0;1.0;412.0;165.0;22.0;0.0;1.0;1.0;1.0;0.0;2022
Osasco;2;52.0;856.0;0.0;453.0;0.0;0.0;1.0;409.0;370.0;76.0;0.0;1.0;1.0;1.0;1.0;2022
Osasco;2;64.0;1433.0;0.0;746.0;0.0;0.0;5.0;688.0;639.0;101.0;0.0;1.0;1.0;1.0;1.0;2022
Osasco;2;68.0;1366.0;0.0;0.0;0.0;0.0;0.0;7.0;740.0;619.0;1.0;1.0;1.0;1.0;1.0;2022
Osasco;2;9.0;42.0;1.0;20.0;0.0;0.0;0.0;0.0;19.0;23.0;0.0;0.0;0.0;0.0;0.0;2022
Osasco;2;;;;;;;;;;;;;;;;2022
Osasco;2;;;;;;;;;;;;;;;;2022
Osasco;2;;;;;;;;;;;;;;;;2022
Osasco;2;9.0;43.0;0.0;28.0;0.0;0.0;0.0;4.0;28.0;11.0;0.0;0.0;0.0;0.0;0.0;2022
Osasco;2;51.0;539.0;0.0;0.0;0.0;0.0;0.0;3.0;273.0;263.0;1.0;1.0;1.0;0.0;0.0;2022
Osasco;2;;;;;;;;;;;;;;;;2022
Osasco;2;;;;;;;;;;;;;;;;2022
Osasco;2;;;;;;;;;;;;;;;;2022
Osasco;2;;;;;;;;;;;;;;;;2022
Osasco;2;;;;;;;;;;;;;;;;2022
Osasco;2;;;;;;;;;;;;;;;;2022
Osasco;2;77.0;1415.0;0.0;728.0;0.0;0.0;2.0;657.0;683.0;73.0;0.0;1.0;1.0;1.0;0.0;2022
Osasco;2;62.0;1191.0;0.0;703.0;0.0;0.0;2.0;662.0;476.0;51.0;0.0;1.0;1.0;1.0;1.0;2022
Osasco;2;74.0;1949.0;0.0;1002.0;0.0;0.0;0.0;908.0;891.0;150.0;0.0;1.0;1.0;1.0;1.0;2022
Osasco;2;85.0;1831.0;0.0;812.0;0.0;0.0;0.0;754.0;980.0;97.0;0.0;1.0;1.0;1.0;1.0;2022
Osasco;2;58.0;1010.0;0.0;1010.0;0.0;0.0;5.0;928.0;77.0;0.0;0.0;1.0;1.0;1.0;1.0;2022
Osasco;2;38.0;561.0;0.0;401.0;0.0;0.0;1.0;371.0;178.0;11.0;0.0;1.0;1.0;1.0;1.0;2022
Osasco;2;45.0;764.0;0.0;537.0;0.0;0.0;0.0;498.0;234.0;32.0;0.0;1.0;1.0;1.0;1.0;2022
Osasco;2;44.0;829.0;0.0;463.0;0.0;0.0;1.0;419.0;368.0;41.0;0.0;1.0;1.0;1.0;1.0;2022
Osasco;2;42.0;541.0;0.0;285.0;0.0;0.0;0.0;261.0;253.0;27.0;0.0;1.0;1.0;1.0;1.0;2022
Osasco;2;70.0;1429.0;0.0;576.0;0.0;0.0;1.0;517.0;704.0;207.0;0.0;1.0;1.0;1.0;1.0;2022
Osasco;2;43.0;843.0;0.0;472.0;0.0;0.0;1.0;415.0;376.0;51.0;0.0;1.0;1.0;1.0;1.0;2022
Osasco;2;;;;;;;;;;;0.0;0.0;1.0;0.0;0.0;2022
Oscar Bressane;2;14.0;113.0;0.0;0.0;0.0;0.0;0.0;4.0;92.0;17.0;0.0;0.0;1.0;1.0;0.0;2022
Osvaldo Cruz;2;25.0;348.0;0.0;235.0;0.0;0.0;2.0;224.0;118.0;4.0;0.0;1.0;1.0;1.0;0.0;2022
Osvaldo Cruz;2;23.0;284.0;0.0;195.0;0.0;0.0;3.0;190.0;85.0;6.0;0.0;1.0;1.0;1.0;1.0;2022
Osvaldo Cruz;2;41.0;536.0;0.0;283.0;0.0;0.0;6.0;272.0;192.0;66.0;0.0;1.0;1.0;1.0;0.0;2022
Osvaldo Cruz;2;10.0;61.0;0.0;0.0;0.0;0.0;0.0;0.0;0.0;61.0;0.0;0.0;0.0;0.0;0.0;2022
Osvaldo Cruz;2;10.0;67.0;0.0;0.0;0.0;0.0;0.0;0.0;0.0;67.0;0.0;0.0;0.0;0.0;0.0;2022
Osvaldo Cruz;2;65.0;1027.0;0.0;0.0;0.0;0.0;0.0;13.0;697.0;317.0;0.0;1.0;1.0;1.0;0.0;2022
Osvaldo Cruz;2;25.0;400.0;0.0;275.0;0.0;0.0;6.0;267.0;124.0;3.0;0.0;1.0;1.0;1.0;1.0;2022
Osvaldo Cruz;2;;;;;;;;;;;0.0;1.0;1.0;1.0;1.0;2022
Ourinhos;2;59.0;782.0;0.0;307.0;0.0;0.0;9.0;299.0;444.0;30.0;0.0;1.0;1.0;1.0;1.0;2022
Ourinhos;2;44.0;506.0;0.0;0.0;0.0;0.0;0.0;9.0;344.0;153.0;0.0;1.0;1.0;1.0;1.0;2022
Ourinhos;2;76.0;956.0;0.0;0.0;0.0;0.0;0.0;23.0;578.0;355.0;1.0;1.0;1.0;1.0;0.0;2022
Ourinhos;2;23.0;328.0;0.0;239.0;0.0;0.0;1.0;228.0;99.0;0.0;0.0;1.0;1.0;1.0;0.0;2022
Ourinhos;2;19.0;302.0;0.0;229.0;0.0;0.0;1.0;225.0;72.0;4.0;0.0;1.0;1.0;1.0;0.0;2022
Ourinhos;2;53.0;471.0;0.0;198.0;0.0;0.0;5.0;181.0;223.0;62.0;0.0;1.0;1.0;1.0;0.0;2022
Ourinhos;2;22.0;318.0;0.0;241.0;0.0;0.0;4.0;232.0;82.0;0.0;0.0;1.0;1.0;1.0;0.0;2022
Ourinhos;2;49.0;133.0;23.0;24.0;0.0;0.0;23.0;25.0;57.0;28.0;0.0;1.0;1.0;1.0;1.0;2022
Ourinhos;2;22.0;254.0;105.0;149.0;0.0;0.0;102.0;146.0;6.0;0.0;0.0;1.0;1.0;1.0;0.0;2022
Ourinhos;2;52.0;671.0;192.0;479.0;0.0;0.0;195.0;441.0;35.0;0.0;0.0;1.0;1.0;1.0;1.0;2022
Ourinhos;2;25.0;425.0;0.0;245.0;0.0;0.0;3.0;243.0;176.0;3.0;0.0;1.0;1.0;1.0;1.0;2022
Ourinhos;2;;;;;;;;;;;0.0;1.0;1.0;1.0;1.0;2022
Ourinhos;2;7.0;51.0;0.0;0.0;0.0;0.0;0.0;0.0;0.0;51.0;0.0;0.0;0.0;0.0;0.0;2022
Ourinhos;2;35.0;329.0;0.0;0.0;0.0;0.0;0.0;6.0;245.0;78.0;0.0;1.0;1.0;1.0;1.0;2022
Ourinhos;2;19.0;268.0;0.0;216.0;0.0;0.0;6.0;193.0;65.0;4.0;0.0;1.0;1.0;1.0;1.0;2022
Ourinhos;2;53.0;752.0;0.0;235.0;0.0;0.0;4.0;227.0;446.0;75.0;0.0;1.0;1.0;1.0;0.0;2022
Ourinhos;2;67.0;699.0;117.0;359.0;0.0;0.0;116.0;356.0;221.0;6.0;0.0;1.0;1.0;1.0;1.0;2022
Ouroeste;2;;;;;;;;;;;;;;;;2022
Ouroeste;2;50.0;802.0;0.0;442.0;0.0;0.0;6.0;416.0;303.0;77.0;0.0;1.0;1.0;1.0;1.0;2022
Ouroeste;2;;;;;;;;;;;;;;;;2022
Ouro Verde;2;30.0;293.0;0.0;0.0;0.0;0.0;0.0;2.0;244.0;47.0;0.0;1.0;1.0;1.0;0.0;2022
Pacaembu;2;11.0;85.0;0.0;0.0;0.0;0.0;0.0;0.0;0.0;85.0;0.0;0.0;0.0;0.0;0.0;2022
Pacaembu;2;11.0;94.0;0.0;0.0;0.0;0.0;0.0;0.0;0.0;94.0;0.0;0.0;0.0;0.0;0.0;2022
Pacaembu;2;57.0;755.0;0.0;381.0;0.0;0.0;7.0;369.0;317.0;62.0;0.0;1.0;1.0;1.0;1.0;2022
Pacaembu;2;11.0;147.0;0.0;0.0;0.0;0.0;0.0;0.0;0.0;147.0;0.0;0.0;1.0;0.0;0.0;2022
Pacaembu;2;8.0;50.0;0.0;0.0;0.0;0.0;0.0;0.0;0.0;50.0;0.0;0.0;1.0;0.0;0.0;2022
Palestina;2;18.0;314.0;0.0;0.0;0.0;0.0;0.0;8.0;291.0;15.0;0.0;1.0;1.0;1.0;0.0;2022
Palmares Paulista;2;41.0;588.0;0.0;280.0;0.0;0.0;3.0;253.0;275.0;57.0;0.0;1.0;1.0;1.0;0.0;2022
Palmares Paulista;2;14.0;281.0;0.0;281.0;0.0;0.0;2.0;267.0;12.0;0.0;0.0;1.0;1.0;1.0;1.0;2022
Palmeira d'Oeste;2;43.0;560.0;0.0;336.0;0.0;0.0;7.0;315.0;233.0;5.0;0.0;1.0;1.0;1.0;0.0;2022
Palmeira d'Oeste;2;;;;;;;;;;;;;;;;2022
Palmital;2;22.0;341.0;0.0;260.0;0.0;0.0;8.0;246.0;82.0;5.0;0.0;1.0;1.0;1.0;1.0;2022
Palmital;2;34.0;543.0;0.0;332.0;0.0;0.0;7.0;322.0;195.0;19.0;0.0;1.0;1.0;1.0;1.0;2022
Palmital;2;41.0;628.0;0.0;290.0;0.0;0.0;3.0;273.0;172.0;180.0;0.0;1.0;1.0;1.0;1.0;2022
Palmital;2;33.0;382.0;0.0;0.0;0.0;0.0;0.0;4.0;267.0;111.0;0.0;1.0;1.0;1.0;1.0;2022
Palmital;2;;;;;;;;;;;0.0;0.0;1.0;0.0;1.0;2022
Panorama;2;37.0;669.0;0.0;369.0;0.0;0.0;5.0;343.0;248.0;73.0;0.0;1.0;1.0;1.0;0.0;2022
Panorama;2;30.0;560.0;0.0;338.0;0.0;0.0;3.0;312.0;241.0;4.0;0.0;1.0;1.0;1.0;1.0;2022
Paraguaçu Paulista;2;31.0;518.0;0.0;0.0;0.0;0.0;0.0;0.0;334.0;184.0;1.0;1.0;1.0;1.0;1.0;2022
Paraguaçu Paulista;2;46.0;997.0;0.0;210.0;0.0;0.0;0.0;198.0;673.0;126.0;0.0;1.0;1.0;1.0;1.0;2022
Paraguaçu Paulista;2;38.0;503.0;0.0;215.0;0.0;0.0;2.0;205.0;267.0;29.0;0.0;0.0;1.0;1.0;0.0;2022
Paraguaçu Paulista;2;20.0;248.0;0.0;0.0;0.0;0.0;0.0;0.0;240.0;8.0;0.0;1.0;1.0;1.0;0.0;2022
Paraguaçu Paulista;2;8.0;100.0;0.0;0.0;0.0;0.0;0.0;0.0;0.0;100.0;0.0;0.0;0.0;0.0;0.0;2022
Paraguaçu Paulista;2;;;;;;;;;;;0.0;1.0;1.0;0.0;1.0;2022
Paraibuna;2;59.0;820.0;0.0;336.0;0.0;0.0;1.0;302.0;388.0;129.0;0.0;1.0;1.0;1.0;0.0;2022
Paraibuna;2;40.0;628.0;0.0;382.0;0.0;0.0;9.0;353.0;246.0;20.0;0.0;0.0;1.0;1.0;1.0;2022
Paraibuna;2;17.0;170.0;0.0;93.0;0.0;0.0;0.0;81.0;85.0;4.0;0.0;1.0;1.0;0.0;0.0;2022
Paraibuna;2;;;;;;;;;;;;;;;;2022
Paraibuna;2;;;;;;;;;;;;;;;;2022
Paraibuna;2;;;;;;;;;;;;;;;;2022
Paraibuna;2;;;;;;;;;;;;;;;;2022
Paraibuna;2;;;;;;;;;;;;;;;;2022
Paraibuna;2;;;;;;;;;;;;;;;;2022
Paraibuna;2;13.0;169.0;0.0;92.0;0.0;0.0;3.0;87.0;77.0;2.0;0.0;0.0;1.0;1.0;0.0;2022
Paraíso;2;14.0;130.0;0.0;0.0;0.0;0.0;0.0;4.0;116.0;10.0;0.0;1.0;1.0;1.0;0.0;2022
Paranapanema;2;32.0;413.0;0.0;0.0;0.0;0.0;0.0;2.0;347.0;64.0;0.0;1.0;1.0;1.0;1.0;2022
Paranapanema;2;23.0;315.0;0.0;0.0;0.0;0.0;0.0;4.0;296.0;15.0;0.0;1.0;1.0;1.0;1.0;2022
Paranapuã;2;30.0;310.0;0.0;174.0;0.0;0.0;2.0;167.0;132.0;9.0;0.0;1.0;1.0;1.0;0.0;2022
Parapuã;2;34.0;429.0;0.0;146.0;0.0;0.0;1.0;143.0;255.0;30.0;0.0;0.0;1.0;1.0;0.0;2022
Parapuã;2;14.0;262.0;0.0;262.0;0.0;0.0;6.0;250.0;6.0;0.0;0.0;1.0;1.0;1.0;1.0;2022
Pardinho;2;20.0;340.0;0.0;0.0;0.0;0.0;0.0;0.0;308.0;32.0;0.0;0.0;1.0;1.0;0.0;2022
Pariquera-Açu;2;31.0;295.0;0.0;171.0;0.0;0.0;3.0;160.0;121.0;11.0;0.0;1.0;1.0;1.0;0.0;2022
Pariquera-Açu;2;19.0;290.0;0.0;0.0;0.0;0.0;0.0;5.0;279.0;6.0;0.0;1.0;1.0;1.0;0.0;2022
Pariquera-Açu;2;26.0;401.0;0.0;272.0;0.0;0.0;6.0;241.0;148.0;6.0;0.0;0.0;1.0;1.0;0.0;2022
Pariquera-Açu;2;;;;;;;;;;;;;;;;2022
Pariquera-Açu;2;6.0;41.0;11.0;9.0;0.0;2.0;12.0;8.0;7.0;12.0;0.0;0.0;0.0;0.0;0.0;2022
Pariquera-Açu;2;4.0;15.0;10.0;5.0;0.0;0.0;10.0;5.0;0.0;0.0;0.0;0.0;0.0;0.0;0.0;2022
Pariquera-Açu;2;41.0;643.0;0.0;596.0;0.0;0.0;7.0;564.0;45.0;27.0;0.0;1.0;1.0;1.0;0.0;2022
Parisi;2;15.0;211.0;0.0;137.0;0.0;0.0;2.0;129.0;77.0;3.0;0.0;0.0;1.0;1.0;1.0;2022
Patrocínio Paulista;2;70.0;1163.0;0.0;691.0;0.0;0.0;8.0;619.0;521.0;15.0;0.0;1.0;1.0;1.0;1.0;2022
Paulicéia;2;61.0;755.0;0.0;419.0;0.0;0.0;6.0;395.0;262.0;92.0;0.0;0.0;1.0;1.0;0.0;2022
Paulínia;2;48.0;515.0;0.0;515.0;0.0;0.0;1.0;444.0;70.0;0.0;0.0;1.0;1.0;1.0;1.0;2022
Paulínia;2;48.0;1020.0;0.0;0.0;0.0;0.0;0.0;2.0;934.0;84.0;0.0;1.0;1.0;1.0;0.0;2022
Paulínia;2;47.0;924.0;0.0;582.0;0.0;0.0;1.0;525.0;370.0;28.0;0.0;0.0;1.0;1.0;1.0;2022
Paulínia;2;79.0;1673.0;0.0;574.0;0.0;0.0;1.0;500.0;1013.0;159.0;0.0;1.0;1.0;1.0;0.0;2022
Paulínia;2;;;;;;;;;;;;;;;;2022
Paulínia;2;25.0;369.0;0.0;0.0;0.0;0.0;0.0;0.0;341.0;28.0;0.0;1.0;1.0;1.0;1.0;2022
Paulínia;2;40.0;792.0;0.0;455.0;0.0;0.0;0.0;413.0;351.0;28.0;0.0;1.0;1.0;1.0;1.0;2022
Paulistânia;2;14.0;169.0;0.0;109.0;0.0;0.0;1.0;105.0;58.0;5.0;0.0;0.0;1.0;1.0;0.0;2022
Paulo de Faria;2;9.0;81.0;0.0;0.0;0.0;0.0;0.0;0.0;0.0;81.0;0.0;0.0;0.0;0.0;0.0;2022
Paulo de Faria;2;14.0;219.0;0.0;0.0;0.0;0.0;0.0;3.0;212.0;4.0;0.0;1.0;1.0;1.0;1.0;2022
Pederneiras;2;29.0;416.0;0.0;176.0;0.0;0.0;2.0;168.0;224.0;22.0;0.0;1.0;1.0;1.0;1.0;2022
Pederneiras;2;51.0;702.0;0.0;273.0;0.0;0.0;2.0;253.0;409.0;38.0;0.0;1.0;1.0;1.0;0.0;2022
Pederneiras;2;18.0;324.0;0.0;220.0;0.0;0.0;0.0;211.0;111.0;2.0;0.0;1.0;1.0;1.0;0.0;2022
Pederneiras;2;14.0;258.0;0.0;258.0;0.0;0.0;3.0;244.0;11.0;0.0;0.0;1.0;1.0;1.0;0.0;2022
Pederneiras;2;;;;;;;;;;;;;;;;2022
Pederneiras;2;16.0;136.0;0.0;80.0;0.0;0.0;1.0;78.0;56.0;1.0;0.0;1.0;1.0;1.0;0.0;2022
Pederneiras;2;16.0;253.0;0.0;176.0;0.0;0.0;3.0;165.0;82.0;3.0;0.0;1.0;1.0;1.0;1.0;2022
Pederneiras;2;10.0;100.0;0.0;100.0;0.0;0.0;2.0;90.0;8.0;0.0;0.0;1.0;1.0;1.0;0.0;2022
Pederneiras;2;66.0;1118.0;0.0;479.0;0.0;0.0;5.0;417.0;518.0;178.0;0.0;1.0;1.0;1.0;0.0;2022
Pederneiras;2;20.0;241.0;0.0;204.0;0.0;0.0;2.0;190.0;48.0;1.0;0.0;1.0;1.0;0.0;1.0;2022
Pedra Bela;2;11.0;185.0;0.0;0.0;0.0;0.0;0.0;1.0;170.0;14.0;0.0;1.0;1.0;1.0;0.0;2022
Pedranópolis;2;16.0;205.0;0.0;140.0;0.0;0.0;2.0;137.0;66.0;0.0;0.0;1.0;1.0;1.0;1.0;2022
Pedregulho;2;25.0;413.0;0.0;413.0;0.0;0.0;0.0;355.0;58.0;0.0;0.0;1.0;1.0;1.0;0.0;2022
Pedregulho;2;24.0;377.0;0.0;142.0;0.0;0.0;0.0;116.0;239.0;22.0;0.0;1.0;1.0;1.0;0.0;2022
Pedregulho;2;13.0;134.0;0.0;73.0;0.0;0.0;0.0;61.0;67.0;6.0;0.0;1.0;1.0;0.0;1.0;2022
Pedregulho;2;;;;;;;;;;;;;;;;2022
Pedregulho;2;;;;;;;;;;;;;;;;2022
Pedregulho;2;;;;;;;;;;;;;;;;2022
Pedregulho;2;;;;;;;;;;;;;;;;2022
Pedregulho;2;;;;;;;;;;;;;;;;2022
Pedregulho;2;23.0;383.0;0.0;246.0;0.0;0.0;0.0;218.0;160.0;5.0;0.0;0.0;1.0;1.0;1.0;2022
Pedreira;2;37.0;401.0;0.0;213.0;0.0;0.0;4.0;196.0;141.0;60.0;0.0;0.0;1.0;1.0;1.0;2022
Pedreira;2;71.0;1357.0;0.0;631.0;0.0;0.0;16.0;579.0;719.0;43.0;0.0;0.0;1.0;1.0;0.0;2022
Pedreira;2;63.0;1052.0;0.0;492.0;0.0;0.0;10.0;458.0;571.0;13.0;0.0;0.0;1.0;1.0;0.0;2022
Pedreira;2;14.0;258.0;0.0;258.0;0.0;0.0;7.0;245.0;6.0;0.0;0.0;1.0;1.0;1.0;1.0;2022
Pedreira;2;24.0;273.0;0.0;203.0;0.0;0.0;0.0;191.0;80.0;2.0;0.0;0.0;1.0;1.0;1.0;2022
Pedrinhas Paulista;2;16.0;175.0;0.0;105.0;0.0;0.0;2.0;103.0;69.0;1.0;0.0;1.0;1.0;1.0;1.0;2022
Pedro de Toledo;2;34.0;628.0;0.0;368.0;0.0;0.0;9.0;343.0;264.0;12.0;0.0;1.0;1.0;1.0;0.0;2022
Pedro de Toledo;2;33.0;357.0;0.0;203.0;0.0;0.0;5.0;188.0;156.0;8.0;0.0;1.0;1.0;1.0;1.0;2022
Penápolis;2;23.0;295.0;295.0;0.0;0.0;0.0;286.0;9.0;0.0;0.0;0.0;1.0;1.0;1.0;0.0;2022
Penápolis;2;33.0;413.0;0.0;297.0;0.0;0.0;2.0;284.0;119.0;8.0;0.0;1.0;1.0;1.0;1.0;2022
Penápolis;2;59.0;640.0;0.0;295.0;0.0;0.0;1.0;260.0;360.0;19.0;0.0;1.0;1.0;1.0;1.0;2022
Penápolis;2;26.0;433.0;0.0;0.0;0.0;0.0;0.0;6.0;370.0;57.0;1.0;1.0;1.0;1.0;1.0;2022
Penápolis;2;36.0;574.0;0.0;413.0;0.0;0.0;1.0;371.0;185.0;17.0;0.0;1.0;1.0;1.0;1.0;2022
Penápolis;2;19.0;287.0;287.0;0.0;0.0;0.0;279.0;8.0;0.0;0.0;0.0;1.0;1.0;1.0;0.0;2022
Penápolis;2;46.0;647.0;0.0;336.0;0.0;0.0;1.0;307.0;322.0;17.0;0.0;1.0;1.0;1.0;0.0;2022
Penápolis;2;;;;;;;;;;;0.0;0.0;1.0;0.0;0.0;2022
Penápolis;2;8.0;603.0;0.0;0.0;0.0;0.0;0.0;0.0;2.0;601.0;0.0;0.0;1.0;0.0;0.0;2022
Penápolis;2;60.0;559.0;0.0;304.0;0.0;0.0;0.0;286.0;253.0;20.0;0.0;1.0;1.0;1.0;1.0;2022
Penápolis;2;66.0;735.0;0.0;432.0;0.0;0.0;0.0;380.0;331.0;24.0;0.0;1.0;1.0;1.0;0.0;2022
Penápolis;2;43.0;550.0;0.0;173.0;0.0;0.0;0.0;156.0;341.0;53.0;0.0;0.0;1.0;1.0;1.0;2022
Pereira Barreto;2;34.0;609.0;0.0;379.0;0.0;0.0;2.0;355.0;241.0;11.0;0.0;1.0;1.0;1.0;1.0;2022
Pereira Barreto;2;36.0;606.0;0.0;431.0;0.0;0.0;1.0;414.0;118.0;73.0;0.0;0.0;1.0;1.0;1.0;2022
Pereira Barreto;2;31.0;576.0;0.0;270.0;0.0;0.0;0.0;247.0;316.0;13.0;0.0;1.0;1.0;1.0;1.0;2022
Pereiras;2;37.0;728.0;0.0;418.0;0.0;0.0;3.0;375.0;329.0;21.0;0.0;1.0;1.0;1.0;0.0;2022
Peruíbe;2;8.0;793.0;0.0;0.0;0.0;0.0;0.0;0.0;1.0;792.0;0.0;0.0;1.0;0.0;0.0;2022
Peruíbe;2;74.0;939.0;0.0;536.0;0.0;0.0;2.0;489.0;415.0;33.0;0.0;1.0;1.0;0.0;0.0;2022
Peruíbe;2;38.0;480.0;0.0;325.0;0.0;0.0;0.0;298.0;164.0;18.0;0.0;1.0;1.0;1.0;0.0;2022
Peruíbe;2;69.0;1087.0;0.0;264.0;0.0;0.0;1.0;235.0;648.0;203.0;0.0;1.0;1.0;1.0;0.0;2022
Peruíbe;2;19.0;322.0;0.0;0.0;0.0;0.0;0.0;3.0;312.0;7.0;0.0;1.0;1.0;1.0;1.0;2022
Peruíbe;2;63.0;1181.0;0.0;611.0;0.0;0.0;0.0;552.0;430.0;199.0;0.0;1.0;1.0;0.0;1.0;2022
Peruíbe;2;41.0;732.0;0.0;503.0;0.0;0.0;0.0;436.0;277.0;19.0;0.0;1.0;1.0;1.0;1.0;2022
Peruíbe;2;5.0;29.0;0.0;10.0;0.0;0.0;0.0;1.0;26.0;2.0;0.0;0.0;0.0;0.0;0.0;2022
Peruíbe;2;;;;;;;;;;;;;;;;2022
Peruíbe;2;;;;;;;;;;;;;;;;2022
Peruíbe;2;7.0;22.0;7.0;15.0;0.0;0.0;6.0;13.0;3.0;0.0;0.0;0.0;0.0;0.0;0.0;2022
Peruíbe;2;46.0;503.0;0.0;0.0;0.0;0.0;0.0;4.0;330.0;169.0;1.0;1.0;1.0;1.0;1.0;2022
Peruíbe;2;4.0;9.0;5.0;2.0;0.0;2.0;5.0;2.0;0.0;0.0;0.0;0.0;1.0;0.0;0.0;2022
Peruíbe;2;13.0;53.0;16.0;20.0;0.0;9.0;16.0;16.0;4.0;8.0;0.0;0.0;0.0;0.0;0.0;2022
Peruíbe;2;53.0;640.0;0.0;427.0;0.0;0.0;2.0;401.0;220.0;17.0;0.0;1.0;1.0;1.0;1.0;2022
Peruíbe;2;33.0;570.0;0.0;374.0;0.0;0.0;0.0;334.0;224.0;12.0;0.0;1.0;1.0;1.0;0.0;2022
Peruíbe;2;35.0;522.0;0.0;522.0;0.0;0.0;0.0;476.0;45.0;1.0;0.0;1.0;1.0;1.0;0.0;2022
Piacatu;2;34.0;477.0;0.0;280.0;0.0;0.0;1.0;262.0;207.0;7.0;0.0;1.0;1.0;1.0;1.0;2022
Piedade;2;24.0;446.0;0.0;446.0;0.0;0.0;8.0;429.0;9.0;0.0;0.0;1.0;1.0;1.0;1.0;2022
Piedade;2;50.0;914.0;0.0;320.0;0.0;0.0;4.0;309.0;515.0;86.0;0.0;1.0;1.0;1.0;0.0;2022
Piedade;2;38.0;455.0;0.0;279.0;0.0;0.0;5.0;276.0;168.0;6.0;0.0;0.0;1.0;1.0;1.0;2022
Piedade;2;40.0;679.0;0.0;382.0;0.0;0.0;6.0;372.0;297.0;4.0;0.0;0.0;1.0;1.0;0.0;2022
Piedade;2;15.0;222.0;0.0;149.0;0.0;0.0;1.0;144.0;77.0;0.0;0.0;1.0;1.0;1.0;0.0;2022
Piedade;2;26.0;421.0;0.0;308.0;0.0;0.0;7.0;298.0;114.0;2.0;0.0;0.0;1.0;1.0;0.0;2022
Piedade;2;32.0;396.0;0.0;0.0;0.0;0.0;0.0;5.0;319.0;72.0;1.0;1.0;1.0;0.0;1.0;2022
Piedade;2;;;;;;;;;;;0.0;0.0;1.0;0.0;0.0;2022
Piedade;2;16.0;175.0;0.0;121.0;0.0;0.0;4.0;116.0;54.0;1.0;0.0;1.0;1.0;1.0;0.0;2022
Piedade;2;23.0;366.0;0.0;245.0;0.0;0.0;4.0;236.0;123.0;3.0;0.0;0.0;1.0;1.0;0.0;2022
Piedade;2;24.0;301.0;0.0;165.0;0.0;0.0;3.0;158.0;132.0;8.0;0.0;1.0;1.0;1.0;0.0;2022
Piedade;2;24.0;351.0;0.0;235.0;0.0;0.0;4.0;230.0;113.0;4.0;0.0;1.0;1.0;1.0;0.0;2022
Pilar do Sul;2;19.0;300.0;0.0;0.0;0.0;0.0;0.0;6.0;287.0;7.0;0.0;1.0;1.0;1.0;0.0;2022
Pilar do Sul;2;50.0;1138.0;0.0;496.0;0.0;0.0;1.0;475.0;652.0;10.0;0.0;1.0;1.0;1.0;0.0;2022
Pilar do Sul;2;;;;;;;;;;;0.0;0.0;0.0;0.0;0.0;2022
Pilar do Sul;2;34.0;551.0;0.0;347.0;0.0;0.0;0.0;335.0;213.0;3.0;0.0;1.0;1.0;1.0;0.0;2022
Pilar do Sul;2;35.0;633.0;0.0;550.0;0.0;0.0;1.0;526.0;44.0;62.0;0.0;1.0;1.0;1.0;1.0;2022
Pindamonhangaba;2;33.0;331.0;0.0;331.0;0.0;0.0;9.0;295.0;25.0;2.0;0.0;0.0;1.0;0.0;1.0;2022
Pindamonhangaba;2;19.0;333.0;0.0;0.0;0.0;0.0;0.0;10.0;315.0;8.0;0.0;1.0;1.0;1.0;1.0;2022
Pindamonhangaba;2;18.0;353.0;0.0;353.0;0.0;0.0;9.0;337.0;7.0;0.0;0.0;1.0;1.0;1.0;0.0;2022
Pindamonhangaba;2;30.0;386.0;0.0;218.0;0.0;0.0;4.0;194.0;167.0;21.0;0.0;1.0;1.0;1.0;0.0;2022
Pindamonhangaba;2;46.0;726.0;0.0;364.0;0.0;0.0;6.0;358.0;339.0;23.0;0.0;1.0;1.0;1.0;0.0;2022
Pindamonhangaba;2;45.0;396.0;0.0;181.0;0.0;0.0;2.0;174.0;211.0;9.0;0.0;1.0;1.0;1.0;1.0;2022
Pindamonhangaba;2;44.0;292.0;0.0;292.0;0.0;0.0;5.0;277.0;10.0;0.0;0.0;1.0;1.0;1.0;1.0;2022
Pindamonhangaba;2;17.0;293.0;0.0;0.0;0.0;0.0;0.0;15.0;272.0;6.0;0.0;1.0;1.0;1.0;1.0;2022
Pindamonhangaba;2;15.0;271.0;0.0;271.0;0.0;0.0;3.0;262.0;6.0;0.0;0.0;1.0;1.0;1.0;1.0;2022
Pindamonhangaba;2;45.0;896.0;0.0;0.0;0.0;0.0;0.0;17.0;743.0;136.0;0.0;1.0;1.0;1.0;1.0;2022
Pindamonhangaba;2;37.0;478.0;0.0;278.0;0.0;0.0;4.0;273.0;183.0;18.0;0.0;1.0;1.0;1.0;0.0;2022
Pindamonhangaba;2;76.0;1353.0;0.0;0.0;0.0;0.0;0.0;15.0;719.0;619.0;1.0;1.0;1.0;1.0;1.0;2022
Pindamonhangaba;2;;;;;;;;;;;;;;;;2022
Pindamonhangaba;2;24.0;138.0;0.0;90.0;0.0;0.0;1.0;86.0;49.0;2.0;0.0;1.0;1.0;0.0;1.0;2022
Pindamonhangaba;2;29.0;226.0;0.0;142.0;0.0;0.0;5.0;134.0;82.0;5.0;0.0;1.0;1.0;1.0;0.0;2022
Pindamonhangaba;2;66.0;486.0;0.0;264.0;0.0;0.0;4.0;243.0;231.0;8.0;0.0;1.0;1.0;1.0;0.0;2022
Pindamonhangaba;2;13.0;114.0;0.0;114.0;0.0;0.0;3.0;108.0;3.0;0.0;0.0;1.0;1.0;1.0;1.0;2022
Pindamonhangaba;2;38.0;383.0;0.0;0.0;0.0;0.0;0.0;4.0;259.0;120.0;0.0;1.0;1.0;1.0;1.0;2022
Pindamonhangaba;2;43.0;374.0;0.0;0.0;0.0;0.0;0.0;6.0;274.0;94.0;0.0;1.0;1.0;1.0;1.0;2022
Pindamonhangaba;2;15.0;183.0;0.0;183.0;0.0;0.0;7.0;165.0;11.0;0.0;0.0;1.0;1.0;1.0;0.0;2022
Pindamonhangaba;2;15.0;258.0;0.0;258.0;0.0;0.0;6.0;250.0;2.0;0.0;0.0;1.0;1.0;1.0;1.0;2022
Pindamonhangaba;2;17.0;310.0;0.0;310.0;0.0;0.0;6.0;297.0;7.0;0.0;0.0;1.0;1.0;1.0;1.0;2022
Pindamonhangaba;2;39.0;468.0;0.0;271.0;0.0;0.0;6.0;260.0;194.0;8.0;0.0;1.0;1.0;1.0;1.0;2022
Pindamonhangaba;2;8.0;101.0;0.0;101.0;0.0;0.0;2.0;96.0;3.0;0.0;0.0;1.0;1.0;1.0;0.0;2022
Pindamonhangaba;2;;;;;;;;;;;;;;;;2022
Pindamonhangaba;2;;;;;;;;;;;0.0;0.0;1.0;0.0;0.0;2022
Pindamonhangaba;2;;;;;;;;;;;0.0;0.0;1.0;0.0;0.0;2022
Pindamonhangaba;2;46.0;470.0;0.0;470.0;0.0;0.0;11.0;444.0;15.0;0.0;0.0;1.0;1.0;0.0;0.0;2022
Pindamonhangaba;2;33.0;575.0;0.0;401.0;0.0;0.0;6.0;385.0;181.0;3.0;0.0;1.0;1.0;1.0;1.0;2022
Pindamonhangaba;2;33.0;418.0;0.0;271.0;0.0;0.0;4.0;257.0;151.0;6.0;0.0;1.0;1.0;1.0;0.0;2022
Pindamonhangaba;2;39.0;397.0;0.0;397.0;0.0;0.0;9.0;380.0;8.0;0.0;0.0;1.0;1.0;1.0;0.0;2022
Pindamonhangaba;2;9.0;119.0;0.0;119.0;0.0;0.0;2.0;113.0;4.0;0.0;0.0;1.0;1.0;1.0;1.0;2022
Pindamonhangaba;2;48.0;410.0;0.0;197.0;0.0;0.0;3.0;189.0;211.0;7.0;0.0;1.0;1.0;1.0;0.0;2022
Pindamonhangaba;2;43.0;266.0;0.0;155.0;0.0;0.0;2.0;149.0;111.0;4.0;0.0;1.0;1.0;1.0;1.0;2022
Pindamonhangaba;2;22.0;349.0;0.0;236.0;0.0;0.0;2.0;224.0;22.0;101.0;0.0;1.0;1.0;1.0;0.0;2022
Pindamonhangaba;2;;;;;;;;;;;;;;;;2022
Pindamonhangaba;2;15.0;189.0;0.0;134.0;0.0;0.0;2.0;130.0;57.0;0.0;0.0;1.0;1.0;1.0;1.0;2022
Pindamonhangaba;2;63.0;985.0;0.0;327.0;0.0;0.0;6.0;319.0;545.0;115.0;0.0;1.0;1.0;1.0;1.0;2022
Pindamonhangaba;2;55.0;585.0;0.0;176.0;0.0;0.0;1.0;166.0;305.0;113.0;0.0;1.0;1.0;1.0;0.0;2022
Pindamonhangaba;2;25.0;427.0;0.0;312.0;0.0;0.0;7.0;286.0;124.0;10.0;0.0;1.0;1.0;1.0;1.0;2022
Pindorama;2;40.0;409.0;0.0;49.0;0.0;0.0;5.0;53.0;280.0;71.0;0.0;1.0;1.0;1.0;1.0;2022
Pinhalzinho;2;27.0;432.0;0.0;0.0;0.0;0.0;0.0;5.0;395.0;32.0;0.0;1.0;1.0;1.0;1.0;2022
Piquerobi;2;22.0;280.0;0.0;152.0;0.0;0.0;1.0;138.0;119.0;22.0;0.0;1.0;1.0;1.0;0.0;2022
Piquete;2;35.0;445.0;0.0;243.0;0.0;0.0;0.0;228.0;183.0;34.0;0.0;1.0;1.0;1.0;1.0;2022
Piquete;2;27.0;306.0;0.0;194.0;0.0;0.0;0.0;186.0;112.0;8.0;0.0;0.0;1.0;1.0;0.0;2022
Piquete;2;;;;;;;;;;;;;;;;2022
Piracaia;2;24.0;381.0;0.0;249.0;0.0;0.0;4.0;218.0;145.0;14.0;0.0;0.0;1.0;1.0;0.0;2022
Piracaia;2;32.0;515.0;0.0;275.0;0.0;0.0;7.0;242.0;244.0;22.0;0.0;1.0;1.0;0.0;0.0;2022
Piracaia;2;33.0;629.0;0.0;324.0;0.0;0.0;4.0;292.0;307.0;26.0;0.0;1.0;1.0;1.0;1.0;2022
Piracaia;2;;;;;;;;;;;;;;;;2022
Piracaia;2;37.0;621.0;0.0;355.0;0.0;0.0;4.0;306.0;249.0;62.0;0.0;0.0;1.0;1.0;0.0;2022
Piracicaba;2;2.0;3.0;0.0;0.0;3.0;0.0;0.0;0.0;0.0;0.0;0.0;0.0;1.0;0.0;1.0;2022
Piracicaba;2;11.0;261.0;261.0;0.0;0.0;0.0;238.0;23.0;0.0;0.0;0.0;0.0;1.0;1.0;0.0;2022
Piracicaba;2;22.0;347.0;347.0;0.0;0.0;0.0;334.0;13.0;0.0;0.0;0.0;1.0;1.0;1.0;1.0;2022
Piracicaba;2;21.0;445.0;0.0;445.0;0.0;0.0;5.0;411.0;29.0;0.0;0.0;1.0;1.0;1.0;0.0;2022
Piracicaba;2;43.0;736.0;0.0;266.0;0.0;0.0;1.0;243.0;456.0;36.0;0.0;1.0;1.0;1.0;1.0;2022
Piracicaba;2;37.0;811.0;0.0;364.0;0.0;0.0;0.0;335.0;453.0;23.0;0.0;0.0;1.0;1.0;1.0;2022
Piracicaba;2;71.0;1558.0;0.0;598.0;0.0;0.0;0.0;557.0;955.0;46.0;0.0;0.0;1.0;1.0;0.0;2022
Piracicaba;2;22.0;442.0;0.0;174.0;0.0;0.0;0.0;175.0;249.0;18.0;0.0;1.0;1.0;1.0;0.0;2022
Piracicaba;2;15.0;294.0;0.0;294.0;0.0;0.0;1.0;275.0;18.0;0.0;0.0;1.0;1.0;1.0;1.0;2022
Piracicaba;2;56.0;451.0;103.0;348.0;0.0;0.0;100.0;329.0;22.0;0.0;0.0;1.0;1.0;1.0;1.0;2022
Piracicaba;2;26.0;397.0;397.0;0.0;0.0;0.0;374.0;23.0;0.0;0.0;0.0;0.0;1.0;1.0;0.0;2022
Piracicaba;2;17.0;334.0;334.0;0.0;0.0;0.0;321.0;13.0;0.0;0.0;0.0;1.0;1.0;0.0;1.0;2022
Piracicaba;2;24.0;418.0;0.0;274.0;0.0;0.0;1.0;261.0;150.0;6.0;0.0;0.0;1.0;1.0;0.0;2022
Piracicaba;2;43.0;499.0;0.0;0.0;0.0;0.0;0.0;3.0;440.0;56.0;0.0;0.0;1.0;1.0;0.0;2022
Piracicaba;2;51.0;683.0;0.0;101.0;0.0;0.0;0.0;84.0;516.0;83.0;0.0;1.0;1.0;1.0;0.0;2022
Piracicaba;2;34.0;613.0;0.0;395.0;0.0;0.0;3.0;352.0;251.0;7.0;0.0;0.0;1.0;1.0;0.0;2022
Piracicaba;2;20.0;416.0;0.0;416.0;0.0;0.0;0.0;392.0;23.0;1.0;0.0;1.0;1.0;1.0;0.0;2022
Piracicaba;2;16.0;136.0;0.0;91.0;0.0;0.0;0.0;84.0;51.0;1.0;0.0;0.0;1.0;1.0;0.0;2022
Piracicaba;2;38.0;780.0;0.0;487.0;0.0;0.0;0.0;441.0;328.0;11.0;0.0;1.0;1.0;1.0;1.0;2022
Piracicaba;2;27.0;460.0;0.0;222.0;0.0;0.0;0.0;211.0;235.0;14.0;0.0;1.0;1.0;1.0;1.0;2022
Piracicaba;2;32.0;624.0;0.0;291.0;0.0;0.0;1.0;271.0;339.0;13.0;0.0;1.0;1.0;1.0;1.0;2022
Piracicaba;2;22.0;339.0;339.0;0.0;0.0;0.0;324.0;15.0;0.0;0.0;0.0;0.0;1.0;1.0;0.0;2022
Piracicaba;2;27.0;511.0;0.0;289.0;0.0;0.0;1.0;273.0;231.0;6.0;0.0;1.0;1.0;1.0;1.0;2022
Piracicaba;2;83.0;1154.0;0.0;0.0;0.0;0.0;0.0;5.0;773.0;376.0;1.0;1.0;1.0;1.0;0.0;2022
Piracicaba;2;29.0;560.0;0.0;328.0;0.0;0.0;1.0;305.0;242.0;12.0;0.0;1.0;1.0;1.0;1.0;2022
Piracicaba;2;22.0;366.0;0.0;242.0;0.0;0.0;0.0;229.0;129.0;8.0;0.0;1.0;1.0;1.0;0.0;2022
Piracicaba;2;39.0;592.0;0.0;343.0;0.0;0.0;0.0;324.0;245.0;23.0;0.0;1.0;1.0;1.0;1.0;2022
Piracicaba;2;19.0;323.0;0.0;211.0;0.0;0.0;0.0;193.0;126.0;4.0;0.0;1.0;1.0;1.0;0.0;2022
Piracicaba;2;34.0;466.0;0.0;275.0;0.0;0.0;0.0;250.0;199.0;17.0;0.0;0.0;1.0;1.0;0.0;2022
Piracicaba;2;32.0;595.0;0.0;340.0;0.0;0.0;0.0;317.0;264.0;14.0;0.0;1.0;1.0;1.0;0.0;2022
Piracicaba;2;29.0;524.0;0.0;338.0;0.0;0.0;1.0;311.0;198.0;14.0;0.0;0.0;1.0;1.0;0.0;2022
Piracicaba;2;44.0;822.0;0.0;503.0;0.0;0.0;1.0;467.0;332.0;22.0;0.0;1.0;1.0;1.0;1.0;2022
Piracicaba;2;31.0;578.0;0.0;328.0;0.0;0.0;2.0;300.0;258.0;18.0;0.0;1.0;1.0;1.0;0.0;2022
Piracicaba;2;62.0;1007.0;0.0;552.0;0.0;0.0;1.0;513.0;448.0;45.0;0.0;1.0;1.0;1.0;0.0;2022
Piracicaba;2;59.0;1300.0;0.0;648.0;0.0;0.0;1.0;600.0;650.0;49.0;0.0;0.0;1.0;1.0;1.0;2022
Piracicaba;2;51.0;523.0;0.0;287.0;0.0;0.0;0.0;276.0;230.0;17.0;0.0;1.0;1.0;0.0;1.0;2022
Piracicaba;2;22.0;430.0;0.0;430.0;0.0;0.0;4.0;402.0;24.0;0.0;0.0;1.0;1.0;1.0;1.0;2022
Piracicaba;2;20.0;374.0;0.0;374.0;0.0;0.0;0.0;348.0;26.0;0.0;0.0;0.0;1.0;1.0;1.0;2022
Piracicaba;2;17.0;370.0;0.0;370.0;0.0;0.0;0.0;358.0;12.0;0.0;0.0;1.0;1.0;1.0;1.0;2022
Piracicaba;2;24.0;363.0;363.0;0.0;0.0;0.0;351.0;12.0;0.0;0.0;0.0;1.0;1.0;1.0;1.0;2022
Piracicaba;2;30.0;538.0;0.0;301.0;0.0;0.0;0.0;276.0;256.0;6.0;0.0;0.0;1.0;1.0;0.0;2022
Piracicaba;2;17.0;317.0;0.0;317.0;0.0;0.0;1.0;294.0;22.0;0.0;0.0;0.0;1.0;1.0;1.0;2022
Piracicaba;2;;;;;;;;;;;;;;;;2022
Piracicaba;2;12.0;32.0;0.0;14.0;0.0;0.0;0.0;4.0;24.0;4.0;0.0;1.0;1.0;1.0;1.0;2022
Piracicaba;2;;;;;;;;;;;;;;;;2022
Piracicaba;2;34.0;614.0;0.0;427.0;0.0;0.0;0.0;388.0;214.0;12.0;0.0;1.0;1.0;1.0;1.0;2022
Piracicaba;2;24.0;345.0;0.0;193.0;0.0;0.0;0.0;170.0;166.0;9.0;0.0;1.0;1.0;1.0;1.0;2022
Piracicaba;2;54.0;664.0;0.0;0.0;0.0;0.0;0.0;1.0;385.0;278.0;1.0;1.0;1.0;1.0;0.0;2022
Piracicaba;2;42.0;670.0;0.0;255.0;0.0;0.0;0.0;234.0;418.0;18.0;0.0;1.0;1.0;1.0;1.0;2022
Piracicaba;2;24.0;361.0;0.0;199.0;0.0;0.0;1.0;193.0;157.0;10.0;0.0;1.0;1.0;1.0;1.0;2022
Piracicaba;2;;;;;;;;;;;;;;;;2022
Piracicaba;2;24.0;458.0;0.0;317.0;0.0;0.0;0.0;296.0;159.0;3.0;0.0;0.0;1.0;1.0;1.0;2022
Piracicaba;2;24.0;437.0;0.0;259.0;0.0;0.0;1.0;241.0;190.0;5.0;0.0;0.0;1.0;1.0;1.0;2022
Piracicaba;2;9.0;35.0;0.0;0.0;0.0;0.0;0.0;0.0;0.0;35.0;0.0;0.0;0.0;0.0;0.0;2022
Piracicaba;2;9.0;25.0;0.0;0.0;0.0;0.0;0.0;0.0;0.0;25.0;0.0;0.0;0.0;0.0;0.0;2022
Piracicaba;2;;;;;;;;;;;;;;;;2022
Piracicaba;2;;;;;;;;;;;0.0;0.0;1.0;0.0;0.0;2022
Piracicaba;2;30.0;467.0;0.0;310.0;0.0;0.0;1.0;287.0;171.0;8.0;0.0;0.0;1.0;1.0;1.0;2022
Piracicaba;2;13.0;124.0;0.0;0.0;0.0;0.0;0.0;0.0;0.0;124.0;0.0;0.0;1.0;0.0;0.0;2022
Piracicaba;2;25.0;354.0;0.0;243.0;0.0;0.0;1.0;219.0;129.0;5.0;0.0;0.0;1.0;1.0;0.0;2022
Piracicaba;2;18.0;247.0;0.0;97.0;0.0;0.0;1.0;88.0;130.0;28.0;0.0;1.0;1.0;1.0;0.0;2022
Piracicaba;2;11.0;233.0;233.0;0.0;0.0;0.0;232.0;1.0;0.0;0.0;0.0;0.0;1.0;1.0;0.0;2022
Piracicaba;2;16.0;200.0;0.0;127.0;0.0;0.0;1.0;117.0;77.0;5.0;0.0;1.0;1.0;1.0;0.0;2022
Piracicaba;2;23.0;333.0;0.0;200.0;0.0;0.0;0.0;183.0;139.0;11.0;0.0;1.0;1.0;1.0;0.0;2022
Piracicaba;2;53.0;601.0;0.0;291.0;0.0;0.0;2.0;265.0;318.0;16.0;0.0;1.0;1.0;1.0;1.0;2022
Piracicaba;2;15.0;287.0;0.0;287.0;0.0;0.0;0.0;272.0;15.0;0.0;0.0;1.0;1.0;1.0;1.0;2022
Piracicaba;2;80.0;1327.0;0.0;637.0;0.0;0.0;0.0;605.0;674.0;48.0;0.0;0.0;1.0;1.0;0.0;2022
Piracicaba;2;46.0;858.0;0.0;340.0;0.0;0.0;0.0;310.0;517.0;31.0;0.0;0.0;1.0;1.0;0.0;2022
Piracicaba;2;38.0;436.0;0.0;180.0;0.0;0.0;2.0;168.0;242.0;24.0;0.0;1.0;1.0;0.0;1.0;2022
Piracicaba;2;17.0;295.0;0.0;295.0;0.0;0.0;0.0;278.0;17.0;0.0;0.0;1.0;1.0;1.0;1.0;2022
Piracicaba;2;16.0;3009.0;0.0;0.0;0.0;0.0;0.0;0.0;6.0;3003.0;0.0;0.0;1.0;0.0;0.0;2022
Piraju;2;38.0;437.0;0.0;229.0;0.0;0.0;0.0;205.0;219.0;13.0;0.0;1.0;1.0;1.0;0.0;2022
Piraju;2;31.0;436.0;0.0;224.0;0.0;0.0;1.0;200.0;209.0;26.0;0.0;0.0;1.0;1.0;0.0;2022
Piraju;2;26.0;458.0;0.0;281.0;0.0;0.0;4.0;264.0;185.0;5.0;0.0;1.0;1.0;1.0;1.0;2022
Piraju;2;16.0;163.0;0.0;132.0;0.0;0.0;1.0;126.0;35.0;1.0;0.0;1.0;1.0;1.0;1.0;2022
Piraju;2;30.0;508.0;0.0;279.0;0.0;0.0;2.0;253.0;233.0;20.0;0.0;0.0;1.0;1.0;1.0;2022
Piraju;2;28.0;333.0;0.0;0.0;0.0;0.0;0.0;1.0;228.0;104.0;1.0;1.0;1.0;0.0;0.0;2022
Piraju;2;;;;;;;;;;;0.0;0.0;1.0;0.0;0.0;2022
Piraju;2;13.0;789.0;0.0;0.0;0.0;0.0;0.0;0.0;0.0;789.0;0.0;1.0;1.0;0.0;0.0;2022
Piraju;2;18.0;273.0;0.0;225.0;0.0;0.0;0.0;213.0;60.0;0.0;0.0;1.0;1.0;1.0;1.0;2022
Pirajuí;2;46.0;1174.0;0.0;473.0;0.0;0.0;6.0;470.0;681.0;17.0;0.0;1.0;1.0;1.0;1.0;2022
Pirajuí;2;;;;;;;;;;;;;;;;2022
Pirajuí;2;25.0;432.0;0.0;353.0;0.0;0.0;7.0;340.0;84.0;1.0;0.0;1.0;1.0;1.0;1.0;2022
Pirajuí;2;12.0;138.0;0.0;0.0;0.0;0.0;0.0;0.0;0.0;138.0;0.0;0.0;0.0;0.0;0.0;2022
Pirajuí;2;11.0;221.0;0.0;0.0;0.0;0.0;0.0;0.0;0.0;221.0;0.0;0.0;0.0;0.0;0.0;2022
Pirajuí;2;11.0;186.0;0.0;0.0;0.0;0.0;0.0;0.0;0.0;186.0;0.0;0.0;0.0;0.0;0.0;2022
Pirajuí;2;;;;;;;;;;;;;;;;2022
Pirangi;2;32.0;743.0;0.0;441.0;0.0;0.0;3.0;429.0;299.0;12.0;0.0;1.0;1.0;1.0;0.0;2022
Pirangi;2;;;;;;;;;;;;;;;;2022
Pirapora do Bom Jesus;2;18.0;376.0;0.0;0.0;0.0;0.0;0.0;9.0;328.0;39.0;0.0;1.0;1.0;1.0;1.0;2022
Pirapora do Bom Jesus;2;;;;;;;;;;;;;;;;2022
Pirapora do Bom Jesus;2;23.0;581.0;0.0;0.0;0.0;0.0;0.0;12.0;439.0;130.0;0.0;1.0;1.0;1.0;1.0;2022
Pirapozinho;2;41.0;617.0;0.0;383.0;0.0;0.0;2.0;355.0;246.0;14.0;0.0;1.0;1.0;1.0;1.0;2022
Pirapozinho;2;51.0;878.0;0.0;476.0;0.0;0.0;0.0;459.0;370.0;49.0;0.0;1.0;1.0;1.0;1.0;2022
Pirapozinho;2;19.0;276.0;0.0;184.0;0.0;0.0;0.0;179.0;94.0;3.0;0.0;1.0;1.0;1.0;0.0;2022
Pirapozinho;2;12.0;65.0;0.0;42.0;0.0;0.0;1.0;40.0;23.0;1.0;0.0;1.0;1.0;1.0;1.0;2022
Pirassununga;2;8.0;377.0;0.0;0.0;0.0;0.0;0.0;0.0;1.0;376.0;0.0;0.0;1.0;0.0;0.0;2022
Pirassununga;2;32.0;467.0;0.0;289.0;0.0;0.0;2.0;282.0;161.0;22.0;0.0;1.0;1.0;1.0;0.0;2022
Pirassununga;2;68.0;942.0;0.0;228.0;0.0;0.0;3.0;209.0;561.0;169.0;0.0;1.0;1.0;1.0;1.0;2022
Pirassununga;2;14.0;230.0;0.0;230.0;0.0;0.0;3.0;215.0;12.0;0.0;0.0;1.0;1.0;1.0;1.0;2022
Pirassununga;2;24.0;363.0;0.0;278.0;0.0;0.0;1.0;268.0;92.0;2.0;0.0;1.0;1.0;1.0;1.0;2022
Pirassununga;2;12.0;90.0;0.0;90.0;0.0;0.0;2.0;84.0;4.0;0.0;0.0;1.0;1.0;1.0;0.0;2022
Pirassununga;2;33.0;411.0;0.0;268.0;0.0;0.0;6.0;252.0;141.0;12.0;0.0;1.0;1.0;1.0;0.0;2022
Pirassununga;2;36.0;549.0;0.0;312.0;0.0;0.0;8.0;295.0;214.0;32.0;0.0;1.0;1.0;1.0;0.0;2022
Pirassununga;2;65.0;741.0;0.0;0.0;0.0;0.0;0.0;14.0;483.0;244.0;1.0;1.0;1.0;1.0;1.0;2022
Pirassununga;2;25.0;330.0;0.0;225.0;0.0;0.0;3.0;211.0;105.0;11.0;0.0;1.0;1.0;1.0;0.0;2022
Pirassununga;2;37.0;392.0;0.0;239.0;0.0;0.0;5.0;224.0;141.0;22.0;0.0;1.0;1.0;1.0;1.0;2022
Pirassununga;2;35.0;361.0;0.0;314.0;0.0;0.0;6.0;292.0;33.0;30.0;0.0;1.0;1.0;1.0;0.0;2022
Piratininga;2;51.0;858.0;0.0;486.0;0.0;0.0;18.0;431.0;359.0;50.0;0.0;1.0;1.0;1.0;0.0;2022
Piratininga;2;;;;;;;;;;;;;;;;2022
Pitangueiras;2;31.0;436.0;0.0;281.0;0.0;0.0;4.0;254.0;169.0;9.0;0.0;1.0;1.0;1.0;1.0;2022
Pitangueiras;2;41.0;919.0;0.0;478.0;0.0;0.0;6.0;434.0;461.0;18.0;0.0;1.0;1.0;1.0;0.0;2022
Pitangueiras;2;26.0;272.0;0.0;155.0;0.0;0.0;6.0;145.0;104.0;17.0;0.0;0.0;1.0;1.0;0.0;2022
Pitangueiras;2;45.0;927.0;0.0;354.0;0.0;0.0;2.0;345.0;455.0;125.0;0.0;1.0;1.0;1.0;1.0;2022
Pitangueiras;2;;;;;;;;;;;;;;;;2022
Pitangueiras;2;;;;;;;;;;;;;;;;2022
Planalto;2;29.0;396.0;0.0;236.0;0.0;0.0;5.0;214.0;162.0;15.0;0.0;1.0;1.0;1.0;0.0;2022
Platina;2;25.0;252.0;0.0;173.0;0.0;0.0;4.0;167.0;77.0;4.0;0.0;0.0;1.0;1.0;1.0;2022
Poá;2;40.0;685.0;0.0;444.0;0.0;0.0;6.0;416.0;247.0;16.0;0.0;1.0;1.0;1.0;1.0;2022
Poá;2;68.0;841.0;0.0;404.0;0.0;0.0;7.0;367.0;422.0;45.0;0.0;1.0;1.0;1.0;1.0;2022
Poá;2;18.0;276.0;0.0;153.0;0.0;0.0;3.0;148.0;122.0;3.0;0.0;1.0;1.0;1.0;1.0;2022
Poá;2;57.0;1265.0;0.0;462.0;0.0;0.0;8.0;424.0;813.0;20.0;0.0;1.0;1.0;1.0;1.0;2022
Poá;2;28.0;417.0;0.0;275.0;0.0;0.0;5.0;256.0;148.0;8.0;0.0;1.0;1.0;1.0;0.0;2022
Poá;2;55.0;765.0;0.0;146.0;0.0;0.0;3.0;135.0;322.0;305.0;0.0;1.0;1.0;1.0;1.0;2022
Poá;2;32.0;447.0;0.0;268.0;0.0;0.0;4.0;246.0;186.0;11.0;0.0;1.0;1.0;1.0;0.0;2022
Poá;2;16.0;196.0;0.0;126.0;0.0;0.0;2.0;115.0;77.0;2.0;0.0;0.0;1.0;1.0;0.0;2022
Poá;2;64.0;1036.0;0.0;472.0;0.0;0.0;6.0;423.0;525.0;82.0;0.0;1.0;1.0;1.0;1.0;2022
Poá;2;23.0;260.0;0.0;167.0;0.0;0.0;3.0;151.0;104.0;2.0;0.0;1.0;1.0;1.0;0.0;2022
Poá;2;24.0;283.0;0.0;179.0;0.0;0.0;2.0;161.0;115.0;5.0;0.0;1.0;1.0;1.0;0.0;2022
Poá;2;33.0;642.0;0.0;0.0;0.0;0.0;0.0;2.0;526.0;114.0;1.0;1.0;1.0;1.0;0.0;2022
Poá;2;;;;;;;;;;;0.0;1.0;1.0;0.0;0.0;2022
Poá;2;8.0;1070.0;0.0;0.0;0.0;0.0;0.0;0.0;0.0;1070.0;0.0;0.0;1.0;0.0;0.0;2022
Poá;2;29.0;434.0;0.0;286.0;0.0;0.0;5.0;265.0;160.0;4.0;0.0;0.0;1.0;1.0;1.0;2022
Poá;2;33.0;531.0;0.0;373.0;0.0;0.0;6.0;348.0;173.0;4.0;0.0;0.0;1.0;1.0;1.0;2022
Poá;2;34.0;613.0;0.0;163.0;0.0;0.0;0.0;142.0;397.0;74.0;0.0;1.0;1.0;1.0;0.0;2022
Poá;2;28.0;502.0;0.0;289.0;0.0;0.0;5.0;271.0;221.0;5.0;0.0;1.0;1.0;1.0;0.0;2022
Poá;2;25.0;314.0;0.0;163.0;0.0;0.0;2.0;158.0;149.0;5.0;0.0;1.0;1.0;1.0;1.0;2022
Poá;2;31.0;572.0;0.0;396.0;0.0;0.0;6.0;365.0;191.0;10.0;0.0;0.0;1.0;1.0;0.0;2022
Poloni;2;19.0;261.0;261.0;0.0;0.0;0.0;254.0;7.0;0.0;0.0;0.0;0.0;1.0;1.0;1.0;2022
Poloni;2;31.0;485.0;0.0;331.0;0.0;0.0;5.0;304.0;167.0;9.0;0.0;0.0;1.0;1.0;1.0;2022
Pompéia;2;72.0;1439.0;0.0;548.0;0.0;0.0;1.0;506.0;707.0;225.0;0.0;1.0;1.0;1.0;1.0;2022
Pompéia;2;16.0;225.0;0.0;225.0;0.0;0.0;1.0;217.0;7.0;0.0;0.0;1.0;1.0;1.0;0.0;2022
Pompéia;2;;;;;;;;;;;0.0;0.0;1.0;0.0;0.0;2022
Pongaí;2;25.0;304.0;0.0;156.0;0.0;0.0;1.0;149.0;122.0;32.0;0.0;1.0;1.0;1.0;1.0;2022
Pontal;2;15.0;186.0;0.0;109.0;0.0;0.0;4.0;104.0;74.0;4.0;0.0;1.0;1.0;1.0;0.0;2022
Pontal;2;36.0;625.0;0.0;625.0;0.0;0.0;8.0;582.0;35.0;0.0;0.0;1.0;1.0;1.0;0.0;2022
Pontal;2;18.0;44.0;0.0;25.0;0.0;0.0;0.0;23.0;21.0;0.0;0.0;1.0;1.0;0.0;0.0;2022
Pontal;2;30.0;438.0;0.0;276.0;0.0;0.0;5.0;268.0;158.0;7.0;0.0;1.0;1.0;1.0;0.0;2022
Pontal;2;57.0;690.0;0.0;0.0;0.0;0.0;0.0;23.0;579.0;88.0;0.0;1.0;1.0;1.0;1.0;2022
Pontal;2;;;;;;;;;;;0.0;1.0;1.0;0.0;0.0;2022
Pontal;2;7.0;92.0;0.0;0.0;0.0;0.0;0.0;0.0;0.0;92.0;0.0;0.0;0.0;0.0;0.0;2022
Pontal;2;46.0;657.0;0.0;277.0;0.0;0.0;4.0;258.0;258.0;137.0;0.0;1.0;1.0;1.0;1.0;2022
Pontalinda;2;43.0;389.0;0.0;250.0;0.0;0.0;0.0;228.0;152.0;9.0;0.0;1.0;1.0;1.0;1.0;2022
Pontes Gestal;2;15.0;132.0;0.0;87.0;0.0;0.0;1.0;82.0;45.0;4.0;0.0;1.0;1.0;1.0;0.0;2022
Populina;2;23.0;334.0;0.0;207.0;0.0;0.0;4.0;201.0;124.0;5.0;0.0;1.0;1.0;1.0;1.0;2022
Porangaba;2;36.0;913.0;0.0;469.0;0.0;0.0;12.0;429.0;426.0;46.0;0.0;1.0;1.0;1.0;0.0;2022
Porto Feliz;2;29.0;433.0;0.0;0.0;0.0;0.0;0.0;10.0;278.0;145.0;0.0;1.0;1.0;1.0;0.0;2022
Porto Feliz;2;32.0;576.0;0.0;344.0;0.0;0.0;3.0;334.0;225.0;14.0;0.0;1.0;1.0;1.0;1.0;2022
Porto Feliz;2;45.0;824.0;0.0;0.0;0.0;0.0;0.0;15.0;628.0;181.0;0.0;1.0;1.0;1.0;1.0;2022
Porto Feliz;2;25.0;379.0;0.0;0.0;0.0;0.0;0.0;13.0;358.0;8.0;0.0;1.0;1.0;1.0;0.0;2022
Porto Feliz;2;;;;;;;;;;;0.0;0.0;1.0;0.0;0.0;2022
Porto Feliz;2;18.0;290.0;0.0;0.0;0.0;0.0;0.0;0.0;0.0;290.0;0.0;0.0;0.0;0.0;0.0;2022
Porto Feliz;2;12.0;135.0;0.0;0.0;0.0;0.0;0.0;3.0;120.0;12.0;0.0;1.0;1.0;1.0;0.0;2022
Porto Feliz;2;27.0;269.0;0.0;0.0;0.0;0.0;0.0;4.0;211.0;54.0;0.0;1.0;1.0;1.0;1.0;2022
Porto Ferreira;2;27.0;446.0;0.0;314.0;0.0;0.0;0.0;277.0;153.0;16.0;0.0;1.0;1.0;1.0;1.0;2022
Porto Ferreira;2;73.0;1781.0;0.0;635.0;0.0;0.0;1.0;530.0;996.0;254.0;0.0;1.0;1.0;1.0;1.0;2022
Porto Ferreira;2;35.0;564.0;0.0;368.0;0.0;0.0;0.0;320.0;219.0;25.0;0.0;1.0;1.0;1.0;1.0;2022
Porto Ferreira;2;40.0;348.0;0.0;0.0;0.0;0.0;0.0;1.0;192.0;155.0;1.0;1.0;1.0;1.0;1.0;2022
Potim;2;34.0;580.0;0.0;0.0;0.0;0.0;0.0;1.0;438.0;141.0;0.0;1.0;1.0;1.0;1.0;2022
Potim;2;;;;;;;;;;;;;;;;2022
Potim;2;13.0;126.0;0.0;0.0;0.0;0.0;0.0;0.0;0.0;126.0;0.0;0.0;0.0;0.0;0.0;2022
Potim;2;13.0;118.0;0.0;0.0;0.0;0.0;0.0;0.0;0.0;118.0;0.0;0.0;0.0;0.0;0.0;2022
Potirendaba;2;33.0;553.0;0.0;0.0;0.0;0.0;0.0;10.0;441.0;102.0;0.0;1.0;1.0;1.0;0.0;2022
Pracinha;2;32.0;130.0;0.0;62.0;0.0;0.0;1.0;60.0;49.0;20.0;0.0;1.0;1.0;1.0;0.0;2022
Pracinha;2;10.0;144.0;0.0;0.0;0.0;0.0;0.0;0.0;0.0;144.0;0.0;0.0;0.0;0.0;0.0;2022
Pradópolis;2;39.0;894.0;0.0;0.0;0.0;0.0;0.0;2.0;752.0;140.0;0.0;1.0;1.0;1.0;0.0;2022
Praia Grande;2;;;;;;;;;;;;;;;;2022
Praia Grande;2;96.0;764.0;0.0;427.0;0.0;0.0;2.0;380.0;339.0;43.0;0.0;1.0;1.0;1.0;0.0;2022
Praia Grande;2;21.0;313.0;0.0;0.0;0.0;0.0;0.0;6.0;293.0;14.0;0.0;1.0;1.0;1.0;1.0;2022
Praia Grande;2;17.0;274.0;0.0;0.0;0.0;0.0;0.0;1.0;248.0;25.0;0.0;1.0;1.0;1.0;1.0;2022
Praia Grande;2;23.0;491.0;0.0;0.0;0.0;0.0;0.0;3.0;455.0;33.0;0.0;1.0;1.0;1.0;1.0;2022
Praia Grande;2;19.0;326.0;0.0;0.0;0.0;0.0;0.0;3.0;303.0;20.0;0.0;1.0;1.0;1.0;0.0;2022
Praia Grande;2;26.0;369.0;0.0;0.0;0.0;0.0;0.0;3.0;330.0;36.0;0.0;1.0;1.0;1.0;1.0;2022
Praia Grande;2;64.0;910.0;0.0;304.0;0.0;0.0;1.0;275.0;568.0;66.0;0.0;0.0;1.0;1.0;1.0;2022
Praia Grande;2;55.0;736.0;0.0;0.0;0.0;0.0;0.0;6.0;676.0;54.0;0.0;1.0;1.0;1.0;0.0;2022
Praia Grande;2;99.0;1647.0;0.0;425.0;0.0;0.0;1.0;365.0;983.0;298.0;0.0;1.0;1.0;1.0;0.0;2022
Praia Grande;2;15.0;198.0;0.0;0.0;0.0;0.0;0.0;1.0;174.0;23.0;0.0;1.0;1.0;1.0;0.0;2022
Praia Grande;2;68.0;863.0;0.0;126.0;0.0;0.0;0.0;107.0;693.0;63.0;0.0;1.0;1.0;1.0;0.0;2022
Praia Grande;2;125.0;1419.0;0.0;649.0;0.0;0.0;0.0;531.0;758.0;130.0;0.0;1.0;1.0;0.0;1.0;2022
Praia Grande;2;43.0;624.0;0.0;0.0;0.0;0.0;0.0;1.0;572.0;51.0;0.0;1.0;1.0;1.0;1.0;2022
Praia Grande;2;54.0;286.0;0.0;64.0;0.0;0.0;1.0;56.0;196.0;33.0;0.0;0.0;1.0;1.0;0.0;2022
Praia Grande;2;79.0;1262.0;0.0;561.0;0.0;0.0;1.0;456.0;712.0;93.0;0.0;1.0;1.0;1.0;0.0;2022
Praia Grande;2;16.0;238.0;0.0;160.0;0.0;0.0;0.0;154.0;78.0;6.0;0.0;1.0;1.0;1.0;0.0;2022
Praia Grande;2;78.0;1196.0;0.0;356.0;0.0;0.0;0.0;296.0;786.0;114.0;0.0;1.0;1.0;1.0;1.0;2022
Praia Grande;2;78.0;1404.0;0.0;0.0;0.0;0.0;0.0;3.0;925.0;476.0;1.0;1.0;1.0;0.0;1.0;2022
Praia Grande;2;;;;;;;;;;;0.0;1.0;1.0;1.0;0.0;2022
Praia Grande;2;13.0;34.0;2.0;18.0;0.0;0.0;0.0;1.0;29.0;4.0;0.0;0.0;1.0;0.0;0.0;2022
Praia Grande;2;;;;;;;;;;;;;;;;2022
Praia Grande;2;4.0;18.0;7.0;5.0;0.0;6.0;7.0;5.0;0.0;0.0;0.0;0.0;0.0;0.0;0.0;2022
Praia Grande;2;46.0;843.0;0.0;0.0;0.0;0.0;0.0;1.0;731.0;111.0;0.0;1.0;1.0;1.0;0.0;2022
Praia Grande;2;70.0;1179.0;0.0;265.0;0.0;0.0;0.0;237.0;838.0;104.0;0.0;1.0;1.0;1.0;0.0;2022
Praia Grande;2;65.0;752.0;0.0;424.0;0.0;0.0;2.0;377.0;334.0;39.0;0.0;1.0;1.0;1.0;1.0;2022
Praia Grande;2;89.0;1119.0;0.0;237.0;0.0;0.0;0.0;187.0;817.0;115.0;0.0;1.0;1.0;1.0;0.0;2022
Praia Grande;2;45.0;471.0;0.0;329.0;0.0;0.0;0.0;278.0;186.0;7.0;0.0;0.0;1.0;1.0;1.0;2022
Praia Grande;2;69.0;995.0;0.0;474.0;0.0;0.0;3.0;406.0;522.0;64.0;0.0;1.0;1.0;1.0;0.0;2022
Praia Grande;2;;;;;;;;;;;;;;;;2022
Praia Grande;2;16.0;2613.0;0.0;0.0;0.0;0.0;0.0;0.0;2.0;2611.0;0.0;0.0;1.0;0.0;1.0;2022
Pratânia;2;44.0;629.0;0.0;367.0;0.0;0.0;9.0;344.0;267.0;9.0;0.0;0.0;1.0;1.0;0.0;2022
Presidente Alves;2;31.0;455.0;177.0;159.0;0.0;3.0;174.0;152.0;96.0;30.0;0.0;1.0;1.0;1.0;0.0;2022
Presidente Alves;2;14.0;95.0;47.0;48.0;0.0;2.0;46.0;47.0;0.0;0.0;0.0;1.0;1.0;1.0;0.0;2022
Presidente Bernardes;2;30.0;430.0;0.0;0.0;0.0;0.0;0.0;7.0;374.0;49.0;0.0;1.0;1.0;1.0;0.0;2022
Presidente Bernardes;2;;;;;;;;;;;;;;;;2022
Presidente Bernardes;2;;;;;;;;;;;;;;;;2022
Presidente Bernardes;2;10.0;91.0;0.0;0.0;0.0;0.0;0.0;0.0;0.0;91.0;0.0;0.0;0.0;0.0;0.0;2022
Presidente Bernardes;2;13.0;37.0;0.0;17.0;0.0;0.0;0.0;1.0;24.0;12.0;0.0;1.0;1.0;0.0;0.0;2022
Presidente Epitácio;2;36.0;560.0;0.0;347.0;0.0;0.0;0.0;320.0;125.0;115.0;0.0;0.0;1.0;1.0;0.0;2022
Presidente Epitácio;2;26.0;483.0;0.0;177.0;0.0;0.0;0.0;174.0;293.0;16.0;0.0;0.0;1.0;1.0;1.0;2022
Presidente Epitácio;2;31.0;406.0;0.0;229.0;0.0;0.0;0.0;219.0;183.0;4.0;1.0;1.0;1.0;1.0;0.0;2022
Presidente Epitácio;2;24.0;181.0;43.0;99.0;0.0;0.0;42.0;91.0;44.0;4.0;0.0;0.0;1.0;1.0;0.0;2022
Presidente Epitácio;2;20.0;293.0;293.0;0.0;0.0;0.0;279.0;14.0;0.0;0.0;0.0;1.0;1.0;1.0;1.0;2022
Presidente Epitácio;2;20.0;383.0;0.0;383.0;0.0;0.0;2.0;360.0;21.0;0.0;0.0;1.0;1.0;1.0;0.0;2022
Presidente Epitácio;2;29.0;479.0;0.0;315.0;0.0;0.0;0.0;288.0;185.0;6.0;0.0;1.0;1.0;1.0;0.0;2022
Presidente Epitácio;2;17.0;338.0;338.0;0.0;0.0;0.0;320.0;18.0;0.0;0.0;0.0;0.0;1.0;1.0;0.0;2022
Presidente Epitácio;2;12.0;171.0;171.0;0.0;0.0;0.0;151.0;20.0;0.0;0.0;0.0;1.0;1.0;1.0;0.0;2022
Presidente Epitácio;2;13.0;213.0;213.0;0.0;0.0;0.0;194.0;19.0;0.0;0.0;0.0;0.0;1.0;1.0;0.0;2022
Presidente Prudente;2;18.0;229.0;0.0;140.0;0.0;0.0;0.0;116.0;103.0;10.0;0.0;1.0;1.0;1.0;1.0;2022
Presidente Prudente;2;84.0;1118.0;0.0;433.0;0.0;0.0;2.0;367.0;678.0;71.0;0.0;1.0;1.0;1.0;1.0;2022
Presidente Prudente;2;25.0;470.0;0.0;251.0;0.0;0.0;4.0;228.0;231.0;7.0;0.0;1.0;1.0;1.0;1.0;2022
Presidente Prudente;2;11.0;43.0;0.0;43.0;0.0;0.0;0.0;38.0;5.0;0.0;0.0;0.0;1.0;1.0;0.0;2022
Presidente Prudente;2;78.0;909.0;0.0;535.0;0.0;0.0;1.0;466.0;413.0;29.0;0.0;1.0;1.0;1.0;0.0;2022
Presidente Prudente;2;49.0;651.0;0.0;292.0;0.0;0.0;2.0;267.0;374.0;8.0;0.0;1.0;1.0;1.0;0.0;2022
Presidente Prudente;2;21.0;192.0;0.0;91.0;0.0;0.0;0.0;84.0;95.0;13.0;0.0;1.0;1.0;1.0;0.0;2022
Presidente Prudente;2;38.0;577.0;0.0;355.0;0.0;0.0;3.0;329.0;234.0;11.0;0.0;1.0;1.0;1.0;0.0;2022
Presidente Prudente;2;59.0;1029.0;0.0;433.0;0.0;0.0;1.0;387.0;604.0;37.0;0.0;1.0;1.0;1.0;0.0;2022
Presidente Prudente;2;33.0;369.0;0.0;225.0;0.0;0.0;0.0;198.0;159.0;12.0;0.0;1.0;1.0;1.0;0.0;2022
Presidente Prudente;2;19.0;314.0;0.0;219.0;0.0;0.0;0.0;207.0;104.0;3.0;0.0;1.0;1.0;1.0;0.0;2022
Presidente Prudente;2;32.0;654.0;0.0;311.0;0.0;0.0;1.0;280.0;350.0;23.0;0.0;1.0;1.0;1.0;0.0;2022
Presidente Prudente;2;25.0;340.0;0.0;240.0;0.0;0.0;2.0;210.0;117.0;11.0;0.0;0.0;1.0;1.0;0.0;2022
Presidente Prudente;2;62.0;783.0;0.0;0.0;0.0;0.0;0.0;6.0;546.0;231.0;1.0;1.0;1.0;1.0;1.0;2022
Presidente Prudente;2;31.0;556.0;0.0;185.0;0.0;0.0;1.0;173.0;152.0;230.0;0.0;1.0;1.0;1.0;1.0;2022
Presidente Prudente;2;39.0;680.0;0.0;322.0;0.0;0.0;0.0;296.0;364.0;20.0;0.0;1.0;1.0;1.0;0.0;2022
Presidente Prudente;2;14.0;268.0;0.0;268.0;0.0;0.0;1.0;248.0;19.0;0.0;0.0;1.0;1.0;1.0;1.0;2022
Presidente Prudente;2;20.0;235.0;0.0;153.0;0.0;0.0;0.0;146.0;85.0;4.0;0.0;1.0;1.0;1.0;1.0;2022
Presidente Prudente;2;20.0;353.0;0.0;353.0;0.0;0.0;0.0;324.0;29.0;0.0;0.0;1.0;1.0;1.0;1.0;2022
Presidente Prudente;2;38.0;793.0;0.0;303.0;0.0;0.0;0.0;270.0;479.0;44.0;0.0;1.0;1.0;1.0;0.0;2022
Presidente Prudente;2;29.0;461.0;0.0;332.0;0.0;0.0;1.0;291.0;157.0;12.0;0.0;1.0;1.0;1.0;0.0;2022
Presidente Prudente;2;20.0;393.0;0.0;393.0;0.0;0.0;0.0;373.0;20.0;0.0;1.0;1.0;1.0;1.0;1.0;2022
Presidente Prudente;2;62.0;1429.0;0.0;562.0;0.0;0.0;1.0;513.0;865.0;50.0;0.0;1.0;1.0;1.0;0.0;2022
Presidente Prudente;2;5.0;26.0;0.0;0.0;23.0;3.0;0.0;0.0;0.0;0.0;0.0;0.0;1.0;0.0;0.0;2022
Presidente Prudente;2;10.0;60.0;0.0;0.0;0.0;0.0;0.0;0.0;0.0;60.0;0.0;0.0;0.0;0.0;0.0;2022
Presidente Prudente;2;10.0;77.0;0.0;0.0;0.0;0.0;0.0;0.0;0.0;77.0;0.0;0.0;0.0;0.0;0.0;2022
Presidente Prudente;2;46.0;705.0;0.0;0.0;0.0;0.0;0.0;2.0;486.0;217.0;1.0;1.0;1.0;1.0;1.0;2022
Presidente Prudente;2;28.0;434.0;0.0;306.0;0.0;0.0;0.0;277.0;152.0;5.0;0.0;1.0;1.0;1.0;1.0;2022
Presidente Prudente;2;15.0;309.0;0.0;309.0;0.0;0.0;0.0;291.0;18.0;0.0;0.0;1.0;1.0;1.0;1.0;2022
Presidente Prudente;2;17.0;226.0;0.0;147.0;0.0;0.0;1.0;133.0;84.0;8.0;0.0;1.0;1.0;1.0;0.0;2022
Presidente Prudente;2;39.0;626.0;0.0;281.0;0.0;0.0;1.0;263.0;340.0;22.0;0.0;1.0;1.0;1.0;0.0;2022
Presidente Prudente;2;12.0;1014.0;0.0;0.0;0.0;0.0;0.0;0.0;10.0;1004.0;0.0;0.0;1.0;1.0;0.0;2022
Presidente Prudente;2;;;;;;;;;;;0.0;1.0;1.0;1.0;0.0;2022
Presidente Venceslau;2;35.0;532.0;0.0;417.0;0.0;0.0;7.0;400.0;115.0;10.0;0.0;1.0;1.0;1.0;1.0;2022
Presidente Venceslau;2;67.0;908.0;0.0;283.0;0.0;0.0;3.0;259.0;511.0;135.0;0.0;1.0;1.0;1.0;1.0;2022
Presidente Venceslau;2;22.0;266.0;0.0;190.0;0.0;0.0;5.0;176.0;81.0;4.0;0.0;1.0;1.0;1.0;0.0;2022
Presidente Venceslau;2;;;;;;;;;;;;;;;;2022
Presidente Venceslau;2;;;;;;;;;;;;;;;;2022
Presidente Venceslau;2;6.0;43.0;0.0;0.0;0.0;0.0;0.0;0.0;0.0;43.0;0.0;0.0;0.0;0.0;0.0;2022
Presidente Venceslau;2;;;;;;;;;;;;;;;;2022
Presidente Venceslau;2;;;;;;;;;;;;;;;;2022
Presidente Venceslau;2;49.0;690.0;0.0;0.0;0.0;0.0;0.0;10.0;499.0;181.0;1.0;1.0;1.0;1.0;1.0;2022
Presidente Venceslau;2;14.0;267.0;0.0;267.0;0.0;0.0;0.0;262.0;5.0;0.0;0.0;1.0;1.0;1.0;1.0;2022
Promissão;2;19.0;329.0;0.0;329.0;0.0;0.0;4.0;292.0;32.0;1.0;0.0;1.0;1.0;1.0;1.0;2022
Promissão;2;25.0;450.0;0.0;341.0;0.0;0.0;4.0;324.0;111.0;11.0;0.0;1.0;1.0;1.0;1.0;2022
Promissão;2;17.0;82.0;35.0;24.0;0.0;0.0;35.0;23.0;23.0;1.0;0.0;1.0;1.0;1.0;0.0;2022
Promissão;2;12.0;167.0;167.0;0.0;0.0;0.0;162.0;5.0;0.0;0.0;0.0;1.0;1.0;1.0;0.0;2022
Promissão;2;24.0;400.0;400.0;0.0;0.0;0.0;385.0;15.0;0.0;0.0;0.0;1.0;1.0;1.0;1.0;2022
Promissão;2;85.0;1845.0;0.0;486.0;0.0;0.0;15.0;459.0;1104.0;267.0;0.0;1.0;1.0;1.0;1.0;2022
Promissão;2;18.0;354.0;0.0;354.0;0.0;0.0;2.0;326.0;26.0;0.0;0.0;0.0;1.0;1.0;1.0;2022
Promissão;2;;;;;;;;;;;;;;;;2022
Promissão;2;27.0;258.0;0.0;140.0;0.0;0.0;1.0;129.0;97.0;31.0;0.0;1.0;1.0;1.0;1.0;2022
Promissão;2;;;;;;;;;;;;;;;;2022
Quadra;2;12.0;195.0;0.0;0.0;0.0;0.0;0.0;4.0;182.0;9.0;0.0;1.0;1.0;1.0;0.0;2022
Quatá;2;48.0;743.0;0.0;498.0;0.0;0.0;10.0;480.0;193.0;60.0;0.0;1.0;1.0;1.0;0.0;2022
Quatá;2;37.0;370.0;0.0;0.0;0.0;0.0;0.0;9.0;232.0;129.0;1.0;1.0;1.0;1.0;1.0;2022
Queiroz;2;30.0;298.0;0.0;187.0;0.0;0.0;1.0;180.0;110.0;7.0;0.0;1.0;1.0;1.0;0.0;2022
Queluz;2;27.0;399.0;0.0;0.0;0.0;0.0;0.0;3.0;244.0;152.0;0.0;1.0;1.0;1.0;0.0;2022
Quintana;2;33.0;576.0;0.0;320.0;0.0;0.0;6.0;310.0;226.0;34.0;0.0;1.0;1.0;1.0;0.0;2022
Rafard;2;63.0;1035.0;0.0;537.0;0.0;0.0;3.0;480.0;516.0;36.0;0.0;1.0;1.0;1.0;0.0;2022
Rancharia;2;28.0;412.0;0.0;0.0;0.0;0.0;0.0;2.0;340.0;70.0;1.0;1.0;1.0;1.0;1.0;2022
Rancharia;2;15.0;272.0;0.0;272.0;0.0;0.0;0.0;260.0;12.0;0.0;0.0;1.0;1.0;1.0;0.0;2022
Rancharia;2;30.0;144.0;47.0;43.0;0.0;0.0;43.0;47.0;54.0;0.0;0.0;1.0;1.0;1.0;1.0;2022
Rancharia;2;15.0;281.0;0.0;281.0;0.0;0.0;2.0;266.0;12.0;1.0;0.0;1.0;1.0;1.0;1.0;2022
Rancharia;2;53.0;942.0;0.0;332.0;0.0;0.0;1.0;295.0;512.0;134.0;0.0;1.0;1.0;1.0;1.0;2022
Rancharia;2;;;;;;;;;;;;;;;;2022
Rancharia;2;17.0;319.0;0.0;319.0;0.0;0.0;0.0;310.0;9.0;0.0;0.0;1.0;1.0;1.0;0.0;2022
Redenção da Serra;2;29.0;418.0;0.0;228.0;0.0;0.0;2.0;217.0;186.0;13.0;0.0;1.0;1.0;1.0;1.0;2022
Regente Feijó;2;58.0;1024.0;0.0;464.0;0.0;0.0;1.0;416.0;535.0;72.0;0.0;1.0;1.0;1.0;0.0;2022
Regente Feijó;2;9.0;72.0;0.0;72.0;0.0;0.0;0.0;69.0;3.0;0.0;1.0;1.0;1.0;0.0;0.0;2022
Regente Feijó;2;23.0;336.0;0.0;239.0;0.0;0.0;0.0;215.0;112.0;9.0;0.0;1.0;1.0;1.0;1.0;2022
Reginópolis;2;19.0;410.0;0.0;261.0;0.0;0.0;4.0;251.0;149.0;6.0;0.0;1.0;1.0;1.0;0.0;2022
Reginópolis;2;7.0;120.0;0.0;0.0;0.0;0.0;0.0;0.0;0.0;120.0;0.0;0.0;1.0;0.0;0.0;2022
Reginópolis;2;9.0;157.0;0.0;0.0;0.0;0.0;0.0;0.0;0.0;157.0;0.0;0.0;1.0;0.0;0.0;2022
Registro;2;13.0;217.0;0.0;0.0;0.0;0.0;0.0;0.0;0.0;217.0;0.0;0.0;0.0;0.0;0.0;2022
Registro;2;29.0;308.0;0.0;308.0;0.0;0.0;6.0;282.0;20.0;0.0;0.0;1.0;1.0;1.0;0.0;2022
Registro;2;58.0;745.0;0.0;416.0;0.0;0.0;4.0;393.0;328.0;20.0;0.0;1.0;1.0;1.0;0.0;2022
Registro;2;28.0;227.0;0.0;144.0;0.0;0.0;2.0;132.0;85.0;8.0;0.0;1.0;1.0;1.0;1.0;2022
Registro;2;18.0;195.0;0.0;111.0;0.0;0.0;4.0;93.0;71.0;27.0;0.0;1.0;1.0;1.0;0.0;2022
Registro;2;26.0;492.0;0.0;492.0;0.0;0.0;10.0;463.0;19.0;0.0;0.0;1.0;1.0;1.0;0.0;2022
Registro;2;15.0;209.0;0.0;0.0;0.0;0.0;0.0;6.0;193.0;10.0;0.0;1.0;1.0;1.0;1.0;2022
Registro;2;20.0;240.0;0.0;153.0;0.0;0.0;4.0;133.0;91.0;12.0;0.0;0.0;1.0;1.0;1.0;2022
Registro;2;43.0;505.0;0.0;339.0;0.0;0.0;5.0;313.0;182.0;5.0;0.0;1.0;1.0;1.0;1.0;2022
Registro;2;38.0;498.0;0.0;0.0;0.0;0.0;0.0;5.0;387.0;106.0;1.0;1.0;1.0;0.0;1.0;2022
Registro;2;2.0;10.0;4.0;6.0;0.0;0.0;4.0;6.0;0.0;0.0;0.0;0.0;0.0;0.0;0.0;2022
Registro;2;18.0;227.0;0.0;0.0;0.0;0.0;0.0;3.0;217.0;7.0;0.0;1.0;1.0;1.0;1.0;2022
Registro;2;49.0;745.0;0.0;413.0;0.0;0.0;8.0;372.0;334.0;31.0;0.0;1.0;1.0;1.0;1.0;2022
Registro;2;15.0;147.0;0.0;89.0;0.0;0.0;3.0;84.0;56.0;4.0;0.0;1.0;1.0;1.0;1.0;2022
Registro;2;8.0;54.0;0.0;54.0;0.0;0.0;0.0;52.0;2.0;0.0;0.0;1.0;1.0;1.0;0.0;2022
Registro;2;31.0;442.0;0.0;277.0;0.0;0.0;6.0;241.0;190.0;5.0;0.0;1.0;1.0;1.0;1.0;2022
Registro;2;6.0;525.0;0.0;0.0;0.0;0.0;0.0;0.0;1.0;524.0;0.0;0.0;1.0;0.0;0.0;2022
Registro;2;;;;;;;;;;;0.0;0.0;1.0;0.0;0.0;2022
Restinga;2;23.0;250.0;0.0;0.0;0.0;0.0;0.0;4.0;220.0;26.0;0.0;1.0;1.0;1.0;1.0;2022
Ribeira;2;22.0;308.0;0.0;174.0;0.0;0.0;8.0;173.0;124.0;3.0;0.0;1.0;1.0;1.0;1.0;2022
Ribeira;2;14.0;132.0;0.0;75.0;0.0;0.0;3.0;72.0;57.0;0.0;0.0;1.0;1.0;1.0;0.0;2022
Ribeira;2;;;;;;;;;;;;;;;;2022
Ribeira;2;;;;;;;;;;;;;;;;2022
Ribeirão Bonito;2;22.0;482.0;0.0;0.0;0.0;0.0;0.0;8.0;443.0;31.0;0.0;1.0;1.0;1.0;0.0;2022
Ribeirão Branco;2;41.0;627.0;0.0;387.0;0.0;0.0;7.0;345.0;251.0;24.0;0.0;1.0;1.0;1.0;0.0;2022
Ribeirão Branco;2;30.0;285.0;0.0;169.0;0.0;0.0;1.0;159.0;120.0;5.0;0.0;1.0;1.0;1.0;0.0;2022
Ribeirão Branco;2;24.0;381.0;0.0;264.0;0.0;0.0;4.0;238.0;132.0;7.0;0.0;0.0;1.0;1.0;0.0;2022
Ribeirão Branco;2;32.0;431.0;0.0;245.0;0.0;0.0;4.0;219.0;172.0;36.0;0.0;0.0;1.0;1.0;1.0;2022
Ribeirão Branco;2;18.0;165.0;0.0;107.0;0.0;0.0;2.0;96.0;64.0;3.0;0.0;1.0;1.0;1.0;0.0;2022
Ribeirão Branco;2;14.0;73.0;0.0;50.0;0.0;0.0;0.0;43.0;28.0;2.0;0.0;1.0;1.0;1.0;1.0;2022
Ribeirão Corrente;2;19.0;202.0;0.0;0.0;0.0;0.0;0.0;3.0;183.0;16.0;0.0;0.0;1.0;1.0;1.0;2022
Ribeirão do Sul;2;41.0;422.0;0.0;228.0;0.0;0.0;3.0;216.0;139.0;64.0;0.0;1.0;1.0;1.0;0.0;2022
Ribeirão dos Índios;2;22.0;182.0;0.0;79.0;0.0;0.0;0.0;77.0;72.0;33.0;0.0;1.0;1.0;1.0;1.0;2022
Ribeirão Grande;2;43.0;617.0;0.0;374.0;0.0;0.0;1.0;325.0;255.0;36.0;0.0;1.0;1.0;1.0;1.0;2022
Ribeirão Grande;2;16.0;44.0;0.0;26.0;0.0;0.0;0.0;24.0;19.0;1.0;0.0;1.0;1.0;0.0;1.0;2022
Ribeirão Grande;2;21.0;207.0;0.0;96.0;0.0;0.0;0.0;86.0;114.0;7.0;0.0;1.0;1.0;1.0;1.0;2022
Ribeirão Pires;2;23.0;431.0;431.0;0.0;0.0;8.0;420.0;3.0;0.0;0.0;0.0;0.0;1.0;1.0;1.0;2022
Ribeirão Pires;2;46.0;722.0;0.0;288.0;0.0;0.0;6.0;289.0;403.0;24.0;0.0;1.0;1.0;1.0;0.0;2022
Ribeirão Pires;2;16.0;152.0;152.0;0.0;0.0;2.0;146.0;4.0;0.0;0.0;0.0;0.0;1.0;1.0;1.0;2022
Ribeirão Pires;2;36.0;630.0;0.0;265.0;0.0;0.0;8.0;248.0;363.0;11.0;0.0;1.0;1.0;1.0;1.0;2022
Ribeirão Pires;2;27.0;313.0;0.0;114.0;0.0;0.0;0.0;110.0;196.0;7.0;0.0;1.0;1.0;1.0;1.0;2022
Ribeirão Pires;2;12.0;136.0;136.0;0.0;0.0;2.0;133.0;1.0;0.0;0.0;0.0;0.0;1.0;1.0;1.0;2022
Ribeirão Pires;2;18.0;267.0;267.0;0.0;0.0;2.0;263.0;2.0;0.0;0.0;0.0;0.0;1.0;1.0;0.0;2022
Ribeirão Pires;2;18.0;271.0;271.0;0.0;0.0;5.0;262.0;4.0;0.0;0.0;0.0;1.0;1.0;1.0;1.0;2022
Ribeirão Pires;2;55.0;795.0;177.0;248.0;0.0;1.0;181.0;221.0;378.0;14.0;0.0;1.0;1.0;1.0;1.0;2022
Ribeirão Pires;2;31.0;379.0;0.0;196.0;0.0;0.0;3.0;195.0;175.0;6.0;0.0;1.0;1.0;1.0;1.0;2022
Ribeirão Pires;2;25.0;377.0;0.0;229.0;0.0;0.0;1.0;227.0;145.0;4.0;0.0;1.0;1.0;1.0;1.0;2022
Ribeirão Pires;2;16.0;294.0;0.0;150.0;0.0;0.0;5.0;140.0;140.0;9.0;0.0;1.0;1.0;1.0;1.0;2022
Ribeirão Pires;2;13.0;227.0;227.0;0.0;0.0;0.0;227.0;0.0;0.0;0.0;0.0;1.0;1.0;1.0;0.0;2022
Ribeirão Pires;2;37.0;500.0;0.0;247.0;0.0;0.0;3.0;236.0;225.0;36.0;0.0;1.0;1.0;1.0;0.0;2022
Ribeirão Pires;2;31.0;430.0;155.0;145.0;0.0;1.0;157.0;131.0;133.0;8.0;0.0;1.0;1.0;1.0;0.0;2022
Ribeirão Pires;2;16.0;275.0;140.0;135.0;0.0;3.0;137.0;128.0;7.0;0.0;1.0;1.0;1.0;1.0;1.0;2022
Ribeirão Pires;2;21.0;316.0;165.0;151.0;0.0;3.0;168.0;141.0;4.0;0.0;0.0;1.0;1.0;1.0;0.0;2022
Ribeirão Pires;2;18.0;298.0;0.0;298.0;0.0;0.0;8.0;281.0;9.0;0.0;0.0;1.0;1.0;1.0;0.0;2022
Ribeirão Pires;2;7.0;52.0;52.0;0.0;0.0;0.0;52.0;0.0;0.0;0.0;0.0;1.0;1.0;1.0;0.0;2022
Ribeirão Pires;2;44.0;429.0;142.0;186.0;0.0;1.0;139.0;178.0;103.0;8.0;0.0;1.0;1.0;1.0;1.0;2022
Ribeirão Pires;2;24.0;241.0;71.0;92.0;0.0;2.0;71.0;80.0;59.0;29.0;0.0;1.0;1.0;1.0;0.0;2022
Ribeirão Pires;2;25.0;310.0;0.0;186.0;0.0;0.0;5.0;173.0;129.0;3.0;0.0;1.0;1.0;1.0;1.0;2022
Ribeirão Pires;2;44.0;1021.0;0.0;0.0;0.0;0.0;0.0;20.0;789.0;212.0;1.0;1.0;1.0;1.0;0.0;2022
Ribeirão Pires;2;;;;;;;;;;;;;;;;2022
Ribeirão Pires;2;28.0;508.0;247.0;261.0;0.0;4.0;249.0;251.0;4.0;0.0;0.0;0.0;1.0;1.0;0.0;2022
Ribeirão Pires;2;30.0;440.0;309.0;0.0;0.0;9.0;299.0;5.0;122.0;5.0;0.0;1.0;1.0;1.0;0.0;2022
Ribeirão Pires;2;26.0;517.0;333.0;184.0;0.0;1.0;333.0;178.0;5.0;0.0;0.0;1.0;1.0;1.0;0.0;2022
Ribeirão Pires;2;32.0;532.0;0.0;316.0;0.0;0.0;8.0;288.0;222.0;14.0;0.0;1.0;1.0;1.0;0.0;2022
Ribeirão Pires;2;26.0;370.0;204.0;166.0;0.0;1.0;202.0;159.0;8.0;0.0;0.0;1.0;1.0;1.0;1.0;2022
Ribeirão Pires;2;31.0;390.0;0.0;184.0;0.0;0.0;6.0;183.0;195.0;6.0;0.0;0.0;1.0;1.0;1.0;2022
Ribeirão Pires;2;14.0;260.0;260.0;0.0;0.0;2.0;253.0;5.0;0.0;0.0;0.0;0.0;1.0;1.0;1.0;2022
Ribeirão Pires;2;14.0;2002.0;0.0;0.0;0.0;0.0;0.0;0.0;0.0;2002.0;0.0;1.0;1.0;0.0;0.0;2022
Ribeirão Preto;2;34.0;643.0;643.0;0.0;0.0;1.0;597.0;45.0;0.0;0.0;1.0;1.0;1.0;0.0;1.0;2022
Ribeirão Preto;2;33.0;519.0;0.0;0.0;0.0;0.0;0.0;3.0;466.0;50.0;0.0;1.0;1.0;1.0;0.0;2022
Ribeirão Preto;2;30.0;540.0;540.0;0.0;0.0;0.0;509.0;31.0;0.0;0.0;0.0;1.0;1.0;0.0;1.0;2022
Ribeirão Preto;2;52.0;718.0;0.0;257.0;0.0;0.0;2.0;232.0;436.0;48.0;0.0;1.0;1.0;1.0;0.0;2022
Ribeirão Preto;2;32.0;606.0;352.0;254.0;0.0;0.0;323.0;267.0;16.0;0.0;0.0;1.0;1.0;1.0;1.0;2022
Ribeirão Preto;2;44.0;681.0;0.0;310.0;0.0;0.0;0.0;291.0;361.0;29.0;0.0;1.0;1.0;1.0;1.0;2022
Ribeirão Preto;2;62.0;643.0;0.0;0.0;0.0;0.0;0.0;1.0;441.0;201.0;0.0;1.0;1.0;1.0;1.0;2022
Ribeirão Preto;2;26.0;606.0;606.0;0.0;0.0;0.0;580.0;26.0;0.0;0.0;0.0;1.0;1.0;1.0;1.0;2022
Ribeirão Preto;2;53.0;1131.0;0.0;323.0;0.0;0.0;0.0;286.0;748.0;97.0;0.0;1.0;1.0;1.0;1.0;2022
Ribeirão Preto;2;38.0;716.0;716.0;0.0;0.0;0.0;684.0;32.0;0.0;0.0;0.0;1.0;1.0;1.0;1.0;2022
Ribeirão Preto;2;94.0;1329.0;325.0;319.0;0.0;0.0;317.0;295.0;560.0;157.0;0.0;1.0;1.0;1.0;0.0;2022
Ribeirão Preto;2;40.0;551.0;235.0;316.0;0.0;0.0;222.0;296.0;33.0;0.0;0.0;1.0;1.0;1.0;1.0;2022
Ribeirão Preto;2;35.0;659.0;0.0;166.0;0.0;0.0;1.0;144.0;454.0;60.0;1.0;1.0;1.0;1.0;0.0;2022
Ribeirão Preto;2;40.0;742.0;742.0;0.0;0.0;0.0;705.0;36.0;1.0;0.0;0.0;1.0;1.0;1.0;1.0;2022
Ribeirão Preto;2;78.0;1321.0;352.0;466.0;0.0;0.0;317.0;448.0;502.0;54.0;0.0;1.0;1.0;1.0;1.0;2022
Ribeirão Preto;2;49.0;596.0;229.0;147.0;0.0;0.0;211.0;148.0;206.0;31.0;0.0;1.0;1.0;1.0;1.0;2022
Ribeirão Preto;2;66.0;1093.0;0.0;266.0;0.0;0.0;3.0;232.0;775.0;83.0;0.0;1.0;1.0;1.0;0.0;2022
Ribeirão Preto;2;50.0;818.0;461.0;357.0;0.0;0.0;443.0;342.0;32.0;1.0;0.0;1.0;1.0;1.0;1.0;2022
Ribeirão Preto;2;24.0;412.0;0.0;0.0;0.0;0.0;0.0;6.0;365.0;41.0;0.0;1.0;1.0;1.0;1.0;2022
Ribeirão Preto;2;26.0;517.0;0.0;0.0;0.0;0.0;0.0;9.0;481.0;27.0;0.0;1.0;1.0;1.0;1.0;2022
Ribeirão Preto;2;47.0;702.0;307.0;233.0;0.0;0.0;288.0;223.0;165.0;26.0;0.0;1.0;1.0;1.0;0.0;2022
Ribeirão Preto;2;48.0;857.0;0.0;561.0;0.0;0.0;3.0;531.0;309.0;14.0;0.0;1.0;1.0;1.0;1.0;2022
Ribeirão Preto;2;127.0;2299.0;0.0;0.0;0.0;0.0;0.0;13.0;818.0;1468.0;1.0;1.0;1.0;1.0;1.0;2022
Ribeirão Preto;2;140.0;2159.0;0.0;0.0;0.0;0.0;0.0;11.0;1625.0;523.0;0.0;1.0;1.0;1.0;0.0;2022
Ribeirão Preto;2;45.0;681.0;290.0;391.0;0.0;1.0;270.0;373.0;37.0;0.0;0.0;1.0;1.0;1.0;0.0;2022
Ribeirão Preto;2;37.0;475.0;0.0;475.0;0.0;0.0;1.0;420.0;53.0;1.0;0.0;1.0;1.0;1.0;1.0;2022
Ribeirão Preto;2;69.0;1697.0;0.0;0.0;0.0;0.0;0.0;4.0;1430.0;263.0;0.0;1.0;1.0;1.0;1.0;2022
Ribeirão Preto;2;33.0;632.0;632.0;0.0;0.0;0.0;605.0;27.0;0.0;0.0;0.0;1.0;1.0;1.0;0.0;2022
Ribeirão Preto;2;21.0;293.0;293.0;0.0;0.0;0.0;267.0;26.0;0.0;0.0;0.0;1.0;1.0;1.0;0.0;2022
Ribeirão Preto;2;23.0;335.0;0.0;256.0;0.0;0.0;0.0;235.0;91.0;9.0;0.0;1.0;1.0;1.0;0.0;2022
Ribeirão Preto;2;73.0;868.0;0.0;300.0;0.0;0.0;1.0;236.0;486.0;145.0;0.0;1.0;1.0;1.0;0.0;2022
Ribeirão Preto;2;42.0;682.0;0.0;420.0;0.0;0.0;2.0;396.0;259.0;25.0;0.0;1.0;1.0;1.0;1.0;2022
Ribeirão Preto;2;30.0;360.0;189.0;129.0;0.0;0.0;167.0;118.0;70.0;5.0;0.0;1.0;1.0;1.0;1.0;2022
Ribeirão Preto;2;51.0;864.0;472.0;392.0;0.0;0.0;440.0;360.0;64.0;0.0;0.0;1.0;1.0;1.0;1.0;2022
Ribeirão Preto;2;23.0;415.0;0.0;0.0;0.0;0.0;0.0;3.0;382.0;30.0;1.0;1.0;1.0;1.0;1.0;2022
Ribeirão Preto;2;69.0;1121.0;0.0;705.0;0.0;0.0;1.0;566.0;468.0;86.0;0.0;1.0;1.0;1.0;1.0;2022
Ribeirão Preto;2;54.0;642.0;0.0;295.0;0.0;0.0;1.0;270.0;348.0;23.0;0.0;1.0;1.0;1.0;1.0;2022
Ribeirão Preto;2;30.0;523.0;523.0;0.0;0.0;1.0;496.0;26.0;0.0;0.0;0.0;1.0;1.0;1.0;1.0;2022
Ribeirão Preto;2;68.0;1257.0;466.0;444.0;0.0;0.0;443.0;402.0;369.0;43.0;0.0;1.0;1.0;1.0;1.0;2022
Ribeirão Preto;2;;;;;;;;;;;;;;;;2022
Ribeirão Preto;2;;;;;;;;;;;;;;;;2022
Ribeirão Preto;2;;;;;;;;;;;;;;;;2022
Ribeirão Preto;2;8.0;37.0;0.0;0.0;13.0;22.0;2.0;0.0;0.0;0.0;1.0;0.0;1.0;1.0;1.0;2022
Ribeirão Preto;2;4.0;50.0;0.0;0.0;0.0;0.0;0.0;0.0;0.0;50.0;1.0;1.0;1.0;0.0;0.0;2022
Ribeirão Preto;2;42.0;1310.0;0.0;180.0;0.0;0.0;0.0;134.0;925.0;251.0;0.0;1.0;1.0;1.0;1.0;2022
Ribeirão Preto;2;;;;;;;;;;;;;;;;2022
Ribeirão Preto;2;28.0;402.0;0.0;294.0;0.0;0.0;0.0;270.0;125.0;7.0;0.0;1.0;1.0;1.0;1.0;2022
Ribeirão Preto;2;34.0;456.0;0.0;313.0;0.0;0.0;1.0;274.0;155.0;26.0;0.0;1.0;1.0;1.0;1.0;2022
Ribeirão Preto;2;8.0;59.0;0.0;0.0;0.0;0.0;0.0;0.0;0.0;59.0;0.0;0.0;0.0;0.0;0.0;2022
Ribeirão Preto;2;;;;;;;;;;;;;;;;2022
Ribeirão Preto;2;;;;;;;;;;;;;;;;2022
Ribeirão Preto;2;;;;;;;;;;;;;;;;2022
Ribeirão Preto;2;;;;;;;;;;;;;;;;2022
Ribeirão Preto;2;;;;;;;;;;;;;;;;2022
Ribeirão Preto;2;;;;;;;;;;;0.0;0.0;0.0;0.0;0.0;2022
Ribeirão Preto;2;11.0;98.0;0.0;0.0;0.0;0.0;0.0;0.0;0.0;98.0;0.0;0.0;1.0;0.0;0.0;2022
Ribeirão Preto;2;;;;;;;;;;;;;;;;2022
Ribeirão Preto;2;22.0;105.0;2.0;54.0;0.0;0.0;0.0;0.0;65.0;40.0;0.0;1.0;0.0;0.0;0.0;2022
Ribeirão Preto;2;11.0;43.0;3.0;25.0;0.0;0.0;0.0;4.0;27.0;12.0;0.0;1.0;1.0;0.0;0.0;2022
Ribeirão Preto;2;15.0;57.0;3.0;27.0;0.0;0.0;0.0;5.0;45.0;7.0;0.0;1.0;1.0;1.0;1.0;2022
Ribeirão Preto;2;45.0;721.0;341.0;380.0;0.0;0.0;315.0;337.0;69.0;0.0;0.0;1.0;1.0;1.0;1.0;2022
Ribeirão Preto;2;53.0;931.0;277.0;225.0;0.0;1.0;250.0;221.0;278.0;181.0;0.0;1.0;1.0;1.0;1.0;2022
Ribeirão Preto;2;33.0;592.0;0.0;394.0;0.0;0.0;2.0;347.0;231.0;12.0;0.0;1.0;1.0;1.0;1.0;2022
Ribeirão Preto;2;24.0;366.0;0.0;366.0;0.0;0.0;2.0;323.0;40.0;1.0;0.0;1.0;1.0;1.0;1.0;2022
Ribeirão Preto;2;45.0;805.0;0.0;489.0;0.0;0.0;2.0;431.0;323.0;49.0;0.0;1.0;1.0;1.0;0.0;2022
Ribeirão Preto;2;17.0;273.0;273.0;0.0;0.0;0.0;249.0;24.0;0.0;0.0;0.0;1.0;1.0;1.0;1.0;2022
Ribeirão Preto;2;34.0;554.0;554.0;0.0;0.0;0.0;529.0;24.0;1.0;0.0;0.0;1.0;1.0;1.0;1.0;2022
Ribeirão Preto;2;47.0;787.0;0.0;373.0;0.0;0.0;0.0;342.0;422.0;23.0;1.0;0.0;1.0;1.0;0.0;2022
Ribeirão Preto;2;32.0;514.0;0.0;514.0;0.0;0.0;2.0;448.0;64.0;0.0;0.0;1.0;1.0;1.0;1.0;2022
Ribeirão Preto;2;39.0;682.0;152.0;196.0;0.0;0.0;144.0;191.0;301.0;46.0;0.0;1.0;1.0;1.0;0.0;2022
Ribeirão Preto;2;28.0;519.0;519.0;0.0;0.0;0.0;495.0;24.0;0.0;0.0;0.0;1.0;1.0;1.0;1.0;2022
Ribeirão Preto;2;36.0;680.0;384.0;296.0;0.0;0.0;351.0;281.0;48.0;0.0;0.0;1.0;1.0;1.0;1.0;2022
Ribeirão Preto;2;21.0;378.0;378.0;0.0;0.0;0.0;361.0;17.0;0.0;0.0;0.0;0.0;1.0;1.0;1.0;2022
Ribeirão Preto;2;16.0;296.0;157.0;139.0;0.0;0.0;145.0;144.0;7.0;0.0;0.0;1.0;1.0;1.0;1.0;2022
Ribeirão Preto;2;15.0;265.0;0.0;265.0;0.0;0.0;0.0;243.0;22.0;0.0;0.0;1.0;1.0;1.0;0.0;2022
Ribeirão Preto;2;45.0;469.0;201.0;100.0;0.0;0.0;188.0;110.0;147.0;24.0;0.0;1.0;1.0;1.0;0.0;2022
Ribeirão Preto;2;27.0;437.0;437.0;0.0;0.0;0.0;402.0;35.0;0.0;0.0;0.0;1.0;1.0;1.0;1.0;2022
Ribeirão Preto;2;48.0;832.0;832.0;0.0;0.0;0.0;780.0;52.0;0.0;0.0;0.0;0.0;1.0;1.0;1.0;2022
Ribeirão Preto;2;61.0;976.0;0.0;301.0;0.0;0.0;3.0;243.0;508.0;222.0;0.0;1.0;1.0;1.0;0.0;2022
Ribeirão Preto;2;30.0;524.0;276.0;248.0;0.0;0.0;265.0;236.0;23.0;0.0;0.0;1.0;1.0;1.0;1.0;2022
Ribeirão Preto;2;44.0;759.0;759.0;0.0;0.0;0.0;723.0;36.0;0.0;0.0;0.0;1.0;1.0;1.0;1.0;2022
Ribeirão Preto;2;35.0;883.0;883.0;0.0;0.0;0.0;843.0;40.0;0.0;0.0;0.0;1.0;1.0;1.0;1.0;2022
Ribeirão Preto;2;20.0;377.0;377.0;0.0;0.0;0.0;352.0;25.0;0.0;0.0;0.0;0.0;1.0;1.0;0.0;2022
Ribeirão Preto;2;22.0;426.0;426.0;0.0;0.0;0.0;386.0;40.0;0.0;0.0;0.0;0.0;1.0;1.0;1.0;2022
Ribeirão Preto;2;21.0;333.0;333.0;0.0;0.0;0.0;315.0;18.0;0.0;0.0;0.0;0.0;1.0;1.0;1.0;2022
Ribeirão Preto;2;33.0;613.0;0.0;613.0;0.0;0.0;1.0;487.0;125.0;0.0;0.0;1.0;1.0;1.0;0.0;2022
Ribeirão Preto;2;34.0;435.0;0.0;206.0;0.0;0.0;0.0;187.0;226.0;22.0;0.0;1.0;1.0;1.0;1.0;2022
Ribeirão Preto;2;24.0;398.0;398.0;0.0;0.0;0.0;376.0;22.0;0.0;0.0;0.0;1.0;1.0;1.0;1.0;2022
Ribeirão Preto;2;11.0;1705.0;0.0;0.0;0.0;0.0;0.0;0.0;2.0;1703.0;0.0;0.0;1.0;1.0;0.0;2022
Ribeirão Preto;2;;;;;;;;;;;;;;;;2022
Ribeirão Preto;2;;;;;;;;;;;;;;;;2022
Ribeirão Preto;2;;;;;;;;;;;;;;;;2022
Ribeirão Preto;2;;;;;;;;;;;;;;;;2022
Riversul;2;39.0;564.0;0.0;304.0;0.0;0.0;5.0;285.0;260.0;14.0;0.0;1.0;1.0;1.0;0.0;2022
Riversul;2;23.0;103.0;35.0;30.0;0.0;0.0;37.0;27.0;36.0;3.0;0.0;1.0;1.0;1.0;1.0;2022
Rifaina;2;26.0;393.0;0.0;214.0;0.0;0.0;0.0;176.0;196.0;21.0;0.0;1.0;1.0;0.0;0.0;2022
Rincão;2;37.0;667.0;0.0;377.0;0.0;0.0;6.0;354.0;269.0;38.0;0.0;1.0;1.0;1.0;1.0;2022
Rinópolis;2;30.0;316.0;0.0;81.0;0.0;0.0;5.0;74.0;204.0;33.0;0.0;1.0;1.0;1.0;0.0;2022
Rinópolis;2;25.0;314.0;0.0;314.0;0.0;0.0;6.0;297.0;11.0;0.0;0.0;1.0;1.0;1.0;1.0;2022
Rinópolis;2;20.0;348.0;348.0;0.0;0.0;0.0;343.0;5.0;0.0;0.0;0.0;1.0;1.0;1.0;1.0;2022
Rinópolis;2;7.0;89.0;89.0;0.0;0.0;0.0;88.0;1.0;0.0;0.0;0.0;1.0;1.0;1.0;0.0;2022
Rio Claro;2;5.0;23.0;0.0;0.0;23.0;0.0;0.0;0.0;0.0;0.0;0.0;0.0;1.0;0.0;1.0;2022
Rio Claro;2;18.0;292.0;0.0;292.0;0.0;0.0;1.0;275.0;16.0;0.0;0.0;1.0;1.0;1.0;1.0;2022
Rio Claro;2;;;;;;;;;;;;;;;;2022
Rio Claro;2;21.0;463.0;0.0;463.0;0.0;0.0;1.0;430.0;32.0;0.0;0.0;1.0;1.0;1.0;1.0;2022
Rio Claro;2;;;;;;;;;;;;;;;;2022
Rio Claro;2;21.0;322.0;0.0;0.0;0.0;0.0;0.0;3.0;150.0;169.0;1.0;1.0;1.0;1.0;0.0;2022
Rio Claro;2;38.0;567.0;148.0;196.0;0.0;0.0;142.0;188.0;216.0;21.0;0.0;1.0;1.0;1.0;0.0;2022
Rio Claro;2;;;;;;;;;;;;;;;;2022
Rio Claro;2;19.0;344.0;0.0;0.0;0.0;0.0;0.0;0.0;310.0;34.0;0.0;1.0;1.0;0.0;1.0;2022
Rio Claro;2;42.0;725.0;0.0;480.0;0.0;0.0;1.0;448.0;243.0;33.0;0.0;1.0;1.0;1.0;1.0;2022
Rio Claro;2;53.0;997.0;0.0;501.0;0.0;0.0;0.0;455.0;438.0;104.0;0.0;1.0;1.0;1.0;1.0;2022
Rio Claro;2;58.0;1114.0;0.0;602.0;0.0;0.0;0.0;531.0;527.0;56.0;0.0;1.0;1.0;1.0;0.0;2022
Rio Claro;2;18.0;314.0;0.0;0.0;0.0;0.0;0.0;1.0;277.0;36.0;0.0;1.0;1.0;0.0;1.0;2022
Rio Claro;2;38.0;618.0;0.0;618.0;0.0;0.0;1.0;561.0;55.0;1.0;0.0;1.0;1.0;1.0;0.0;2022
Rio Claro;2;60.0;1064.0;0.0;0.0;0.0;0.0;0.0;3.0;641.0;420.0;1.0;1.0;1.0;1.0;0.0;2022
Rio Claro;2;;;;;;;;;;;;;;;;2022
Rio Claro;2;36.0;674.0;0.0;355.0;0.0;0.0;2.0;328.0;311.0;33.0;0.0;1.0;1.0;1.0;0.0;2022
Rio Claro;2;60.0;1302.0;0.0;646.0;0.0;0.0;1.0;601.0;623.0;77.0;0.0;1.0;1.0;1.0;0.0;2022
Rio Claro;2;;;;;;;;;;;;;;;;2022
Rio Claro;2;41.0;814.0;0.0;451.0;0.0;0.0;0.0;413.0;348.0;53.0;0.0;1.0;1.0;1.0;0.0;2022
Rio Claro;2;6.0;34.0;0.0;0.0;0.0;0.0;0.0;0.0;0.0;34.0;0.0;0.0;0.0;0.0;0.0;2022
Rio Claro;2;;;;;;;;;;;;;;;;2022
Rio Claro;2;;;;;;;;;;;;;;;;2022
Rio Claro;2;;;;;;;;;;;;;;;;2022
Rio Claro;2;72.0;1094.0;0.0;602.0;0.0;0.0;1.0;523.0;437.0;133.0;0.0;1.0;1.0;1.0;1.0;2022
Rio Claro;2;7.0;58.0;0.0;0.0;0.0;0.0;0.0;0.0;0.0;58.0;0.0;0.0;0.0;0.0;0.0;2022
Rio Claro;2;;;;;;;;;;;;;;;;2022
Rio Claro;2;;;;;;;;;;;;;;;;2022
Rio Claro;2;17.0;320.0;0.0;320.0;0.0;0.0;2.0;290.0;28.0;0.0;0.0;1.0;1.0;1.0;1.0;2022
Rio Claro;2;51.0;1269.0;0.0;591.0;0.0;0.0;2.0;516.0;648.0;103.0;0.0;1.0;1.0;1.0;0.0;2022
Rio Claro;2;62.0;591.0;0.0;228.0;0.0;0.0;0.0;209.0;322.0;60.0;0.0;1.0;1.0;1.0;0.0;2022
Rio Claro;2;16.0;169.0;0.0;123.0;0.0;0.0;0.0;115.0;46.0;8.0;0.0;1.0;1.0;0.0;1.0;2022
Rio Claro;2;59.0;1376.0;0.0;604.0;0.0;0.0;0.0;546.0;595.0;235.0;0.0;1.0;1.0;1.0;1.0;2022
Rio Claro;2;32.0;468.0;0.0;335.0;0.0;0.0;0.0;307.0;140.0;21.0;0.0;1.0;1.0;1.0;1.0;2022
Rio das Pedras;2;46.0;918.0;0.0;0.0;0.0;0.0;0.0;3.0;755.0;160.0;0.0;1.0;1.0;1.0;1.0;2022
Rio das Pedras;2;29.0;313.0;0.0;0.0;0.0;0.0;0.0;3.0;207.0;103.0;1.0;0.0;1.0;1.0;1.0;2022
Rio das Pedras;2;;;;;;;;;;;0.0;1.0;1.0;1.0;1.0;2022
Rio das Pedras;2;29.0;540.0;0.0;372.0;0.0;0.0;5.0;322.0;203.0;10.0;0.0;1.0;1.0;1.0;0.0;2022
Rio das Pedras;2;;;;;;;;;;;;;;;;2022
Rio Grande da Serra;2;39.0;588.0;277.0;190.0;0.0;5.0;274.0;184.0;123.0;2.0;0.0;1.0;1.0;1.0;0.0;2022
Rio Grande da Serra;2;21.0;322.0;171.0;151.0;0.0;1.0;170.0;148.0;3.0;0.0;0.0;1.0;1.0;1.0;0.0;2022
Rio Grande da Serra;2;46.0;659.0;253.0;248.0;0.0;2.0;252.0;237.0;164.0;4.0;0.0;1.0;1.0;1.0;0.0;2022
Rio Grande da Serra;2;27.0;473.0;191.0;158.0;0.0;2.0;190.0;144.0;135.0;2.0;0.0;1.0;1.0;1.0;0.0;2022
Rio Grande da Serra;2;40.0;642.0;258.0;194.0;0.0;3.0;258.0;188.0;187.0;6.0;0.0;1.0;1.0;1.0;1.0;2022
Rio Grande da Serra;2;60.0;1134.0;394.0;352.0;0.0;7.0;396.0;336.0;258.0;137.0;0.0;1.0;1.0;1.0;0.0;2022
Rio Grande da Serra;2;29.0;384.0;143.0;156.0;0.0;1.0;144.0;150.0;89.0;0.0;0.0;1.0;1.0;1.0;0.0;2022
Rio Grande da Serra;2;35.0;663.0;0.0;0.0;0.0;0.0;0.0;8.0;496.0;159.0;1.0;1.0;1.0;1.0;0.0;2022
Rio Grande da Serra;2;61.0;1054.0;349.0;333.0;0.0;5.0;344.0;341.0;329.0;35.0;0.0;0.0;1.0;1.0;1.0;2022
Rio Grande da Serra;2;;;;;;;;;;;;;;;;2022
Rio Grande da Serra;2;35.0;402.0;154.0;159.0;0.0;4.0;148.0;148.0;97.0;5.0;0.0;0.0;1.0;1.0;1.0;2022
Rio Grande da Serra;2;25.0;344.0;165.0;164.0;0.0;2.0;166.0;156.0;20.0;0.0;0.0;0.0;1.0;1.0;0.0;2022
Riolândia;2;23.0;318.0;0.0;0.0;0.0;0.0;0.0;7.0;255.0;56.0;0.0;1.0;1.0;1.0;1.0;2022
Riolândia;2;;;;;;;;;;;;;;;;2022
Riolândia;2;;;;;;;;;;;;;;;;2022
Riolândia;2;15.0;122.0;0.0;0.0;0.0;0.0;0.0;0.0;0.0;122.0;0.0;0.0;0.0;0.0;0.0;2022
Riolândia;2;9.0;36.0;0.0;0.0;0.0;0.0;0.0;0.0;0.0;36.0;0.0;0.0;0.0;0.0;0.0;2022
Rosana;2;34.0;325.0;0.0;141.0;0.0;0.0;0.0;135.0;161.0;29.0;0.0;1.0;1.0;1.0;1.0;2022
Rosana;2;10.0;87.0;87.0;0.0;0.0;0.0;83.0;4.0;0.0;0.0;0.0;1.0;1.0;1.0;0.0;2022
Rosana;2;46.0;654.0;108.0;367.0;0.0;0.0;104.0;348.0;138.0;64.0;0.0;1.0;1.0;1.0;0.0;2022
Rosana;2;16.0;190.0;0.0;0.0;0.0;0.0;0.0;4.0;184.0;2.0;0.0;1.0;1.0;1.0;1.0;2022
Rosana;2;;;;;;;;;;;;;;;;2022
Rosana;2;;;;;;;;;;;;;;;;2022
Rosana;2;;;;;;;;;;;;;;;;2022
Rosana;2;24.0;168.0;41.0;80.0;0.0;0.0;39.0;74.0;55.0;0.0;0.0;1.0;1.0;1.0;1.0;2022
Rosana;2;16.0;132.0;0.0;98.0;0.0;0.0;0.0;92.0;38.0;2.0;0.0;1.0;1.0;1.0;0.0;2022
Rosana;2;33.0;118.0;36.0;49.0;0.0;0.0;35.0;50.0;20.0;13.0;0.0;1.0;1.0;1.0;1.0;2022
Roseira;2;;;;;;;;;;;;;;;;2022
Roseira;2;38.0;405.0;0.0;0.0;0.0;0.0;0.0;12.0;280.0;113.0;0.0;1.0;1.0;1.0;1.0;2022
Roseira;2;;;;;;;;;;;;;;;;2022
Rubiácea;2;31.0;261.0;0.0;146.0;0.0;0.0;0.0;141.0;114.0;6.0;0.0;1.0;1.0;1.0;0.0;2022
Rubinéia;2;32.0;285.0;0.0;185.0;0.0;0.0;2.0;177.0;97.0;9.0;0.0;1.0;1.0;1.0;0.0;2022
Sabino;2;31.0;544.0;0.0;303.0;0.0;0.0;4.0;281.0;168.0;91.0;0.0;1.0;1.0;1.0;0.0;2022
Sagres;2;32.0;194.0;0.0;117.0;0.0;0.0;9.0;101.0;65.0;19.0;0.0;1.0;1.0;1.0;0.0;2022
Sales;2;37.0;562.0;0.0;314.0;0.0;0.0;4.0;289.0;242.0;27.0;0.0;1.0;1.0;1.0;1.0;2022
Sales Oliveira;2;41.0;716.0;0.0;411.0;0.0;0.0;7.0;378.0;307.0;24.0;0.0;1.0;1.0;1.0;1.0;2022
Salesópolis;2;60.0;974.0;0.0;456.0;0.0;0.0;9.0;421.0;461.0;83.0;0.0;1.0;1.0;1.0;1.0;2022
Salesópolis;2;35.0;485.0;0.0;292.0;0.0;0.0;5.0;273.0;202.0;5.0;0.0;1.0;1.0;1.0;1.0;2022
Salesópolis;2;15.0;281.0;0.0;281.0;0.0;0.0;3.0;258.0;20.0;0.0;0.0;0.0;1.0;1.0;1.0;2022
Salmourão;2;29.0;343.0;0.0;216.0;0.0;0.0;0.0;209.0;112.0;22.0;0.0;1.0;1.0;1.0;0.0;2022
Saltinho;2;36.0;613.0;0.0;403.0;0.0;0.0;2.0;368.0;234.0;9.0;0.0;0.0;1.0;1.0;0.0;2022
Salto;2;17.0;327.0;0.0;327.0;0.0;0.0;0.0;309.0;18.0;0.0;0.0;1.0;1.0;1.0;1.0;2022
Salto;2;72.0;1805.0;0.0;660.0;0.0;0.0;1.0;598.0;881.0;325.0;0.0;1.0;1.0;1.0;1.0;2022
Salto;2;21.0;426.0;426.0;0.0;0.0;0.0;416.0;10.0;0.0;0.0;0.0;1.0;1.0;1.0;1.0;2022
Salto;2;47.0;830.0;0.0;326.0;0.0;0.0;0.0;306.0;493.0;31.0;0.0;1.0;1.0;1.0;0.0;2022
Salto;2;46.0;728.0;0.0;409.0;0.0;0.0;0.0;377.0;315.0;36.0;0.0;1.0;1.0;1.0;0.0;2022
Salto;2;18.0;359.0;359.0;0.0;0.0;0.0;350.0;9.0;0.0;0.0;1.0;1.0;1.0;1.0;1.0;2022
Salto;2;28.0;425.0;0.0;292.0;0.0;0.0;2.0;274.0;133.0;16.0;0.0;1.0;1.0;1.0;0.0;2022
Salto;2;62.0;943.0;0.0;590.0;0.0;0.0;0.0;540.0;364.0;39.0;0.0;0.0;1.0;1.0;0.0;2022
Salto;2;57.0;899.0;0.0;483.0;0.0;0.0;2.0;440.0;433.0;24.0;0.0;1.0;1.0;1.0;0.0;2022
Salto;2;;;;;;;;;;;;;;;;2022
Salto;2;27.0;590.0;590.0;0.0;0.0;0.0;563.0;27.0;0.0;0.0;0.0;1.0;1.0;1.0;0.0;2022
Salto;2;22.0;416.0;416.0;0.0;0.0;0.0;398.0;18.0;0.0;0.0;0.0;1.0;1.0;1.0;0.0;2022
Salto;2;49.0;834.0;0.0;390.0;0.0;0.0;3.0;365.0;321.0;145.0;0.0;0.0;1.0;1.0;0.0;2022
Salto;2;17.0;338.0;338.0;0.0;0.0;0.0;323.0;15.0;0.0;0.0;0.0;1.0;1.0;1.0;1.0;2022
Salto;2;44.0;675.0;0.0;375.0;0.0;0.0;0.0;357.0;293.0;25.0;0.0;1.0;1.0;1.0;0.0;2022
Salto;2;;;;;;;;;;;;;;;;2022
Salto;2;84.0;1578.0;0.0;863.0;0.0;0.0;1.0;812.0;709.0;56.0;0.0;1.0;1.0;1.0;0.0;2022
Salto;2;83.0;1397.0;574.0;540.0;0.0;0.0;560.0;517.0;303.0;17.0;0.0;1.0;1.0;1.0;1.0;2022
Salto de Pirapora;2;54.0;989.0;0.0;299.0;0.0;0.0;0.0;280.0;570.0;139.0;0.0;1.0;1.0;1.0;1.0;2022
Salto de Pirapora;2;29.0;405.0;0.0;405.0;0.0;0.0;2.0;378.0;25.0;0.0;0.0;1.0;1.0;1.0;1.0;2022
Salto de Pirapora;2;;;;;;;;;;;0.0;0.0;1.0;0.0;0.0;2022
Salto de Pirapora;2;28.0;386.0;0.0;285.0;0.0;0.0;0.0;265.0;114.0;7.0;0.0;0.0;1.0;1.0;1.0;2022
Salto de Pirapora;2;14.0;278.0;0.0;278.0;0.0;0.0;2.0;263.0;13.0;0.0;0.0;1.0;1.0;1.0;0.0;2022
Salto de Pirapora;2;52.0;1141.0;0.0;469.0;0.0;0.0;0.0;431.0;689.0;21.0;0.0;1.0;1.0;1.0;1.0;2022
Salto de Pirapora;2;9.0;93.0;93.0;0.0;0.0;0.0;87.0;6.0;0.0;0.0;0.0;0.0;1.0;1.0;0.0;2022
Salto de Pirapora;2;9.0;125.0;125.0;0.0;0.0;0.0;123.0;2.0;0.0;0.0;0.0;1.0;1.0;1.0;1.0;2022
Salto de Pirapora;2;20.0;297.0;0.0;0.0;0.0;0.0;0.0;1.0;283.0;13.0;0.0;1.0;1.0;1.0;1.0;2022
Salto Grande;2;47.0;727.0;0.0;428.0;0.0;0.0;4.0;404.0;199.0;120.0;0.0;1.0;1.0;1.0;0.0;2022
Sandovalina;2;33.0;221.0;0.0;0.0;0.0;0.0;0.0;1.0;120.0;100.0;0.0;1.0;1.0;1.0;1.0;2022
Santa Adélia;2;40.0;571.0;0.0;192.0;0.0;0.0;3.0;181.0;299.0;88.0;0.0;1.0;1.0;1.0;1.0;2022
Santa Albertina;2;28.0;440.0;0.0;273.0;0.0;0.0;2.0;258.0;172.0;8.0;0.0;1.0;1.0;1.0;1.0;2022
Santa Bárbara d'Oeste;2;29.0;322.0;0.0;216.0;0.0;0.0;5.0;211.0;98.0;8.0;0.0;1.0;1.0;1.0;0.0;2022
Santa Bárbara d'Oeste;2;14.0;273.0;273.0;0.0;0.0;4.0;267.0;2.0;0.0;0.0;0.0;1.0;1.0;1.0;0.0;2022
Santa Bárbara d'Oeste;2;32.0;458.0;0.0;416.0;0.0;0.0;9.0;402.0;15.0;32.0;0.0;1.0;1.0;1.0;0.0;2022
Santa Bárbara d'Oeste;2;22.0;379.0;0.0;324.0;0.0;0.0;3.0;313.0;58.0;5.0;0.0;1.0;1.0;1.0;1.0;2022
Santa Bárbara d'Oeste;2;75.0;1044.0;0.0;100.0;0.0;0.0;3.0;98.0;815.0;128.0;0.0;1.0;1.0;1.0;1.0;2022
Santa Bárbara d'Oeste;2;34.0;280.0;0.0;176.0;0.0;0.0;0.0;170.0;106.0;4.0;0.0;1.0;1.0;1.0;0.0;2022
Santa Bárbara d'Oeste;2;12.0;151.0;151.0;0.0;0.0;3.0;145.0;3.0;0.0;0.0;0.0;0.0;1.0;1.0;0.0;2022
Santa Bárbara d'Oeste;2;19.0;320.0;0.0;320.0;0.0;0.0;9.0;307.0;4.0;0.0;0.0;1.0;1.0;1.0;1.0;2022
Santa Bárbara d'Oeste;2;25.0;514.0;0.0;0.0;0.0;0.0;0.0;19.0;489.0;6.0;0.0;1.0;1.0;1.0;1.0;2022
Santa Bárbara d'Oeste;2;18.0;381.0;0.0;381.0;0.0;0.0;6.0;372.0;3.0;0.0;0.0;1.0;1.0;1.0;1.0;2022
Santa Bárbara d'Oeste;2;31.0;545.0;0.0;412.0;0.0;0.0;8.0;399.0;136.0;2.0;0.0;1.0;1.0;1.0;1.0;2022
Santa Bárbara d'Oeste;2;92.0;1393.0;0.0;413.0;0.0;0.0;8.0;406.0;940.0;39.0;0.0;1.0;1.0;1.0;0.0;2022
Santa Bárbara d'Oeste;2;22.0;306.0;0.0;232.0;0.0;0.0;5.0;215.0;82.0;4.0;0.0;1.0;1.0;1.0;0.0;2022
Santa Bárbara d'Oeste;2;43.0;560.0;0.0;145.0;0.0;0.0;0.0;141.0;400.0;19.0;0.0;1.0;1.0;1.0;0.0;2022
Santa Bárbara d'Oeste;2;41.0;477.0;0.0;131.0;0.0;0.0;3.0;131.0;240.0;103.0;0.0;1.0;1.0;1.0;0.0;2022
Santa Bárbara d'Oeste;2;19.0;379.0;0.0;296.0;0.0;0.0;5.0;282.0;87.0;5.0;0.0;1.0;1.0;1.0;0.0;2022
Santa Bárbara d'Oeste;2;14.0;242.0;0.0;242.0;0.0;0.0;3.0;236.0;3.0;0.0;0.0;1.0;1.0;0.0;1.0;2022
Santa Bárbara d'Oeste;2;19.0;229.0;0.0;229.0;0.0;0.0;5.0;212.0;12.0;0.0;0.0;1.0;1.0;1.0;0.0;2022
Santa Bárbara d'Oeste;2;68.0;687.0;0.0;297.0;0.0;0.0;3.0;278.0;386.0;20.0;0.0;1.0;1.0;1.0;1.0;2022
Santa Bárbara d'Oeste;2;22.0;445.0;445.0;0.0;0.0;7.0;435.0;3.0;0.0;0.0;0.0;1.0;1.0;1.0;0.0;2022
Santa Bárbara d'Oeste;2;39.0;500.0;0.0;298.0;0.0;0.0;5.0;265.0;220.0;10.0;0.0;0.0;1.0;1.0;0.0;2022
Santa Bárbara d'Oeste;2;37.0;436.0;0.0;129.0;0.0;0.0;1.0;121.0;296.0;18.0;0.0;1.0;1.0;1.0;0.0;2022
Santa Bárbara d'Oeste;2;47.0;522.0;243.0;279.0;0.0;2.0;242.0;268.0;10.0;0.0;0.0;1.0;1.0;1.0;0.0;2022
Santa Bárbara d'Oeste;2;14.0;136.0;0.0;136.0;0.0;0.0;5.0;125.0;6.0;0.0;0.0;1.0;1.0;1.0;0.0;2022
Santa Bárbara d'Oeste;2;70.0;838.0;0.0;366.0;0.0;0.0;7.0;342.0;457.0;32.0;0.0;1.0;1.0;1.0;0.0;2022
Santa Bárbara d'Oeste;2;15.0;255.0;0.0;255.0;0.0;0.0;9.0;236.0;10.0;0.0;0.0;1.0;1.0;1.0;1.0;2022
Santa Bárbara d'Oeste;2;30.0;455.0;0.0;327.0;0.0;0.0;8.0;316.0;124.0;7.0;0.0;1.0;1.0;1.0;1.0;2022
Santa Bárbara d'Oeste;2;16.0;164.0;0.0;128.0;0.0;0.0;0.0;127.0;36.0;1.0;0.0;1.0;1.0;1.0;0.0;2022
Santa Bárbara d'Oeste;2;15.0;283.0;283.0;0.0;0.0;5.0;277.0;1.0;0.0;0.0;0.0;0.0;1.0;1.0;1.0;2022
Santa Bárbara d'Oeste;2;12.0;196.0;196.0;0.0;0.0;2.0;192.0;2.0;0.0;0.0;0.0;1.0;1.0;1.0;1.0;2022
Santa Bárbara d'Oeste;2;;;;;;;;;;;;;;;;2022
Santa Bárbara d'Oeste;2;30.0;473.0;0.0;363.0;0.0;0.0;3.0;337.0;128.0;5.0;0.0;0.0;1.0;1.0;1.0;2022
Santa Bárbara d'Oeste;2;15.0;266.0;0.0;266.0;0.0;0.0;3.0;259.0;4.0;0.0;0.0;1.0;1.0;1.0;1.0;2022
Santa Bárbara d'Oeste;2;18.0;293.0;0.0;197.0;0.0;0.0;4.0;192.0;95.0;2.0;0.0;1.0;1.0;1.0;0.0;2022
Santa Bárbara d'Oeste;2;42.0;361.0;0.0;150.0;0.0;0.0;2.0;144.0;210.0;5.0;0.0;1.0;1.0;1.0;1.0;2022
Santa Bárbara d'Oeste;2;66.0;1193.0;0.0;0.0;0.0;0.0;0.0;18.0;692.0;483.0;1.0;1.0;1.0;1.0;1.0;2022
Santa Branca;2;36.0;607.0;0.0;0.0;0.0;0.0;0.0;1.0;464.0;142.0;0.0;0.0;1.0;1.0;0.0;2022
Santa Clara d'Oeste;2;16.0;175.0;0.0;130.0;0.0;0.0;7.0;121.0;44.0;3.0;0.0;1.0;1.0;1.0;0.0;2022
Santa Cruz da Conceição;2;30.0;311.0;0.0;193.0;0.0;0.0;1.0;162.0;125.0;23.0;0.0;1.0;1.0;1.0;0.0;2022
Santa Cruz da Esperança;2;17.0;94.0;0.0;0.0;0.0;0.0;0.0;6.0;75.0;13.0;0.0;1.0;1.0;1.0;1.0;2022
Santa Cruz das Palmeiras;2;25.0;446.0;0.0;446.0;0.0;0.0;1.0;430.0;15.0;0.0;0.0;0.0;1.0;1.0;0.0;2022
Santa Cruz das Palmeiras;2;22.0;439.0;0.0;75.0;0.0;0.0;0.0;59.0;351.0;29.0;0.0;1.0;1.0;1.0;0.0;2022
Santa Cruz das Palmeiras;2;30.0;339.0;0.0;0.0;0.0;0.0;0.0;1.0;220.0;118.0;0.0;1.0;1.0;1.0;0.0;2022
Santa Cruz das Palmeiras;2;45.0;730.0;0.0;400.0;0.0;0.0;1.0;371.0;285.0;73.0;0.0;1.0;1.0;1.0;0.0;2022
Santa Cruz das Palmeiras;2;44.0;714.0;0.0;419.0;0.0;0.0;0.0;391.0;298.0;25.0;0.0;1.0;1.0;1.0;0.0;2022
Santa Cruz do Rio Pardo;2;58.0;729.0;0.0;0.0;0.0;0.0;0.0;12.0;551.0;166.0;0.0;1.0;1.0;1.0;1.0;2022
Santa Cruz do Rio Pardo;2;36.0;760.0;243.0;517.0;0.0;0.0;252.0;495.0;13.0;0.0;0.0;1.0;1.0;1.0;1.0;2022
Santa Cruz do Rio Pardo;2;22.0;359.0;0.0;215.0;0.0;0.0;2.0;209.0;147.0;1.0;0.0;0.0;1.0;1.0;1.0;2022
Santa Cruz do Rio Pardo;2;53.0;697.0;0.0;0.0;0.0;0.0;0.0;9.0;408.0;280.0;1.0;1.0;1.0;1.0;1.0;2022
Santa Cruz do Rio Pardo;2;15.0;85.0;0.0;48.0;0.0;0.0;3.0;40.0;38.0;4.0;0.0;1.0;1.0;1.0;0.0;2022
Santa Cruz do Rio Pardo;2;;;;;;;;;;;0.0;1.0;1.0;1.0;1.0;2022
Santa Cruz do Rio Pardo;2;46.0;418.0;0.0;267.0;0.0;0.0;3.0;258.0;147.0;10.0;0.0;1.0;1.0;1.0;0.0;2022
Santa Cruz do Rio Pardo;2;60.0;716.0;0.0;352.0;0.0;0.0;5.0;343.0;340.0;28.0;0.0;1.0;1.0;1.0;1.0;2022
Santa Cruz do Rio Pardo;2;19.0;334.0;334.0;0.0;0.0;0.0;331.0;3.0;0.0;0.0;0.0;1.0;1.0;1.0;0.0;2022
Santa Ernestina;2;47.0;561.0;0.0;294.0;0.0;0.0;6.0;285.0;232.0;38.0;0.0;1.0;1.0;1.0;0.0;2022
Santa Fé do Sul;2;65.0;1029.0;0.0;0.0;0.0;0.0;0.0;19.0;883.0;127.0;0.0;1.0;1.0;1.0;1.0;2022
Santa Fé do Sul;2;24.0;303.0;0.0;0.0;0.0;0.0;0.0;5.0;223.0;75.0;1.0;1.0;1.0;1.0;1.0;2022
Santa Fé do Sul;2;;;;;;;;;;;0.0;1.0;1.0;0.0;0.0;2022
Santa Gertrudes;2;15.0;225.0;0.0;0.0;0.0;0.0;0.0;6.0;208.0;11.0;0.0;1.0;1.0;1.0;1.0;2022
Santa Gertrudes;2;32.0;673.0;0.0;0.0;0.0;0.0;0.0;9.0;594.0;70.0;0.0;1.0;1.0;1.0;0.0;2022
Santa Isabel;2;8.0;781.0;0.0;0.0;0.0;0.0;0.0;0.0;0.0;781.0;0.0;0.0;1.0;0.0;0.0;2022
Santa Isabel;2;35.0;594.0;0.0;534.0;0.0;0.0;9.0;496.0;51.0;38.0;0.0;1.0;1.0;1.0;0.0;2022
Santa Isabel;2;31.0;570.0;0.0;432.0;0.0;0.0;7.0;402.0;150.0;11.0;0.0;1.0;1.0;1.0;1.0;2022
Santa Isabel;2;67.0;1297.0;0.0;311.0;0.0;0.0;5.0;289.0;891.0;112.0;0.0;1.0;1.0;1.0;1.0;2022
Santa Isabel;2;53.0;790.0;0.0;281.0;0.0;0.0;8.0;254.0;504.0;24.0;0.0;1.0;1.0;1.0;0.0;2022
Santa Isabel;2;23.0;413.0;0.0;247.0;0.0;0.0;3.0;220.0;171.0;19.0;0.0;1.0;1.0;1.0;0.0;2022
Santa Isabel;2;24.0;316.0;0.0;190.0;0.0;0.0;7.0;164.0;138.0;7.0;0.0;1.0;1.0;1.0;0.0;2022
Santa Isabel;2;32.0;382.0;0.0;0.0;0.0;0.0;0.0;2.0;248.0;132.0;1.0;1.0;1.0;1.0;0.0;2022
Santa Isabel;2;28.0;361.0;0.0;266.0;0.0;0.0;4.0;238.0;113.0;6.0;0.0;1.0;1.0;1.0;0.0;2022
Santa Isabel;2;20.0;284.0;0.0;204.0;0.0;0.0;3.0;183.0;96.0;2.0;0.0;1.0;1.0;1.0;0.0;2022
Santa Isabel;2;35.0;538.0;0.0;284.0;0.0;0.0;5.0;265.0;258.0;10.0;0.0;1.0;1.0;1.0;0.0;2022
Santa Lúcia;2;41.0;515.0;0.0;275.0;0.0;0.0;8.0;258.0;202.0;47.0;0.0;1.0;1.0;1.0;1.0;2022
Santa Maria da Serra;2;18.0;277.0;0.0;178.0;0.0;0.0;4.0;171.0;102.0;0.0;0.0;1.0;1.0;1.0;1.0;2022
Santa Maria da Serra;2;23.0;335.0;0.0;153.0;0.0;0.0;3.0;130.0;172.0;30.0;1.0;1.0;1.0;1.0;1.0;2022
Santa Mercedes;2;33.0;255.0;0.0;134.0;0.0;0.0;2.0;123.0;99.0;31.0;0.0;1.0;1.0;1.0;0.0;2022
Santana da Ponte Pensa;2;34.0;177.0;64.0;70.0;0.0;0.0;66.0;63.0;47.0;1.0;0.0;1.0;1.0;1.0;1.0;2022
Santana de Parnaíba;2;37.0;470.0;0.0;0.0;0.0;0.0;0.0;8.0;378.0;84.0;1.0;0.0;1.0;1.0;0.0;2022
Santana de Parnaíba;2;50.0;792.0;0.0;0.0;0.0;0.0;0.0;11.0;613.0;168.0;1.0;1.0;1.0;1.0;1.0;2022
Santa Rita d'Oeste;2;15.0;160.0;0.0;104.0;0.0;0.0;0.0;94.0;64.0;2.0;0.0;1.0;1.0;1.0;1.0;2022
Santa Rita do Passa Quatro;2;35.0;496.0;0.0;342.0;0.0;0.0;8.0;308.0;164.0;16.0;0.0;0.0;1.0;1.0;0.0;2022
Santa Rita do Passa Quatro;2;16.0;163.0;0.0;0.0;0.0;0.0;0.0;1.0;96.0;66.0;1.0;1.0;1.0;1.0;1.0;2022
Santa Rita do Passa Quatro;2;34.0;568.0;0.0;231.0;0.0;0.0;2.0;209.0;278.0;79.0;0.0;1.0;1.0;1.0;0.0;2022
Santa Rosa de Viterbo;2;16.0;212.0;0.0;212.0;0.0;0.0;3.0;193.0;16.0;0.0;0.0;1.0;1.0;1.0;0.0;2022
Santa Rosa de Viterbo;2;33.0;597.0;0.0;0.0;0.0;0.0;0.0;10.0;485.0;102.0;0.0;1.0;1.0;1.0;0.0;2022
Santa Rosa de Viterbo;2;35.0;584.0;0.0;584.0;0.0;0.0;8.0;546.0;29.0;1.0;1.0;1.0;1.0;1.0;1.0;2022
Santa Rosa de Viterbo;2;43.0;528.0;0.0;262.0;0.0;0.0;3.0;250.0;155.0;120.0;0.0;1.0;1.0;1.0;0.0;2022
Santa Rosa de Viterbo;2;24.0;394.0;0.0;0.0;0.0;0.0;0.0;9.0;297.0;88.0;1.0;1.0;1.0;0.0;1.0;2022
Santa Rosa de Viterbo;2;;;;;;;;;;;;;;;;2022
Santa Salete;2;47.0;370.0;102.0;117.0;0.0;0.0;100.0;116.0;145.0;9.0;0.0;1.0;1.0;1.0;1.0;2022
Santo Anastácio;2;;;;;;;;;;;;;;;;2022
Santo Anastácio;2;45.0;781.0;0.0;317.0;0.0;0.0;2.0;299.0;382.0;98.0;0.0;1.0;1.0;1.0;0.0;2022
Santo Anastácio;2;23.0;341.0;0.0;242.0;0.0;0.0;5.0;225.0;110.0;1.0;0.0;1.0;1.0;1.0;0.0;2022
Santo André;2;;;;;;;;;;;;;;;;2022
Santo André;2;48.0;700.0;0.0;422.0;0.0;0.0;4.0;388.0;272.0;36.0;0.0;1.0;1.0;1.0;0.0;2022
Santo André;2;;;;;;;;;;;;;;;;2022
Santo André;2;43.0;788.0;0.0;467.0;0.0;0.0;3.0;453.0;318.0;14.0;0.0;1.0;1.0;1.0;0.0;2022
Santo André;2;;;;;;;;;;;;;;;;2022
Santo André;2;19.0;244.0;244.0;0.0;0.0;1.0;236.0;7.0;0.0;0.0;0.0;1.0;1.0;1.0;1.0;2022
Santo André;2;51.0;489.0;0.0;256.0;0.0;0.0;1.0;244.0;238.0;6.0;0.0;1.0;1.0;1.0;1.0;2022
Santo André;2;60.0;983.0;0.0;473.0;0.0;0.0;4.0;468.0;489.0;22.0;0.0;1.0;1.0;1.0;0.0;2022
Santo André;2;18.0;378.0;0.0;378.0;0.0;0.0;6.0;367.0;5.0;0.0;0.0;1.0;1.0;1.0;1.0;2022
Santo André;2;70.0;966.0;0.0;312.0;0.0;0.0;5.0;274.0;507.0;180.0;0.0;1.0;1.0;1.0;0.0;2022
Santo André;2;17.0;276.0;0.0;0.0;0.0;0.0;0.0;5.0;264.0;7.0;0.0;1.0;1.0;1.0;1.0;2022
Santo André;2;18.0;293.0;293.0;0.0;0.0;2.0;284.0;7.0;0.0;0.0;0.0;1.0;1.0;1.0;1.0;2022
Santo André;2;37.0;651.0;0.0;413.0;0.0;0.0;10.0;399.0;240.0;2.0;0.0;1.0;1.0;1.0;0.0;2022
Santo André;2;89.0;1322.0;0.0;596.0;0.0;0.0;9.0;576.0;680.0;57.0;0.0;1.0;1.0;1.0;1.0;2022
Santo André;2;;;;;;;;;;;;;;;;2022
Santo André;2;21.0;248.0;0.0;197.0;0.0;0.0;1.0;185.0;57.0;5.0;0.0;0.0;1.0;1.0;1.0;2022
Santo André;2;91.0;1612.0;0.0;655.0;0.0;0.0;7.0;598.0;894.0;113.0;0.0;1.0;1.0;1.0;1.0;2022
Santo André;2;49.0;916.0;0.0;483.0;0.0;0.0;8.0;455.0;440.0;13.0;0.0;1.0;1.0;1.0;0.0;2022
Santo André;2;32.0;379.0;0.0;291.0;0.0;0.0;3.0;278.0;93.0;5.0;0.0;1.0;1.0;1.0;1.0;2022
Santo André;2;29.0;407.0;0.0;312.0;0.0;0.0;6.0;293.0;107.0;1.0;0.0;1.0;1.0;1.0;1.0;2022
Santo André;2;28.0;285.0;0.0;180.0;0.0;0.0;3.0;165.0;110.0;7.0;0.0;1.0;1.0;1.0;0.0;2022
Santo André;2;;;;;;;;;;;;;;;;2022
Santo André;2;25.0;421.0;0.0;299.0;0.0;0.0;3.0;284.0;126.0;8.0;0.0;1.0;1.0;1.0;1.0;2022
Santo André;2;115.0;1649.0;0.0;288.0;0.0;0.0;1.0;254.0;1008.0;386.0;0.0;1.0;1.0;1.0;1.0;2022
Santo André;2;;;;;;;;;;;;;;;;2022
Santo André;2;142.0;2094.0;0.0;0.0;0.0;0.0;0.0;17.0;1226.0;851.0;0.0;1.0;1.0;0.0;0.0;2022
Santo André;2;18.0;414.0;0.0;414.0;0.0;0.0;8.0;390.0;16.0;0.0;0.0;1.0;1.0;1.0;1.0;2022
Santo André;2;37.0;610.0;0.0;432.0;0.0;0.0;5.0;410.0;190.0;5.0;0.0;1.0;1.0;1.0;1.0;2022
Santo André;2;26.0;283.0;0.0;188.0;0.0;0.0;1.0;172.0;106.0;4.0;0.0;0.0;1.0;1.0;1.0;2022
Santo André;2;64.0;1061.0;313.0;407.0;0.0;1.0;308.0;397.0;338.0;17.0;0.0;1.0;1.0;1.0;1.0;2022
Santo André;2;57.0;721.0;0.0;440.0;0.0;0.0;1.0;378.0;302.0;40.0;0.0;1.0;1.0;1.0;1.0;2022
Santo André;2;16.0;315.0;315.0;0.0;0.0;2.0;310.0;3.0;0.0;0.0;0.0;1.0;1.0;1.0;1.0;2022
Santo André;2;89.0;1278.0;0.0;606.0;0.0;0.0;7.0;583.0;644.0;44.0;0.0;1.0;1.0;1.0;1.0;2022
Santo André;2;87.0;1203.0;263.0;596.0;0.0;2.0;258.0;560.0;303.0;80.0;0.0;1.0;1.0;1.0;0.0;2022
Santo André;2;;;;;;;;;;;;;;;;2022
Santo André;2;53.0;833.0;0.0;369.0;0.0;0.0;4.0;355.0;446.0;28.0;0.0;1.0;1.0;1.0;1.0;2022
Santo André;2;;;;;;;;;;;;;;;;2022
Santo André;2;;;;;;;;;;;;;;;;2022
Santo André;2;16.0;348.0;348.0;0.0;0.0;8.0;338.0;2.0;0.0;0.0;0.0;1.0;1.0;1.0;1.0;2022
Santo André;2;82.0;1536.0;557.0;503.0;0.0;4.0;543.0;477.0;364.0;148.0;0.0;1.0;1.0;1.0;1.0;2022
Santo André;2;65.0;1242.0;0.0;538.0;0.0;0.0;13.0;497.0;693.0;39.0;0.0;1.0;1.0;1.0;0.0;2022
Santo André;2;74.0;1123.0;0.0;454.0;0.0;0.0;5.0;413.0;465.0;240.0;0.0;1.0;1.0;1.0;1.0;2022
Santo André;2;76.0;1350.0;355.0;519.0;0.0;0.0;336.0;486.0;461.0;67.0;0.0;1.0;1.0;1.0;1.0;2022
Santo André;2;20.0;379.0;0.0;379.0;0.0;0.0;5.0;363.0;11.0;0.0;0.0;1.0;1.0;1.0;1.0;2022
Santo André;2;86.0;1128.0;228.0;405.0;0.0;2.0;226.0;388.0;391.0;121.0;0.0;1.0;1.0;1.0;0.0;2022
Santo André;2;;;;;;;;;;;;;;;;2022
Santo André;2;70.0;1150.0;0.0;641.0;0.0;0.0;6.0;614.0;488.0;42.0;0.0;1.0;1.0;1.0;0.0;2022
Santo André;2;46.0;600.0;0.0;285.0;0.0;0.0;1.0;270.0;300.0;29.0;0.0;1.0;1.0;1.0;0.0;2022
Santo André;2;;;;;;;;;;;;;;;;2022
Santo André;2;;;;;;;;;;;;;;;;2022
Santo André;2;88.0;1060.0;0.0;0.0;0.0;0.0;0.0;18.0;982.0;60.0;0.0;1.0;1.0;1.0;0.0;2022
Santo André;2;;;;;;;;;;;;;;;;2022
Santo André;2;57.0;683.0;0.0;385.0;0.0;0.0;3.0;367.0;289.0;24.0;0.0;1.0;1.0;1.0;1.0;2022
Santo André;2;31.0;392.0;0.0;307.0;0.0;0.0;5.0;292.0;91.0;4.0;0.0;1.0;1.0;1.0;1.0;2022
Santo André;2;17.0;122.0;0.0;51.0;0.0;0.0;1.0;45.0;44.0;32.0;0.0;1.0;1.0;1.0;1.0;2022
Santo André;2;57.0;771.0;0.0;410.0;0.0;0.0;3.0;391.0;284.0;93.0;0.0;1.0;1.0;1.0;0.0;2022
Santo André;2;23.0;464.0;464.0;0.0;0.0;6.0;456.0;2.0;0.0;0.0;0.0;1.0;1.0;1.0;0.0;2022
Santo André;2;27.0;441.0;441.0;0.0;0.0;3.0;433.0;5.0;0.0;0.0;0.0;1.0;1.0;1.0;1.0;2022
Santo André;2;19.0;384.0;384.0;0.0;0.0;3.0;368.0;13.0;0.0;0.0;0.0;1.0;1.0;1.0;1.0;2022
Santo André;2;58.0;847.0;0.0;444.0;0.0;0.0;5.0;415.0;406.0;21.0;0.0;1.0;1.0;1.0;1.0;2022
Santo André;2;60.0;752.0;0.0;752.0;0.0;0.0;14.0;720.0;17.0;1.0;0.0;1.0;1.0;1.0;0.0;2022
Santo André;2;65.0;845.0;0.0;433.0;0.0;0.0;8.0;403.0;403.0;31.0;0.0;1.0;1.0;1.0;1.0;2022
Santo André;2;37.0;525.0;0.0;397.0;0.0;0.0;8.0;370.0;144.0;3.0;0.0;1.0;1.0;1.0;1.0;2022
Santo André;2;;;;;;;;;;;;;;;;2022
Santo André;2;;;;;;;;;;;;;;;;2022
Santo André;2;36.0;471.0;0.0;345.0;0.0;0.0;6.0;329.0;131.0;5.0;0.0;1.0;1.0;1.0;1.0;2022
Santo André;2;;;;;;;;;;;;;;;;2022
Santo André;2;68.0;1005.0;0.0;410.0;0.0;0.0;3.0;393.0;545.0;64.0;0.0;1.0;1.0;1.0;0.0;2022
Santo André;2;17.0;352.0;352.0;0.0;0.0;2.0;344.0;6.0;0.0;0.0;0.0;1.0;1.0;1.0;0.0;2022
Santo André;2;93.0;1319.0;0.0;530.0;0.0;0.0;6.0;499.0;677.0;137.0;0.0;1.0;1.0;1.0;1.0;2022
Santo André;2;25.0;375.0;0.0;0.0;0.0;0.0;0.0;10.0;352.0;13.0;0.0;1.0;1.0;1.0;1.0;2022
Santo André;2;115.0;1889.0;471.0;719.0;0.0;1.0;444.0;675.0;527.0;242.0;0.0;1.0;1.0;1.0;1.0;2022
Santo André;2;51.0;1004.0;0.0;410.0;0.0;0.0;6.0;393.0;558.0;47.0;0.0;1.0;1.0;1.0;0.0;2022
Santo André;2;31.0;398.0;0.0;265.0;0.0;0.0;3.0;242.0;140.0;13.0;0.0;1.0;1.0;1.0;0.0;2022
Santo André;2;;;;;;;;;;;;;;;;2022
Santo André;2;;;;;;;;;;;;;;;;2022
Santo André;2;;;;;;;;;;;;;;;;2022
Santo André;2;18.0;185.0;0.0;126.0;0.0;0.0;5.0;120.0;58.0;2.0;0.0;1.0;1.0;1.0;0.0;2022
Santo André;2;;;;;;;;;;;;;;;;2022
Santo André;2;67.0;1051.0;0.0;560.0;0.0;0.0;9.0;533.0;408.0;101.0;0.0;1.0;1.0;1.0;0.0;2022
Santo André;2;13.0;42.0;0.0;19.0;0.0;0.0;0.0;0.0;23.0;19.0;0.0;0.0;0.0;0.0;0.0;2022
Santo André;2;12.0;33.0;2.0;12.0;0.0;0.0;0.0;1.0;23.0;9.0;0.0;0.0;0.0;0.0;0.0;2022
Santo André;2;33.0;446.0;0.0;337.0;0.0;0.0;4.0;310.0;127.0;5.0;0.0;1.0;1.0;1.0;1.0;2022
Santo André;2;20.0;331.0;331.0;0.0;0.0;3.0;324.0;4.0;0.0;0.0;0.0;1.0;1.0;1.0;0.0;2022
Santo André;2;;;;;;;;;;;;;;;;2022
Santo André;2;;;;;;;;;;;;;;;;2022
Santo André;2;17.0;351.0;0.0;351.0;0.0;0.0;4.0;342.0;5.0;0.0;0.0;1.0;1.0;1.0;1.0;2022
Santo André;2;27.0;426.0;0.0;426.0;0.0;0.0;6.0;404.0;16.0;0.0;0.0;1.0;1.0;1.0;1.0;2022
Santo André;2;22.0;222.0;0.0;156.0;0.0;0.0;7.0;136.0;74.0;5.0;0.0;1.0;1.0;1.0;1.0;2022
Santo André;2;;;;;;;;;;;;;;;;2022
Santo André;2;57.0;844.0;524.0;320.0;0.0;2.0;503.0;319.0;20.0;0.0;0.0;1.0;1.0;1.0;1.0;2022
Santo André;2;53.0;994.0;304.0;345.0;0.0;0.0;304.0;349.0;332.0;9.0;0.0;1.0;1.0;1.0;1.0;2022
Santo André;2;42.0;801.0;0.0;801.0;0.0;0.0;8.0;745.0;48.0;0.0;0.0;1.0;1.0;1.0;1.0;2022
Santo André;2;32.0;415.0;0.0;319.0;0.0;0.0;7.0;300.0;101.0;7.0;0.0;1.0;1.0;1.0;1.0;2022
Santo André;2;69.0;1187.0;0.0;580.0;0.0;0.0;9.0;553.0;508.0;117.0;0.0;1.0;1.0;1.0;1.0;2022
Santo André;2;40.0;427.0;0.0;278.0;0.0;0.0;9.0;244.0;159.0;15.0;0.0;1.0;1.0;1.0;0.0;2022
Santo André;2;;;;;;;;;;;0.0;1.0;1.0;1.0;0.0;2022
Santo Antônio da Alegria;2;24.0;260.0;0.0;0.0;0.0;0.0;0.0;4.0;223.0;33.0;0.0;1.0;1.0;1.0;0.0;2022
Santo Antônio de Posse;2;35.0;838.0;0.0;0.0;0.0;0.0;0.0;7.0;665.0;166.0;0.0;1.0;1.0;1.0;0.0;2022
Santo Antônio de Posse;2;;;;;;;;;;;;;;;;2022
Santo Antônio de Posse;2;;;;;;;;;;;;;;;;2022
Santo Antônio de Posse;2;;;;;;;;;;;;;;;;2022
Santo Antônio de Posse;2;;;;;;;;;;;;;;;;2022
Santo Antônio do Aracanguá;2;13.0;118.0;0.0;0.0;0.0;0.0;0.0;4.0;107.0;7.0;0.0;1.0;1.0;0.0;0.0;2022
Santo Antônio do Aracanguá;2;18.0;197.0;0.0;0.0;0.0;0.0;0.0;5.0;176.0;16.0;0.0;1.0;1.0;0.0;1.0;2022
Santo Antônio do Jardim;2;35.0;428.0;0.0;277.0;0.0;0.0;4.0;241.0;170.0;13.0;0.0;1.0;1.0;1.0;0.0;2022
Santo Antônio do Jardim;2;21.0;232.0;38.0;113.0;0.0;0.0;40.0;105.0;83.0;4.0;0.0;1.0;1.0;1.0;1.0;2022
Santo Antônio do Pinhal;2;28.0;253.0;0.0;0.0;0.0;0.0;0.0;2.0;218.0;33.0;0.0;1.0;1.0;1.0;0.0;2022
Santo Expedito;2;21.0;309.0;0.0;140.0;0.0;0.0;2.0;123.0;175.0;9.0;0.0;1.0;1.0;1.0;0.0;2022
Santópolis do Aguapeí;2;33.0;311.0;0.0;184.0;0.0;0.0;1.0;170.0;138.0;2.0;0.0;1.0;1.0;1.0;0.0;2022
Santos;2;25.0;483.0;0.0;483.0;0.0;0.0;1.0;440.0;42.0;0.0;1.0;1.0;1.0;1.0;1.0;2022
Santos;2;17.0;244.0;0.0;244.0;0.0;0.0;0.0;215.0;29.0;0.0;0.0;0.0;1.0;1.0;0.0;2022
Santos;2;73.0;1258.0;0.0;0.0;0.0;0.0;0.0;9.0;688.0;561.0;1.0;1.0;1.0;0.0;1.0;2022
Santos;2;40.0;648.0;0.0;243.0;0.0;0.0;0.0;223.0;378.0;47.0;1.0;1.0;1.0;1.0;1.0;2022
Santos;2;65.0;1120.0;0.0;452.0;0.0;0.0;0.0;399.0;647.0;74.0;0.0;1.0;1.0;1.0;0.0;2022
Santos;2;17.0;347.0;0.0;347.0;0.0;0.0;1.0;335.0;11.0;0.0;0.0;1.0;1.0;1.0;1.0;2022
Santos;2;54.0;596.0;0.0;182.0;0.0;0.0;0.0;164.0;354.0;78.0;0.0;1.0;1.0;1.0;1.0;2022
Santos;2;79.0;1243.0;0.0;492.0;0.0;0.0;0.0;483.0;718.0;42.0;0.0;1.0;1.0;1.0;1.0;2022
Santos;2;117.0;2141.0;0.0;0.0;0.0;0.0;0.0;10.0;1767.0;364.0;1.0;1.0;1.0;1.0;1.0;2022
Santos;2;58.0;972.0;0.0;226.0;0.0;0.0;0.0;211.0;622.0;139.0;0.0;1.0;1.0;1.0;0.0;2022
Santos;2;;;;;;;;;;;;;;;;2022
Santos;2;38.0;491.0;0.0;396.0;0.0;0.0;0.0;360.0;36.0;95.0;0.0;1.0;1.0;1.0;0.0;2022
Santos;2;67.0;867.0;0.0;348.0;0.0;0.0;0.0;320.0;410.0;137.0;0.0;1.0;1.0;1.0;1.0;2022
Santos;2;18.0;352.0;0.0;0.0;0.0;0.0;0.0;4.0;328.0;20.0;0.0;1.0;1.0;1.0;1.0;2022
Santos;2;56.0;765.0;0.0;197.0;0.0;0.0;0.0;180.0;517.0;68.0;0.0;1.0;1.0;1.0;1.0;2022
Santos;2;76.0;1114.0;0.0;0.0;0.0;0.0;0.0;2.0;820.0;292.0;0.0;1.0;1.0;1.0;1.0;2022
Santos;2;55.0;776.0;0.0;397.0;0.0;0.0;1.0;365.0;387.0;23.0;0.0;1.0;1.0;1.0;1.0;2022
Santos;2;57.0;1157.0;0.0;513.0;0.0;0.0;1.0;467.0;622.0;67.0;0.0;1.0;1.0;1.0;0.0;2022
Santos;2;108.0;1245.0;0.0;0.0;0.0;0.0;0.0;15.0;633.0;597.0;1.0;1.0;1.0;1.0;0.0;2022
Santos;2;54.0;1004.0;57.0;411.0;0.0;0.0;51.0;374.0;511.0;68.0;0.0;1.0;1.0;1.0;0.0;2022
Santos;2;;;;;;;;;;;;;;;;2022
Santos;2;91.0;1584.0;0.0;231.0;0.0;0.0;0.0;202.0;1168.0;214.0;1.0;1.0;1.0;1.0;0.0;2022
Santos;2;58.0;1007.0;0.0;523.0;0.0;0.0;1.0;465.0;500.0;41.0;0.0;1.0;1.0;0.0;1.0;2022
Santos;2;;;;;;;;;;;;;;;;2022
Santos;2;;;;;;;;;;;;;;;;2022
Santos;2;;;;;;;;;;;;;;;;2022
Santos;2;;;;;;;;;;;1.0;1.0;0.0;0.0;0.0;2022
Santos;2;26.0;419.0;0.0;313.0;0.0;0.0;2.0;289.0;124.0;4.0;0.0;1.0;1.0;1.0;1.0;2022
Santos;2;26.0;655.0;0.0;316.0;0.0;0.0;0.0;301.0;327.0;27.0;0.0;1.0;1.0;1.0;0.0;2022
Santos;2;13.0;150.0;0.0;0.0;0.0;0.0;0.0;4.0;132.0;14.0;1.0;1.0;1.0;0.0;1.0;2022
Santos;2;13.0;1849.0;0.0;0.0;0.0;0.0;0.0;0.0;3.0;1846.0;0.0;1.0;1.0;0.0;0.0;2022
Santos;2;12.0;1403.0;0.0;0.0;0.0;0.0;0.0;0.0;2.0;1401.0;0.0;1.0;1.0;0.0;0.0;2022
Santos;2;;;;;;;;;;;;;;;;2022
São Bento do Sapucaí;2;28.0;521.0;0.0;274.0;0.0;0.0;3.0;246.0;258.0;14.0;0.0;1.0;1.0;1.0;1.0;2022
São Bento do Sapucaí;2;13.0;239.0;0.0;239.0;0.0;0.0;3.0;230.0;6.0;0.0;0.0;1.0;1.0;1.0;1.0;2022
São Bernardo do Campo;2;4.0;29.0;19.0;10.0;0.0;0.0;13.0;11.0;5.0;0.0;0.0;0.0;0.0;0.0;0.0;2022
São Bernardo do Campo;2;37.0;753.0;0.0;508.0;0.0;0.0;0.0;469.0;265.0;19.0;0.0;1.0;1.0;1.0;1.0;2022
São Bernardo do Campo;2;46.0;1109.0;0.0;538.0;0.0;0.0;0.0;485.0;489.0;135.0;0.0;1.0;1.0;1.0;1.0;2022
São Bernardo do Campo;2;;;;;;;;;;;;;;;;2022
São Bernardo do Campo;2;61.0;1352.0;0.0;625.0;0.0;0.0;0.0;561.0;699.0;92.0;0.0;1.0;1.0;1.0;1.0;2022
São Bernardo do Campo;2;66.0;1090.0;0.0;516.0;0.0;0.0;5.0;467.0;437.0;181.0;0.0;0.0;1.0;1.0;1.0;2022
São Bernardo do Campo;2;43.0;831.0;0.0;659.0;0.0;0.0;5.0;615.0;199.0;12.0;0.0;1.0;1.0;1.0;1.0;2022
São Bernardo do Campo;2;78.0;1137.0;0.0;539.0;0.0;0.0;0.0;489.0;543.0;105.0;0.0;1.0;1.0;1.0;1.0;2022
São Bernardo do Campo;2;57.0;927.0;0.0;379.0;0.0;0.0;1.0;339.0;530.0;57.0;0.0;1.0;1.0;1.0;1.0;2022
São Bernardo do Campo;2;27.0;505.0;0.0;304.0;0.0;0.0;0.0;297.0;196.0;12.0;0.0;1.0;1.0;1.0;1.0;2022
São Bernardo do Campo;2;70.0;1002.0;0.0;479.0;0.0;0.0;2.0;446.0;498.0;56.0;0.0;1.0;1.0;1.0;1.0;2022
São Bernardo do Campo;2;47.0;1033.0;0.0;576.0;0.0;0.0;1.0;517.0;461.0;54.0;0.0;1.0;1.0;0.0;1.0;2022
São Bernardo do Campo;2;46.0;858.0;0.0;534.0;0.0;0.0;1.0;470.0;346.0;41.0;0.0;1.0;1.0;1.0;0.0;2022
São Bernardo do Campo;2;37.0;605.0;0.0;230.0;0.0;0.0;1.0;209.0;233.0;162.0;0.0;0.0;1.0;1.0;1.0;2022
São Bernardo do Campo;2;38.0;895.0;0.0;489.0;0.0;0.0;0.0;407.0;439.0;49.0;0.0;1.0;1.0;1.0;0.0;2022
São Bernardo do Campo;2;40.0;739.0;0.0;450.0;0.0;0.0;0.0;430.0;294.0;15.0;1.0;1.0;1.0;1.0;1.0;2022
São Bernardo do Campo;2;36.0;727.0;0.0;441.0;0.0;0.0;2.0;418.0;278.0;29.0;0.0;1.0;1.0;1.0;0.0;2022
São Bernardo do Campo;2;35.0;769.0;0.0;458.0;0.0;0.0;4.0;418.0;308.0;39.0;0.0;1.0;1.0;1.0;0.0;2022
São Bernardo do Campo;2;37.0;691.0;0.0;495.0;0.0;0.0;1.0;460.0;211.0;19.0;0.0;1.0;1.0;1.0;1.0;2022
São Bernardo do Campo;2;99.0;1608.0;0.0;743.0;0.0;0.0;6.0;667.0;727.0;208.0;0.0;1.0;1.0;1.0;1.0;2022
São Bernardo do Campo;2;38.0;537.0;0.0;335.0;0.0;0.0;1.0;297.0;223.0;16.0;0.0;1.0;1.0;1.0;1.0;2022
São Bernardo do Campo;2;30.0;458.0;0.0;310.0;0.0;0.0;2.0;290.0;156.0;10.0;0.0;1.0;1.0;1.0;1.0;2022
São Bernardo do Campo;2;33.0;525.0;0.0;408.0;0.0;0.0;0.0;381.0;139.0;5.0;0.0;1.0;1.0;1.0;1.0;2022
São Bernardo do Campo;2;51.0;695.0;0.0;247.0;0.0;0.0;0.0;193.0;442.0;60.0;0.0;1.0;1.0;1.0;0.0;2022
São Bernardo do Campo;2;19.0;387.0;0.0;387.0;0.0;0.0;0.0;369.0;18.0;0.0;0.0;1.0;1.0;1.0;1.0;2022
São Bernardo do Campo;2;38.0;757.0;0.0;462.0;0.0;0.0;0.0;426.0;309.0;22.0;0.0;1.0;0.0;1.0;1.0;2022
São Bernardo do Campo;2;51.0;716.0;0.0;348.0;0.0;0.0;1.0;317.0;347.0;51.0;0.0;1.0;1.0;1.0;1.0;2022
São Bernardo do Campo;2;32.0;442.0;0.0;309.0;0.0;0.0;0.0;279.0;159.0;4.0;0.0;1.0;1.0;1.0;1.0;2022
São Bernardo do Campo;2;67.0;1199.0;0.0;421.0;0.0;0.0;1.0;387.0;680.0;131.0;0.0;1.0;1.0;1.0;0.0;2022
São Bernardo do Campo;2;20.0;370.0;0.0;0.0;0.0;0.0;0.0;2.0;354.0;14.0;0.0;1.0;1.0;1.0;1.0;2022
São Bernardo do Campo;2;64.0;772.0;0.0;384.0;0.0;0.0;1.0;341.0;384.0;46.0;0.0;1.0;1.0;1.0;0.0;2022
São Bernardo do Campo;2;20.0;427.0;0.0;427.0;0.0;0.0;0.0;401.0;26.0;0.0;0.0;1.0;1.0;1.0;1.0;2022
São Bernardo do Campo;2;63.0;1064.0;0.0;542.0;0.0;0.0;1.0;465.0;551.0;47.0;0.0;1.0;1.0;1.0;1.0;2022
São Bernardo do Campo;2;46.0;806.0;0.0;720.0;0.0;0.0;1.0;633.0;86.0;86.0;0.0;1.0;1.0;0.0;1.0;2022
São Bernardo do Campo;2;103.0;1616.0;0.0;681.0;0.0;0.0;1.0;636.0;867.0;112.0;0.0;1.0;1.0;1.0;1.0;2022
São Bernardo do Campo;2;56.0;702.0;0.0;288.0;0.0;0.0;1.0;267.0;382.0;52.0;0.0;1.0;1.0;1.0;1.0;2022
São Bernardo do Campo;2;53.0;912.0;0.0;358.0;0.0;0.0;2.0;333.0;530.0;47.0;0.0;1.0;1.0;1.0;0.0;2022
São Bernardo do Campo;2;17.0;266.0;0.0;266.0;0.0;0.0;2.0;246.0;18.0;0.0;0.0;0.0;1.0;1.0;1.0;2022
São Bernardo do Campo;2;31.0;503.0;0.0;362.0;0.0;0.0;1.0;341.0;147.0;14.0;0.0;1.0;1.0;1.0;1.0;2022
São Bernardo do Campo;2;43.0;636.0;0.0;277.0;0.0;0.0;2.0;259.0;274.0;101.0;0.0;1.0;1.0;1.0;0.0;2022
São Bernardo do Campo;2;76.0;1064.0;0.0;436.0;0.0;0.0;1.0;398.0;421.0;244.0;0.0;1.0;1.0;1.0;0.0;2022
São Bernardo do Campo;2;30.0;334.0;0.0;231.0;0.0;0.0;1.0;205.0;119.0;9.0;0.0;1.0;1.0;1.0;1.0;2022
São Bernardo do Campo;2;14.0;294.0;0.0;294.0;0.0;0.0;0.0;282.0;12.0;0.0;0.0;1.0;1.0;1.0;1.0;2022
São Bernardo do Campo;2;90.0;2123.0;0.0;1085.0;0.0;0.0;5.0;974.0;837.0;307.0;0.0;0.0;1.0;1.0;1.0;2022
São Bernardo do Campo;2;23.0;409.0;0.0;326.0;0.0;0.0;1.0;306.0;102.0;0.0;0.0;1.0;1.0;1.0;0.0;2022
São Bernardo do Campo;2;53.0;1084.0;0.0;491.0;0.0;0.0;1.0;432.0;429.0;222.0;0.0;1.0;1.0;1.0;1.0;2022
São Bernardo do Campo;2;17.0;410.0;0.0;410.0;0.0;0.0;0.0;388.0;22.0;0.0;0.0;1.0;1.0;1.0;1.0;2022
São Bernardo do Campo;2;52.0;727.0;0.0;413.0;0.0;0.0;0.0;369.0;284.0;74.0;0.0;1.0;1.0;1.0;0.0;2022
São Bernardo do Campo;2;34.0;536.0;0.0;320.0;0.0;0.0;0.0;293.0;217.0;26.0;0.0;1.0;1.0;1.0;0.0;2022
São Bernardo do Campo;2;43.0;934.0;0.0;613.0;0.0;0.0;1.0;537.0;378.0;18.0;0.0;1.0;1.0;1.0;1.0;2022
São Bernardo do Campo;2;79.0;1234.0;0.0;622.0;0.0;0.0;0.0;559.0;509.0;166.0;0.0;1.0;1.0;1.0;0.0;2022
São Bernardo do Campo;2;167.0;3453.0;0.0;0.0;0.0;0.0;0.0;11.0;1852.0;1590.0;1.0;1.0;1.0;1.0;1.0;2022
São Bernardo do Campo;2;41.0;714.0;0.0;417.0;0.0;0.0;2.0;371.0;316.0;25.0;0.0;1.0;1.0;1.0;0.0;2022
São Bernardo do Campo;2;;;;;;;;;;;;;;;;2022
São Bernardo do Campo;2;7.0;19.0;0.0;13.0;0.0;0.0;0.0;3.0;15.0;1.0;0.0;0.0;1.0;0.0;0.0;2022
São Bernardo do Campo;2;9.0;19.0;0.0;9.0;0.0;0.0;0.0;0.0;14.0;5.0;0.0;0.0;1.0;0.0;0.0;2022
São Bernardo do Campo;2;32.0;663.0;0.0;441.0;0.0;0.0;1.0;407.0;240.0;15.0;0.0;1.0;1.0;1.0;0.0;2022
São Bernardo do Campo;2;70.0;1450.0;0.0;771.0;0.0;0.0;1.0;707.0;642.0;100.0;0.0;1.0;1.0;1.0;1.0;2022
São Bernardo do Campo;2;56.0;1189.0;0.0;661.0;0.0;0.0;1.0;601.0;507.0;80.0;0.0;0.0;1.0;1.0;1.0;2022
São Bernardo do Campo;2;87.0;1652.0;0.0;773.0;0.0;0.0;0.0;692.0;600.0;360.0;0.0;1.0;1.0;1.0;0.0;2022
São Bernardo do Campo;2;22.0;366.0;0.0;274.0;0.0;0.0;1.0;255.0;17.0;93.0;0.0;0.0;1.0;1.0;1.0;2022
São Bernardo do Campo;2;73.0;1428.0;0.0;540.0;0.0;0.0;3.0;484.0;615.0;326.0;0.0;1.0;1.0;1.0;0.0;2022
São Bernardo do Campo;2;52.0;967.0;0.0;458.0;0.0;0.0;0.0;421.0;496.0;50.0;0.0;1.0;1.0;1.0;1.0;2022
São Bernardo do Campo;2;82.0;1198.0;0.0;636.0;0.0;0.0;1.0;582.0;530.0;85.0;0.0;1.0;1.0;1.0;1.0;2022
São Bernardo do Campo;2;55.0;724.0;0.0;346.0;0.0;0.0;0.0;298.0;241.0;185.0;0.0;1.0;1.0;1.0;0.0;2022
São Bernardo do Campo;2;30.0;619.0;0.0;380.0;0.0;0.0;0.0;359.0;237.0;23.0;0.0;1.0;1.0;1.0;0.0;2022
São Bernardo do Campo;2;36.0;609.0;0.0;353.0;0.0;0.0;0.0;306.0;254.0;49.0;0.0;1.0;1.0;1.0;1.0;2022
São Bernardo do Campo;2;60.0;673.0;0.0;391.0;0.0;0.0;0.0;341.0;242.0;90.0;0.0;1.0;1.0;1.0;1.0;2022
São Bernardo do Campo;2;31.0;617.0;0.0;297.0;0.0;0.0;0.0;283.0;312.0;22.0;0.0;1.0;1.0;1.0;1.0;2022
São Bernardo do Campo;2;35.0;534.0;0.0;366.0;0.0;0.0;0.0;339.0;183.0;12.0;0.0;1.0;1.0;1.0;1.0;2022
São Bernardo do Campo;2;99.0;1849.0;0.0;948.0;0.0;0.0;1.0;896.0;837.0;115.0;0.0;1.0;1.0;1.0;1.0;2022
São Bernardo do Campo;2;17.0;396.0;0.0;396.0;0.0;0.0;3.0;386.0;7.0;0.0;0.0;1.0;1.0;1.0;0.0;2022
São Bernardo do Campo;2;24.0;452.0;0.0;299.0;0.0;0.0;1.0;269.0;170.0;12.0;0.0;1.0;1.0;1.0;0.0;2022
São Bernardo do Campo;2;20.0;416.0;0.0;416.0;0.0;0.0;0.0;400.0;16.0;0.0;0.0;1.0;1.0;1.0;1.0;2022
São Bernardo do Campo;2;87.0;1804.0;0.0;945.0;0.0;0.0;0.0;825.0;698.0;281.0;0.0;1.0;1.0;0.0;1.0;2022
São Bernardo do Campo;2;;;;;;;;;;;0.0;0.0;1.0;0.0;0.0;2022
São Caetano do Sul;2;;;;;;;;;;;;;;;;2022
São Caetano do Sul;2;33.0;466.0;0.0;305.0;0.0;0.0;2.0;293.0;159.0;12.0;0.0;1.0;1.0;1.0;1.0;2022
São Caetano do Sul;2;;;;;;;;;;;;;;;;2022
São Caetano do Sul;2;;;;;;;;;;;;;;;;2022
São Caetano do Sul;2;17.0;296.0;0.0;174.0;0.0;0.0;1.0;165.0;118.0;12.0;0.0;1.0;1.0;1.0;1.0;2022
São Caetano do Sul;2;;;;;;;;;;;;;;;;2022
São Caetano do Sul;2;;;;;;;;;;;;;;;;2022
São Caetano do Sul;2;25.0;206.0;0.0;107.0;0.0;0.0;0.0;97.0;81.0;28.0;0.0;1.0;1.0;1.0;1.0;2022
São Caetano do Sul;2;38.0;402.0;0.0;199.0;0.0;0.0;3.0;187.0;196.0;16.0;0.0;1.0;0.0;1.0;1.0;2022
São Caetano do Sul;2;47.0;443.0;0.0;120.0;0.0;0.0;1.0;103.0;263.0;76.0;0.0;1.0;1.0;1.0;1.0;2022
São Caetano do Sul;2;41.0;436.0;0.0;117.0;0.0;0.0;2.0;111.0;289.0;34.0;0.0;1.0;1.0;1.0;1.0;2022
São Caetano do Sul;2;37.0;454.0;0.0;292.0;0.0;0.0;1.0;276.0;160.0;17.0;0.0;1.0;1.0;1.0;1.0;2022
São Caetano do Sul;2;;;;;;;;;;;;;;;;2022
São Caetano do Sul;2;;;;;;;;;;;;;;;;2022
São Caetano do Sul;2;;;;;;;;;;;;;;;;2022
São Caetano do Sul;2;;;;;;;;;;;;;;;;2022
São Caetano do Sul;2;;;;;;;;;;;;;;;;2022
São Caetano do Sul;2;60.0;1061.0;0.0;0.0;0.0;0.0;0.0;2.0;529.0;530.0;0.0;0.0;1.0;1.0;1.0;2022
São Caetano do Sul;2;51.0;659.0;0.0;232.0;0.0;0.0;1.0;223.0;388.0;47.0;0.0;1.0;1.0;1.0;1.0;2022
São Caetano do Sul;2;;;;;;;;;;;;;;;;2022
São Caetano do Sul;2;110.0;1226.0;0.0;0.0;0.0;0.0;0.0;11.0;656.0;559.0;1.0;1.0;1.0;1.0;1.0;2022
São Caetano do Sul;2;;;;;;;;;;;0.0;0.0;1.0;0.0;0.0;2022
São Carlos;2;57.0;575.0;0.0;294.0;0.0;0.0;0.0;268.0;292.0;15.0;0.0;1.0;1.0;1.0;1.0;2022
São Carlos;2;31.0;630.0;0.0;302.0;0.0;0.0;0.0;290.0;326.0;14.0;0.0;1.0;1.0;1.0;1.0;2022
São Carlos;2;41.0;885.0;885.0;0.0;0.0;0.0;861.0;24.0;0.0;0.0;0.0;1.0;1.0;1.0;1.0;2022
São Carlos;2;41.0;681.0;681.0;0.0;0.0;0.0;663.0;18.0;0.0;0.0;0.0;1.0;1.0;0.0;1.0;2022
São Carlos;2;66.0;994.0;0.0;579.0;0.0;0.0;0.0;543.0;398.0;53.0;0.0;1.0;1.0;1.0;1.0;2022
São Carlos;2;45.0;618.0;0.0;135.0;0.0;0.0;3.0;134.0;359.0;122.0;0.0;1.0;1.0;1.0;1.0;2022
São Carlos;2;18.0;284.0;284.0;0.0;0.0;0.0;279.0;5.0;0.0;0.0;0.0;0.0;1.0;1.0;1.0;2022
São Carlos;2;92.0;1954.0;0.0;618.0;0.0;0.0;1.0;581.0;1294.0;78.0;1.0;1.0;1.0;1.0;1.0;2022
São Carlos;2;38.0;754.0;754.0;0.0;0.0;0.0;729.0;25.0;0.0;0.0;0.0;1.0;1.0;1.0;1.0;2022
São Carlos;2;73.0;904.0;0.0;425.0;0.0;0.0;1.0;386.0;493.0;24.0;0.0;1.0;1.0;1.0;1.0;2022
São Carlos;2;85.0;1094.0;0.0;0.0;0.0;0.0;0.0;6.0;654.0;434.0;1.0;1.0;1.0;0.0;0.0;2022
São Carlos;2;14.0;155.0;155.0;0.0;0.0;0.0;151.0;4.0;0.0;0.0;0.0;1.0;1.0;1.0;1.0;2022
São Carlos;2;19.0;364.0;0.0;247.0;0.0;0.0;2.0;232.0;124.0;6.0;0.0;0.0;1.0;1.0;1.0;2022
São Carlos;2;56.0;837.0;0.0;837.0;0.0;0.0;0.0;794.0;43.0;0.0;0.0;1.0;1.0;1.0;0.0;2022
São Carlos;2;34.0;682.0;682.0;0.0;0.0;0.0;667.0;15.0;0.0;0.0;0.0;1.0;1.0;0.0;1.0;2022
São Carlos;2;15.0;317.0;317.0;0.0;0.0;0.0;304.0;13.0;0.0;0.0;0.0;1.0;1.0;1.0;1.0;2022
São Carlos;2;46.0;491.0;220.0;165.0;0.0;0.0;212.0;163.0;111.0;5.0;0.0;1.0;1.0;1.0;1.0;2022
São Carlos;2;27.0;447.0;447.0;0.0;0.0;0.0;431.0;16.0;0.0;0.0;0.0;1.0;1.0;1.0;1.0;2022
São Carlos;2;18.0;352.0;0.0;185.0;0.0;0.0;2.0;179.0;165.0;6.0;0.0;1.0;1.0;1.0;1.0;2022
São Carlos;2;23.0;243.0;0.0;178.0;0.0;0.0;0.0;171.0;71.0;1.0;0.0;1.0;1.0;1.0;1.0;2022
São Carlos;2;45.0;463.0;0.0;286.0;0.0;0.0;0.0;263.0;184.0;16.0;0.0;0.0;1.0;1.0;1.0;2022
São Carlos;2;24.0;198.0;0.0;100.0;0.0;0.0;0.0;94.0;96.0;8.0;1.0;1.0;1.0;1.0;1.0;2022
São Carlos;2;14.0;53.0;0.0;0.0;33.0;19.0;1.0;0.0;0.0;0.0;1.0;0.0;1.0;0.0;1.0;2022
São Carlos;2;36.0;463.0;0.0;463.0;0.0;0.0;0.0;422.0;41.0;0.0;0.0;1.0;1.0;1.0;1.0;2022
São Carlos;2;11.0;42.0;0.0;15.0;0.0;0.0;0.0;3.0;31.0;8.0;0.0;1.0;1.0;1.0;1.0;2022
São Carlos;2;;;;;;;;;;;1.0;1.0;1.0;1.0;1.0;2022
São Carlos;2;24.0;360.0;0.0;220.0;0.0;0.0;1.0;201.0;147.0;11.0;0.0;0.0;1.0;1.0;1.0;2022
São Carlos;2;;;;;;;;;;;;;;;;2022
São Carlos;2;26.0;382.0;0.0;300.0;0.0;0.0;0.0;278.0;104.0;0.0;0.0;1.0;1.0;1.0;1.0;2022
São Carlos;2;33.0;583.0;0.0;419.0;0.0;0.0;1.0;393.0;177.0;12.0;0.0;1.0;1.0;1.0;1.0;2022
São Carlos;2;58.0;878.0;221.0;303.0;0.0;0.0;204.0;304.0;360.0;10.0;0.0;0.0;1.0;1.0;1.0;2022
São Carlos;2;79.0;893.0;0.0;394.0;0.0;0.0;2.0;367.0;422.0;102.0;0.0;1.0;1.0;1.0;1.0;2022
São Carlos;2;32.0;527.0;238.0;289.0;0.0;0.0;230.0;276.0;21.0;0.0;0.0;1.0;1.0;1.0;1.0;2022
São Carlos;2;35.0;490.0;155.0;136.0;0.0;0.0;148.0;133.0;191.0;18.0;1.0;1.0;1.0;1.0;1.0;2022
São Carlos;2;14.0;265.0;265.0;0.0;0.0;0.0;250.0;15.0;0.0;0.0;0.0;1.0;1.0;1.0;1.0;2022
São Carlos;2;69.0;1428.0;0.0;464.0;0.0;0.0;0.0;422.0;852.0;154.0;0.0;1.0;1.0;1.0;1.0;2022
São Carlos;2;80.0;1408.0;0.0;505.0;0.0;0.0;1.0;460.0;813.0;134.0;0.0;1.0;1.0;1.0;1.0;2022
São Carlos;2;31.0;487.0;487.0;0.0;0.0;0.0;470.0;17.0;0.0;0.0;0.0;1.0;1.0;1.0;1.0;2022
São Carlos;2;73.0;903.0;459.0;444.0;0.0;1.0;433.0;436.0;33.0;0.0;0.0;1.0;1.0;1.0;0.0;2022
São Francisco;2;42.0;297.0;110.0;124.0;0.0;0.0;113.0;119.0;65.0;0.0;0.0;1.0;1.0;1.0;0.0;2022
São João da Boa Vista;2;54.0;773.0;0.0;263.0;0.0;0.0;1.0;236.0;408.0;128.0;0.0;1.0;1.0;1.0;0.0;2022
São João da Boa Vista;2;;;;;;;;;;;;;;;;2022
São João da Boa Vista;2;48.0;575.0;0.0;173.0;0.0;0.0;1.0;155.0;322.0;97.0;1.0;1.0;1.0;1.0;1.0;2022
São João da Boa Vista;2;17.0;221.0;0.0;145.0;0.0;0.0;0.0;132.0;87.0;2.0;0.0;0.0;1.0;1.0;0.0;2022
São João da Boa Vista;2;30.0;460.0;0.0;295.0;0.0;0.0;2.0;270.0;181.0;7.0;0.0;1.0;1.0;1.0;1.0;2022
São João da Boa Vista;2;29.0;475.0;0.0;332.0;0.0;0.0;1.0;312.0;157.0;5.0;0.0;1.0;1.0;1.0;0.0;2022
São João da Boa Vista;2;37.0;875.0;0.0;430.0;0.0;0.0;1.0;404.0;459.0;11.0;0.0;0.0;1.0;1.0;1.0;2022
São João da Boa Vista;2;13.0;52.0;0.0;52.0;0.0;0.0;0.0;50.0;2.0;0.0;0.0;1.0;1.0;0.0;0.0;2022
São João da Boa Vista;2;49.0;756.0;0.0;457.0;0.0;0.0;0.0;425.0;317.0;14.0;0.0;1.0;1.0;1.0;0.0;2022
São João da Boa Vista;2;21.0;265.0;0.0;192.0;0.0;0.0;0.0;176.0;87.0;2.0;0.0;1.0;1.0;1.0;1.0;2022
São João da Boa Vista;2;;;;;;;;;;;;;;;;2022
São João da Boa Vista;2;36.0;609.0;0.0;347.0;0.0;0.0;4.0;313.0;280.0;12.0;0.0;0.0;1.0;1.0;1.0;2022
São João da Boa Vista;2;15.0;177.0;0.0;121.0;0.0;0.0;0.0;102.0;72.0;3.0;0.0;1.0;1.0;1.0;0.0;2022
São João da Boa Vista;2;;;;;;;;;;;;;;;;2022
São João da Boa Vista;2;;;;;;;;;;;;;;;;2022
São João das Duas Pontes;2;16.0;180.0;0.0;112.0;0.0;0.0;3.0;99.0;73.0;5.0;0.0;1.0;1.0;1.0;0.0;2022
São João de Iracema;2;16.0;143.0;0.0;100.0;0.0;0.0;1.0;94.0;43.0;5.0;0.0;1.0;1.0;1.0;1.0;2022
São João do Pau d'Alho;2;29.0;168.0;0.0;94.0;0.0;0.0;3.0;86.0;63.0;16.0;0.0;1.0;1.0;1.0;1.0;2022
São Joaquim da Barra;2;21.0;333.0;333.0;0.0;0.0;0.0;326.0;7.0;0.0;0.0;0.0;0.0;1.0;1.0;0.0;2022
São Joaquim da Barra;2;29.0;443.0;443.0;0.0;0.0;0.0;431.0;12.0;0.0;0.0;1.0;1.0;1.0;1.0;0.0;2022
São Joaquim da Barra;2;71.0;1119.0;0.0;464.0;0.0;0.0;17.0;432.0;478.0;192.0;0.0;1.0;1.0;1.0;1.0;2022
São Joaquim da Barra;2;34.0;592.0;0.0;290.0;0.0;0.0;8.0;268.0;301.0;15.0;0.0;0.0;1.0;1.0;0.0;2022
São Joaquim da Barra;2;37.0;587.0;0.0;587.0;0.0;0.0;10.0;558.0;19.0;0.0;0.0;1.0;1.0;1.0;0.0;2022
São Joaquim da Barra;2;64.0;1061.0;0.0;0.0;0.0;0.0;0.0;7.0;643.0;411.0;1.0;1.0;1.0;1.0;1.0;2022
São Joaquim da Barra;2;37.0;690.0;690.0;0.0;0.0;0.0;677.0;13.0;0.0;0.0;0.0;1.0;1.0;1.0;0.0;2022
São Joaquim da Barra;2;26.0;298.0;0.0;298.0;0.0;0.0;4.0;285.0;9.0;0.0;0.0;1.0;1.0;1.0;0.0;2022
São Joaquim da Barra;2;;;;;;;;;;;0.0;0.0;0.0;0.0;0.0;2022
São Joaquim da Barra;2;;;;;;;;;;;;;;;;2022
São Joaquim da Barra;2;32.0;576.0;0.0;365.0;0.0;0.0;6.0;340.0;219.0;11.0;0.0;1.0;1.0;1.0;1.0;2022
São José da Bela Vista;2;36.0;896.0;0.0;485.0;0.0;0.0;4.0;426.0;420.0;46.0;0.0;1.0;1.0;1.0;0.0;2022
São José da Bela Vista;2;;;;;;;;;;;;;;;;2022
São José do Barreiro;2;12.0;160.0;0.0;0.0;0.0;0.0;0.0;2.0;139.0;19.0;0.0;1.0;1.0;0.0;0.0;2022
São José do Rio Pardo;2;41.0;396.0;0.0;142.0;0.0;0.0;3.0;129.0;258.0;6.0;0.0;1.0;1.0;1.0;0.0;2022
São José do Rio Pardo;2;44.0;712.0;273.0;439.0;0.0;0.0;268.0;410.0;34.0;0.0;0.0;1.0;1.0;1.0;1.0;2022
São José do Rio Pardo;2;33.0;515.0;0.0;360.0;0.0;0.0;7.0;330.0;174.0;4.0;0.0;1.0;1.0;1.0;1.0;2022
São José do Rio Pardo;2;12.0;187.0;187.0;0.0;0.0;0.0;184.0;3.0;0.0;0.0;0.0;1.0;1.0;0.0;1.0;2022
São José do Rio Pardo;2;64.0;814.0;0.0;265.0;0.0;0.0;2.0;234.0;457.0;121.0;0.0;1.0;1.0;1.0;0.0;2022
São José do Rio Pardo;2;17.0;236.0;236.0;0.0;0.0;0.0;232.0;3.0;1.0;0.0;0.0;0.0;1.0;1.0;0.0;2022
São José do Rio Pardo;2;28.0;234.0;57.0;130.0;0.0;0.0;56.0;120.0;55.0;3.0;0.0;1.0;1.0;0.0;1.0;2022
São José do Rio Pardo;2;49.0;767.0;0.0;0.0;0.0;0.0;0.0;2.0;553.0;212.0;1.0;1.0;1.0;1.0;0.0;2022
São José do Rio Pardo;2;;;;;;;;;;;;;;;;2022
São José do Rio Pardo;2;21.0;418.0;0.0;418.0;0.0;0.0;7.0;391.0;19.0;1.0;0.0;1.0;1.0;1.0;0.0;2022
São José do Rio Pardo;2;;;;;;;;;;;;;;;;2022
São José do Rio Pardo;2;12.0;212.0;212.0;0.0;0.0;0.0;211.0;1.0;0.0;0.0;0.0;1.0;1.0;1.0;0.0;2022
São José do Rio Preto;2;74.0;1127.0;0.0;0.0;0.0;0.0;0.0;2.0;1032.0;93.0;0.0;1.0;1.0;1.0;0.0;2022
São José do Rio Preto;2;19.0;235.0;0.0;0.0;0.0;0.0;0.0;3.0;220.0;12.0;0.0;1.0;1.0;1.0;1.0;2022
São José do Rio Preto;2;41.0;820.0;0.0;820.0;0.0;0.0;2.0;751.0;67.0;0.0;0.0;1.0;1.0;1.0;1.0;2022
São José do Rio Preto;2;22.0;404.0;0.0;404.0;0.0;0.0;3.0;370.0;31.0;0.0;0.0;1.0;1.0;1.0;0.0;2022
São José do Rio Preto;2;25.0;492.0;0.0;492.0;0.0;0.0;2.0;441.0;49.0;0.0;0.0;1.0;1.0;1.0;1.0;2022
São José do Rio Preto;2;26.0;393.0;0.0;241.0;0.0;0.0;1.0;223.0;149.0;20.0;0.0;1.0;1.0;1.0;1.0;2022
São José do Rio Preto;2;65.0;1145.0;0.0;572.0;0.0;0.0;0.0;509.0;370.0;266.0;0.0;1.0;1.0;1.0;1.0;2022
São José do Rio Preto;2;70.0;1239.0;0.0;0.0;0.0;0.0;0.0;6.0;1128.0;105.0;0.0;1.0;1.0;0.0;1.0;2022
São José do Rio Preto;2;18.0;209.0;0.0;0.0;0.0;0.0;0.0;1.0;196.0;12.0;0.0;1.0;1.0;1.0;1.0;2022
São José do Rio Preto;2;30.0;571.0;0.0;571.0;0.0;0.0;2.0;524.0;45.0;0.0;0.0;1.0;1.0;1.0;1.0;2022
São José do Rio Preto;2;56.0;946.0;0.0;574.0;0.0;0.0;1.0;537.0;379.0;29.0;0.0;1.0;1.0;1.0;0.0;2022
São José do Rio Preto;2;81.0;1140.0;0.0;482.0;0.0;0.0;7.0;431.0;652.0;50.0;0.0;1.0;1.0;1.0;1.0;2022
São José do Rio Preto;2;25.0;430.0;0.0;297.0;0.0;0.0;0.0;277.0;148.0;5.0;0.0;1.0;1.0;1.0;1.0;2022
São José do Rio Preto;2;19.0;297.0;0.0;0.0;0.0;0.0;0.0;4.0;274.0;19.0;0.0;1.0;1.0;1.0;1.0;2022
São José do Rio Preto;2;128.0;1853.0;0.0;0.0;0.0;0.0;0.0;14.0;1006.0;833.0;1.0;1.0;1.0;1.0;1.0;2022
São José do Rio Preto;2;21.0;441.0;0.0;441.0;0.0;0.0;0.0;425.0;16.0;0.0;0.0;1.0;1.0;1.0;1.0;2022
São José do Rio Preto;2;35.0;445.0;0.0;250.0;0.0;0.0;0.0;233.0;187.0;25.0;0.0;1.0;1.0;1.0;1.0;2022
São José do Rio Preto;2;50.0;875.0;0.0;467.0;0.0;0.0;1.0;425.0;433.0;16.0;0.0;1.0;1.0;1.0;1.0;2022
São José do Rio Preto;2;24.0;431.0;0.0;0.0;0.0;0.0;0.0;5.0;409.0;17.0;0.0;1.0;1.0;1.0;1.0;2022
São José do Rio Preto;2;58.0;1013.0;0.0;437.0;0.0;0.0;2.0;411.0;396.0;204.0;0.0;1.0;1.0;1.0;1.0;2022
São José do Rio Preto;2;19.0;207.0;0.0;0.0;0.0;0.0;0.0;0.0;184.0;23.0;0.0;1.0;1.0;1.0;1.0;2022
São José do Rio Preto;2;;;;;;;;;;;;;;;;2022
São José do Rio Preto;2;18.0;355.0;0.0;355.0;0.0;0.0;0.0;333.0;22.0;0.0;0.0;1.0;1.0;1.0;1.0;2022
São José do Rio Preto;2;75.0;1265.0;0.0;701.0;0.0;0.0;2.0;642.0;578.0;43.0;1.0;1.0;1.0;1.0;1.0;2022
São José do Rio Preto;2;;;;;;;;;;;;;;;;2022
São José do Rio Preto;2;18.0;385.0;0.0;385.0;0.0;0.0;1.0;366.0;18.0;0.0;0.0;1.0;1.0;1.0;1.0;2022
São José do Rio Preto;2;5.0;20.0;0.0;0.0;19.0;1.0;0.0;0.0;0.0;0.0;0.0;0.0;1.0;0.0;1.0;2022
São José do Rio Preto;2;;;;;;;;;;;;;;;;2022
São José do Rio Preto;2;58.0;1041.0;0.0;540.0;0.0;0.0;2.0;512.0;480.0;47.0;0.0;1.0;1.0;1.0;1.0;2022
São José do Rio Preto;2;7.0;68.0;0.0;0.0;0.0;0.0;0.0;0.0;0.0;68.0;0.0;0.0;0.0;0.0;0.0;2022
São José do Rio Preto;2;9.0;117.0;0.0;0.0;0.0;0.0;0.0;0.0;0.0;117.0;0.0;0.0;0.0;0.0;0.0;2022
São José do Rio Preto;2;10.0;38.0;5.0;13.0;0.0;0.0;0.0;1.0;34.0;3.0;0.0;1.0;0.0;1.0;1.0;2022
São José do Rio Preto;2;;;;;;;;;;;;;;;;2022
São José do Rio Preto;2;39.0;590.0;0.0;353.0;0.0;0.0;0.0;317.0;253.0;20.0;0.0;1.0;1.0;1.0;1.0;2022
São José do Rio Preto;2;44.0;751.0;0.0;512.0;0.0;0.0;1.0;460.0;231.0;59.0;0.0;1.0;1.0;1.0;1.0;2022
São José do Rio Preto;2;34.0;576.0;0.0;576.0;0.0;0.0;2.0;532.0;42.0;0.0;0.0;1.0;1.0;1.0;1.0;2022
São José do Rio Preto;2;48.0;1166.0;0.0;624.0;0.0;0.0;0.0;563.0;568.0;35.0;1.0;1.0;1.0;1.0;1.0;2022
São José do Rio Preto;2;41.0;886.0;0.0;419.0;0.0;0.0;2.0;374.0;462.0;48.0;1.0;1.0;1.0;1.0;1.0;2022
São José do Rio Preto;2;47.0;613.0;0.0;455.0;0.0;0.0;2.0;422.0;179.0;10.0;0.0;1.0;1.0;1.0;1.0;2022
São José do Rio Preto;2;57.0;949.0;0.0;454.0;0.0;0.0;1.0;398.0;495.0;55.0;0.0;1.0;1.0;1.0;1.0;2022
São José do Rio Preto;2;;;;;;;;;;;;;;;;2022
São José do Rio Preto;2;64.0;1187.0;0.0;654.0;0.0;0.0;0.0;603.0;538.0;46.0;0.0;1.0;1.0;1.0;1.0;2022
São José do Rio Preto;2;66.0;1133.0;0.0;603.0;0.0;0.0;1.0;564.0;521.0;47.0;0.0;1.0;1.0;1.0;1.0;2022
São José do Rio Preto;2;53.0;1035.0;0.0;634.0;0.0;0.0;4.0;579.0;418.0;34.0;0.0;1.0;1.0;1.0;1.0;2022
São José do Rio Preto;2;21.0;397.0;0.0;397.0;0.0;0.0;3.0;369.0;25.0;0.0;0.0;1.0;1.0;1.0;1.0;2022
São José do Rio Preto;2;;;;;;;;;;;0.0;0.0;1.0;0.0;0.0;2022
São José dos Campos;2;68.0;971.0;0.0;405.0;0.0;0.0;1.0;388.0;544.0;38.0;0.0;1.0;1.0;1.0;1.0;2022
São José dos Campos;2;;;;;;;;;;;;;;;;2022
São José dos Campos;2;85.0;1543.0;0.0;417.0;0.0;0.0;2.0;381.0;949.0;211.0;0.0;1.0;1.0;1.0;0.0;2022
São José dos Campos;2;18.0;345.0;345.0;0.0;0.0;0.0;334.0;11.0;0.0;0.0;0.0;1.0;1.0;0.0;0.0;2022
São José dos Campos;2;29.0;397.0;397.0;0.0;0.0;1.0;383.0;13.0;0.0;0.0;0.0;0.0;1.0;1.0;1.0;2022
São José dos Campos;2;28.0;533.0;533.0;0.0;0.0;0.0;511.0;22.0;0.0;0.0;0.0;1.0;1.0;1.0;0.0;2022
São José dos Campos;2;18.0;339.0;0.0;0.0;0.0;0.0;0.0;1.0;327.0;11.0;0.0;1.0;1.0;1.0;1.0;2022
São José dos Campos;2;22.0;380.0;380.0;0.0;0.0;0.0;360.0;20.0;0.0;0.0;0.0;0.0;1.0;1.0;0.0;2022
São José dos Campos;2;44.0;706.0;306.0;235.0;0.0;0.0;299.0;229.0;171.0;7.0;0.0;1.0;1.0;1.0;0.0;2022
São José dos Campos;2;37.0;637.0;0.0;0.0;0.0;0.0;0.0;1.0;437.0;199.0;0.0;1.0;1.0;1.0;1.0;2022
São José dos Campos;2;33.0;428.0;0.0;204.0;0.0;0.0;0.0;198.0;217.0;13.0;0.0;1.0;1.0;1.0;1.0;2022
São José dos Campos;2;38.0;558.0;0.0;245.0;0.0;0.0;0.0;227.0;309.0;22.0;0.0;1.0;1.0;1.0;0.0;2022
São José dos Campos;2;33.0;413.0;153.0;144.0;0.0;0.0;147.0;143.0;122.0;1.0;0.0;1.0;1.0;1.0;1.0;2022
São José dos Campos;2;25.0;354.0;159.0;106.0;0.0;0.0;149.0;100.0;101.0;4.0;0.0;1.0;1.0;1.0;0.0;2022
São José dos Campos;2;17.0;242.0;0.0;242.0;0.0;0.0;0.0;229.0;13.0;0.0;0.0;1.0;1.0;1.0;1.0;2022
São José dos Campos;2;27.0;438.0;179.0;259.0;0.0;0.0;165.0;247.0;26.0;0.0;0.0;1.0;1.0;1.0;0.0;2022
São José dos Campos;2;48.0;584.0;0.0;351.0;0.0;0.0;1.0;325.0;250.0;8.0;0.0;1.0;1.0;1.0;1.0;2022
São José dos Campos;2;32.0;555.0;555.0;0.0;0.0;1.0;514.0;40.0;0.0;0.0;0.0;1.0;1.0;0.0;0.0;2022
São José dos Campos;2;15.0;305.0;0.0;0.0;0.0;0.0;0.0;0.0;266.0;39.0;0.0;1.0;1.0;0.0;1.0;2022
São José dos Campos;2;51.0;638.0;0.0;0.0;0.0;0.0;0.0;0.0;536.0;102.0;0.0;1.0;1.0;1.0;0.0;2022
São José dos Campos;2;48.0;981.0;503.0;478.0;0.0;0.0;486.0;467.0;27.0;1.0;0.0;1.0;1.0;1.0;1.0;2022
São José dos Campos;2;32.0;322.0;322.0;0.0;0.0;0.0;304.0;18.0;0.0;0.0;0.0;0.0;1.0;0.0;0.0;2022
São José dos Campos;2;53.0;1201.0;356.0;381.0;0.0;3.0;354.0;368.0;464.0;12.0;0.0;1.0;1.0;1.0;1.0;2022
São José dos Campos;2;18.0;295.0;295.0;0.0;0.0;0.0;286.0;9.0;0.0;0.0;0.0;1.0;1.0;1.0;1.0;2022
São José dos Campos;2;15.0;315.0;0.0;315.0;0.0;0.0;1.0;297.0;17.0;0.0;0.0;1.0;1.0;1.0;1.0;2022
São José dos Campos;2;29.0;585.0;0.0;316.0;0.0;0.0;0.0;290.0;284.0;11.0;0.0;1.0;1.0;1.0;1.0;2022
São José dos Campos;2;20.0;363.0;0.0;0.0;0.0;0.0;0.0;1.0;359.0;3.0;0.0;1.0;1.0;1.0;1.0;2022
São José dos Campos;2;68.0;1095.0;0.0;170.0;0.0;0.0;0.0;157.0;603.0;335.0;0.0;1.0;1.0;1.0;1.0;2022
São José dos Campos;2;39.0;684.0;0.0;0.0;0.0;0.0;0.0;1.0;625.0;58.0;0.0;0.0;1.0;1.0;0.0;2022
São José dos Campos;2;24.0;488.0;0.0;0.0;0.0;0.0;0.0;4.0;463.0;21.0;0.0;1.0;1.0;1.0;1.0;2022
São José dos Campos;2;17.0;275.0;0.0;0.0;0.0;0.0;0.0;2.0;266.0;7.0;0.0;1.0;1.0;1.0;0.0;2022
São José dos Campos;2;17.0;266.0;0.0;0.0;0.0;0.0;0.0;0.0;261.0;5.0;0.0;1.0;1.0;1.0;1.0;2022
São José dos Campos;2;45.0;505.0;113.0;217.0;0.0;0.0;106.0;195.0;187.0;17.0;0.0;1.0;1.0;1.0;0.0;2022
São José dos Campos;2;101.0;1685.0;438.0;399.0;0.0;0.0;419.0;386.0;836.0;44.0;0.0;1.0;1.0;1.0;1.0;2022
São José dos Campos;2;83.0;1364.0;486.0;432.0;0.0;0.0;439.0;430.0;450.0;45.0;0.0;1.0;1.0;1.0;1.0;2022
São José dos Campos;2;47.0;818.0;338.0;300.0;0.0;0.0;322.0;289.0;199.0;8.0;0.0;1.0;1.0;1.0;1.0;2022
São José dos Campos;2;60.0;862.0;275.0;324.0;0.0;0.0;258.0;310.0;275.0;19.0;0.0;1.0;1.0;1.0;1.0;2022
São José dos Campos;2;;;;;;;;;;;;;;;;2022
São José dos Campos;2;71.0;1203.0;0.0;0.0;0.0;0.0;0.0;3.0;1012.0;188.0;0.0;1.0;1.0;1.0;1.0;2022
São José dos Campos;2;49.0;1058.0;308.0;440.0;0.0;0.0;288.0;435.0;308.0;27.0;0.0;1.0;1.0;1.0;0.0;2022
São José dos Campos;2;20.0;344.0;0.0;0.0;0.0;0.0;0.0;3.0;333.0;8.0;0.0;1.0;1.0;1.0;1.0;2022
São José dos Campos;2;34.0;367.0;143.0;224.0;0.0;0.0;141.0;212.0;14.0;0.0;0.0;1.0;1.0;1.0;0.0;2022
São José dos Campos;2;61.0;966.0;0.0;396.0;0.0;0.0;1.0;362.0;462.0;141.0;0.0;1.0;1.0;1.0;0.0;2022
São José dos Campos;2;38.0;597.0;198.0;220.0;0.0;0.0;185.0;221.0;173.0;18.0;0.0;1.0;1.0;1.0;1.0;2022
São José dos Campos;2;14.0;181.0;181.0;0.0;0.0;0.0;166.0;15.0;0.0;0.0;0.0;1.0;1.0;0.0;1.0;2022
São José dos Campos;2;60.0;859.0;0.0;261.0;0.0;0.0;0.0;230.0;468.0;161.0;0.0;1.0;1.0;1.0;0.0;2022
São José dos Campos;2;21.0;350.0;350.0;0.0;0.0;0.0;330.0;20.0;0.0;0.0;0.0;0.0;1.0;1.0;0.0;2022
São José dos Campos;2;87.0;1392.0;452.0;529.0;0.0;0.0;427.0;532.0;417.0;16.0;0.0;1.0;1.0;1.0;1.0;2022
São José dos Campos;2;24.0;392.0;392.0;0.0;0.0;1.0;380.0;11.0;0.0;0.0;0.0;1.0;1.0;0.0;1.0;2022
São José dos Campos;2;;;;;;;;;;;;;;;;2022
São José dos Campos;2;14.0;20.0;0.0;2.0;0.0;0.0;0.0;0.0;8.0;12.0;0.0;0.0;1.0;0.0;0.0;2022
São José dos Campos;2;;;;;;;;;;;;;;;;2022
São José dos Campos;2;;;;;;;;;;;;;;;;2022
São José dos Campos;2;;;;;;;;;;;;;;;;2022
São José dos Campos;2;;;;;;;;;;;;;;;;2022
São José dos Campos;2;;;;;;;;;;;;;;;;2022
São José dos Campos;2;;;;;;;;;;;;;;;;2022
São José dos Campos;2;;;;;;;;;;;;;;;;2022
São José dos Campos;2;28.0;451.0;0.0;0.0;0.0;0.0;0.0;1.0;410.0;40.0;0.0;1.0;1.0;1.0;1.0;2022
São José dos Campos;2;67.0;1266.0;0.0;0.0;0.0;0.0;0.0;2.0;970.0;294.0;1.0;1.0;1.0;0.0;1.0;2022
São José dos Campos;2;10.0;49.0;0.0;0.0;0.0;0.0;0.0;0.0;0.0;49.0;0.0;0.0;0.0;0.0;0.0;2022
São José dos Campos;2;;;;;;;;;;;0.0;1.0;1.0;1.0;1.0;2022
São José dos Campos;2;36.0;481.0;0.0;0.0;0.0;0.0;0.0;0.0;386.0;95.0;0.0;0.0;1.0;1.0;1.0;2022
São José dos Campos;2;45.0;636.0;0.0;306.0;0.0;0.0;1.0;285.0;329.0;21.0;0.0;1.0;1.0;1.0;1.0;2022
São José dos Campos;2;;;;;;;;;;;;;;;;2022
São José dos Campos;2;51.0;1097.0;422.0;360.0;0.0;0.0;393.0;354.0;324.0;26.0;0.0;1.0;1.0;1.0;1.0;2022
São José dos Campos;2;39.0;601.0;601.0;0.0;0.0;0.0;571.0;30.0;0.0;0.0;1.0;1.0;1.0;1.0;1.0;2022
São José dos Campos;2;40.0;719.0;719.0;0.0;0.0;0.0;683.0;36.0;0.0;0.0;0.0;0.0;1.0;1.0;1.0;2022
São José dos Campos;2;21.0;260.0;141.0;119.0;0.0;0.0;136.0;119.0;5.0;0.0;0.0;1.0;1.0;1.0;0.0;2022
São José dos Campos;2;66.0;1119.0;0.0;614.0;0.0;0.0;0.0;571.0;535.0;13.0;0.0;1.0;1.0;1.0;0.0;2022
São José dos Campos;2;48.0;1091.0;314.0;360.0;0.0;0.0;302.0;331.0;443.0;15.0;0.0;1.0;1.0;1.0;0.0;2022
São José dos Campos;2;;;;;;;;;;;;;;;;2022
São José dos Campos;2;63.0;602.0;0.0;181.0;0.0;0.0;1.0;158.0;407.0;36.0;0.0;1.0;1.0;1.0;0.0;2022
São José dos Campos;2;23.0;418.0;418.0;0.0;0.0;0.0;399.0;19.0;0.0;0.0;0.0;0.0;1.0;1.0;1.0;2022
São José dos Campos;2;49.0;549.0;212.0;212.0;0.0;0.0;202.0;201.0;140.0;6.0;0.0;1.0;1.0;1.0;1.0;2022
São José dos Campos;2;;;;;;;;;;;;;;;;2022
São José dos Campos;2;19.0;286.0;0.0;0.0;0.0;0.0;0.0;2.0;272.0;12.0;0.0;1.0;1.0;1.0;1.0;2022
São José dos Campos;2;8.0;112.0;0.0;0.0;0.0;0.0;0.0;2.0;109.0;1.0;0.0;0.0;1.0;1.0;0.0;2022
São José dos Campos;2;34.0;558.0;293.0;265.0;0.0;0.0;278.0;256.0;24.0;0.0;0.0;1.0;1.0;0.0;1.0;2022
São José dos Campos;2;48.0;977.0;505.0;472.0;0.0;0.0;476.0;461.0;40.0;0.0;0.0;1.0;1.0;1.0;1.0;2022
São José dos Campos;2;21.0;316.0;0.0;316.0;0.0;0.0;0.0;292.0;24.0;0.0;0.0;1.0;1.0;1.0;0.0;2022
São José dos Campos;2;65.0;1186.0;399.0;370.0;0.0;0.0;386.0;358.0;416.0;26.0;0.0;1.0;1.0;1.0;1.0;2022
São José dos Campos;2;59.0;893.0;388.0;505.0;0.0;0.0;375.0;488.0;30.0;0.0;0.0;1.0;1.0;1.0;1.0;2022
São José dos Campos;2;43.0;854.0;854.0;0.0;0.0;0.0;813.0;40.0;1.0;0.0;0.0;1.0;1.0;1.0;1.0;2022
São José dos Campos;2;;;;;;;;;;;;;;;;2022
São José dos Campos;2;59.0;915.0;0.0;404.0;0.0;0.0;0.0;374.0;513.0;28.0;0.0;1.0;1.0;1.0;1.0;2022
São José dos Campos;2;34.0;607.0;607.0;0.0;0.0;0.0;583.0;24.0;0.0;0.0;0.0;1.0;1.0;1.0;0.0;2022
São José dos Campos;2;26.0;509.0;509.0;0.0;0.0;0.0;478.0;31.0;0.0;0.0;0.0;1.0;1.0;1.0;1.0;2022
São José dos Campos;2;42.0;872.0;297.0;173.0;0.0;0.0;285.0;176.0;393.0;18.0;0.0;1.0;1.0;1.0;1.0;2022
São José dos Campos;2;35.0;605.0;605.0;0.0;0.0;0.0;585.0;20.0;0.0;0.0;0.0;1.0;1.0;1.0;1.0;2022
São José dos Campos;2;26.0;312.0;0.0;0.0;0.0;0.0;0.0;1.0;300.0;11.0;0.0;1.0;1.0;1.0;1.0;2022
São José dos Campos;2;50.0;946.0;0.0;454.0;0.0;0.0;0.0;424.0;498.0;24.0;0.0;1.0;1.0;1.0;1.0;2022
São José dos Campos;2;66.0;1151.0;0.0;424.0;0.0;0.0;1.0;383.0;694.0;73.0;0.0;1.0;1.0;1.0;1.0;2022
São José dos Campos;2;20.0;2247.0;0.0;0.0;0.0;0.0;0.0;0.0;2.0;2245.0;0.0;0.0;1.0;1.0;0.0;2022
São José dos Campos;2;;;;;;;;;;;0.0;0.0;1.0;0.0;0.0;2022
São Lourenço da Serra;2;50.0;710.0;0.0;370.0;0.0;0.0;8.0;333.0;291.0;78.0;0.0;1.0;1.0;1.0;0.0;2022
São Lourenço da Serra;2;23.0;492.0;0.0;311.0;0.0;0.0;7.0;290.0;191.0;4.0;0.0;0.0;1.0;1.0;0.0;2022
São Lourenço da Serra;2;18.0;246.0;0.0;162.0;0.0;0.0;0.0;152.0;86.0;8.0;0.0;0.0;1.0;0.0;0.0;2022
São Luiz do Paraitinga;2;31.0;349.0;0.0;0.0;0.0;0.0;0.0;10.0;309.0;30.0;0.0;1.0;1.0;1.0;1.0;2022
São Manuel;2;38.0;353.0;0.0;0.0;0.0;0.0;0.0;1.0;293.0;59.0;1.0;1.0;1.0;1.0;1.0;2022
São Manuel;2;72.0;1186.0;0.0;635.0;0.0;0.0;11.0;590.0;475.0;110.0;1.0;1.0;1.0;1.0;1.0;2022
São Manuel;2;43.0;521.0;0.0;306.0;0.0;0.0;4.0;269.0;233.0;15.0;0.0;1.0;1.0;1.0;0.0;2022
São Manuel;2;15.0;264.0;0.0;35.0;0.0;0.0;5.0;35.0;222.0;2.0;0.0;1.0;1.0;1.0;0.0;2022
São Manuel;2;34.0;409.0;0.0;284.0;0.0;0.0;4.0;260.0;137.0;8.0;0.0;0.0;1.0;1.0;1.0;2022
São Manuel;2;35.0;622.0;0.0;432.0;0.0;0.0;9.0;397.0;209.0;7.0;0.0;0.0;1.0;1.0;1.0;2022
São Manuel;2;;;;;;;;;;;;;;;;2022
São Miguel Arcanjo;2;34.0;437.0;0.0;305.0;0.0;0.0;6.0;279.0;150.0;2.0;0.0;1.0;1.0;1.0;1.0;2022
São Miguel Arcanjo;2;28.0;335.0;0.0;213.0;0.0;0.0;2.0;204.0;129.0;0.0;0.0;1.0;1.0;0.0;0.0;2022
São Miguel Arcanjo;2;12.0;149.0;0.0;95.0;0.0;0.0;5.0;88.0;55.0;1.0;0.0;1.0;1.0;1.0;1.0;2022
São Miguel Arcanjo;2;49.0;802.0;0.0;380.0;0.0;0.0;8.0;358.0;355.0;81.0;0.0;0.0;1.0;1.0;0.0;2022
São Miguel Arcanjo;2;45.0;537.0;0.0;324.0;0.0;0.0;10.0;306.0;212.0;9.0;0.0;1.0;1.0;1.0;1.0;2022
São Miguel Arcanjo;2;36.0;634.0;0.0;423.0;0.0;0.0;5.0;404.0;222.0;3.0;0.0;1.0;1.0;1.0;0.0;2022
São Paulo;2;26.0;549.0;0.0;549.0;0.0;0.0;2.0;526.0;21.0;0.0;0.0;1.0;1.0;1.0;1.0;2022
São Paulo;2;115.0;2524.0;442.0;553.0;0.0;0.0;417.0;529.0;988.0;590.0;0.0;1.0;1.0;1.0;1.0;2022
São Paulo;2;104.0;2075.0;0.0;844.0;0.0;0.0;1.0;770.0;1120.0;184.0;0.0;1.0;1.0;1.0;1.0;2022
São Paulo;2;73.0;1630.0;0.0;0.0;0.0;0.0;0.0;4.0;1379.0;247.0;0.0;1.0;1.0;1.0;0.0;2022
São Paulo;2;50.0;1249.0;0.0;0.0;0.0;0.0;0.0;3.0;1064.0;182.0;1.0;1.0;1.0;1.0;1.0;2022
São Paulo;2;48.0;897.0;897.0;0.0;0.0;0.0;856.0;41.0;0.0;0.0;0.0;1.0;1.0;1.0;1.0;2022
São Paulo;2;16.0;325.0;325.0;0.0;0.0;0.0;319.0;6.0;0.0;0.0;0.0;1.0;1.0;1.0;0.0;2022
São Paulo;2;29.0;590.0;590.0;0.0;0.0;0.0;558.0;32.0;0.0;0.0;0.0;0.0;1.0;1.0;0.0;2022
São Paulo;2;32.0;366.0;0.0;0.0;0.0;0.0;0.0;1.0;341.0;24.0;0.0;1.0;1.0;1.0;1.0;2022
São Paulo;2;52.0;1123.0;1123.0;0.0;0.0;0.0;1071.0;52.0;0.0;0.0;0.0;0.0;1.0;1.0;1.0;2022
São Paulo;2;38.0;828.0;828.0;0.0;0.0;0.0;769.0;59.0;0.0;0.0;0.0;0.0;1.0;1.0;0.0;2022
São Paulo;2;35.0;668.0;668.0;0.0;0.0;0.0;633.0;35.0;0.0;0.0;0.0;1.0;1.0;1.0;0.0;2022
São Paulo;2;87.0;1850.0;0.0;286.0;0.0;0.0;1.0;262.0;1053.0;534.0;0.0;1.0;1.0;1.0;0.0;2022
São Paulo;2;31.0;429.0;0.0;202.0;0.0;0.0;1.0;181.0;219.0;28.0;0.0;1.0;1.0;1.0;0.0;2022
São Paulo;2;16.0;275.0;275.0;0.0;0.0;0.0;261.0;14.0;0.0;0.0;0.0;1.0;1.0;1.0;1.0;2022
São Paulo;2;58.0;837.0;0.0;237.0;0.0;0.0;1.0;203.0;439.0;194.0;0.0;1.0;1.0;1.0;1.0;2022
São Paulo;2;35.0;681.0;0.0;409.0;0.0;0.0;0.0;370.0;294.0;17.0;0.0;1.0;1.0;1.0;1.0;2022
São Paulo;2;46.0;881.0;0.0;424.0;0.0;0.0;0.0;375.0;451.0;55.0;0.0;1.0;1.0;1.0;0.0;2022
São Paulo;2;59.0;1016.0;0.0;192.0;0.0;0.0;0.0;179.0;551.0;286.0;0.0;1.0;1.0;1.0;0.0;2022
São Paulo;2;35.0;614.0;614.0;0.0;0.0;0.0;580.0;34.0;0.0;0.0;0.0;1.0;1.0;1.0;1.0;2022
São Paulo;2;48.0;994.0;0.0;0.0;0.0;0.0;0.0;5.0;837.0;152.0;0.0;1.0;1.0;1.0;1.0;2022
São Paulo;2;79.0;1597.0;0.0;413.0;0.0;0.0;2.0;370.0;796.0;429.0;0.0;1.0;1.0;1.0;1.0;2022
São Paulo;2;51.0;945.0;945.0;0.0;0.0;0.0;892.0;53.0;0.0;0.0;0.0;1.0;1.0;1.0;1.0;2022
São Paulo;2;27.0;440.0;440.0;0.0;0.0;0.0;420.0;20.0;0.0;0.0;0.0;0.0;1.0;1.0;0.0;2022
São Paulo;2;25.0;401.0;0.0;293.0;0.0;0.0;0.0;279.0;112.0;10.0;0.0;1.0;1.0;1.0;1.0;2022
São Paulo;2;68.0;1298.0;0.0;398.0;0.0;0.0;0.0;373.0;816.0;109.0;0.0;1.0;1.0;1.0;1.0;2022
São Paulo;2;51.0;1010.0;1010.0;0.0;0.0;0.0;970.0;40.0;0.0;0.0;1.0;1.0;1.0;1.0;1.0;2022
São Paulo;2;95.0;2073.0;0.0;1011.0;0.0;0.0;7.0;947.0;1011.0;108.0;0.0;1.0;1.0;1.0;1.0;2022
São Paulo;2;29.0;468.0;468.0;0.0;0.0;0.0;440.0;28.0;0.0;0.0;0.0;1.0;1.0;1.0;0.0;2022
São Paulo;2;23.0;277.0;0.0;187.0;0.0;0.0;0.0;168.0;105.0;4.0;0.0;1.0;1.0;1.0;1.0;2022
São Paulo;2;32.0;427.0;427.0;0.0;0.0;0.0;406.0;21.0;0.0;0.0;0.0;1.0;1.0;1.0;1.0;2022
São Paulo;2;46.0;675.0;0.0;320.0;0.0;0.0;0.0;266.0;370.0;39.0;0.0;1.0;1.0;0.0;1.0;2022
São Paulo;2;50.0;1095.0;0.0;428.0;0.0;0.0;2.0;404.0;629.0;60.0;0.0;1.0;1.0;1.0;1.0;2022
São Paulo;2;35.0;661.0;661.0;0.0;0.0;0.0;635.0;26.0;0.0;0.0;0.0;0.0;1.0;1.0;1.0;2022
São Paulo;2;27.0;552.0;294.0;258.0;0.0;0.0;280.0;254.0;18.0;0.0;0.0;1.0;1.0;1.0;0.0;2022
São Paulo;2;33.0;562.0;562.0;0.0;0.0;0.0;534.0;28.0;0.0;0.0;0.0;1.0;1.0;1.0;1.0;2022
São Paulo;2;83.0;1480.0;0.0;271.0;0.0;0.0;1.0;248.0;1074.0;157.0;0.0;1.0;1.0;1.0;0.0;2022
São Paulo;2;62.0;1236.0;0.0;556.0;0.0;0.0;1.0;508.0;671.0;56.0;0.0;1.0;1.0;1.0;0.0;2022
São Paulo;2;60.0;1317.0;0.0;309.0;0.0;0.0;3.0;280.0;707.0;327.0;0.0;0.0;1.0;1.0;0.0;2022
São Paulo;2;57.0;996.0;0.0;378.0;0.0;0.0;0.0;343.0;566.0;87.0;0.0;1.0;1.0;1.0;1.0;2022
São Paulo;2;27.0;495.0;0.0;334.0;0.0;0.0;0.0;314.0;176.0;5.0;0.0;1.0;1.0;1.0;0.0;2022
São Paulo;2;33.0;771.0;771.0;0.0;0.0;0.0;733.0;38.0;0.0;0.0;0.0;1.0;1.0;1.0;0.0;2022
São Paulo;2;34.0;610.0;610.0;0.0;0.0;0.0;582.0;28.0;0.0;0.0;0.0;1.0;1.0;1.0;1.0;2022
São Paulo;2;28.0;444.0;444.0;0.0;0.0;0.0;426.0;18.0;0.0;0.0;0.0;1.0;1.0;1.0;0.0;2022
São Paulo;2;73.0;1387.0;0.0;506.0;0.0;0.0;0.0;473.0;685.0;229.0;0.0;1.0;1.0;1.0;1.0;2022
São Paulo;2;34.0;475.0;0.0;274.0;0.0;0.0;0.0;253.0;188.0;34.0;0.0;1.0;1.0;1.0;1.0;2022
São Paulo;2;23.0;350.0;350.0;0.0;0.0;0.0;336.0;14.0;0.0;0.0;0.0;0.0;1.0;1.0;1.0;2022
São Paulo;2;80.0;1725.0;0.0;0.0;0.0;0.0;0.0;13.0;1270.0;442.0;1.0;1.0;1.0;1.0;0.0;2022
São Paulo;2;40.0;805.0;0.0;237.0;0.0;0.0;2.0;213.0;539.0;51.0;0.0;1.0;1.0;1.0;1.0;2022
São Paulo;2;46.0;829.0;829.0;0.0;0.0;0.0;793.0;36.0;0.0;0.0;0.0;1.0;1.0;1.0;1.0;2022
São Paulo;2;27.0;489.0;489.0;0.0;0.0;0.0;471.0;18.0;0.0;0.0;0.0;1.0;1.0;1.0;0.0;2022
São Paulo;2;62.0;1052.0;0.0;334.0;0.0;0.0;0.0;294.0;683.0;75.0;0.0;1.0;1.0;1.0;1.0;2022
São Paulo;2;77.0;1372.0;0.0;405.0;0.0;0.0;0.0;366.0;580.0;426.0;0.0;1.0;1.0;1.0;1.0;2022
São Paulo;2;38.0;749.0;749.0;0.0;0.0;0.0;705.0;44.0;0.0;0.0;0.0;1.0;1.0;1.0;0.0;2022
São Paulo;2;50.0;1228.0;0.0;702.0;0.0;0.0;2.0;649.0;536.0;41.0;0.0;1.0;1.0;1.0;0.0;2022
São Paulo;2;27.0;554.0;554.0;0.0;0.0;0.0;512.0;41.0;1.0;0.0;1.0;1.0;1.0;1.0;1.0;2022
São Paulo;2;23.0;296.0;0.0;296.0;0.0;0.0;2.0;281.0;13.0;0.0;0.0;1.0;1.0;1.0;1.0;2022
São Paulo;2;23.0;383.0;0.0;258.0;0.0;0.0;0.0;235.0;146.0;2.0;0.0;1.0;1.0;1.0;0.0;2022
São Paulo;2;31.0;591.0;591.0;0.0;0.0;0.0;564.0;27.0;0.0;0.0;0.0;1.0;1.0;1.0;1.0;2022
São Paulo;2;87.0;1794.0;0.0;551.0;0.0;0.0;2.0;511.0;841.0;440.0;0.0;1.0;1.0;1.0;1.0;2022
São Paulo;2;25.0;491.0;491.0;0.0;0.0;0.0;466.0;25.0;0.0;0.0;0.0;1.0;1.0;1.0;0.0;2022
São Paulo;2;60.0;1059.0;0.0;380.0;0.0;0.0;0.0;340.0;556.0;163.0;0.0;1.0;1.0;1.0;0.0;2022
São Paulo;2;19.0;389.0;389.0;0.0;0.0;0.0;366.0;23.0;0.0;0.0;0.0;1.0;1.0;1.0;0.0;2022
São Paulo;2;19.0;318.0;318.0;0.0;0.0;0.0;298.0;20.0;0.0;0.0;1.0;1.0;1.0;1.0;1.0;2022
São Paulo;2;14.0;263.0;0.0;263.0;0.0;0.0;0.0;250.0;13.0;0.0;0.0;1.0;1.0;1.0;1.0;2022
São Paulo;2;32.0;473.0;0.0;278.0;0.0;0.0;1.0;261.0;206.0;5.0;0.0;1.0;1.0;1.0;1.0;2022
São Paulo;2;88.0;1505.0;0.0;669.0;0.0;0.0;2.0;621.0;794.0;88.0;0.0;1.0;1.0;1.0;1.0;2022
São Paulo;2;47.0;694.0;412.0;282.0;0.0;0.0;384.0;275.0;35.0;0.0;0.0;1.0;1.0;1.0;0.0;2022
São Paulo;2;68.0;1131.0;516.0;375.0;0.0;0.0;477.0;364.0;259.0;31.0;0.0;1.0;1.0;1.0;0.0;2022
São Paulo;2;43.0;844.0;844.0;0.0;0.0;0.0;805.0;39.0;0.0;0.0;0.0;1.0;1.0;1.0;0.0;2022
São Paulo;2;24.0;347.0;0.0;199.0;0.0;0.0;0.0;181.0;154.0;12.0;0.0;1.0;1.0;1.0;1.0;2022
São Paulo;2;24.0;359.0;0.0;184.0;0.0;0.0;0.0;179.0;172.0;8.0;1.0;1.0;1.0;1.0;1.0;2022
São Paulo;2;84.0;1378.0;0.0;298.0;0.0;0.0;0.0;279.0;636.0;463.0;0.0;1.0;1.0;1.0;1.0;2022
São Paulo;2;49.0;876.0;0.0;311.0;0.0;0.0;0.0;288.0;521.0;67.0;0.0;1.0;1.0;1.0;0.0;2022
São Paulo;2;39.0;705.0;705.0;0.0;0.0;0.0;676.0;29.0;0.0;0.0;0.0;1.0;1.0;1.0;1.0;2022
São Paulo;2;44.0;724.0;0.0;294.0;0.0;0.0;0.0;262.0;406.0;56.0;0.0;1.0;1.0;1.0;1.0;2022
São Paulo;2;32.0;647.0;647.0;0.0;0.0;0.0;619.0;28.0;0.0;0.0;0.0;1.0;1.0;1.0;1.0;2022
São Paulo;2;17.0;274.0;274.0;0.0;0.0;0.0;258.0;16.0;0.0;0.0;0.0;1.0;1.0;1.0;1.0;2022
São Paulo;2;68.0;1340.0;0.0;454.0;0.0;0.0;0.0;422.0;679.0;239.0;1.0;1.0;1.0;1.0;1.0;2022
São Paulo;2;25.0;368.0;0.0;231.0;0.0;0.0;0.0;211.0;144.0;13.0;1.0;1.0;1.0;1.0;1.0;2022
São Paulo;2;43.0;609.0;0.0;327.0;0.0;0.0;1.0;296.0;281.0;31.0;0.0;1.0;1.0;1.0;0.0;2022
São Paulo;2;77.0;1364.0;0.0;429.0;0.0;0.0;2.0;384.0;613.0;365.0;0.0;1.0;1.0;1.0;1.0;2022
São Paulo;2;69.0;1404.0;0.0;525.0;0.0;0.0;1.0;492.0;665.0;246.0;0.0;1.0;1.0;1.0;1.0;2022
São Paulo;2;24.0;501.0;501.0;0.0;0.0;0.0;471.0;29.0;1.0;0.0;0.0;1.0;1.0;1.0;0.0;2022
São Paulo;2;19.0;422.0;422.0;0.0;0.0;0.0;404.0;18.0;0.0;0.0;0.0;0.0;1.0;1.0;1.0;2022
São Paulo;2;43.0;706.0;0.0;344.0;0.0;0.0;2.0;309.0;353.0;42.0;0.0;1.0;1.0;1.0;1.0;2022
São Paulo;2;15.0;296.0;296.0;0.0;0.0;0.0;271.0;25.0;0.0;0.0;0.0;0.0;1.0;1.0;0.0;2022
São Paulo;2;25.0;404.0;0.0;264.0;0.0;0.0;2.0;247.0;141.0;14.0;0.0;1.0;1.0;0.0;1.0;2022
São Paulo;2;37.0;591.0;0.0;191.0;0.0;0.0;0.0;167.0;267.0;157.0;0.0;1.0;1.0;1.0;0.0;2022
São Paulo;2;48.0;788.0;0.0;0.0;0.0;0.0;0.0;3.0;719.0;66.0;0.0;1.0;1.0;1.0;0.0;2022
São Paulo;2;20.0;342.0;0.0;253.0;0.0;0.0;1.0;232.0;103.0;6.0;0.0;1.0;1.0;1.0;0.0;2022
São Paulo;2;27.0;496.0;0.0;0.0;0.0;0.0;0.0;3.0;469.0;24.0;0.0;1.0;1.0;1.0;1.0;2022
São Paulo;2;112.0;1656.0;0.0;0.0;0.0;0.0;0.0;3.0;835.0;818.0;1.0;1.0;1.0;1.0;1.0;2022
São Paulo;2;33.0;446.0;0.0;125.0;0.0;0.0;0.0;113.0;292.0;41.0;0.0;1.0;1.0;1.0;1.0;2022
São Paulo;2;29.0;551.0;0.0;279.0;0.0;0.0;1.0;268.0;259.0;23.0;0.0;1.0;1.0;1.0;1.0;2022
São Paulo;2;36.0;575.0;575.0;0.0;0.0;0.0;551.0;23.0;1.0;0.0;0.0;1.0;1.0;1.0;0.0;2022
São Paulo;2;31.0;568.0;0.0;336.0;0.0;0.0;1.0;311.0;239.0;17.0;0.0;1.0;1.0;1.0;1.0;2022
São Paulo;2;91.0;2080.0;0.0;487.0;0.0;0.0;1.0;454.0;1424.0;201.0;0.0;1.0;1.0;1.0;1.0;2022
São Paulo;2;52.0;1223.0;0.0;336.0;0.0;0.0;1.0;312.0;807.0;103.0;0.0;1.0;1.0;1.0;1.0;2022
São Paulo;2;24.0;455.0;0.0;283.0;0.0;0.0;0.0;268.0;182.0;5.0;0.0;1.0;1.0;1.0;0.0;2022
São Paulo;2;33.0;443.0;0.0;266.0;0.0;0.0;1.0;253.0;184.0;5.0;0.0;1.0;1.0;1.0;1.0;2022
São Paulo;2;35.0;579.0;579.0;0.0;0.0;0.0;565.0;14.0;0.0;0.0;0.0;1.0;1.0;1.0;1.0;2022
São Paulo;2;39.0;707.0;707.0;0.0;0.0;0.0;682.0;25.0;0.0;0.0;0.0;1.0;1.0;1.0;1.0;2022
São Paulo;2;53.0;1085.0;1085.0;0.0;0.0;0.0;1036.0;49.0;0.0;0.0;0.0;1.0;1.0;1.0;1.0;2022
São Paulo;2;40.0;645.0;326.0;319.0;0.0;0.0;303.0;317.0;25.0;0.0;0.0;1.0;1.0;1.0;1.0;2022
São Paulo;2;48.0;849.0;849.0;0.0;0.0;0.0;810.0;39.0;0.0;0.0;0.0;1.0;1.0;1.0;1.0;2022
São Paulo;2;36.0;644.0;644.0;0.0;0.0;0.0;598.0;46.0;0.0;0.0;0.0;1.0;1.0;1.0;1.0;2022
São Paulo;2;37.0;630.0;630.0;0.0;0.0;0.0;613.0;17.0;0.0;0.0;0.0;1.0;1.0;1.0;1.0;2022
São Paulo;2;58.0;965.0;0.0;414.0;0.0;0.0;0.0;367.0;544.0;54.0;0.0;1.0;1.0;1.0;0.0;2022
São Paulo;2;69.0;1325.0;0.0;527.0;0.0;0.0;1.0;493.0;738.0;93.0;0.0;0.0;1.0;1.0;0.0;2022
São Paulo;2;89.0;1588.0;0.0;548.0;0.0;0.0;2.0;523.0;700.0;363.0;0.0;1.0;1.0;1.0;0.0;2022
São Paulo;2;66.0;890.0;0.0;270.0;0.0;0.0;1.0;238.0;580.0;71.0;0.0;1.0;1.0;1.0;1.0;2022
São Paulo;2;88.0;1721.0;0.0;397.0;0.0;0.0;0.0;358.0;1173.0;190.0;0.0;1.0;1.0;1.0;1.0;2022
São Paulo;2;38.0;801.0;801.0;0.0;0.0;0.0;764.0;37.0;0.0;0.0;0.0;1.0;1.0;1.0;1.0;2022
São Paulo;2;67.0;1093.0;459.0;340.0;0.0;0.0;425.0;340.0;305.0;23.0;0.0;1.0;1.0;1.0;0.0;2022
São Paulo;2;38.0;965.0;965.0;0.0;0.0;0.0;930.0;35.0;0.0;0.0;1.0;1.0;1.0;1.0;0.0;2022
São Paulo;2;20.0;320.0;320.0;0.0;0.0;0.0;308.0;12.0;0.0;0.0;0.0;0.0;1.0;1.0;0.0;2022
São Paulo;2;22.0;438.0;438.0;0.0;0.0;0.0;417.0;21.0;0.0;0.0;0.0;0.0;1.0;1.0;1.0;2022
São Paulo;2;51.0;735.0;0.0;235.0;0.0;0.0;1.0;211.0;332.0;191.0;0.0;1.0;1.0;1.0;0.0;2022
São Paulo;2;44.0;612.0;0.0;248.0;0.0;0.0;0.0;237.0;352.0;23.0;0.0;1.0;1.0;1.0;0.0;2022
São Paulo;2;29.0;457.0;0.0;273.0;0.0;0.0;0.0;257.0;191.0;9.0;0.0;1.0;1.0;1.0;1.0;2022
São Paulo;2;33.0;548.0;0.0;392.0;0.0;0.0;0.0;373.0;163.0;12.0;0.0;1.0;1.0;1.0;1.0;2022
São Paulo;2;27.0;458.0;0.0;274.0;0.0;0.0;1.0;259.0;180.0;18.0;0.0;1.0;1.0;1.0;1.0;2022
São Paulo;2;51.0;990.0;0.0;468.0;0.0;0.0;2.0;439.0;505.0;44.0;0.0;1.0;1.0;1.0;0.0;2022
São Paulo;2;36.0;514.0;60.0;217.0;0.0;0.0;60.0;195.0;229.0;30.0;0.0;1.0;1.0;1.0;0.0;2022
São Paulo;2;28.0;636.0;636.0;0.0;0.0;0.0;611.0;25.0;0.0;0.0;0.0;0.0;1.0;1.0;0.0;2022
São Paulo;2;59.0;1063.0;0.0;470.0;0.0;0.0;1.0;426.0;470.0;166.0;0.0;1.0;1.0;1.0;1.0;2022
São Paulo;2;43.0;639.0;639.0;0.0;0.0;0.0;608.0;31.0;0.0;0.0;0.0;1.0;1.0;1.0;1.0;2022
São Paulo;2;65.0;1253.0;545.0;448.0;0.0;0.0;509.0;427.0;289.0;28.0;0.0;1.0;1.0;1.0;0.0;2022
São Paulo;2;34.0;716.0;716.0;0.0;0.0;0.0;689.0;27.0;0.0;0.0;0.0;1.0;1.0;1.0;1.0;2022
São Paulo;2;17.0;204.0;0.0;0.0;0.0;0.0;0.0;2.0;176.0;26.0;0.0;1.0;1.0;1.0;1.0;2022
São Paulo;2;15.0;141.0;0.0;43.0;0.0;0.0;0.0;44.0;87.0;10.0;1.0;1.0;1.0;1.0;1.0;2022
São Paulo;2;15.0;284.0;284.0;0.0;0.0;0.0;275.0;9.0;0.0;0.0;0.0;1.0;1.0;1.0;1.0;2022
São Paulo;2;19.0;281.0;281.0;0.0;0.0;0.0;268.0;13.0;0.0;0.0;0.0;0.0;1.0;1.0;0.0;2022
São Paulo;2;40.0;845.0;845.0;0.0;0.0;0.0;797.0;47.0;1.0;0.0;0.0;1.0;1.0;0.0;1.0;2022
São Paulo;2;23.0;391.0;0.0;236.0;0.0;0.0;3.0;229.0;149.0;10.0;0.0;1.0;1.0;1.0;1.0;2022
São Paulo;2;28.0;519.0;519.0;0.0;0.0;0.0;499.0;20.0;0.0;0.0;0.0;1.0;1.0;1.0;1.0;2022
São Paulo;2;50.0;642.0;190.0;166.0;0.0;0.0;184.0;153.0;270.0;35.0;0.0;1.0;1.0;1.0;1.0;2022
São Paulo;2;62.0;824.0;0.0;423.0;0.0;0.0;1.0;379.0;371.0;73.0;0.0;1.0;1.0;1.0;1.0;2022
São Paulo;2;52.0;1033.0;0.0;521.0;0.0;0.0;1.0;477.0;506.0;49.0;0.0;1.0;1.0;1.0;1.0;2022
São Paulo;2;62.0;1138.0;540.0;598.0;0.0;0.0;515.0;567.0;56.0;0.0;0.0;1.0;1.0;1.0;1.0;2022
São Paulo;2;16.0;313.0;313.0;0.0;0.0;1.0;293.0;19.0;0.0;0.0;0.0;1.0;1.0;1.0;1.0;2022
São Paulo;2;21.0;386.0;0.0;386.0;0.0;0.0;1.0;363.0;22.0;0.0;0.0;1.0;1.0;1.0;1.0;2022
São Paulo;2;21.0;391.0;391.0;0.0;0.0;0.0;376.0;15.0;0.0;0.0;0.0;1.0;1.0;1.0;1.0;2022
São Paulo;2;38.0;680.0;286.0;394.0;0.0;0.0;275.0;367.0;37.0;1.0;0.0;0.0;1.0;1.0;0.0;2022
São Paulo;2;45.0;855.0;478.0;377.0;0.0;0.0;457.0;359.0;39.0;0.0;0.0;1.0;1.0;1.0;0.0;2022
São Paulo;2;27.0;409.0;409.0;0.0;0.0;0.0;390.0;19.0;0.0;0.0;0.0;1.0;1.0;1.0;1.0;2022
São Paulo;2;52.0;937.0;304.0;298.0;0.0;0.0;289.0;300.0;314.0;34.0;0.0;1.0;1.0;1.0;1.0;2022
São Paulo;2;81.0;1643.0;451.0;577.0;0.0;0.0;403.0;556.0;615.0;69.0;0.0;1.0;1.0;1.0;1.0;2022
São Paulo;2;45.0;832.0;832.0;0.0;0.0;0.0;786.0;46.0;0.0;0.0;0.0;1.0;1.0;1.0;1.0;2022
São Paulo;2;131.0;1464.0;0.0;0.0;0.0;0.0;0.0;4.0;697.0;763.0;1.0;1.0;1.0;1.0;1.0;2022
São Paulo;2;33.0;484.0;0.0;321.0;0.0;0.0;1.0;288.0;178.0;17.0;0.0;1.0;1.0;1.0;1.0;2022
São Paulo;2;91.0;1485.0;0.0;651.0;0.0;0.0;3.0;592.0;806.0;84.0;0.0;1.0;1.0;1.0;1.0;2022
São Paulo;2;89.0;1710.0;0.0;0.0;0.0;0.0;0.0;16.0;1327.0;367.0;1.0;1.0;1.0;0.0;1.0;2022
São Paulo;2;57.0;1196.0;0.0;580.0;0.0;0.0;1.0;537.0;582.0;76.0;0.0;1.0;1.0;1.0;1.0;2022
São Paulo;2;30.0;536.0;0.0;301.0;0.0;0.0;2.0;285.0;230.0;19.0;0.0;1.0;1.0;1.0;1.0;2022
São Paulo;2;78.0;1337.0;0.0;369.0;0.0;0.0;1.0;328.0;805.0;203.0;0.0;1.0;1.0;1.0;1.0;2022
São Paulo;2;18.0;160.0;0.0;102.0;0.0;0.0;0.0;96.0;60.0;4.0;0.0;1.0;1.0;1.0;1.0;2022
São Paulo;2;61.0;1151.0;589.0;562.0;0.0;0.0;564.0;540.0;47.0;0.0;0.0;1.0;1.0;1.0;1.0;2022
São Paulo;2;82.0;1761.0;0.0;0.0;0.0;0.0;0.0;10.0;1433.0;318.0;0.0;1.0;1.0;1.0;1.0;2022
São Paulo;2;82.0;1441.0;0.0;480.0;0.0;0.0;0.0;413.0;652.0;376.0;0.0;1.0;1.0;1.0;1.0;2022
São Paulo;2;22.0;348.0;348.0;0.0;0.0;0.0;328.0;20.0;0.0;0.0;0.0;1.0;1.0;1.0;1.0;2022
São Paulo;2;30.0;426.0;0.0;257.0;0.0;0.0;2.0;238.0;181.0;5.0;0.0;1.0;1.0;1.0;1.0;2022
São Paulo;2;123.0;2326.0;0.0;574.0;0.0;0.0;3.0;522.0;1263.0;538.0;0.0;1.0;1.0;1.0;1.0;2022
São Paulo;2;23.0;364.0;364.0;0.0;0.0;0.0;348.0;16.0;0.0;0.0;0.0;1.0;1.0;1.0;1.0;2022
São Paulo;2;43.0;683.0;244.0;274.0;0.0;0.0;235.0;269.0;168.0;11.0;0.0;1.0;1.0;1.0;0.0;2022
São Paulo;2;18.0;312.0;0.0;312.0;0.0;0.0;0.0;287.0;25.0;0.0;0.0;1.0;1.0;1.0;1.0;2022
São Paulo;2;20.0;363.0;0.0;363.0;0.0;0.0;1.0;353.0;9.0;0.0;1.0;0.0;1.0;1.0;0.0;2022
São Paulo;2;16.0;292.0;292.0;0.0;0.0;0.0;284.0;8.0;0.0;0.0;0.0;1.0;1.0;1.0;1.0;2022
São Paulo;2;38.0;650.0;650.0;0.0;0.0;0.0;627.0;23.0;0.0;0.0;0.0;1.0;1.0;0.0;0.0;2022
São Paulo;2;41.0;470.0;0.0;97.0;0.0;0.0;1.0;92.0;341.0;36.0;0.0;1.0;1.0;1.0;0.0;2022
São Paulo;2;73.0;926.0;0.0;161.0;0.0;0.0;0.0;148.0;582.0;196.0;0.0;1.0;1.0;1.0;0.0;2022
São Paulo;2;16.0;294.0;0.0;0.0;0.0;0.0;0.0;5.0;277.0;12.0;0.0;1.0;1.0;1.0;1.0;2022
São Paulo;2;67.0;1083.0;311.0;300.0;0.0;0.0;301.0;299.0;434.0;49.0;0.0;1.0;1.0;1.0;1.0;2022
São Paulo;2;21.0;371.0;371.0;0.0;0.0;0.0;360.0;11.0;0.0;0.0;0.0;1.0;1.0;1.0;1.0;2022
São Paulo;2;93.0;1663.0;0.0;566.0;0.0;0.0;3.0;532.0;895.0;233.0;0.0;1.0;1.0;1.0;1.0;2022
São Paulo;2;27.0;457.0;214.0;243.0;0.0;0.0;208.0;238.0;11.0;0.0;0.0;1.0;1.0;1.0;1.0;2022
São Paulo;2;36.0;432.0;208.0;224.0;0.0;0.0;193.0;216.0;23.0;0.0;0.0;1.0;1.0;1.0;0.0;2022
São Paulo;2;14.0;195.0;0.0;103.0;0.0;0.0;1.0;98.0;89.0;7.0;0.0;1.0;1.0;1.0;1.0;2022
São Paulo;2;24.0;403.0;403.0;0.0;0.0;0.0;390.0;13.0;0.0;0.0;1.0;1.0;1.0;1.0;1.0;2022
São Paulo;2;59.0;644.0;0.0;276.0;0.0;0.0;2.0;245.0;360.0;37.0;0.0;1.0;1.0;1.0;0.0;2022
São Paulo;2;100.0;1388.0;0.0;0.0;0.0;0.0;0.0;10.0;719.0;659.0;1.0;1.0;1.0;1.0;1.0;2022
São Paulo;2;67.0;948.0;194.0;309.0;0.0;0.0;190.0;285.0;431.0;42.0;0.0;0.0;1.0;1.0;1.0;2022
São Paulo;2;30.0;293.0;0.0;0.0;0.0;0.0;0.0;0.0;188.0;105.0;0.0;1.0;1.0;1.0;0.0;2022
São Paulo;2;129.0;2140.0;0.0;635.0;0.0;0.0;2.0;573.0;1327.0;238.0;1.0;1.0;1.0;1.0;1.0;2022
São Paulo;2;35.0;477.0;477.0;0.0;0.0;0.0;456.0;21.0;0.0;0.0;0.0;1.0;1.0;1.0;1.0;2022
São Paulo;2;40.0;585.0;0.0;0.0;0.0;0.0;0.0;4.0;522.0;59.0;0.0;1.0;1.0;1.0;0.0;2022
São Paulo;2;28.0;410.0;410.0;0.0;0.0;0.0;385.0;25.0;0.0;0.0;0.0;1.0;1.0;1.0;0.0;2022
São Paulo;2;29.0;413.0;413.0;0.0;0.0;0.0;396.0;17.0;0.0;0.0;0.0;1.0;1.0;1.0;1.0;2022
São Paulo;2;27.0;377.0;377.0;0.0;0.0;0.0;364.0;13.0;0.0;0.0;0.0;1.0;1.0;1.0;1.0;2022
São Paulo;2;61.0;1131.0;0.0;496.0;0.0;0.0;2.0;450.0;614.0;65.0;0.0;1.0;1.0;1.0;0.0;2022
São Paulo;2;48.0;947.0;0.0;415.0;0.0;0.0;1.0;379.0;505.0;62.0;0.0;1.0;1.0;1.0;0.0;2022
São Paulo;2;20.0;386.0;386.0;0.0;0.0;0.0;371.0;15.0;0.0;0.0;0.0;1.0;1.0;1.0;0.0;2022
São Paulo;2;40.0;855.0;855.0;0.0;0.0;2.0;833.0;20.0;0.0;0.0;0.0;1.0;1.0;1.0;1.0;2022
São Paulo;2;18.0;348.0;348.0;0.0;0.0;0.0;339.0;9.0;0.0;0.0;0.0;1.0;1.0;1.0;1.0;2022
São Paulo;2;31.0;537.0;537.0;0.0;0.0;0.0;509.0;28.0;0.0;0.0;0.0;1.0;1.0;1.0;1.0;2022
São Paulo;2;39.0;585.0;0.0;585.0;0.0;0.0;3.0;534.0;48.0;0.0;0.0;1.0;1.0;1.0;1.0;2022
São Paulo;2;20.0;340.0;340.0;0.0;0.0;0.0;322.0;18.0;0.0;0.0;0.0;1.0;1.0;1.0;1.0;2022
São Paulo;2;25.0;426.0;0.0;264.0;0.0;0.0;0.0;240.0;176.0;10.0;0.0;1.0;1.0;1.0;0.0;2022
São Paulo;2;42.0;648.0;0.0;258.0;0.0;0.0;0.0;241.0;362.0;45.0;0.0;1.0;1.0;1.0;1.0;2022
São Paulo;2;18.0;293.0;0.0;113.0;0.0;0.0;1.0;114.0;171.0;7.0;0.0;1.0;1.0;1.0;0.0;2022
São Paulo;2;51.0;613.0;0.0;270.0;0.0;0.0;2.0;236.0;325.0;50.0;0.0;1.0;1.0;1.0;1.0;2022
São Paulo;2;79.0;1223.0;0.0;576.0;0.0;0.0;2.0;547.0;631.0;43.0;0.0;1.0;1.0;1.0;1.0;2022
São Paulo;2;96.0;1537.0;0.0;0.0;0.0;0.0;0.0;2.0;663.0;872.0;0.0;1.0;1.0;1.0;1.0;2022
São Paulo;2;66.0;1077.0;0.0;480.0;0.0;0.0;0.0;425.0;581.0;71.0;0.0;1.0;1.0;1.0;0.0;2022
São Paulo;2;23.0;456.0;0.0;0.0;0.0;0.0;0.0;4.0;423.0;29.0;0.0;1.0;1.0;1.0;1.0;2022
São Paulo;2;20.0;418.0;0.0;418.0;0.0;0.0;2.0;385.0;30.0;1.0;0.0;1.0;1.0;1.0;0.0;2022
São Paulo;2;23.0;273.0;0.0;210.0;0.0;0.0;0.0;190.0;75.0;8.0;0.0;1.0;1.0;1.0;0.0;2022
São Paulo;2;43.0;424.0;0.0;424.0;0.0;0.0;0.0;385.0;38.0;1.0;0.0;1.0;1.0;1.0;1.0;2022
São Paulo;2;88.0;1344.0;0.0;0.0;0.0;0.0;0.0;5.0;1198.0;141.0;0.0;1.0;1.0;1.0;0.0;2022
São Paulo;2;114.0;2058.0;0.0;0.0;0.0;0.0;0.0;9.0;1592.0;457.0;0.0;1.0;1.0;1.0;0.0;2022
São Paulo;2;24.0;440.0;440.0;0.0;0.0;0.0;423.0;17.0;0.0;0.0;0.0;1.0;1.0;1.0;1.0;2022
São Paulo;2;71.0;1079.0;0.0;262.0;0.0;0.0;0.0;227.0;520.0;332.0;0.0;1.0;1.0;1.0;1.0;2022
São Paulo;2;101.0;1755.0;0.0;782.0;0.0;0.0;0.0;719.0;899.0;137.0;1.0;1.0;1.0;1.0;0.0;2022
São Paulo;2;61.0;1212.0;0.0;733.0;0.0;0.0;2.0;676.0;509.0;25.0;0.0;1.0;1.0;1.0;1.0;2022
São Paulo;2;53.0;683.0;381.0;302.0;0.0;0.0;365.0;307.0;11.0;0.0;0.0;0.0;1.0;1.0;0.0;2022
São Paulo;2;26.0;416.0;277.0;139.0;0.0;0.0;260.0;156.0;0.0;0.0;0.0;0.0;1.0;1.0;1.0;2022
São Paulo;2;27.0;517.0;517.0;0.0;0.0;0.0;488.0;29.0;0.0;0.0;1.0;1.0;1.0;1.0;1.0;2022
São Paulo;2;19.0;329.0;329.0;0.0;0.0;0.0;312.0;17.0;0.0;0.0;0.0;1.0;1.0;1.0;1.0;2022
São Paulo;2;44.0;896.0;896.0;0.0;0.0;0.0;869.0;27.0;0.0;0.0;0.0;1.0;1.0;0.0;1.0;2022
São Paulo;2;28.0;579.0;579.0;0.0;0.0;0.0;557.0;22.0;0.0;0.0;0.0;1.0;1.0;1.0;0.0;2022
São Paulo;2;14.0;157.0;0.0;0.0;0.0;0.0;0.0;0.0;141.0;16.0;0.0;1.0;1.0;1.0;1.0;2022
São Paulo;2;30.0;626.0;626.0;0.0;0.0;0.0;609.0;17.0;0.0;0.0;0.0;1.0;1.0;1.0;1.0;2022
São Paulo;2;132.0;2513.0;0.0;0.0;0.0;0.0;0.0;6.0;2293.0;214.0;0.0;1.0;1.0;1.0;1.0;2022
São Paulo;2;33.0;676.0;0.0;436.0;0.0;0.0;1.0;414.0;252.0;9.0;0.0;1.0;1.0;1.0;0.0;2022
São Paulo;2;29.0;628.0;628.0;0.0;0.0;0.0;600.0;28.0;0.0;0.0;0.0;1.0;1.0;0.0;1.0;2022
São Paulo;2;26.0;514.0;514.0;0.0;0.0;0.0;500.0;14.0;0.0;0.0;0.0;1.0;1.0;1.0;0.0;2022
São Paulo;2;35.0;650.0;0.0;208.0;0.0;0.0;3.0;173.0;414.0;60.0;0.0;1.0;1.0;1.0;1.0;2022
São Paulo;2;39.0;519.0;0.0;141.0;0.0;0.0;1.0;121.0;356.0;41.0;0.0;1.0;1.0;1.0;1.0;2022
São Paulo;2;12.0;232.0;0.0;232.0;0.0;0.0;2.0;224.0;5.0;1.0;0.0;1.0;1.0;1.0;1.0;2022
São Paulo;2;77.0;2046.0;0.0;0.0;0.0;0.0;0.0;4.0;1857.0;185.0;0.0;1.0;1.0;1.0;1.0;2022
São Paulo;2;65.0;1088.0;0.0;389.0;0.0;0.0;0.0;344.0;424.0;320.0;0.0;1.0;1.0;1.0;1.0;2022
São Paulo;2;27.0;481.0;481.0;0.0;0.0;0.0;457.0;24.0;0.0;0.0;0.0;1.0;1.0;1.0;1.0;2022
São Paulo;2;27.0;460.0;0.0;285.0;0.0;0.0;0.0;257.0;178.0;25.0;0.0;0.0;1.0;1.0;0.0;2022
São Paulo;2;23.0;454.0;0.0;0.0;0.0;0.0;0.0;4.0;431.0;19.0;0.0;0.0;1.0;1.0;1.0;2022
São Paulo;2;16.0;388.0;0.0;388.0;0.0;0.0;2.0;346.0;40.0;0.0;1.0;1.0;1.0;1.0;1.0;2022
São Paulo;2;39.0;772.0;0.0;772.0;0.0;0.0;3.0;726.0;43.0;0.0;0.0;1.0;1.0;1.0;1.0;2022
São Paulo;2;66.0;1201.0;0.0;513.0;0.0;0.0;1.0;475.0;616.0;109.0;0.0;1.0;1.0;1.0;1.0;2022
São Paulo;2;31.0;421.0;0.0;260.0;0.0;0.0;1.0;241.0;163.0;16.0;0.0;1.0;1.0;1.0;0.0;2022
São Paulo;2;64.0;986.0;0.0;330.0;0.0;0.0;1.0;290.0;449.0;246.0;0.0;1.0;1.0;1.0;1.0;2022
São Paulo;2;111.0;1007.0;0.0;0.0;0.0;0.0;0.0;0.0;396.0;611.0;1.0;1.0;1.0;1.0;1.0;2022
São Paulo;2;62.0;1008.0;0.0;239.0;0.0;0.0;0.0;217.0;714.0;77.0;0.0;0.0;1.0;1.0;0.0;2022
São Paulo;2;43.0;656.0;0.0;0.0;0.0;0.0;0.0;7.0;610.0;39.0;0.0;1.0;1.0;1.0;0.0;2022
São Paulo;2;28.0;396.0;0.0;237.0;0.0;0.0;0.0;213.0;157.0;26.0;0.0;1.0;1.0;1.0;0.0;2022
São Paulo;2;38.0;678.0;678.0;0.0;0.0;0.0;638.0;40.0;0.0;0.0;0.0;1.0;1.0;1.0;1.0;2022
São Paulo;2;31.0;418.0;0.0;199.0;0.0;0.0;2.0;174.0;207.0;35.0;0.0;1.0;1.0;0.0;0.0;2022
São Paulo;2;37.0;530.0;0.0;0.0;0.0;0.0;0.0;1.0;435.0;94.0;1.0;1.0;1.0;1.0;0.0;2022
São Paulo;2;39.0;702.0;0.0;422.0;0.0;0.0;0.0;398.0;282.0;22.0;0.0;1.0;1.0;1.0;1.0;2022
São Paulo;2;86.0;2059.0;0.0;730.0;0.0;0.0;0.0;650.0;1052.0;357.0;0.0;1.0;1.0;1.0;1.0;2022
São Paulo;2;61.0;1256.0;0.0;284.0;0.0;0.0;2.0;256.0;868.0;130.0;0.0;1.0;1.0;1.0;1.0;2022
São Paulo;2;39.0;809.0;809.0;0.0;0.0;1.0;786.0;22.0;0.0;0.0;0.0;1.0;1.0;1.0;1.0;2022
São Paulo;2;30.0;523.0;0.0;320.0;0.0;0.0;1.0;299.0;207.0;16.0;0.0;1.0;1.0;1.0;1.0;2022
São Paulo;2;29.0;494.0;0.0;0.0;0.0;0.0;0.0;4.0;463.0;27.0;0.0;1.0;1.0;1.0;1.0;2022
São Paulo;2;49.0;824.0;824.0;0.0;0.0;0.0;791.0;33.0;0.0;0.0;0.0;1.0;1.0;0.0;1.0;2022
São Paulo;2;43.0;835.0;397.0;438.0;0.0;0.0;381.0;408.0;46.0;0.0;0.0;0.0;1.0;1.0;0.0;2022
São Paulo;2;65.0;1806.0;0.0;805.0;0.0;0.0;1.0;721.0;909.0;175.0;0.0;1.0;1.0;1.0;1.0;2022
São Paulo;2;36.0;795.0;795.0;0.0;0.0;0.0;748.0;46.0;1.0;0.0;0.0;1.0;1.0;0.0;1.0;2022
São Paulo;2;35.0;522.0;0.0;522.0;0.0;0.0;0.0;479.0;43.0;0.0;0.0;0.0;1.0;1.0;1.0;2022
São Paulo;2;43.0;878.0;0.0;233.0;0.0;0.0;2.0;203.0;464.0;209.0;0.0;1.0;1.0;1.0;1.0;2022
São Paulo;2;73.0;1702.0;0.0;580.0;0.0;0.0;1.0;536.0;975.0;190.0;0.0;1.0;1.0;1.0;1.0;2022
São Paulo;2;24.0;546.0;546.0;0.0;0.0;0.0;526.0;20.0;0.0;0.0;0.0;1.0;1.0;1.0;1.0;2022
São Paulo;2;69.0;1484.0;0.0;600.0;0.0;0.0;1.0;534.0;654.0;295.0;0.0;1.0;1.0;1.0;1.0;2022
São Paulo;2;75.0;1724.0;0.0;405.0;0.0;0.0;3.0;376.0;1199.0;146.0;0.0;1.0;1.0;1.0;0.0;2022
São Paulo;2;134.0;2453.0;615.0;729.0;0.0;0.0;564.0;683.0;1028.0;178.0;0.0;1.0;1.0;1.0;1.0;2022
São Paulo;2;76.0;1562.0;486.0;0.0;0.0;0.0;462.0;27.0;765.0;308.0;0.0;1.0;1.0;1.0;0.0;2022
São Paulo;2;33.0;642.0;642.0;0.0;0.0;0.0;612.0;30.0;0.0;0.0;0.0;1.0;1.0;1.0;0.0;2022
São Paulo;2;24.0;483.0;0.0;483.0;0.0;0.0;2.0;465.0;16.0;0.0;0.0;1.0;1.0;1.0;1.0;2022
São Paulo;2;31.0;782.0;782.0;0.0;0.0;0.0;749.0;32.0;1.0;0.0;0.0;0.0;1.0;1.0;1.0;2022
São Paulo;2;61.0;1326.0;0.0;686.0;0.0;0.0;2.0;642.0;631.0;51.0;0.0;1.0;1.0;1.0;1.0;2022
São Paulo;2;107.0;1934.0;0.0;0.0;0.0;0.0;0.0;7.0;1690.0;237.0;0.0;1.0;1.0;1.0;1.0;2022
São Paulo;2;93.0;1187.0;0.0;357.0;0.0;0.0;1.0;331.0;583.0;272.0;0.0;1.0;1.0;1.0;1.0;2022
São Paulo;2;48.0;767.0;767.0;0.0;0.0;0.0;733.0;34.0;0.0;0.0;0.0;1.0;1.0;1.0;1.0;2022
São Paulo;2;42.0;971.0;971.0;0.0;0.0;0.0;924.0;46.0;1.0;0.0;0.0;1.0;1.0;1.0;0.0;2022
São Paulo;2;16.0;289.0;0.0;289.0;0.0;0.0;1.0;274.0;14.0;0.0;0.0;0.0;1.0;1.0;1.0;2022
São Paulo;2;49.0;810.0;0.0;498.0;0.0;0.0;2.0;460.0;312.0;36.0;0.0;1.0;1.0;1.0;1.0;2022
São Paulo;2;29.0;442.0;0.0;114.0;0.0;0.0;2.0;112.0;305.0;23.0;0.0;0.0;1.0;1.0;0.0;2022
São Paulo;2;40.0;657.0;657.0;0.0;0.0;0.0;630.0;27.0;0.0;0.0;1.0;1.0;1.0;1.0;1.0;2022
São Paulo;2;74.0;1108.0;280.0;324.0;0.0;0.0;269.0;309.0;450.0;80.0;1.0;1.0;1.0;1.0;1.0;2022
São Paulo;2;28.0;318.0;0.0;147.0;0.0;0.0;2.0;129.0;175.0;12.0;0.0;1.0;1.0;1.0;1.0;2022
São Paulo;2;66.0;1075.0;1075.0;0.0;0.0;0.0;1017.0;58.0;0.0;0.0;1.0;1.0;1.0;1.0;1.0;2022
São Paulo;2;76.0;1174.0;0.0;117.0;0.0;0.0;0.0;104.0;821.0;249.0;1.0;1.0;1.0;1.0;1.0;2022
São Paulo;2;54.0;1024.0;1024.0;0.0;0.0;1.0;977.0;46.0;0.0;0.0;0.0;1.0;1.0;1.0;1.0;2022
São Paulo;2;85.0;2224.0;0.0;510.0;0.0;0.0;1.0;468.0;1207.0;548.0;1.0;1.0;1.0;0.0;1.0;2022
São Paulo;2;85.0;1929.0;0.0;630.0;0.0;0.0;2.0;564.0;1200.0;163.0;0.0;1.0;1.0;1.0;1.0;2022
São Paulo;2;28.0;557.0;557.0;0.0;0.0;0.0;527.0;30.0;0.0;0.0;0.0;1.0;1.0;1.0;1.0;2022
São Paulo;2;51.0;1305.0;0.0;508.0;0.0;0.0;3.0;464.0;755.0;83.0;0.0;1.0;1.0;1.0;1.0;2022
São Paulo;2;34.0;558.0;558.0;0.0;0.0;0.0;527.0;31.0;0.0;0.0;0.0;1.0;1.0;0.0;0.0;2022
São Paulo;2;67.0;1395.0;0.0;656.0;0.0;0.0;1.0;594.0;721.0;79.0;0.0;1.0;1.0;1.0;1.0;2022
São Paulo;2;56.0;1146.0;0.0;527.0;0.0;0.0;0.0;464.0;602.0;80.0;0.0;1.0;1.0;1.0;1.0;2022
São Paulo;2;92.0;1786.0;529.0;362.0;0.0;0.0;491.0;363.0;611.0;321.0;1.0;1.0;1.0;1.0;0.0;2022
São Paulo;2;27.0;474.0;474.0;0.0;0.0;0.0;461.0;13.0;0.0;0.0;0.0;1.0;1.0;1.0;0.0;2022
São Paulo;2;70.0;867.0;0.0;414.0;0.0;0.0;0.0;383.0;426.0;58.0;0.0;0.0;1.0;1.0;0.0;2022
São Paulo;2;36.0;604.0;0.0;412.0;0.0;0.0;0.0;384.0;207.0;13.0;0.0;1.0;1.0;1.0;0.0;2022
São Paulo;2;52.0;842.0;842.0;0.0;0.0;0.0;796.0;46.0;0.0;0.0;0.0;1.0;1.0;1.0;1.0;2022
São Paulo;2;32.0;800.0;800.0;0.0;0.0;0.0;766.0;34.0;0.0;0.0;0.0;1.0;1.0;1.0;0.0;2022
São Paulo;2;47.0;928.0;928.0;0.0;0.0;0.0;885.0;43.0;0.0;0.0;1.0;1.0;1.0;1.0;1.0;2022
São Paulo;2;30.0;563.0;563.0;0.0;0.0;0.0;535.0;28.0;0.0;0.0;0.0;1.0;1.0;1.0;1.0;2022
São Paulo;2;21.0;539.0;539.0;0.0;0.0;0.0;505.0;34.0;0.0;0.0;0.0;1.0;1.0;1.0;1.0;2022
São Paulo;2;29.0;691.0;691.0;0.0;0.0;0.0;661.0;30.0;0.0;0.0;0.0;1.0;1.0;1.0;0.0;2022
São Paulo;2;91.0;2354.0;0.0;809.0;0.0;0.0;1.0;728.0;1402.0;223.0;0.0;1.0;1.0;1.0;1.0;2022
São Paulo;2;28.0;495.0;0.0;239.0;0.0;0.0;2.0;219.0;250.0;24.0;1.0;1.0;1.0;1.0;1.0;2022
São Paulo;2;40.0;705.0;0.0;468.0;0.0;0.0;0.0;430.0;253.0;22.0;0.0;1.0;1.0;1.0;0.0;2022
São Paulo;2;88.0;1565.0;0.0;434.0;0.0;0.0;3.0;381.0;865.0;316.0;0.0;1.0;1.0;1.0;0.0;2022
São Paulo;2;33.0;573.0;0.0;345.0;0.0;0.0;1.0;305.0;247.0;20.0;0.0;1.0;1.0;1.0;0.0;2022
São Paulo;2;77.0;1451.0;239.0;373.0;0.0;0.0;227.0;349.0;549.0;326.0;0.0;1.0;1.0;1.0;0.0;2022
São Paulo;2;53.0;1144.0;1144.0;0.0;0.0;0.0;1098.0;46.0;0.0;0.0;0.0;1.0;1.0;1.0;1.0;2022
São Paulo;2;28.0;611.0;611.0;0.0;0.0;0.0;581.0;30.0;0.0;0.0;0.0;1.0;1.0;1.0;0.0;2022
São Paulo;2;55.0;1000.0;1000.0;0.0;0.0;0.0;972.0;28.0;0.0;0.0;0.0;1.0;1.0;1.0;0.0;2022
São Paulo;2;33.0;668.0;668.0;0.0;0.0;1.0;635.0;32.0;0.0;0.0;0.0;0.0;1.0;1.0;0.0;2022
São Paulo;2;39.0;926.0;926.0;0.0;0.0;0.0;873.0;53.0;0.0;0.0;0.0;1.0;1.0;1.0;0.0;2022
São Paulo;2;32.0;543.0;543.0;0.0;0.0;0.0;508.0;35.0;0.0;0.0;1.0;1.0;1.0;1.0;1.0;2022
São Paulo;2;29.0;387.0;387.0;0.0;0.0;0.0;371.0;16.0;0.0;0.0;0.0;1.0;1.0;1.0;0.0;2022
São Paulo;2;25.0;382.0;382.0;0.0;0.0;0.0;362.0;20.0;0.0;0.0;0.0;1.0;1.0;1.0;1.0;2022
São Paulo;2;36.0;383.0;0.0;199.0;0.0;0.0;0.0;179.0;166.0;38.0;0.0;1.0;1.0;1.0;1.0;2022
São Paulo;2;48.0;742.0;0.0;0.0;0.0;0.0;0.0;1.0;602.0;139.0;0.0;1.0;1.0;1.0;0.0;2022
São Paulo;2;22.0;370.0;0.0;0.0;0.0;0.0;0.0;3.0;333.0;34.0;0.0;1.0;1.0;1.0;1.0;2022
São Paulo;2;37.0;790.0;790.0;0.0;0.0;0.0;722.0;67.0;0.0;1.0;0.0;0.0;1.0;1.0;1.0;2022
São Paulo;2;55.0;842.0;0.0;421.0;0.0;0.0;1.0;383.0;414.0;44.0;0.0;1.0;1.0;1.0;1.0;2022
São Paulo;2;18.0;302.0;302.0;0.0;0.0;0.0;280.0;22.0;0.0;0.0;0.0;1.0;1.0;1.0;1.0;2022
São Paulo;2;61.0;1121.0;0.0;645.0;0.0;0.0;3.0;525.0;473.0;120.0;0.0;1.0;1.0;1.0;1.0;2022
São Paulo;2;21.0;403.0;0.0;403.0;0.0;0.0;0.0;382.0;21.0;0.0;0.0;1.0;1.0;1.0;1.0;2022
São Paulo;2;16.0;331.0;0.0;331.0;0.0;0.0;1.0;297.0;33.0;0.0;0.0;1.0;1.0;1.0;1.0;2022
São Paulo;2;31.0;542.0;542.0;0.0;0.0;0.0;525.0;17.0;0.0;0.0;0.0;1.0;1.0;0.0;1.0;2022
São Paulo;2;22.0;346.0;0.0;0.0;0.0;0.0;0.0;0.0;305.0;41.0;0.0;1.0;1.0;1.0;1.0;2022
São Paulo;2;39.0;806.0;806.0;0.0;0.0;0.0;767.0;39.0;0.0;0.0;0.0;1.0;1.0;1.0;1.0;2022
São Paulo;2;18.0;202.0;202.0;0.0;0.0;0.0;185.0;17.0;0.0;0.0;1.0;0.0;1.0;1.0;1.0;2022
São Paulo;2;23.0;348.0;0.0;250.0;0.0;0.0;0.0;224.0;115.0;9.0;0.0;1.0;1.0;1.0;1.0;2022
São Paulo;2;36.0;535.0;0.0;199.0;0.0;0.0;1.0;182.0;309.0;43.0;0.0;1.0;1.0;1.0;1.0;2022
São Paulo;2;18.0;264.0;0.0;0.0;0.0;0.0;0.0;4.0;246.0;14.0;0.0;1.0;1.0;1.0;1.0;2022
São Paulo;2;15.0;193.0;0.0;133.0;0.0;0.0;0.0;124.0;65.0;4.0;1.0;1.0;1.0;1.0;1.0;2022
São Paulo;2;30.0;504.0;0.0;0.0;0.0;0.0;0.0;1.0;446.0;57.0;0.0;1.0;1.0;1.0;1.0;2022
São Paulo;2;21.0;311.0;311.0;0.0;0.0;0.0;298.0;13.0;0.0;0.0;0.0;1.0;1.0;1.0;1.0;2022
São Paulo;2;116.0;1816.0;0.0;0.0;0.0;0.0;0.0;7.0;1076.0;733.0;1.0;1.0;1.0;1.0;1.0;2022
São Paulo;2;24.0;301.0;301.0;0.0;0.0;0.0;293.0;8.0;0.0;0.0;0.0;1.0;1.0;1.0;1.0;2022
São Paulo;2;50.0;1336.0;1336.0;0.0;0.0;0.0;1273.0;62.0;1.0;0.0;0.0;1.0;1.0;1.0;1.0;2022
São Paulo;2;18.0;360.0;360.0;0.0;0.0;0.0;350.0;10.0;0.0;0.0;0.0;1.0;1.0;1.0;1.0;2022
São Paulo;2;25.0;269.0;0.0;133.0;0.0;0.0;0.0;122.0;133.0;14.0;0.0;1.0;1.0;1.0;0.0;2022
São Paulo;2;23.0;439.0;0.0;0.0;0.0;0.0;0.0;4.0;410.0;25.0;0.0;1.0;1.0;1.0;1.0;2022
São Paulo;2;89.0;1688.0;0.0;596.0;0.0;0.0;0.0;531.0;839.0;318.0;0.0;1.0;1.0;1.0;0.0;2022
São Paulo;2;55.0;820.0;0.0;0.0;0.0;0.0;0.0;0.0;698.0;122.0;0.0;1.0;1.0;1.0;1.0;2022
São Paulo;2;91.0;1059.0;0.0;0.0;0.0;0.0;0.0;6.0;695.0;358.0;1.0;1.0;1.0;1.0;1.0;2022
São Paulo;2;17.0;286.0;0.0;0.0;0.0;0.0;0.0;1.0;258.0;27.0;0.0;1.0;1.0;1.0;0.0;2022
São Paulo;2;56.0;1052.0;514.0;538.0;0.0;0.0;478.0;520.0;54.0;0.0;0.0;1.0;1.0;1.0;1.0;2022
São Paulo;2;59.0;529.0;0.0;90.0;0.0;0.0;0.0;81.0;288.0;160.0;0.0;1.0;1.0;1.0;1.0;2022
São Paulo;2;30.0;420.0;420.0;0.0;0.0;0.0;407.0;13.0;0.0;0.0;0.0;1.0;1.0;1.0;1.0;2022
São Paulo;2;15.0;276.0;0.0;152.0;0.0;0.0;1.0;144.0;124.0;7.0;0.0;1.0;1.0;1.0;1.0;2022
São Paulo;2;77.0;1342.0;354.0;315.0;0.0;0.0;325.0;310.0;606.0;101.0;0.0;1.0;1.0;1.0;0.0;2022
São Paulo;2;21.0;324.0;0.0;0.0;0.0;0.0;0.0;2.0;293.0;29.0;0.0;1.0;1.0;1.0;1.0;2022
São Paulo;2;45.0;893.0;0.0;314.0;0.0;0.0;2.0;277.0;577.0;37.0;0.0;1.0;1.0;1.0;0.0;2022
São Paulo;2;21.0;252.0;252.0;0.0;0.0;0.0;245.0;7.0;0.0;0.0;0.0;1.0;1.0;1.0;1.0;2022
São Paulo;2;21.0;361.0;361.0;0.0;0.0;0.0;345.0;16.0;0.0;0.0;0.0;1.0;1.0;1.0;1.0;2022
São Paulo;2;88.0;1368.0;390.0;470.0;0.0;1.0;364.0;448.0;47.0;508.0;0.0;1.0;1.0;1.0;1.0;2022
São Paulo;2;23.0;340.0;0.0;254.0;0.0;0.0;2.0;232.0;98.0;8.0;0.0;1.0;1.0;1.0;0.0;2022
São Paulo;2;20.0;407.0;0.0;407.0;0.0;0.0;2.0;383.0;22.0;0.0;0.0;1.0;1.0;1.0;1.0;2022
São Paulo;2;34.0;546.0;0.0;284.0;0.0;0.0;0.0;252.0;276.0;18.0;0.0;1.0;1.0;1.0;1.0;2022
São Paulo;2;30.0;540.0;540.0;0.0;0.0;0.0;526.0;14.0;0.0;0.0;0.0;1.0;1.0;1.0;1.0;2022
São Paulo;2;20.0;292.0;292.0;0.0;0.0;0.0;286.0;6.0;0.0;0.0;0.0;1.0;1.0;1.0;1.0;2022
São Paulo;2;39.0;663.0;0.0;136.0;0.0;0.0;0.0;130.0;485.0;48.0;0.0;1.0;1.0;1.0;1.0;2022
São Paulo;2;20.0;235.0;235.0;0.0;0.0;0.0;221.0;14.0;0.0;0.0;0.0;1.0;1.0;1.0;1.0;2022
São Paulo;2;28.0;385.0;0.0;385.0;0.0;0.0;1.0;356.0;28.0;0.0;0.0;1.0;1.0;1.0;1.0;2022
São Paulo;2;49.0;756.0;0.0;170.0;0.0;0.0;0.0;151.0;540.0;65.0;0.0;1.0;1.0;1.0;0.0;2022
São Paulo;2;40.0;656.0;0.0;350.0;0.0;0.0;0.0;331.0;306.0;19.0;0.0;1.0;1.0;1.0;1.0;2022
São Paulo;2;31.0;600.0;600.0;0.0;0.0;0.0;587.0;13.0;0.0;0.0;0.0;1.0;1.0;1.0;0.0;2022
São Paulo;2;55.0;680.0;208.0;372.0;0.0;0.0;192.0;358.0;30.0;100.0;0.0;1.0;1.0;1.0;1.0;2022
São Paulo;2;34.0;571.0;0.0;571.0;0.0;0.0;1.0;521.0;49.0;0.0;0.0;1.0;1.0;1.0;1.0;2022
São Paulo;2;15.0;322.0;0.0;322.0;0.0;0.0;0.0;297.0;25.0;0.0;0.0;1.0;1.0;1.0;1.0;2022
São Paulo;2;31.0;544.0;544.0;0.0;0.0;0.0;519.0;25.0;0.0;0.0;0.0;1.0;1.0;1.0;1.0;2022
São Paulo;2;53.0;961.0;0.0;346.0;0.0;0.0;1.0;304.0;502.0;154.0;0.0;1.0;1.0;1.0;0.0;2022
São Paulo;2;24.0;328.0;160.0;168.0;0.0;0.0;149.0;156.0;23.0;0.0;0.0;1.0;1.0;1.0;1.0;2022
São Paulo;2;32.0;378.0;0.0;113.0;0.0;0.0;0.0;107.0;241.0;30.0;0.0;1.0;1.0;1.0;1.0;2022
São Paulo;2;47.0;873.0;873.0;0.0;0.0;0.0;812.0;61.0;0.0;0.0;0.0;1.0;1.0;1.0;1.0;2022
São Paulo;2;34.0;582.0;0.0;341.0;0.0;0.0;1.0;306.0;260.0;15.0;0.0;1.0;1.0;1.0;1.0;2022
São Paulo;2;22.0;366.0;366.0;0.0;0.0;0.0;352.0;14.0;0.0;0.0;0.0;0.0;1.0;1.0;0.0;2022
São Paulo;2;20.0;325.0;325.0;0.0;0.0;0.0;311.0;14.0;0.0;0.0;0.0;1.0;1.0;1.0;1.0;2022
São Paulo;2;21.0;423.0;0.0;423.0;0.0;0.0;3.0;390.0;30.0;0.0;0.0;1.0;1.0;1.0;1.0;2022
São Paulo;2;28.0;533.0;533.0;0.0;0.0;0.0;518.0;15.0;0.0;0.0;0.0;0.0;1.0;1.0;0.0;2022
São Paulo;2;93.0;1362.0;0.0;534.0;0.0;0.0;0.0;478.0;758.0;126.0;0.0;1.0;1.0;1.0;1.0;2022
São Paulo;2;57.0;828.0;335.0;493.0;0.0;0.0;311.0;464.0;52.0;1.0;0.0;1.0;1.0;1.0;1.0;2022
São Paulo;2;43.0;634.0;0.0;0.0;0.0;0.0;0.0;2.0;390.0;242.0;0.0;1.0;1.0;1.0;0.0;2022
São Paulo;2;18.0;383.0;0.0;0.0;0.0;0.0;0.0;2.0;344.0;37.0;0.0;1.0;1.0;1.0;1.0;2022
São Paulo;2;55.0;891.0;0.0;415.0;0.0;0.0;0.0;390.0;444.0;57.0;0.0;1.0;1.0;1.0;0.0;2022
São Paulo;2;27.0;356.0;0.0;0.0;0.0;0.0;0.0;3.0;336.0;17.0;0.0;1.0;1.0;1.0;0.0;2022
São Paulo;2;27.0;502.0;502.0;0.0;0.0;0.0;481.0;21.0;0.0;0.0;1.0;1.0;1.0;1.0;1.0;2022
São Paulo;2;31.0;609.0;609.0;0.0;0.0;0.0;591.0;18.0;0.0;0.0;0.0;1.0;1.0;1.0;1.0;2022
São Paulo;2;54.0;775.0;0.0;84.0;0.0;0.0;1.0;72.0;470.0;232.0;0.0;1.0;1.0;1.0;1.0;2022
São Paulo;2;17.0;284.0;0.0;0.0;0.0;0.0;0.0;4.0;262.0;18.0;0.0;1.0;1.0;1.0;1.0;2022
São Paulo;2;36.0;575.0;0.0;235.0;0.0;0.0;2.0;214.0;325.0;34.0;0.0;1.0;1.0;1.0;0.0;2022
São Paulo;2;19.0;267.0;0.0;267.0;0.0;0.0;0.0;244.0;23.0;0.0;0.0;1.0;1.0;1.0;1.0;2022
São Paulo;2;32.0;581.0;581.0;0.0;0.0;0.0;543.0;37.0;1.0;0.0;0.0;1.0;1.0;1.0;1.0;2022
São Paulo;2;38.0;826.0;826.0;0.0;0.0;0.0;776.0;50.0;0.0;0.0;0.0;1.0;1.0;1.0;0.0;2022
São Paulo;2;38.0;655.0;315.0;340.0;0.0;0.0;292.0;342.0;21.0;0.0;0.0;1.0;1.0;1.0;0.0;2022
São Paulo;2;44.0;679.0;0.0;319.0;0.0;0.0;0.0;252.0;357.0;70.0;1.0;1.0;1.0;1.0;0.0;2022
São Paulo;2;33.0;631.0;631.0;0.0;0.0;0.0;582.0;49.0;0.0;0.0;0.0;1.0;1.0;0.0;0.0;2022
São Paulo;2;24.0;390.0;219.0;171.0;0.0;0.0;198.0;170.0;22.0;0.0;0.0;1.0;1.0;1.0;1.0;2022
São Paulo;2;74.0;1538.0;657.0;881.0;0.0;0.0;633.0;827.0;77.0;1.0;0.0;1.0;1.0;1.0;1.0;2022
São Paulo;2;81.0;1564.0;0.0;0.0;0.0;0.0;0.0;5.0;1266.0;293.0;0.0;1.0;1.0;1.0;1.0;2022
São Paulo;2;63.0;964.0;296.0;261.0;0.0;0.0;277.0;251.0;396.0;40.0;1.0;1.0;1.0;1.0;1.0;2022
São Paulo;2;207.0;3149.0;0.0;0.0;0.0;0.0;0.0;20.0;1610.0;1519.0;1.0;1.0;1.0;1.0;1.0;2022
São Paulo;2;38.0;700.0;405.0;295.0;0.0;0.0;385.0;297.0;18.0;0.0;0.0;1.0;1.0;1.0;0.0;2022
São Paulo;2;8.0;22.0;0.0;7.0;0.0;0.0;0.0;0.0;12.0;10.0;0.0;0.0;0.0;0.0;0.0;2022
São Paulo;2;73.0;1439.0;602.0;837.0;0.0;0.0;573.0;822.0;44.0;0.0;0.0;1.0;1.0;1.0;1.0;2022
São Paulo;2;32.0;617.0;617.0;0.0;0.0;0.0;585.0;32.0;0.0;0.0;0.0;0.0;1.0;1.0;0.0;2022
São Paulo;2;28.0;308.0;308.0;0.0;0.0;0.0;282.0;26.0;0.0;0.0;1.0;1.0;1.0;1.0;1.0;2022
São Paulo;2;73.0;1347.0;296.0;354.0;0.0;0.0;275.0;318.0;454.0;300.0;0.0;0.0;1.0;1.0;1.0;2022
São Paulo;2;33.0;580.0;580.0;0.0;0.0;0.0;553.0;27.0;0.0;0.0;0.0;1.0;1.0;1.0;1.0;2022
São Paulo;2;81.0;1609.0;0.0;508.0;0.0;0.0;0.0;439.0;557.0;613.0;0.0;1.0;1.0;1.0;0.0;2022
São Paulo;2;15.0;262.0;0.0;262.0;0.0;0.0;2.0;250.0;10.0;0.0;0.0;1.0;1.0;1.0;1.0;2022
São Paulo;2;4.0;17.0;0.0;0.0;0.0;0.0;0.0;0.0;0.0;17.0;0.0;0.0;0.0;0.0;0.0;2022
São Paulo;2;8.0;80.0;0.0;0.0;0.0;0.0;0.0;0.0;0.0;80.0;0.0;0.0;0.0;0.0;0.0;2022
São Paulo;2;17.0;325.0;0.0;325.0;0.0;0.0;1.0;290.0;34.0;0.0;0.0;1.0;1.0;1.0;1.0;2022
São Paulo;2;17.0;321.0;321.0;0.0;0.0;0.0;311.0;10.0;0.0;0.0;0.0;0.0;1.0;1.0;0.0;2022
São Paulo;2;73.0;1305.0;0.0;0.0;0.0;0.0;0.0;7.0;1137.0;161.0;0.0;1.0;1.0;1.0;0.0;2022
São Paulo;2;19.0;313.0;0.0;139.0;0.0;0.0;0.0;127.0;164.0;22.0;0.0;1.0;1.0;1.0;0.0;2022
São Paulo;2;41.0;426.0;0.0;178.0;0.0;0.0;0.0;152.0;245.0;29.0;0.0;1.0;1.0;1.0;1.0;2022
São Paulo;2;24.0;406.0;406.0;0.0;0.0;0.0;386.0;20.0;0.0;0.0;0.0;1.0;1.0;1.0;1.0;2022
São Paulo;2;22.0;396.0;0.0;268.0;0.0;0.0;1.0;250.0;138.0;7.0;0.0;1.0;1.0;1.0;1.0;2022
São Paulo;2;48.0;925.0;0.0;389.0;0.0;0.0;1.0;346.0;507.0;71.0;0.0;1.0;1.0;1.0;0.0;2022
São Paulo;2;30.0;803.0;803.0;0.0;0.0;0.0;770.0;33.0;0.0;0.0;0.0;1.0;1.0;1.0;1.0;2022
São Paulo;2;;;;;;;;;;;;;;;;2022
São Paulo;2;60.0;888.0;0.0;374.0;0.0;0.0;1.0;340.0;478.0;69.0;0.0;1.0;1.0;1.0;0.0;2022
São Paulo;2;28.0;568.0;568.0;0.0;0.0;0.0;528.0;40.0;0.0;0.0;0.0;1.0;1.0;1.0;0.0;2022
São Paulo;2;41.0;583.0;583.0;0.0;0.0;0.0;553.0;30.0;0.0;0.0;1.0;1.0;1.0;1.0;1.0;2022
São Paulo;2;51.0;892.0;244.0;648.0;0.0;0.0;233.0;616.0;42.0;1.0;0.0;1.0;1.0;1.0;1.0;2022
São Paulo;2;21.0;401.0;0.0;401.0;0.0;0.0;0.0;344.0;57.0;0.0;0.0;1.0;1.0;1.0;0.0;2022
São Paulo;2;20.0;253.0;0.0;163.0;0.0;0.0;0.0;149.0;99.0;5.0;0.0;1.0;1.0;1.0;1.0;2022
São Paulo;2;38.0;565.0;565.0;0.0;0.0;0.0;545.0;20.0;0.0;0.0;0.0;1.0;1.0;1.0;0.0;2022
São Paulo;2;82.0;1657.0;0.0;672.0;0.0;0.0;1.0;598.0;819.0;239.0;0.0;1.0;1.0;1.0;1.0;2022
São Paulo;2;35.0;508.0;0.0;314.0;0.0;0.0;0.0;295.0;205.0;8.0;0.0;1.0;1.0;1.0;1.0;2022
São Paulo;2;48.0;786.0;786.0;0.0;0.0;0.0;751.0;35.0;0.0;0.0;0.0;1.0;1.0;1.0;0.0;2022
São Paulo;2;23.0;407.0;407.0;0.0;0.0;0.0;394.0;13.0;0.0;0.0;0.0;1.0;1.0;1.0;1.0;2022
São Paulo;2;74.0;1449.0;0.0;547.0;0.0;0.0;1.0;485.0;515.0;448.0;0.0;1.0;1.0;1.0;1.0;2022
São Paulo;2;26.0;378.0;0.0;280.0;0.0;0.0;0.0;258.0;110.0;10.0;0.0;1.0;1.0;1.0;0.0;2022
São Paulo;2;20.0;295.0;0.0;0.0;0.0;0.0;0.0;1.0;275.0;19.0;0.0;1.0;1.0;1.0;1.0;2022
São Paulo;2;92.0;1776.0;0.0;0.0;0.0;0.0;0.0;5.0;1536.0;235.0;0.0;1.0;1.0;1.0;0.0;2022
São Paulo;2;29.0;350.0;350.0;0.0;0.0;0.0;340.0;10.0;0.0;0.0;1.0;1.0;1.0;1.0;1.0;2022
São Paulo;2;35.0;662.0;662.0;0.0;0.0;0.0;634.0;28.0;0.0;0.0;0.0;1.0;1.0;1.0;0.0;2022
São Paulo;2;89.0;1818.0;0.0;745.0;0.0;0.0;1.0;670.0;984.0;163.0;0.0;1.0;1.0;1.0;1.0;2022
São Paulo;2;29.0;324.0;0.0;0.0;0.0;0.0;0.0;0.0;285.0;39.0;0.0;1.0;1.0;1.0;1.0;2022
São Paulo;2;28.0;538.0;538.0;0.0;0.0;1.0;514.0;23.0;0.0;0.0;0.0;1.0;1.0;1.0;0.0;2022
São Paulo;2;26.0;399.0;399.0;0.0;0.0;0.0;376.0;23.0;0.0;0.0;0.0;1.0;1.0;1.0;1.0;2022
São Paulo;2;57.0;991.0;0.0;176.0;0.0;0.0;1.0;162.0;581.0;247.0;0.0;1.0;1.0;1.0;1.0;2022
São Paulo;2;16.0;267.0;267.0;0.0;0.0;0.0;252.0;15.0;0.0;0.0;0.0;1.0;1.0;1.0;1.0;2022
São Paulo;2;17.0;231.0;0.0;0.0;0.0;0.0;0.0;4.0;207.0;20.0;0.0;1.0;1.0;1.0;1.0;2022
São Paulo;2;70.0;1192.0;0.0;404.0;0.0;0.0;0.0;361.0;537.0;294.0;1.0;1.0;1.0;1.0;1.0;2022
São Paulo;2;30.0;442.0;442.0;0.0;0.0;1.0;425.0;16.0;0.0;0.0;0.0;1.0;1.0;1.0;1.0;2022
São Paulo;2;17.0;299.0;0.0;0.0;0.0;0.0;0.0;0.0;270.0;29.0;0.0;1.0;1.0;1.0;1.0;2022
São Paulo;2;38.0;827.0;0.0;0.0;0.0;0.0;0.0;9.0;754.0;64.0;0.0;1.0;1.0;1.0;0.0;2022
São Paulo;2;29.0;316.0;316.0;0.0;0.0;0.0;302.0;14.0;0.0;0.0;0.0;1.0;1.0;1.0;1.0;2022
São Paulo;2;19.0;302.0;302.0;0.0;0.0;0.0;285.0;17.0;0.0;0.0;0.0;1.0;1.0;1.0;1.0;2022
São Paulo;2;62.0;1692.0;0.0;767.0;0.0;0.0;1.0;697.0;812.0;182.0;0.0;1.0;1.0;1.0;1.0;2022
São Paulo;2;16.0;368.0;0.0;368.0;0.0;0.0;3.0;352.0;13.0;0.0;0.0;1.0;1.0;1.0;1.0;2022
São Paulo;2;40.0;802.0;802.0;0.0;0.0;0.0;762.0;40.0;0.0;0.0;0.0;0.0;1.0;1.0;1.0;2022
São Paulo;2;17.0;354.0;0.0;354.0;0.0;0.0;1.0;340.0;13.0;0.0;0.0;1.0;1.0;1.0;1.0;2022
São Paulo;2;46.0;1091.0;1091.0;0.0;0.0;0.0;1033.0;58.0;0.0;0.0;0.0;1.0;1.0;1.0;1.0;2022
São Paulo;2;30.0;503.0;0.0;366.0;0.0;0.0;2.0;327.0;164.0;10.0;0.0;1.0;1.0;1.0;0.0;2022
São Paulo;2;96.0;1992.0;0.0;966.0;0.0;0.0;1.0;857.0;1004.0;130.0;0.0;1.0;1.0;1.0;1.0;2022
São Paulo;2;21.0;405.0;405.0;0.0;0.0;0.0;390.0;15.0;0.0;0.0;0.0;1.0;1.0;1.0;1.0;2022
São Paulo;2;78.0;1467.0;444.0;566.0;0.0;0.0;422.0;525.0;453.0;67.0;0.0;1.0;1.0;1.0;1.0;2022
São Paulo;2;30.0;760.0;760.0;0.0;0.0;0.0;730.0;30.0;0.0;0.0;0.0;0.0;1.0;1.0;0.0;2022
São Paulo;2;43.0;1106.0;1106.0;0.0;0.0;0.0;1042.0;63.0;0.0;1.0;0.0;1.0;1.0;1.0;1.0;2022
São Paulo;2;11.0;2171.0;0.0;0.0;0.0;0.0;0.0;0.0;1.0;2170.0;0.0;0.0;1.0;0.0;0.0;2022
São Paulo;2;24.0;445.0;445.0;0.0;0.0;0.0;432.0;13.0;0.0;0.0;0.0;1.0;1.0;1.0;0.0;2022
São Paulo;2;67.0;1240.0;0.0;573.0;0.0;0.0;0.0;512.0;636.0;92.0;0.0;1.0;1.0;1.0;0.0;2022
São Paulo;2;39.0;518.0;288.0;172.0;0.0;0.0;274.0;165.0;71.0;8.0;0.0;1.0;1.0;1.0;1.0;2022
São Paulo;2;93.0;1434.0;0.0;534.0;0.0;0.0;1.0;486.0;867.0;80.0;0.0;1.0;1.0;1.0;0.0;2022
São Paulo;2;95.0;2187.0;0.0;0.0;0.0;0.0;0.0;5.0;1951.0;231.0;0.0;1.0;1.0;1.0;0.0;2022
São Paulo;2;41.0;841.0;841.0;0.0;0.0;0.0;790.0;51.0;0.0;0.0;0.0;1.0;1.0;0.0;0.0;2022
São Paulo;2;;;;;;;;;;;0.0;1.0;1.0;1.0;0.0;2022
São Paulo;2;93.0;1781.0;0.0;825.0;0.0;0.0;1.0;732.0;834.0;214.0;0.0;1.0;1.0;1.0;1.0;2022
São Paulo;2;47.0;1056.0;1056.0;0.0;0.0;2.0;995.0;59.0;0.0;0.0;0.0;1.0;1.0;1.0;0.0;2022
São Paulo;2;35.0;530.0;0.0;283.0;0.0;0.0;2.0;253.0;258.0;17.0;0.0;1.0;1.0;1.0;1.0;2022
São Paulo;2;68.0;912.0;320.0;331.0;0.0;0.0;292.0;314.0;272.0;34.0;0.0;1.0;1.0;1.0;1.0;2022
São Paulo;2;52.0;1013.0;0.0;297.0;0.0;0.0;0.0;261.0;422.0;330.0;0.0;1.0;1.0;1.0;1.0;2022
São Paulo;2;40.0;641.0;0.0;74.0;0.0;0.0;0.0;78.0;485.0;78.0;0.0;1.0;1.0;1.0;0.0;2022
São Paulo;2;41.0;719.0;0.0;392.0;0.0;0.0;0.0;362.0;324.0;33.0;0.0;1.0;1.0;1.0;1.0;2022
São Paulo;2;51.0;1113.0;0.0;596.0;0.0;0.0;0.0;544.0;525.0;44.0;0.0;0.0;1.0;1.0;0.0;2022
São Paulo;2;37.0;538.0;538.0;0.0;0.0;0.0;514.0;24.0;0.0;0.0;0.0;1.0;1.0;1.0;0.0;2022
São Paulo;2;89.0;1776.0;0.0;724.0;0.0;0.0;1.0;656.0;972.0;147.0;0.0;1.0;1.0;1.0;1.0;2022
São Paulo;2;68.0;1379.0;0.0;670.0;0.0;0.0;0.0;621.0;704.0;54.0;0.0;1.0;1.0;1.0;1.0;2022
São Paulo;2;30.0;562.0;562.0;0.0;0.0;0.0;532.0;30.0;0.0;0.0;0.0;0.0;1.0;1.0;0.0;2022
São Paulo;2;81.0;1814.0;0.0;0.0;0.0;0.0;0.0;6.0;1566.0;242.0;1.0;1.0;1.0;1.0;0.0;2022
São Paulo;2;18.0;420.0;420.0;0.0;0.0;0.0;408.0;12.0;0.0;0.0;0.0;0.0;1.0;1.0;0.0;2022
São Paulo;2;41.0;907.0;0.0;533.0;0.0;0.0;0.0;503.0;367.0;37.0;0.0;1.0;1.0;1.0;1.0;2022
São Paulo;2;69.0;1199.0;0.0;281.0;0.0;0.0;0.0;241.0;634.0;324.0;1.0;1.0;1.0;1.0;1.0;2022
São Paulo;2;68.0;1370.0;0.0;0.0;0.0;0.0;0.0;7.0;1125.0;238.0;0.0;1.0;1.0;1.0;0.0;2022
São Paulo;2;63.0;989.0;0.0;0.0;0.0;0.0;0.0;3.0;848.0;138.0;0.0;1.0;1.0;1.0;0.0;2022
São Paulo;2;19.0;117.0;0.0;0.0;0.0;0.0;0.0;1.0;104.0;12.0;0.0;1.0;1.0;1.0;0.0;2022
São Paulo;2;55.0;984.0;532.0;452.0;0.0;0.0;504.0;442.0;38.0;0.0;0.0;1.0;1.0;1.0;0.0;2022
São Paulo;2;81.0;1630.0;611.0;482.0;0.0;0.0;589.0;457.0;516.0;68.0;0.0;0.0;1.0;1.0;1.0;2022
São Paulo;2;50.0;860.0;860.0;0.0;0.0;0.0;826.0;34.0;0.0;0.0;0.0;0.0;1.0;0.0;1.0;2022
São Paulo;2;90.0;1819.0;105.0;494.0;0.0;0.0;108.0;440.0;977.0;294.0;0.0;1.0;1.0;1.0;1.0;2022
São Paulo;2;66.0;984.0;0.0;0.0;0.0;0.0;0.0;0.0;546.0;438.0;0.0;1.0;1.0;1.0;0.0;2022
São Paulo;2;86.0;2037.0;0.0;0.0;0.0;0.0;0.0;5.0;1868.0;164.0;1.0;0.0;1.0;1.0;1.0;2022
São Paulo;2;83.0;1183.0;0.0;403.0;0.0;0.0;0.0;339.0;564.0;280.0;0.0;1.0;1.0;1.0;1.0;2022
São Paulo;2;83.0;1588.0;0.0;550.0;0.0;0.0;1.0;500.0;720.0;367.0;0.0;1.0;1.0;1.0;1.0;2022
São Paulo;2;32.0;795.0;795.0;0.0;0.0;0.0;757.0;38.0;0.0;0.0;0.0;1.0;1.0;1.0;0.0;2022
São Paulo;2;54.0;1206.0;0.0;0.0;0.0;0.0;0.0;2.0;697.0;507.0;0.0;1.0;1.0;1.0;0.0;2022
São Paulo;2;28.0;575.0;575.0;0.0;0.0;0.0;553.0;22.0;0.0;0.0;0.0;1.0;1.0;1.0;0.0;2022
São Paulo;2;60.0;1296.0;453.0;431.0;0.0;0.0;441.0;411.0;411.0;33.0;0.0;1.0;1.0;1.0;1.0;2022
São Paulo;2;56.0;1026.0;0.0;210.0;0.0;0.0;0.0;199.0;762.0;65.0;0.0;1.0;1.0;1.0;0.0;2022
São Paulo;2;55.0;1254.0;0.0;0.0;0.0;0.0;0.0;5.0;1074.0;175.0;0.0;1.0;1.0;1.0;1.0;2022
São Paulo;2;23.0;416.0;0.0;211.0;0.0;0.0;0.0;196.0;196.0;24.0;0.0;1.0;1.0;1.0;1.0;2022
São Paulo;2;88.0;1381.0;0.0;500.0;0.0;0.0;1.0;441.0;498.0;441.0;0.0;1.0;1.0;1.0;1.0;2022
São Paulo;2;74.0;1694.0;573.0;556.0;0.0;0.0;545.0;495.0;545.0;109.0;0.0;1.0;1.0;1.0;1.0;2022
São Paulo;2;100.0;1561.0;491.0;489.0;0.0;0.0;457.0;480.0;468.0;156.0;0.0;1.0;1.0;1.0;0.0;2022
São Paulo;2;111.0;2534.0;141.0;1078.0;0.0;0.0;142.0;956.0;1127.0;309.0;0.0;1.0;1.0;1.0;1.0;2022
São Paulo;2;23.0;502.0;502.0;0.0;0.0;0.0;474.0;28.0;0.0;0.0;0.0;1.0;1.0;0.0;0.0;2022
São Paulo;2;48.0;763.0;0.0;500.0;0.0;0.0;2.0;460.0;277.0;24.0;0.0;1.0;1.0;1.0;0.0;2022
São Paulo;2;47.0;659.0;100.0;266.0;0.0;0.0;88.0;249.0;277.0;45.0;0.0;1.0;1.0;1.0;0.0;2022
São Paulo;2;82.0;1654.0;627.0;494.0;0.0;0.0;602.0;451.0;529.0;72.0;0.0;1.0;1.0;1.0;0.0;2022
São Paulo;2;26.0;508.0;508.0;0.0;0.0;0.0;482.0;26.0;0.0;0.0;0.0;1.0;1.0;1.0;0.0;2022
São Paulo;2;34.0;484.0;261.0;84.0;0.0;0.0;251.0;86.0;132.0;15.0;0.0;1.0;1.0;1.0;1.0;2022
São Paulo;2;58.0;1244.0;211.0;285.0;0.0;0.0;203.0;267.0;517.0;257.0;0.0;1.0;1.0;1.0;1.0;2022
São Paulo;2;;;;;;;;;;;;;;;;2022
São Paulo;2;18.0;227.0;0.0;227.0;0.0;0.0;1.0;205.0;21.0;0.0;0.0;0.0;1.0;1.0;0.0;2022
São Paulo;2;;;;;;;;;;;0.0;0.0;1.0;0.0;0.0;2022
São Paulo;2;45.0;921.0;921.0;0.0;0.0;0.0;857.0;64.0;0.0;0.0;0.0;1.0;1.0;1.0;1.0;2022
São Paulo;2;73.0;1034.0;253.0;420.0;0.0;0.0;222.0;395.0;360.0;57.0;0.0;1.0;1.0;1.0;0.0;2022
São Paulo;2;82.0;1294.0;542.0;371.0;0.0;0.0;516.0;352.0;371.0;55.0;0.0;1.0;1.0;1.0;1.0;2022
São Paulo;2;67.0;1434.0;28.0;580.0;0.0;0.0;28.0;539.0;751.0;116.0;0.0;1.0;1.0;1.0;0.0;2022
São Paulo;2;68.0;1056.0;0.0;636.0;0.0;0.0;1.0;576.0;440.0;39.0;0.0;1.0;1.0;1.0;1.0;2022
São Paulo;2;32.0;535.0;535.0;0.0;0.0;0.0;512.0;23.0;0.0;0.0;0.0;0.0;1.0;1.0;1.0;2022
São Paulo;2;53.0;1041.0;1041.0;0.0;0.0;0.0;980.0;61.0;0.0;0.0;0.0;0.0;1.0;1.0;0.0;2022
São Paulo;2;31.0;616.0;616.0;0.0;0.0;0.0;584.0;32.0;0.0;0.0;0.0;1.0;1.0;1.0;0.0;2022
São Paulo;2;78.0;1706.0;250.0;417.0;0.0;0.0;200.0;386.0;680.0;440.0;0.0;1.0;1.0;1.0;1.0;2022
São Paulo;2;44.0;809.0;434.0;375.0;0.0;0.0;400.0;367.0;42.0;0.0;0.0;1.0;1.0;1.0;1.0;2022
São Paulo;2;88.0;1469.0;416.0;384.0;0.0;0.0;391.0;361.0;489.0;228.0;1.0;1.0;1.0;1.0;0.0;2022
São Paulo;2;76.0;1453.0;0.0;606.0;0.0;0.0;1.0;544.0;697.0;211.0;0.0;1.0;1.0;1.0;0.0;2022
São Paulo;2;25.0;332.0;0.0;267.0;0.0;0.0;2.0;234.0;93.0;3.0;0.0;1.0;1.0;1.0;1.0;2022
São Paulo;2;81.0;1715.0;725.0;505.0;0.0;0.0;652.0;518.0;474.0;71.0;0.0;1.0;1.0;1.0;1.0;2022
São Paulo;2;54.0;883.0;0.0;408.0;0.0;0.0;1.0;373.0;432.0;77.0;0.0;1.0;1.0;1.0;0.0;2022
São Paulo;2;21.0;403.0;403.0;0.0;0.0;0.0;381.0;22.0;0.0;0.0;0.0;1.0;1.0;1.0;1.0;2022
São Paulo;2;16.0;181.0;181.0;0.0;0.0;0.0;174.0;7.0;0.0;0.0;1.0;1.0;1.0;1.0;0.0;2022
São Paulo;2;58.0;1196.0;1196.0;0.0;0.0;0.0;1123.0;73.0;0.0;0.0;0.0;0.0;1.0;1.0;1.0;2022
São Paulo;2;65.0;1271.0;1271.0;0.0;0.0;0.0;1190.0;81.0;0.0;0.0;1.0;1.0;1.0;1.0;0.0;2022
São Paulo;2;94.0;1882.0;899.0;540.0;0.0;0.0;840.0;539.0;379.0;124.0;0.0;1.0;1.0;1.0;0.0;2022
São Paulo;2;57.0;925.0;444.0;481.0;0.0;0.0;423.0;436.0;66.0;0.0;0.0;1.0;1.0;1.0;1.0;2022
São Paulo;2;68.0;1053.0;0.0;334.0;0.0;0.0;1.0;295.0;411.0;346.0;0.0;1.0;1.0;1.0;1.0;2022
São Paulo;2;102.0;2167.0;0.0;402.0;0.0;0.0;2.0;349.0;1220.0;596.0;0.0;1.0;1.0;1.0;0.0;2022
São Paulo;2;38.0;584.0;0.0;349.0;0.0;0.0;0.0;301.0;252.0;31.0;0.0;1.0;1.0;1.0;0.0;2022
São Paulo;2;48.0;1001.0;0.0;544.0;0.0;0.0;1.0;508.0;461.0;31.0;0.0;1.0;1.0;1.0;0.0;2022
São Paulo;2;76.0;1771.0;533.0;399.0;0.0;0.0;511.0;372.0;540.0;348.0;0.0;1.0;1.0;0.0;0.0;2022
São Paulo;2;42.0;780.0;780.0;0.0;0.0;0.0;731.0;49.0;0.0;0.0;1.0;0.0;1.0;1.0;1.0;2022
São Paulo;2;26.0;469.0;0.0;469.0;0.0;0.0;2.0;443.0;24.0;0.0;0.0;0.0;1.0;1.0;0.0;2022
São Paulo;2;44.0;725.0;725.0;0.0;0.0;0.0;684.0;41.0;0.0;0.0;0.0;1.0;1.0;1.0;1.0;2022
São Paulo;2;23.0;307.0;307.0;0.0;0.0;0.0;289.0;18.0;0.0;0.0;0.0;1.0;1.0;1.0;0.0;2022
São Paulo;2;37.0;622.0;0.0;343.0;0.0;0.0;0.0;301.0;303.0;18.0;0.0;1.0;1.0;1.0;1.0;2022
São Paulo;2;61.0;1171.0;0.0;152.0;0.0;0.0;0.0;128.0;899.0;144.0;0.0;1.0;1.0;1.0;1.0;2022
São Paulo;2;71.0;264.0;0.0;82.0;0.0;0.0;0.0;72.0;155.0;37.0;0.0;1.0;1.0;1.0;1.0;2022
São Paulo;2;102.0;1799.0;586.0;541.0;0.0;0.0;552.0;513.0;633.0;101.0;0.0;1.0;1.0;1.0;1.0;2022
São Paulo;2;37.0;533.0;0.0;202.0;0.0;0.0;1.0;187.0;326.0;19.0;0.0;1.0;1.0;1.0;0.0;2022
São Paulo;2;22.0;342.0;342.0;0.0;0.0;0.0;329.0;13.0;0.0;0.0;0.0;1.0;1.0;1.0;0.0;2022
São Paulo;2;27.0;553.0;553.0;0.0;0.0;0.0;520.0;33.0;0.0;0.0;0.0;1.0;1.0;1.0;1.0;2022
São Paulo;2;44.0;905.0;509.0;396.0;0.0;0.0;483.0;384.0;38.0;0.0;0.0;0.0;1.0;1.0;1.0;2022
São Paulo;2;73.0;1392.0;0.0;420.0;0.0;0.0;0.0;378.0;776.0;238.0;0.0;1.0;1.0;1.0;0.0;2022
São Paulo;2;42.0;711.0;0.0;455.0;0.0;0.0;0.0;414.0;279.0;18.0;0.0;1.0;1.0;0.0;1.0;2022
São Paulo;2;18.0;364.0;0.0;0.0;0.0;0.0;0.0;5.0;342.0;17.0;0.0;1.0;1.0;1.0;1.0;2022
São Paulo;2;22.0;406.0;406.0;0.0;0.0;0.0;391.0;15.0;0.0;0.0;0.0;0.0;1.0;1.0;0.0;2022
São Paulo;2;37.0;647.0;647.0;0.0;0.0;0.0;615.0;32.0;0.0;0.0;0.0;1.0;1.0;1.0;0.0;2022
São Paulo;2;40.0;572.0;421.0;0.0;0.0;0.0;389.0;32.0;140.0;11.0;0.0;0.0;1.0;1.0;0.0;2022
São Paulo;2;67.0;1153.0;596.0;330.0;0.0;0.0;572.0;322.0;219.0;40.0;0.0;1.0;1.0;1.0;1.0;2022
São Paulo;2;54.0;774.0;0.0;256.0;0.0;0.0;0.0;231.0;505.0;38.0;0.0;1.0;1.0;1.0;0.0;2022
São Paulo;2;54.0;1000.0;0.0;656.0;0.0;0.0;0.0;594.0;361.0;45.0;0.0;1.0;1.0;1.0;0.0;2022
São Paulo;2;38.0;684.0;0.0;0.0;0.0;0.0;0.0;1.0;479.0;204.0;0.0;1.0;1.0;1.0;1.0;2022
São Paulo;2;28.0;394.0;394.0;0.0;0.0;0.0;377.0;17.0;0.0;0.0;0.0;1.0;1.0;1.0;0.0;2022
São Paulo;2;52.0;943.0;0.0;356.0;0.0;0.0;0.0;319.0;549.0;75.0;0.0;1.0;1.0;1.0;1.0;2022
São Paulo;2;92.0;1984.0;595.0;550.0;0.0;0.0;561.0;527.0;756.0;140.0;0.0;1.0;1.0;0.0;1.0;2022
São Paulo;2;35.0;563.0;563.0;0.0;0.0;0.0;528.0;34.0;1.0;0.0;0.0;1.0;1.0;1.0;0.0;2022
São Paulo;2;47.0;891.0;0.0;482.0;0.0;0.0;0.0;438.0;429.0;24.0;0.0;1.0;1.0;1.0;0.0;2022
São Paulo;2;90.0;1794.0;546.0;490.0;0.0;0.0;516.0;477.0;655.0;146.0;0.0;1.0;1.0;1.0;0.0;2022
São Paulo;2;33.0;562.0;260.0;302.0;0.0;0.0;256.0;282.0;24.0;0.0;0.0;1.0;1.0;1.0;1.0;2022
São Paulo;2;41.0;810.0;810.0;0.0;0.0;0.0;776.0;34.0;0.0;0.0;0.0;1.0;1.0;1.0;0.0;2022
São Paulo;2;43.0;915.0;915.0;0.0;0.0;0.0;871.0;44.0;0.0;0.0;0.0;1.0;1.0;1.0;1.0;2022
São Paulo;2;56.0;814.0;0.0;144.0;0.0;0.0;1.0;130.0;554.0;129.0;0.0;1.0;1.0;1.0;1.0;2022
São Paulo;2;71.0;1044.0;0.0;231.0;0.0;0.0;1.0;209.0;596.0;238.0;0.0;1.0;1.0;1.0;1.0;2022
São Paulo;2;70.0;1271.0;0.0;319.0;0.0;0.0;1.0;305.0;888.0;77.0;0.0;1.0;1.0;1.0;1.0;2022
São Paulo;2;71.0;948.0;0.0;455.0;0.0;0.0;2.0;395.0;475.0;76.0;0.0;1.0;1.0;1.0;1.0;2022
São Paulo;2;81.0;1591.0;463.0;437.0;0.0;0.0;440.0;396.0;410.0;345.0;0.0;1.0;1.0;1.0;0.0;2022
São Paulo;2;86.0;1830.0;758.0;503.0;0.0;0.0;701.0;513.0;569.0;47.0;0.0;1.0;1.0;1.0;1.0;2022
São Paulo;2;32.0;801.0;801.0;0.0;0.0;0.0;771.0;30.0;0.0;0.0;0.0;1.0;1.0;1.0;0.0;2022
São Paulo;2;33.0;601.0;601.0;0.0;0.0;0.0;565.0;36.0;0.0;0.0;0.0;1.0;1.0;1.0;0.0;2022
São Paulo;2;84.0;1741.0;1102.0;0.0;0.0;0.0;1000.0;104.0;314.0;323.0;0.0;1.0;1.0;1.0;1.0;2022
São Paulo;2;57.0;1130.0;461.0;241.0;0.0;0.0;439.0;253.0;350.0;88.0;0.0;0.0;1.0;1.0;1.0;2022
São Paulo;2;95.0;1843.0;0.0;836.0;0.0;0.0;0.0;774.0;968.0;101.0;0.0;1.0;1.0;1.0;1.0;2022
São Paulo;2;24.0;387.0;0.0;387.0;0.0;0.0;1.0;365.0;21.0;0.0;1.0;1.0;1.0;1.0;0.0;2022
São Paulo;2;47.0;778.0;0.0;489.0;0.0;0.0;0.0;423.0;291.0;64.0;0.0;1.0;1.0;1.0;1.0;2022
São Paulo;2;29.0;492.0;492.0;0.0;0.0;0.0;472.0;20.0;0.0;0.0;0.0;0.0;1.0;1.0;0.0;2022
São Paulo;2;60.0;893.0;0.0;475.0;0.0;0.0;2.0;413.0;417.0;61.0;0.0;1.0;1.0;1.0;0.0;2022
São Paulo;2;39.0;890.0;890.0;0.0;0.0;0.0;829.0;61.0;0.0;0.0;0.0;1.0;1.0;1.0;0.0;2022
São Paulo;2;27.0;516.0;0.0;291.0;0.0;0.0;0.0;279.0;223.0;14.0;0.0;1.0;1.0;1.0;0.0;2022
São Paulo;2;49.0;892.0;0.0;355.0;0.0;0.0;0.0;314.0;385.0;193.0;0.0;1.0;1.0;1.0;1.0;2022
São Paulo;2;17.0;356.0;0.0;0.0;0.0;0.0;0.0;5.0;337.0;14.0;0.0;1.0;1.0;1.0;1.0;2022
São Paulo;2;35.0;783.0;783.0;0.0;0.0;0.0;744.0;39.0;0.0;0.0;1.0;1.0;1.0;1.0;0.0;2022
São Paulo;2;40.0;790.0;790.0;0.0;0.0;0.0;749.0;41.0;0.0;0.0;0.0;0.0;1.0;1.0;1.0;2022
São Paulo;2;28.0;482.0;482.0;0.0;0.0;1.0;475.0;6.0;0.0;0.0;0.0;1.0;1.0;1.0;0.0;2022
São Paulo;2;28.0;495.0;495.0;0.0;0.0;0.0;481.0;14.0;0.0;0.0;0.0;0.0;1.0;1.0;0.0;2022
São Paulo;2;36.0;546.0;546.0;0.0;0.0;0.0;523.0;23.0;0.0;0.0;1.0;1.0;1.0;1.0;1.0;2022
São Paulo;2;28.0;397.0;397.0;0.0;0.0;0.0;385.0;12.0;0.0;0.0;0.0;1.0;1.0;1.0;0.0;2022
São Paulo;2;87.0;1215.0;0.0;414.0;0.0;0.0;0.0;374.0;479.0;362.0;1.0;1.0;1.0;1.0;0.0;2022
São Paulo;2;65.0;1159.0;0.0;557.0;0.0;0.0;1.0;506.0;536.0;116.0;0.0;1.0;1.0;1.0;1.0;2022
São Paulo;2;25.0;416.0;416.0;0.0;0.0;0.0;402.0;14.0;0.0;0.0;0.0;1.0;1.0;1.0;1.0;2022
São Paulo;2;40.0;824.0;824.0;0.0;0.0;1.0;792.0;31.0;0.0;0.0;0.0;1.0;1.0;1.0;1.0;2022
São Paulo;2;76.0;1499.0;0.0;605.0;0.0;0.0;3.0;553.0;832.0;111.0;0.0;1.0;1.0;1.0;0.0;2022
São Paulo;2;31.0;654.0;654.0;0.0;0.0;0.0;634.0;20.0;0.0;0.0;0.0;1.0;1.0;1.0;1.0;2022
São Paulo;2;54.0;994.0;994.0;0.0;0.0;0.0;952.0;42.0;0.0;0.0;0.0;1.0;1.0;0.0;1.0;2022
São Paulo;2;71.0;815.0;381.0;434.0;0.0;0.0;369.0;410.0;36.0;0.0;0.0;1.0;1.0;0.0;1.0;2022
São Paulo;2;32.0;570.0;272.0;298.0;0.0;0.0;253.0;293.0;24.0;0.0;0.0;1.0;1.0;1.0;0.0;2022
São Paulo;2;89.0;1493.0;490.0;515.0;0.0;0.0;448.0;473.0;473.0;99.0;0.0;1.0;1.0;1.0;1.0;2022
São Paulo;2;27.0;561.0;561.0;0.0;0.0;0.0;535.0;26.0;0.0;0.0;0.0;1.0;1.0;1.0;1.0;2022
São Paulo;2;44.0;1150.0;0.0;0.0;0.0;0.0;0.0;4.0;1074.0;72.0;0.0;1.0;1.0;1.0;1.0;2022
São Paulo;2;18.0;322.0;0.0;322.0;0.0;0.0;0.0;302.0;20.0;0.0;0.0;1.0;1.0;1.0;1.0;2022
São Paulo;2;40.0;626.0;626.0;0.0;0.0;0.0;589.0;37.0;0.0;0.0;0.0;1.0;1.0;1.0;0.0;2022
São Paulo;2;22.0;353.0;353.0;0.0;0.0;0.0;324.0;29.0;0.0;0.0;0.0;0.0;1.0;1.0;0.0;2022
São Paulo;2;25.0;369.0;0.0;278.0;0.0;0.0;1.0;259.0;98.0;11.0;0.0;1.0;1.0;1.0;0.0;2022
São Paulo;2;51.0;1041.0;1041.0;0.0;0.0;0.0;986.0;55.0;0.0;0.0;0.0;1.0;1.0;1.0;0.0;2022
São Paulo;2;45.0;921.0;0.0;563.0;0.0;0.0;1.0;485.0;352.0;83.0;0.0;1.0;1.0;1.0;0.0;2022
São Paulo;2;28.0;577.0;577.0;0.0;0.0;0.0;550.0;27.0;0.0;0.0;0.0;1.0;1.0;1.0;1.0;2022
São Paulo;2;113.0;2741.0;738.0;885.0;0.0;0.0;696.0;826.0;1050.0;169.0;0.0;1.0;1.0;1.0;1.0;2022
São Paulo;2;40.0;590.0;228.0;188.0;0.0;0.0;221.0;181.0;173.0;15.0;0.0;1.0;1.0;1.0;1.0;2022
São Paulo;2;53.0;784.0;101.0;205.0;0.0;0.0;77.0;198.0;443.0;66.0;0.0;1.0;1.0;1.0;1.0;2022
São Paulo;2;70.0;1099.0;403.0;455.0;0.0;0.0;387.0;422.0;251.0;39.0;0.0;0.0;1.0;1.0;1.0;2022
São Paulo;2;87.0;2023.0;0.0;0.0;0.0;0.0;0.0;4.0;1762.0;257.0;0.0;1.0;1.0;1.0;0.0;2022
São Paulo;2;101.0;1855.0;523.0;631.0;0.0;0.0;519.0;558.0;669.0;109.0;0.0;1.0;1.0;1.0;1.0;2022
São Paulo;2;23.0;384.0;0.0;306.0;0.0;0.0;0.0;275.0;96.0;13.0;0.0;1.0;1.0;1.0;0.0;2022
São Paulo;2;33.0;622.0;622.0;0.0;0.0;0.0;593.0;29.0;0.0;0.0;0.0;1.0;1.0;1.0;0.0;2022
São Paulo;2;26.0;361.0;361.0;0.0;0.0;0.0;345.0;16.0;0.0;0.0;0.0;1.0;1.0;1.0;0.0;2022
São Paulo;2;22.0;327.0;327.0;0.0;0.0;0.0;317.0;10.0;0.0;0.0;0.0;1.0;1.0;1.0;1.0;2022
São Paulo;2;102.0;2442.0;0.0;605.0;0.0;0.0;1.0;536.0;1670.0;235.0;0.0;1.0;1.0;1.0;1.0;2022
São Paulo;2;30.0;447.0;447.0;0.0;0.0;0.0;422.0;25.0;0.0;0.0;1.0;0.0;1.0;1.0;1.0;2022
São Paulo;2;42.0;709.0;0.0;406.0;0.0;0.0;1.0;370.0;290.0;48.0;0.0;1.0;1.0;1.0;1.0;2022
São Paulo;2;80.0;1720.0;0.0;800.0;0.0;0.0;0.0;711.0;896.0;113.0;0.0;1.0;1.0;1.0;0.0;2022
São Paulo;2;42.0;723.0;0.0;303.0;0.0;0.0;2.0;275.0;368.0;78.0;0.0;1.0;1.0;1.0;1.0;2022
São Paulo;2;34.0;704.0;704.0;0.0;0.0;0.0;665.0;39.0;0.0;0.0;0.0;1.0;1.0;1.0;0.0;2022
São Paulo;2;37.0;719.0;719.0;0.0;0.0;0.0;687.0;32.0;0.0;0.0;0.0;0.0;1.0;1.0;1.0;2022
São Paulo;2;29.0;559.0;559.0;0.0;0.0;0.0;524.0;35.0;0.0;0.0;0.0;0.0;1.0;1.0;0.0;2022
São Paulo;2;80.0;1522.0;313.0;597.0;0.0;0.0;293.0;554.0;572.0;103.0;0.0;1.0;1.0;1.0;1.0;2022
São Paulo;2;72.0;1382.0;593.0;425.0;0.0;0.0;553.0;429.0;357.0;43.0;0.0;1.0;1.0;1.0;0.0;2022
São Paulo;2;29.0;462.0;0.0;308.0;0.0;0.0;2.0;279.0;164.0;17.0;0.0;1.0;1.0;1.0;1.0;2022
São Paulo;2;39.0;782.0;782.0;0.0;0.0;0.0;747.0;35.0;0.0;0.0;0.0;1.0;1.0;1.0;1.0;2022
São Paulo;2;99.0;1942.0;0.0;730.0;0.0;0.0;1.0;656.0;1134.0;151.0;0.0;1.0;1.0;1.0;1.0;2022
São Paulo;2;23.0;468.0;0.0;0.0;0.0;0.0;0.0;1.0;439.0;28.0;1.0;1.0;1.0;1.0;1.0;2022
São Paulo;2;28.0;649.0;649.0;0.0;0.0;0.0;606.0;43.0;0.0;0.0;0.0;1.0;1.0;1.0;1.0;2022
São Paulo;2;66.0;1218.0;195.0;460.0;0.0;0.0;166.0;445.0;533.0;74.0;1.0;1.0;1.0;1.0;1.0;2022
São Paulo;2;31.0;337.0;176.0;74.0;0.0;0.0;167.0;74.0;83.0;13.0;0.0;1.0;1.0;1.0;1.0;2022
São Paulo;2;46.0;860.0;860.0;0.0;0.0;0.0;823.0;37.0;0.0;0.0;0.0;1.0;1.0;1.0;0.0;2022
São Paulo;2;54.0;974.0;0.0;417.0;0.0;0.0;1.0;365.0;520.0;88.0;1.0;1.0;1.0;1.0;0.0;2022
São Paulo;2;49.0;717.0;717.0;0.0;0.0;0.0;677.0;40.0;0.0;0.0;0.0;1.0;1.0;1.0;0.0;2022
São Paulo;2;40.0;859.0;292.0;267.0;0.0;0.0;280.0;255.0;295.0;29.0;0.0;1.0;1.0;1.0;0.0;2022
São Paulo;2;35.0;543.0;169.0;170.0;0.0;0.0;157.0;169.0;194.0;23.0;0.0;1.0;1.0;1.0;1.0;2022
São Paulo;2;33.0;850.0;850.0;0.0;0.0;0.0;816.0;33.0;1.0;0.0;0.0;0.0;1.0;1.0;1.0;2022
São Paulo;2;53.0;860.0;468.0;392.0;0.0;0.0;452.0;381.0;27.0;0.0;0.0;1.0;1.0;1.0;0.0;2022
São Paulo;2;46.0;826.0;826.0;0.0;0.0;0.0;795.0;31.0;0.0;0.0;0.0;1.0;1.0;1.0;1.0;2022
São Paulo;2;23.0;359.0;359.0;0.0;0.0;0.0;338.0;21.0;0.0;0.0;0.0;1.0;1.0;1.0;1.0;2022
São Paulo;2;23.0;461.0;461.0;0.0;0.0;0.0;445.0;16.0;0.0;0.0;0.0;1.0;1.0;1.0;0.0;2022
São Paulo;2;29.0;533.0;533.0;0.0;0.0;1.0;504.0;28.0;0.0;0.0;0.0;1.0;1.0;1.0;0.0;2022
São Paulo;2;53.0;1064.0;338.0;318.0;0.0;0.0;323.0;304.0;408.0;29.0;0.0;1.0;1.0;1.0;0.0;2022
São Paulo;2;48.0;1117.0;0.0;228.0;0.0;0.0;0.0;205.0;693.0;219.0;1.0;1.0;1.0;1.0;0.0;2022
São Paulo;2;54.0;906.0;520.0;305.0;0.0;0.0;495.0;301.0;88.0;22.0;0.0;1.0;1.0;1.0;0.0;2022
São Paulo;2;34.0;455.0;0.0;207.0;0.0;0.0;1.0;182.0;244.0;28.0;0.0;1.0;1.0;1.0;0.0;2022
São Paulo;2;84.0;1776.0;0.0;590.0;0.0;0.0;0.0;545.0;906.0;325.0;0.0;1.0;1.0;1.0;1.0;2022
São Paulo;2;29.0;511.0;511.0;0.0;0.0;0.0;486.0;25.0;0.0;0.0;0.0;0.0;1.0;1.0;1.0;2022
São Paulo;2;59.0;846.0;433.0;91.0;0.0;0.0;426.0;73.0;277.0;70.0;0.0;1.0;1.0;1.0;1.0;2022
São Paulo;2;68.0;1526.0;138.0;381.0;0.0;0.0;141.0;332.0;814.0;239.0;0.0;1.0;1.0;1.0;1.0;2022
São Paulo;2;50.0;1066.0;0.0;316.0;0.0;0.0;1.0;283.0;438.0;344.0;0.0;1.0;1.0;1.0;1.0;2022
São Paulo;2;88.0;1132.0;0.0;345.0;0.0;0.0;0.0;302.0;513.0;317.0;0.0;1.0;1.0;1.0;0.0;2022
São Paulo;2;123.0;2266.0;0.0;0.0;0.0;0.0;0.0;6.0;2001.0;259.0;1.0;1.0;1.0;1.0;1.0;2022
São Paulo;2;38.0;693.0;0.0;415.0;0.0;0.0;0.0;347.0;319.0;27.0;0.0;1.0;1.0;1.0;0.0;2022
São Paulo;2;22.0;498.0;498.0;0.0;0.0;0.0;475.0;23.0;0.0;0.0;0.0;0.0;1.0;1.0;1.0;2022
São Paulo;2;34.0;688.0;688.0;0.0;0.0;0.0;649.0;39.0;0.0;0.0;0.0;1.0;1.0;1.0;0.0;2022
São Paulo;2;57.0;1095.0;544.0;551.0;0.0;0.0;518.0;522.0;55.0;0.0;0.0;1.0;1.0;1.0;1.0;2022
São Paulo;2;39.0;789.0;789.0;0.0;0.0;0.0;750.0;39.0;0.0;0.0;0.0;1.0;1.0;1.0;1.0;2022
São Paulo;2;48.0;853.0;0.0;399.0;0.0;0.0;4.0;359.0;432.0;58.0;0.0;1.0;1.0;1.0;0.0;2022
São Paulo;2;102.0;1634.0;525.0;453.0;0.0;0.0;507.0;428.0;433.0;266.0;0.0;1.0;1.0;1.0;1.0;2022
São Paulo;2;64.0;1287.0;0.0;519.0;0.0;0.0;1.0;456.0;676.0;154.0;0.0;1.0;1.0;1.0;1.0;2022
São Paulo;2;31.0;626.0;626.0;0.0;0.0;0.0;607.0;19.0;0.0;0.0;0.0;1.0;1.0;1.0;1.0;2022
São Paulo;2;60.0;1252.0;447.0;317.0;0.0;0.0;414.0;325.0;419.0;94.0;0.0;1.0;1.0;1.0;1.0;2022
São Paulo;2;61.0;1042.0;361.0;263.0;0.0;0.0;327.0;267.0;382.0;66.0;0.0;1.0;1.0;1.0;0.0;2022
São Paulo;2;63.0;1220.0;163.0;528.0;0.0;0.0;140.0;492.0;495.0;93.0;0.0;1.0;1.0;1.0;1.0;2022
São Paulo;2;84.0;1569.0;619.0;501.0;0.0;0.0;593.0;465.0;389.0;122.0;0.0;1.0;1.0;1.0;1.0;2022
São Paulo;2;109.0;2510.0;910.0;804.0;0.0;0.0;840.0;786.0;779.0;105.0;0.0;1.0;1.0;1.0;1.0;2022
São Paulo;2;97.0;2147.0;0.0;413.0;0.0;0.0;1.0;345.0;1379.0;422.0;0.0;1.0;1.0;1.0;1.0;2022
São Paulo;2;32.0;426.0;426.0;0.0;0.0;0.0;407.0;19.0;0.0;0.0;0.0;0.0;1.0;1.0;1.0;2022
São Paulo;2;54.0;796.0;796.0;0.0;0.0;0.0;763.0;33.0;0.0;0.0;0.0;1.0;1.0;1.0;0.0;2022
São Paulo;2;80.0;1556.0;434.0;223.0;0.0;0.0;418.0;201.0;818.0;119.0;0.0;0.0;1.0;0.0;0.0;2022
São Paulo;2;74.0;1268.0;0.0;586.0;0.0;0.0;1.0;552.0;630.0;85.0;0.0;1.0;1.0;1.0;1.0;2022
São Paulo;2;32.0;380.0;0.0;236.0;0.0;0.0;0.0;201.0;161.0;18.0;0.0;1.0;1.0;1.0;1.0;2022
São Paulo;2;66.0;1240.0;0.0;489.0;0.0;0.0;1.0;449.0;511.0;279.0;0.0;1.0;1.0;1.0;1.0;2022
São Paulo;2;73.0;1319.0;0.0;649.0;0.0;0.0;0.0;601.0;635.0;83.0;0.0;1.0;1.0;1.0;0.0;2022
São Paulo;2;33.0;697.0;697.0;0.0;0.0;0.0;655.0;42.0;0.0;0.0;1.0;1.0;1.0;1.0;1.0;2022
São Paulo;2;47.0;920.0;0.0;364.0;0.0;0.0;0.0;317.0;500.0;103.0;0.0;1.0;1.0;1.0;1.0;2022
São Paulo;2;32.0;595.0;595.0;0.0;0.0;0.0;565.0;30.0;0.0;0.0;0.0;1.0;1.0;1.0;1.0;2022
São Paulo;2;34.0;431.0;196.0;125.0;0.0;0.0;185.0;120.0;100.0;26.0;0.0;1.0;1.0;1.0;1.0;2022
São Paulo;2;27.0;450.0;450.0;0.0;0.0;0.0;429.0;21.0;0.0;0.0;0.0;1.0;1.0;1.0;1.0;2022
São Paulo;2;22.0;423.0;0.0;151.0;0.0;0.0;1.0;151.0;251.0;20.0;0.0;1.0;1.0;1.0;0.0;2022
São Paulo;2;109.0;1885.0;0.0;794.0;0.0;0.0;2.0;746.0;926.0;211.0;1.0;1.0;1.0;1.0;1.0;2022
São Paulo;2;45.0;693.0;693.0;0.0;0.0;0.0;645.0;48.0;0.0;0.0;0.0;1.0;1.0;1.0;1.0;2022
São Paulo;2;65.0;1281.0;0.0;502.0;0.0;0.0;1.0;463.0;770.0;47.0;0.0;1.0;1.0;1.0;1.0;2022
São Paulo;2;111.0;1909.0;416.0;371.0;0.0;0.0;380.0;363.0;832.0;334.0;0.0;1.0;1.0;1.0;0.0;2022
São Paulo;2;50.0;1021.0;0.0;566.0;0.0;0.0;3.0;530.0;458.0;30.0;0.0;1.0;1.0;1.0;1.0;2022
São Paulo;2;25.0;441.0;0.0;0.0;0.0;0.0;0.0;0.0;409.0;32.0;1.0;1.0;1.0;1.0;1.0;2022
São Paulo;2;16.0;221.0;0.0;221.0;0.0;0.0;0.0;205.0;16.0;0.0;0.0;1.0;1.0;1.0;1.0;2022
São Paulo;2;42.0;842.0;842.0;0.0;0.0;0.0;799.0;43.0;0.0;0.0;0.0;1.0;1.0;1.0;1.0;2022
São Paulo;2;47.0;820.0;0.0;447.0;0.0;0.0;1.0;393.0;352.0;74.0;0.0;1.0;1.0;1.0;0.0;2022
São Paulo;2;58.0;886.0;209.0;379.0;0.0;0.0;198.0;349.0;305.0;34.0;0.0;1.0;1.0;1.0;0.0;2022
São Paulo;2;62.0;738.0;0.0;387.0;0.0;0.0;0.0;361.0;345.0;32.0;0.0;1.0;1.0;1.0;1.0;2022
São Paulo;2;40.0;676.0;0.0;376.0;0.0;0.0;1.0;345.0;293.0;37.0;0.0;1.0;1.0;1.0;0.0;2022
São Paulo;2;34.0;759.0;759.0;0.0;0.0;0.0;706.0;53.0;0.0;0.0;0.0;1.0;1.0;1.0;1.0;2022
São Paulo;2;29.0;507.0;507.0;0.0;0.0;0.0;475.0;32.0;0.0;0.0;0.0;1.0;1.0;0.0;0.0;2022
São Paulo;2;43.0;751.0;296.0;277.0;0.0;0.0;279.0;282.0;180.0;10.0;0.0;1.0;1.0;1.0;0.0;2022
São Paulo;2;66.0;1096.0;0.0;677.0;0.0;0.0;0.0;609.0;449.0;38.0;0.0;1.0;1.0;1.0;1.0;2022
São Paulo;2;87.0;2124.0;893.0;599.0;0.0;0.0;849.0;577.0;616.0;82.0;0.0;1.0;1.0;1.0;0.0;2022
São Paulo;2;35.0;379.0;0.0;225.0;0.0;0.0;0.0;207.0;148.0;24.0;0.0;1.0;1.0;1.0;0.0;2022
São Paulo;2;;;;;;;;;;;;;;;;2022
São Paulo;2;22.0;303.0;303.0;0.0;0.0;0.0;298.0;5.0;0.0;0.0;0.0;1.0;1.0;1.0;0.0;2022
São Paulo;2;17.0;327.0;327.0;0.0;0.0;0.0;311.0;16.0;0.0;0.0;0.0;1.0;1.0;1.0;0.0;2022
São Paulo;2;69.0;1556.0;0.0;697.0;0.0;0.0;1.0;616.0;839.0;100.0;0.0;1.0;1.0;1.0;1.0;2022
São Paulo;2;56.0;812.0;0.0;371.0;0.0;0.0;2.0;330.0;433.0;47.0;0.0;0.0;1.0;1.0;1.0;2022
São Paulo;2;38.0;462.0;221.0;241.0;0.0;0.0;205.0;241.0;16.0;0.0;0.0;1.0;1.0;1.0;0.0;2022
São Paulo;2;67.0;1458.0;432.0;445.0;0.0;0.0;404.0;422.0;554.0;78.0;0.0;1.0;1.0;1.0;0.0;2022
São Paulo;2;73.0;1748.0;457.0;510.0;0.0;0.0;424.0;504.0;655.0;165.0;1.0;1.0;1.0;1.0;1.0;2022
São Paulo;2;50.0;890.0;755.0;0.0;0.0;0.0;718.0;37.0;0.0;135.0;0.0;0.0;1.0;1.0;0.0;2022
São Paulo;2;23.0;413.0;413.0;0.0;0.0;0.0;398.0;15.0;0.0;0.0;0.0;1.0;1.0;1.0;1.0;2022
São Paulo;2;83.0;1154.0;0.0;477.0;0.0;0.0;3.0;426.0;641.0;84.0;0.0;1.0;1.0;1.0;1.0;2022
São Paulo;2;36.0;868.0;868.0;0.0;0.0;0.0;821.0;47.0;0.0;0.0;0.0;1.0;1.0;1.0;1.0;2022
São Paulo;2;44.0;841.0;0.0;434.0;0.0;0.0;2.0;384.0;430.0;25.0;0.0;1.0;1.0;1.0;1.0;2022
São Paulo;2;24.0;501.0;0.0;0.0;0.0;0.0;0.0;6.0;461.0;34.0;0.0;0.0;1.0;1.0;1.0;2022
São Paulo;2;47.0;1130.0;531.0;599.0;0.0;0.0;506.0;581.0;43.0;0.0;0.0;1.0;1.0;1.0;1.0;2022
São Paulo;2;34.0;479.0;205.0;222.0;0.0;0.0;195.0;204.0;72.0;8.0;0.0;0.0;1.0;1.0;1.0;2022
São Paulo;2;79.0;1339.0;427.0;273.0;0.0;0.0;403.0;263.0;531.0;142.0;0.0;1.0;1.0;1.0;1.0;2022
São Paulo;2;100.0;2255.0;0.0;1013.0;0.0;0.0;1.0;908.0;1095.0;251.0;0.0;1.0;1.0;0.0;1.0;2022
São Paulo;2;68.0;860.0;0.0;505.0;0.0;0.0;1.0;406.0;363.0;90.0;0.0;1.0;1.0;1.0;0.0;2022
São Paulo;2;41.0;897.0;897.0;0.0;0.0;0.0;846.0;51.0;0.0;0.0;0.0;1.0;1.0;1.0;1.0;2022
São Paulo;2;50.0;1139.0;0.0;522.0;0.0;0.0;0.0;473.0;631.0;35.0;0.0;1.0;1.0;1.0;1.0;2022
São Paulo;2;30.0;482.0;482.0;0.0;0.0;0.0;468.0;14.0;0.0;0.0;1.0;1.0;1.0;1.0;1.0;2022
São Paulo;2;53.0;878.0;559.0;319.0;0.0;0.0;517.0;317.0;42.0;2.0;0.0;1.0;1.0;1.0;1.0;2022
São Paulo;2;46.0;876.0;0.0;542.0;0.0;0.0;0.0;514.0;348.0;14.0;1.0;1.0;1.0;1.0;0.0;2022
São Paulo;2;38.0;887.0;887.0;0.0;0.0;0.0;837.0;50.0;0.0;0.0;0.0;1.0;1.0;0.0;0.0;2022
São Paulo;2;36.0;640.0;0.0;311.0;0.0;0.0;0.0;287.0;318.0;35.0;0.0;1.0;1.0;1.0;1.0;2022
São Paulo;2;40.0;847.0;0.0;531.0;0.0;0.0;1.0;490.0;331.0;25.0;0.0;1.0;1.0;1.0;0.0;2022
São Paulo;2;37.0;578.0;0.0;289.0;0.0;0.0;2.0;257.0;292.0;27.0;0.0;1.0;1.0;1.0;0.0;2022
São Paulo;2;64.0;1089.0;493.0;596.0;0.0;0.0;479.0;576.0;34.0;0.0;0.0;0.0;1.0;1.0;1.0;2022
São Paulo;2;66.0;1278.0;1278.0;0.0;0.0;0.0;1219.0;59.0;0.0;0.0;0.0;1.0;1.0;1.0;1.0;2022
São Paulo;2;65.0;1258.0;0.0;577.0;0.0;0.0;1.0;515.0;671.0;71.0;0.0;1.0;1.0;1.0;0.0;2022
São Paulo;2;63.0;805.0;373.0;432.0;0.0;0.0;354.0;417.0;34.0;0.0;0.0;0.0;1.0;1.0;0.0;2022
São Paulo;2;14.0;219.0;219.0;0.0;0.0;0.0;207.0;12.0;0.0;0.0;0.0;0.0;1.0;0.0;0.0;2022
São Paulo;2;78.0;1744.0;791.0;484.0;0.0;0.0;734.0;485.0;327.0;198.0;0.0;1.0;1.0;1.0;1.0;2022
São Paulo;2;79.0;1972.0;0.0;726.0;0.0;0.0;0.0;654.0;1120.0;198.0;0.0;1.0;1.0;1.0;0.0;2022
São Paulo;2;21.0;360.0;360.0;0.0;0.0;0.0;334.0;26.0;0.0;0.0;0.0;1.0;1.0;1.0;1.0;2022
São Paulo;2;92.0;2714.0;63.0;1104.0;0.0;0.0;64.0;1008.0;1488.0;154.0;0.0;1.0;1.0;1.0;0.0;2022
São Paulo;2;32.0;656.0;656.0;0.0;0.0;0.0;613.0;42.0;1.0;0.0;0.0;1.0;1.0;0.0;0.0;2022
São Paulo;2;41.0;856.0;856.0;0.0;0.0;0.0;805.0;51.0;0.0;0.0;0.0;0.0;1.0;0.0;0.0;2022
São Paulo;2;;;;;;;;;;;;;;;;2022
São Paulo;2;29.0;608.0;0.0;424.0;0.0;0.0;0.0;379.0;216.0;13.0;0.0;1.0;1.0;1.0;1.0;2022
São Paulo;2;80.0;1328.0;0.0;0.0;0.0;0.0;0.0;4.0;581.0;743.0;1.0;1.0;1.0;0.0;0.0;2022
São Paulo;2;37.0;659.0;659.0;0.0;0.0;0.0;623.0;36.0;0.0;0.0;0.0;1.0;1.0;0.0;1.0;2022
São Paulo;2;10.0;42.0;0.0;22.0;0.0;0.0;0.0;0.0;19.0;23.0;0.0;0.0;1.0;0.0;0.0;2022
São Paulo;2;12.0;69.0;37.0;32.0;0.0;1.0;33.0;31.0;3.0;1.0;0.0;0.0;1.0;0.0;1.0;2022
São Paulo;2;;;;;;;;;;;;;;;;2022
São Paulo;2;;;;;;;;;;;;;;;;2022
São Paulo;2;;;;;;;;;;;;;;;;2022
São Paulo;2;23.0;340.0;0.0;245.0;0.0;0.0;1.0;222.0;108.0;9.0;0.0;1.0;1.0;0.0;1.0;2022
São Paulo;2;62.0;1111.0;237.0;303.0;0.0;0.0;221.0;282.0;388.0;220.0;1.0;1.0;1.0;1.0;1.0;2022
São Paulo;2;40.0;633.0;0.0;199.0;0.0;0.0;0.0;186.0;397.0;50.0;0.0;1.0;1.0;1.0;1.0;2022
São Paulo;2;70.0;1279.0;220.0;425.0;0.0;0.0;204.0;396.0;626.0;53.0;0.0;1.0;1.0;1.0;1.0;2022
São Paulo;2;62.0;760.0;0.0;217.0;0.0;0.0;0.0;183.0;497.0;80.0;0.0;1.0;1.0;1.0;1.0;2022
São Paulo;2;39.0;617.0;370.0;194.0;0.0;0.0;349.0;184.0;79.0;5.0;0.0;1.0;1.0;1.0;1.0;2022
São Paulo;2;10.0;16.0;0.0;0.0;0.0;0.0;0.0;0.0;0.0;16.0;1.0;1.0;1.0;1.0;0.0;2022
São Paulo;2;;;;;;;;;;;;;;;;2022
São Paulo;2;;;;;;;;;;;;;;;;2022
São Paulo;2;24.0;493.0;493.0;0.0;0.0;0.0;446.0;47.0;0.0;0.0;0.0;1.0;1.0;0.0;1.0;2022
São Paulo;2;67.0;1835.0;567.0;484.0;0.0;0.0;543.0;470.0;728.0;94.0;0.0;1.0;1.0;1.0;1.0;2022
São Paulo;2;34.0;572.0;572.0;0.0;0.0;0.0;542.0;30.0;0.0;0.0;0.0;1.0;1.0;1.0;0.0;2022
São Paulo;2;31.0;678.0;678.0;0.0;0.0;0.0;646.0;32.0;0.0;0.0;0.0;1.0;1.0;1.0;1.0;2022
São Paulo;2;53.0;1097.0;0.0;304.0;0.0;0.0;2.0;268.0;716.0;111.0;0.0;1.0;1.0;1.0;0.0;2022
São Paulo;2;52.0;1118.0;1118.0;0.0;0.0;0.0;1074.0;44.0;0.0;0.0;0.0;1.0;1.0;1.0;0.0;2022
São Paulo;2;26.0;475.0;475.0;0.0;0.0;0.0;458.0;17.0;0.0;0.0;0.0;1.0;1.0;1.0;0.0;2022
São Paulo;2;85.0;1442.0;0.0;567.0;0.0;0.0;1.0;500.0;652.0;289.0;0.0;1.0;1.0;1.0;1.0;2022
São Paulo;2;29.0;531.0;531.0;0.0;0.0;0.0;511.0;20.0;0.0;0.0;0.0;0.0;1.0;1.0;1.0;2022
São Paulo;2;34.0;603.0;0.0;462.0;0.0;0.0;2.0;415.0;177.0;9.0;0.0;1.0;1.0;1.0;1.0;2022
São Paulo;2;77.0;1471.0;0.0;592.0;0.0;0.0;0.0;525.0;840.0;106.0;0.0;1.0;1.0;1.0;1.0;2022
São Paulo;2;77.0;1316.0;517.0;351.0;0.0;0.0;475.0;354.0;424.0;63.0;0.0;1.0;1.0;1.0;1.0;2022
São Paulo;2;;;;;;;;;;;;;;;;2022
São Paulo;2;57.0;1397.0;304.0;346.0;0.0;0.0;290.0;325.0;474.0;308.0;0.0;0.0;1.0;1.0;1.0;2022
São Paulo;2;5.0;7122.0;0.0;0.0;0.0;0.0;0.0;0.0;1122.0;6000.0;1.0;0.0;1.0;0.0;0.0;2022
São Paulo;2;126.0;1595.0;0.0;0.0;0.0;0.0;0.0;8.0;784.0;803.0;1.0;1.0;1.0;1.0;0.0;2022
São Paulo;2;9.0;17.0;0.0;13.0;0.0;0.0;0.0;0.0;10.0;7.0;0.0;1.0;1.0;0.0;0.0;2022
São Paulo;2;12.0;44.0;3.0;20.0;0.0;0.0;0.0;1.0;26.0;17.0;0.0;0.0;1.0;0.0;0.0;2022
São Paulo;2;;;;;;;;;;;;;;;;2022
São Paulo;2;;;;;;;;;;;;;;;;2022
São Paulo;2;39.0;916.0;916.0;0.0;0.0;0.0;844.0;71.0;1.0;0.0;0.0;0.0;1.0;1.0;1.0;2022
São Paulo;2;82.0;2363.0;0.0;417.0;0.0;0.0;1.0;346.0;1716.0;300.0;0.0;1.0;1.0;1.0;1.0;2022
São Paulo;2;;;;;;;;;;;;;;;;2022
São Paulo;2;46.0;632.0;0.0;0.0;0.0;0.0;0.0;3.0;408.0;221.0;1.0;1.0;1.0;0.0;1.0;2022
São Paulo;2;;;;;;;;;;;;;;;;2022
São Paulo;2;;;;;;;;;;;;;;;;2022
São Paulo;2;;;;;;;;;;;;;;;;2022
São Paulo;2;;;;;;;;;;;;;;;;2022
São Paulo;2;;;;;;;;;;;;;;;;2022
São Paulo;2;89.0;1272.0;0.0;0.0;0.0;0.0;0.0;4.0;675.0;593.0;1.0;1.0;1.0;0.0;0.0;2022
São Paulo;2;24.0;68.0;0.0;0.0;35.0;27.0;6.0;0.0;0.0;0.0;0.0;0.0;1.0;0.0;0.0;2022
São Paulo;2;;;;;;;;;;;;;;;;2022
São Paulo;2;6.0;15.0;0.0;7.0;0.0;0.0;0.0;0.0;9.0;6.0;0.0;0.0;1.0;0.0;0.0;2022
São Paulo;2;;;;;;;;;;;;;;;;2022
São Paulo;2;34.0;786.0;786.0;0.0;0.0;0.0;737.0;49.0;0.0;0.0;0.0;1.0;1.0;1.0;1.0;2022
São Paulo;2;67.0;1194.0;0.0;0.0;0.0;0.0;0.0;1.0;754.0;439.0;0.0;1.0;1.0;1.0;0.0;2022
São Paulo;2;61.0;1142.0;0.0;0.0;0.0;0.0;0.0;4.0;802.0;336.0;1.0;1.0;1.0;0.0;1.0;2022
São Paulo;2;;;;;;;;;;;;;;;;2022
São Paulo;2;;;;;;;;;;;;;;;;2022
São Paulo;2;;;;;;;;;;;;;;;;2022
São Paulo;2;;;;;;;;;;;;;;;;2022
São Paulo;2;;;;;;;;;;;;;;;;2022
São Paulo;2;;;;;;;;;;;;;;;;2022
São Paulo;2;;;;;;;;;;;;;;;;2022
São Paulo;2;75.0;755.0;0.0;0.0;0.0;0.0;0.0;2.0;235.0;518.0;0.0;1.0;1.0;0.0;0.0;2022
São Paulo;2;12.0;30.0;1.0;19.0;0.0;0.0;0.0;0.0;18.0;12.0;1.0;0.0;1.0;1.0;1.0;2022
São Paulo;2;42.0;633.0;0.0;0.0;0.0;0.0;0.0;8.0;475.0;150.0;1.0;1.0;1.0;1.0;0.0;2022
São Paulo;2;66.0;846.0;0.0;0.0;0.0;0.0;0.0;5.0;590.0;251.0;1.0;1.0;1.0;1.0;1.0;2022
São Paulo;2;72.0;1607.0;0.0;492.0;0.0;0.0;5.0;460.0;672.0;470.0;0.0;1.0;1.0;1.0;1.0;2022
São Paulo;2;;;;;;;;;;;0.0;0.0;0.0;0.0;0.0;2022
São Paulo;2;42.0;710.0;0.0;324.0;0.0;0.0;0.0;292.0;384.0;34.0;0.0;1.0;1.0;1.0;1.0;2022
São Paulo;2;12.0;36.0;2.0;20.0;0.0;0.0;0.0;0.0;25.0;11.0;1.0;0.0;1.0;1.0;1.0;2022
São Paulo;2;13.0;34.0;0.0;16.0;0.0;0.0;0.0;0.0;12.0;22.0;0.0;0.0;0.0;0.0;0.0;2022
São Paulo;2;18.0;39.0;2.0;17.0;0.0;0.0;0.0;0.0;15.0;24.0;0.0;0.0;0.0;0.0;0.0;2022
São Paulo;2;11.0;17.0;0.0;7.0;0.0;0.0;0.0;0.0;7.0;10.0;0.0;0.0;0.0;0.0;0.0;2022
São Paulo;2;15.0;27.0;4.0;19.0;0.0;0.0;0.0;4.0;16.0;7.0;0.0;0.0;0.0;0.0;0.0;2022
São Paulo;2;38.0;726.0;726.0;0.0;0.0;0.0;680.0;43.0;0.0;3.0;0.0;0.0;1.0;1.0;1.0;2022
São Paulo;2;69.0;1652.0;0.0;773.0;0.0;0.0;1.0;697.0;867.0;87.0;0.0;1.0;1.0;1.0;1.0;2022
São Paulo;2;;;;;;;;;;;;;;;;2022
São Paulo;2;14.0;20.0;3.0;10.0;0.0;0.0;0.0;1.0;11.0;8.0;0.0;0.0;0.0;0.0;0.0;2022
São Paulo;2;16.0;39.0;2.0;19.0;0.0;0.0;0.0;0.0;20.0;19.0;0.0;0.0;0.0;0.0;0.0;2022
São Paulo;2;;;;;;;;;;;;;;;;2022
São Paulo;2;79.0;1635.0;0.0;0.0;0.0;0.0;0.0;2.0;957.0;676.0;1.0;1.0;1.0;0.0;0.0;2022
São Paulo;2;64.0;976.0;0.0;0.0;0.0;0.0;0.0;4.0;576.0;396.0;1.0;1.0;1.0;1.0;0.0;2022
São Paulo;2;;;;;;;;;;;0.0;0.0;1.0;0.0;0.0;2022
São Paulo;2;9.0;55.0;0.0;34.0;0.0;0.0;0.0;2.0;47.0;6.0;0.0;0.0;1.0;0.0;0.0;2022
São Paulo;2;15.0;20.0;5.0;10.0;0.0;0.0;0.0;0.0;15.0;5.0;0.0;0.0;0.0;0.0;0.0;2022
São Paulo;2;;;;;;;;;;;;;;;;2022
São Paulo;2;10.0;30.0;1.0;10.0;0.0;0.0;0.0;0.0;11.0;19.0;0.0;0.0;0.0;0.0;0.0;2022
São Paulo;2;;;;;;;;;;;;;;;;2022
São Paulo;2;61.0;1048.0;454.0;266.0;0.0;0.0;434.0;258.0;301.0;55.0;0.0;0.0;1.0;1.0;1.0;2022
São Paulo;2;56.0;1069.0;545.0;524.0;0.0;0.0;525.0;490.0;54.0;0.0;0.0;1.0;1.0;1.0;1.0;2022
São Paulo;2;56.0;1145.0;0.0;0.0;0.0;0.0;0.0;7.0;772.0;366.0;1.0;1.0;1.0;0.0;1.0;2022
São Paulo;2;82.0;1188.0;0.0;0.0;0.0;0.0;0.0;7.0;770.0;411.0;1.0;1.0;1.0;1.0;1.0;2022
São Paulo;2;38.0;651.0;651.0;0.0;0.0;0.0;615.0;36.0;0.0;0.0;0.0;0.0;1.0;1.0;1.0;2022
São Paulo;2;58.0;1298.0;0.0;0.0;0.0;0.0;0.0;6.0;932.0;360.0;1.0;1.0;1.0;0.0;0.0;2022
São Paulo;2;55.0;1036.0;0.0;495.0;0.0;0.0;3.0;443.0;512.0;78.0;0.0;1.0;1.0;1.0;1.0;2022
São Paulo;2;22.0;343.0;0.0;227.0;0.0;0.0;1.0;217.0;121.0;4.0;0.0;1.0;1.0;1.0;0.0;2022
São Paulo;2;36.0;791.0;791.0;0.0;0.0;0.0;747.0;44.0;0.0;0.0;0.0;1.0;1.0;1.0;1.0;2022
São Paulo;2;68.0;1423.0;0.0;398.0;0.0;0.0;0.0;347.0;721.0;355.0;0.0;1.0;1.0;1.0;1.0;2022
São Paulo;2;;;;;;;;;;;;;;;;2022
São Paulo;2;;;;;;;;;;;;;;;;2022
São Paulo;2;64.0;875.0;0.0;0.0;0.0;0.0;0.0;3.0;584.0;288.0;1.0;1.0;1.0;1.0;1.0;2022
São Paulo;2;53.0;813.0;0.0;0.0;0.0;0.0;0.0;3.0;402.0;408.0;0.0;1.0;1.0;1.0;1.0;2022
São Paulo;2;68.0;1472.0;0.0;0.0;0.0;0.0;0.0;4.0;903.0;565.0;1.0;1.0;1.0;0.0;0.0;2022
São Paulo;2;61.0;988.0;0.0;0.0;0.0;0.0;0.0;6.0;605.0;377.0;1.0;1.0;1.0;1.0;1.0;2022
São Paulo;2;49.0;550.0;0.0;0.0;0.0;0.0;0.0;3.0;353.0;194.0;0.0;1.0;1.0;0.0;0.0;2022
São Paulo;2;39.0;699.0;0.0;0.0;0.0;0.0;0.0;0.0;479.0;220.0;1.0;1.0;1.0;1.0;1.0;2022
São Paulo;2;31.0;331.0;0.0;0.0;0.0;0.0;0.0;1.0;234.0;96.0;1.0;0.0;1.0;1.0;0.0;2022
São Paulo;2;86.0;1227.0;0.0;0.0;0.0;0.0;0.0;6.0;830.0;391.0;1.0;1.0;1.0;0.0;1.0;2022
São Paulo;2;50.0;800.0;0.0;0.0;0.0;0.0;0.0;2.0;526.0;272.0;1.0;1.0;1.0;1.0;0.0;2022
São Paulo;2;40.0;644.0;0.0;0.0;0.0;0.0;0.0;5.0;504.0;135.0;1.0;1.0;1.0;1.0;0.0;2022
São Paulo;2;47.0;1042.0;1042.0;0.0;0.0;0.0;998.0;43.0;1.0;0.0;0.0;1.0;1.0;1.0;1.0;2022
São Paulo;2;33.0;722.0;722.0;0.0;0.0;0.0;662.0;59.0;1.0;0.0;0.0;1.0;1.0;1.0;1.0;2022
São Paulo;2;79.0;1118.0;0.0;0.0;0.0;0.0;0.0;3.0;585.0;530.0;1.0;1.0;1.0;1.0;0.0;2022
São Paulo;2;50.0;1041.0;0.0;516.0;0.0;0.0;0.0;467.0;542.0;32.0;0.0;1.0;1.0;1.0;1.0;2022
São Paulo;2;55.0;707.0;0.0;0.0;0.0;0.0;0.0;4.0;396.0;307.0;1.0;1.0;1.0;1.0;1.0;2022
São Paulo;2;10.0;71.0;0.0;0.0;0.0;0.0;0.0;0.0;0.0;71.0;0.0;0.0;0.0;0.0;0.0;2022
São Paulo;2;10.0;76.0;0.0;0.0;0.0;0.0;0.0;0.0;0.0;76.0;1.0;0.0;0.0;0.0;0.0;2022
São Paulo;2;6.0;19.0;0.0;0.0;0.0;0.0;0.0;0.0;0.0;19.0;0.0;0.0;0.0;0.0;0.0;2022
São Paulo;2;4.0;27.0;0.0;0.0;0.0;0.0;0.0;0.0;0.0;27.0;0.0;1.0;0.0;0.0;0.0;2022
São Paulo;2;1.0;18.0;0.0;0.0;10.0;8.0;0.0;0.0;0.0;0.0;0.0;0.0;1.0;0.0;1.0;2022
São Paulo;2;72.0;1481.0;527.0;606.0;0.0;0.0;492.0;571.0;69.0;349.0;0.0;1.0;1.0;1.0;1.0;2022
São Paulo;2;26.0;628.0;0.0;0.0;0.0;0.0;0.0;7.0;425.0;196.0;1.0;1.0;1.0;0.0;1.0;2022
São Paulo;2;5.0;17.0;0.0;0.0;0.0;0.0;0.0;0.0;0.0;17.0;0.0;0.0;0.0;0.0;0.0;2022
São Paulo;2;;;;;;;;;;;;;;;;2022
São Paulo;2;;;;;;;;;;;;;;;;2022
São Paulo;2;;;;;;;;;;;0.0;0.0;1.0;0.0;1.0;2022
São Paulo;2;;;;;;;;;;;0.0;0.0;1.0;0.0;1.0;2022
São Paulo;2;;;;;;;;;;;0.0;0.0;1.0;0.0;0.0;2022
São Paulo;2;;;;;;;;;;;;;;;;2022
São Paulo;2;;;;;;;;;;;0.0;0.0;1.0;0.0;0.0;2022
São Paulo;2;;;;;;;;;;;1.0;0.0;1.0;0.0;0.0;2022
São Paulo;2;45.0;931.0;931.0;0.0;0.0;0.0;897.0;34.0;0.0;0.0;0.0;1.0;1.0;1.0;1.0;2022
São Paulo;2;33.0;580.0;0.0;365.0;0.0;0.0;0.0;307.0;263.0;10.0;0.0;1.0;1.0;1.0;1.0;2022
São Paulo;2;45.0;967.0;967.0;0.0;0.0;0.0;912.0;55.0;0.0;0.0;0.0;1.0;1.0;1.0;1.0;2022
São Paulo;2;23.0;479.0;0.0;267.0;0.0;0.0;0.0;254.0;204.0;21.0;0.0;1.0;0.0;1.0;1.0;2022
São Paulo;2;54.0;1096.0;1096.0;0.0;0.0;0.0;1043.0;53.0;0.0;0.0;0.0;1.0;1.0;1.0;1.0;2022
São Paulo;2;58.0;837.0;0.0;0.0;0.0;0.0;0.0;5.0;558.0;274.0;1.0;1.0;1.0;0.0;0.0;2022
São Paulo;2;24.0;384.0;0.0;0.0;0.0;0.0;0.0;1.0;360.0;23.0;0.0;1.0;1.0;1.0;1.0;2022
São Paulo;2;23.0;479.0;0.0;479.0;0.0;0.0;1.0;437.0;41.0;0.0;0.0;1.0;1.0;1.0;1.0;2022
São Paulo;2;;;;;;;;;;;;;;;;2022
São Paulo;2;;;;;;;;;;;;;;;;2022
São Paulo;2;95.0;2135.0;0.0;0.0;0.0;0.0;0.0;1.0;1834.0;300.0;0.0;1.0;1.0;1.0;1.0;2022
São Paulo;2;;;;;;;;;;;;;;;;2022
São Paulo;2;55.0;778.0;0.0;0.0;0.0;0.0;0.0;4.0;575.0;199.0;1.0;1.0;1.0;1.0;1.0;2022
São Paulo;2;41.0;800.0;800.0;0.0;0.0;1.0;776.0;23.0;0.0;0.0;0.0;1.0;1.0;1.0;1.0;2022
São Paulo;2;38.0;795.0;795.0;0.0;0.0;0.0;765.0;30.0;0.0;0.0;0.0;1.0;1.0;1.0;1.0;2022
São Paulo;2;59.0;1497.0;0.0;736.0;0.0;0.0;1.0;656.0;740.0;100.0;1.0;1.0;1.0;1.0;1.0;2022
São Paulo;2;25.0;484.0;0.0;387.0;0.0;0.0;1.0;361.0;120.0;2.0;0.0;1.0;1.0;1.0;0.0;2022
São Paulo;2;;;;;;;;;;;0.0;0.0;1.0;0.0;0.0;2022
São Paulo;2;;;;;;;;;;;;;;;;2022
São Paulo;2;42.0;812.0;812.0;0.0;0.0;0.0;769.0;43.0;0.0;0.0;0.0;1.0;1.0;1.0;1.0;2022
São Paulo;2;28.0;549.0;0.0;549.0;0.0;0.0;0.0;515.0;34.0;0.0;0.0;1.0;1.0;1.0;1.0;2022
São Paulo;2;30.0;239.0;0.0;0.0;0.0;0.0;0.0;3.0;138.0;98.0;1.0;1.0;1.0;1.0;1.0;2022
São Paulo;2;;;;;;;;;;;0.0;0.0;1.0;0.0;0.0;2022
São Paulo;2;7.0;53.0;0.0;0.0;0.0;0.0;0.0;0.0;0.0;53.0;0.0;0.0;0.0;0.0;0.0;2022
São Paulo;2;;;;;;;;;;;;;;;;2022
São Paulo;2;;;;;;;;;;;;;;;;2022
São Paulo;2;;;;;;;;;;;;;;;;2022
São Paulo;2;;;;;;;;;;;;;;;;2022
São Paulo;2;;;;;;;;;;;;;;;;2022
São Paulo;2;;;;;;;;;;;;;;;;2022
São Paulo;2;;;;;;;;;;;;;;;;2022
São Paulo;2;;;;;;;;;;;;;;;;2022
São Paulo;2;23.0;236.0;95.0;68.0;0.0;1.0;68.0;69.0;48.0;50.0;0.0;0.0;1.0;0.0;1.0;2022
São Paulo;2;;;;;;;;;;;;;;;;2022
São Paulo;2;;;;;;;;;;;;;;;;2022
São Paulo;2;;;;;;;;;;;;;;;;2022
São Paulo;2;10.0;46.0;0.0;20.0;0.0;0.0;0.0;0.0;25.0;21.0;0.0;0.0;1.0;1.0;1.0;2022
São Paulo;2;;;;;;;;;;;;;;;;2022
São Paulo;2;11.0;69.0;12.0;35.0;0.0;0.0;0.0;7.0;40.0;22.0;0.0;0.0;1.0;0.0;0.0;2022
São Paulo;2;;;;;;;;;;;;;;;;2022
São Paulo;2;;;;;;;;;;;;;;;;2022
São Paulo;2;11.0;56.0;0.0;24.0;0.0;0.0;0.0;2.0;39.0;15.0;0.0;0.0;1.0;0.0;0.0;2022
São Paulo;2;12.0;56.0;0.0;22.0;0.0;0.0;0.0;0.0;38.0;18.0;0.0;0.0;0.0;0.0;0.0;2022
São Paulo;2;13.0;63.0;0.0;32.0;0.0;0.0;0.0;5.0;36.0;22.0;0.0;0.0;0.0;0.0;0.0;2022
São Paulo;2;;;;;;;;;;;;;;;;2022
São Paulo;2;;;;;;;;;;;;;;;;2022
São Paulo;2;;;;;;;;;;;;;;;;2022
São Paulo;2;;;;;;;;;;;;;;;;2022
São Paulo;2;;;;;;;;;;;;;;;;2022
São Paulo;2;13.0;45.0;1.0;24.0;0.0;0.0;0.0;1.0;24.0;20.0;0.0;0.0;1.0;0.0;0.0;2022
São Paulo;2;;;;;;;;;;;;;;;;2022
São Paulo;2;;;;;;;;;;;;;;;;2022
São Paulo;2;;;;;;;;;;;;;;;;2022
São Paulo;2;22.0;245.0;0.0;0.0;0.0;0.0;0.0;4.0;185.0;56.0;1.0;0.0;1.0;0.0;1.0;2022
São Paulo;2;;;;;;;;;;;;;;;;2022
São Paulo;2;55.0;1014.0;494.0;520.0;0.0;0.0;450.0;543.0;20.0;1.0;0.0;1.0;1.0;1.0;1.0;2022
São Paulo;2;;;;;;;;;;;;;;;;2022
São Paulo;2;1.0;11.0;0.0;0.0;0.0;11.0;0.0;0.0;0.0;0.0;1.0;0.0;1.0;0.0;1.0;2022
São Paulo;2;17.0;216.0;216.0;0.0;0.0;0.0;211.0;5.0;0.0;0.0;0.0;1.0;1.0;1.0;1.0;2022
São Paulo;2;72.0;984.0;0.0;0.0;0.0;0.0;0.0;3.0;745.0;236.0;1.0;1.0;1.0;0.0;1.0;2022
São Paulo;2;65.0;1666.0;550.0;417.0;0.0;0.0;521.0;406.0;638.0;101.0;0.0;1.0;1.0;1.0;1.0;2022
São Paulo;2;48.0;902.0;221.0;411.0;0.0;0.0;211.0;375.0;295.0;21.0;0.0;0.0;1.0;1.0;1.0;2022
São Paulo;2;31.0;422.0;422.0;0.0;0.0;0.0;409.0;13.0;0.0;0.0;0.0;1.0;1.0;1.0;0.0;2022
São Paulo;2;66.0;1575.0;0.0;345.0;0.0;0.0;0.0;294.0;1043.0;238.0;0.0;0.0;1.0;1.0;1.0;2022
São Paulo;2;51.0;989.0;0.0;577.0;0.0;0.0;1.0;541.0;413.0;34.0;0.0;1.0;1.0;1.0;1.0;2022
São Paulo;2;58.0;782.0;0.0;344.0;0.0;0.0;1.0;310.0;427.0;44.0;0.0;1.0;1.0;1.0;0.0;2022
São Paulo;2;99.0;1482.0;0.0;639.0;0.0;0.0;3.0;552.0;761.0;166.0;0.0;0.0;1.0;1.0;0.0;2022
São Paulo;2;29.0;556.0;556.0;0.0;0.0;0.0;538.0;18.0;0.0;0.0;0.0;1.0;1.0;1.0;1.0;2022
São Paulo;2;43.0;578.0;163.0;189.0;0.0;0.0;155.0;186.0;160.0;77.0;0.0;1.0;1.0;1.0;1.0;2022
São Paulo;2;58.0;789.0;0.0;376.0;0.0;0.0;2.0;332.0;390.0;65.0;0.0;1.0;1.0;1.0;0.0;2022
São Paulo;2;31.0;659.0;659.0;0.0;0.0;0.0;613.0;46.0;0.0;0.0;0.0;1.0;1.0;1.0;1.0;2022
São Paulo;2;17.0;376.0;376.0;0.0;0.0;0.0;349.0;27.0;0.0;0.0;0.0;1.0;1.0;0.0;0.0;2022
São Paulo;2;29.0;508.0;508.0;0.0;0.0;0.0;490.0;18.0;0.0;0.0;0.0;1.0;1.0;1.0;1.0;2022
São Paulo;2;30.0;735.0;303.0;251.0;0.0;0.0;288.0;235.0;183.0;29.0;0.0;1.0;1.0;1.0;1.0;2022
São Paulo;2;83.0;1359.0;215.0;248.0;0.0;0.0;216.0;218.0;688.0;237.0;0.0;1.0;1.0;1.0;0.0;2022
São Paulo;2;20.0;359.0;359.0;0.0;0.0;0.0;345.0;14.0;0.0;0.0;0.0;0.0;1.0;1.0;0.0;2022
São Paulo;2;28.0;568.0;568.0;0.0;0.0;0.0;543.0;25.0;0.0;0.0;0.0;1.0;1.0;1.0;1.0;2022
São Paulo;2;100.0;1955.0;0.0;699.0;0.0;0.0;1.0;647.0;979.0;328.0;0.0;1.0;1.0;1.0;1.0;2022
São Paulo;2;88.0;1630.0;521.0;566.0;0.0;0.0;499.0;505.0;569.0;57.0;0.0;1.0;1.0;1.0;1.0;2022
São Paulo;2;40.0;753.0;753.0;0.0;0.0;0.0;706.0;47.0;0.0;0.0;0.0;1.0;1.0;0.0;1.0;2022
São Paulo;2;66.0;970.0;299.0;356.0;0.0;0.0;280.0;346.0;226.0;118.0;0.0;1.0;1.0;1.0;0.0;2022
São Paulo;2;78.0;1846.0;0.0;951.0;0.0;0.0;1.0;841.0;870.0;134.0;0.0;1.0;1.0;1.0;1.0;2022
São Paulo;2;72.0;1532.0;0.0;691.0;0.0;0.0;1.0;617.0;783.0;131.0;0.0;1.0;1.0;1.0;1.0;2022
São Paulo;2;22.0;445.0;445.0;0.0;0.0;0.0;427.0;18.0;0.0;0.0;0.0;1.0;1.0;1.0;1.0;2022
São Paulo;2;35.0;760.0;760.0;0.0;0.0;0.0;732.0;28.0;0.0;0.0;0.0;1.0;1.0;1.0;1.0;2022
São Paulo;2;44.0;879.0;0.0;435.0;0.0;0.0;0.0;383.0;436.0;60.0;0.0;1.0;1.0;1.0;0.0;2022
São Paulo;2;24.0;493.0;493.0;0.0;0.0;0.0;453.0;40.0;0.0;0.0;0.0;0.0;1.0;1.0;1.0;2022
São Paulo;2;107.0;2550.0;648.0;702.0;0.0;0.0;605.0;682.0;1007.0;256.0;0.0;0.0;1.0;1.0;1.0;2022
São Paulo;2;68.0;1360.0;849.0;0.0;0.0;0.0;803.0;44.0;1.0;512.0;0.0;1.0;1.0;1.0;1.0;2022
São Paulo;2;76.0;1728.0;628.0;417.0;0.0;0.0;575.0;426.0;692.0;35.0;0.0;1.0;1.0;1.0;0.0;2022
São Paulo;2;63.0;1449.0;398.0;356.0;0.0;0.0;376.0;328.0;625.0;120.0;0.0;1.0;1.0;1.0;0.0;2022
São Paulo;2;86.0;1757.0;528.0;516.0;0.0;0.0;496.0;498.0;669.0;94.0;0.0;1.0;1.0;1.0;0.0;2022
São Paulo;2;27.0;488.0;488.0;0.0;0.0;0.0;457.0;31.0;0.0;0.0;0.0;1.0;1.0;1.0;1.0;2022
São Paulo;2;43.0;523.0;350.0;173.0;0.0;0.0;330.0;177.0;16.0;0.0;0.0;1.0;1.0;1.0;1.0;2022
São Paulo;2;13.0;262.0;262.0;0.0;0.0;0.0;248.0;14.0;0.0;0.0;0.0;0.0;1.0;0.0;0.0;2022
São Paulo;2;51.0;900.0;401.0;266.0;0.0;0.0;367.0;262.0;243.0;28.0;0.0;1.0;1.0;1.0;1.0;2022
São Paulo;2;40.0;710.0;710.0;0.0;0.0;0.0;678.0;32.0;0.0;0.0;0.0;1.0;1.0;1.0;1.0;2022
São Paulo;2;45.0;718.0;317.0;208.0;0.0;0.0;294.0;208.0;192.0;24.0;0.0;1.0;1.0;1.0;0.0;2022
São Paulo;2;67.0;1271.0;412.0;275.0;0.0;0.0;390.0;273.0;410.0;198.0;0.0;0.0;1.0;1.0;0.0;2022
São Paulo;2;42.0;706.0;326.0;254.0;0.0;0.0;294.0;254.0;138.0;20.0;0.0;1.0;1.0;1.0;0.0;2022
São Paulo;2;31.0;679.0;679.0;0.0;0.0;0.0;649.0;30.0;0.0;0.0;0.0;1.0;1.0;1.0;1.0;2022
São Paulo;2;33.0;509.0;0.0;294.0;0.0;0.0;0.0;268.0;216.0;25.0;0.0;1.0;1.0;1.0;1.0;2022
São Paulo;2;64.0;1262.0;533.0;504.0;0.0;0.0;502.0;502.0;33.0;225.0;0.0;0.0;1.0;1.0;1.0;2022
São Paulo;2;18.0;357.0;0.0;357.0;0.0;0.0;1.0;343.0;13.0;0.0;0.0;1.0;1.0;1.0;0.0;2022
São Paulo;2;40.0;592.0;0.0;411.0;0.0;0.0;3.0;371.0;197.0;21.0;0.0;1.0;1.0;1.0;1.0;2022
São Paulo;2;30.0;499.0;0.0;499.0;0.0;0.0;0.0;455.0;44.0;0.0;0.0;1.0;1.0;1.0;1.0;2022
São Paulo;2;44.0;871.0;871.0;0.0;0.0;0.0;831.0;40.0;0.0;0.0;0.0;1.0;1.0;1.0;0.0;2022
São Paulo;2;62.0;1044.0;1044.0;0.0;0.0;0.0;995.0;49.0;0.0;0.0;0.0;1.0;1.0;1.0;1.0;2022
São Paulo;2;99.0;1859.0;731.0;658.0;0.0;0.0;684.0;617.0;478.0;80.0;0.0;0.0;1.0;1.0;1.0;2022
São Paulo;2;93.0;1914.0;0.0;772.0;0.0;0.0;1.0;691.0;937.0;285.0;0.0;1.0;1.0;1.0;1.0;2022
São Paulo;2;97.0;1674.0;111.0;573.0;0.0;0.0;96.0;497.0;904.0;177.0;0.0;1.0;1.0;1.0;1.0;2022
São Paulo;2;74.0;1686.0;0.0;199.0;0.0;0.0;0.0;173.0;1062.0;451.0;0.0;1.0;1.0;1.0;1.0;2022
São Paulo;2;41.0;742.0;0.0;0.0;0.0;0.0;0.0;4.0;636.0;102.0;0.0;1.0;1.0;1.0;0.0;2022
São Paulo;2;55.0;1159.0;301.0;324.0;0.0;0.0;287.0;301.0;450.0;121.0;0.0;1.0;1.0;1.0;1.0;2022
São Paulo;2;29.0;497.0;497.0;0.0;0.0;0.0;481.0;16.0;0.0;0.0;0.0;0.0;1.0;0.0;0.0;2022
São Paulo;2;24.0;334.0;334.0;0.0;0.0;0.0;324.0;10.0;0.0;0.0;0.0;1.0;1.0;1.0;1.0;2022
São Paulo;2;42.0;702.0;443.0;0.0;0.0;0.0;415.0;28.0;241.0;18.0;0.0;1.0;1.0;1.0;0.0;2022
São Paulo;2;46.0;1051.0;0.0;389.0;0.0;0.0;1.0;350.0;611.0;89.0;0.0;1.0;1.0;1.0;0.0;2022
São Paulo;2;88.0;1851.0;376.0;449.0;0.0;0.0;351.0;429.0;672.0;399.0;0.0;1.0;1.0;1.0;1.0;2022
São Paulo;2;33.0;480.0;0.0;315.0;0.0;0.0;0.0;293.0;173.0;14.0;0.0;1.0;1.0;1.0;1.0;2022
São Paulo;2;46.0;897.0;467.0;430.0;0.0;0.0;443.0;428.0;26.0;0.0;1.0;1.0;1.0;1.0;0.0;2022
São Paulo;2;21.0;341.0;341.0;0.0;0.0;0.0;327.0;14.0;0.0;0.0;0.0;0.0;1.0;1.0;1.0;2022
São Paulo;2;56.0;901.0;442.0;422.0;0.0;0.0;425.0;404.0;65.0;7.0;0.0;1.0;1.0;1.0;1.0;2022
São Paulo;2;48.0;902.0;902.0;0.0;0.0;0.0;858.0;44.0;0.0;0.0;1.0;0.0;1.0;1.0;1.0;2022
São Paulo;2;65.0;1031.0;0.0;281.0;0.0;0.0;0.0;262.0;576.0;193.0;0.0;1.0;1.0;1.0;1.0;2022
São Paulo;2;77.0;1815.0;0.0;1404.0;0.0;0.0;0.0;1261.0;143.0;411.0;0.0;1.0;1.0;1.0;1.0;2022
São Paulo;2;59.0;894.0;275.0;218.0;0.0;0.0;261.0;213.0;380.0;40.0;0.0;1.0;1.0;1.0;1.0;2022
São Paulo;2;30.0;560.0;560.0;0.0;0.0;0.0;533.0;26.0;1.0;0.0;0.0;1.0;1.0;1.0;0.0;2022
São Paulo;2;42.0;779.0;779.0;0.0;0.0;0.0;751.0;28.0;0.0;0.0;0.0;0.0;1.0;1.0;0.0;2022
São Paulo;2;41.0;839.0;839.0;0.0;0.0;0.0;808.0;31.0;0.0;0.0;0.0;1.0;1.0;1.0;0.0;2022
São Paulo;2;27.0;502.0;502.0;0.0;0.0;0.0;471.0;31.0;0.0;0.0;0.0;1.0;1.0;1.0;0.0;2022
São Paulo;2;88.0;1682.0;663.0;548.0;0.0;0.0;624.0;524.0;484.0;50.0;0.0;1.0;1.0;1.0;0.0;2022
São Paulo;2;30.0;564.0;564.0;0.0;0.0;0.0;518.0;46.0;0.0;0.0;0.0;0.0;1.0;1.0;0.0;2022
São Paulo;2;48.0;1034.0;517.0;305.0;0.0;0.0;491.0;291.0;240.0;12.0;1.0;1.0;1.0;1.0;1.0;2022
São Paulo;2;61.0;1435.0;1435.0;0.0;0.0;0.0;1350.0;85.0;0.0;0.0;0.0;0.0;1.0;1.0;1.0;2022
São Paulo;2;91.0;1862.0;523.0;593.0;0.0;0.0;482.0;571.0;545.0;264.0;0.0;1.0;1.0;1.0;1.0;2022
São Paulo;2;21.0;360.0;360.0;0.0;0.0;0.0;346.0;14.0;0.0;0.0;0.0;1.0;1.0;1.0;0.0;2022
São Paulo;2;31.0;627.0;627.0;0.0;0.0;0.0;588.0;39.0;0.0;0.0;0.0;1.0;1.0;1.0;0.0;2022
São Paulo;2;42.0;639.0;368.0;271.0;0.0;0.0;348.0;260.0;31.0;0.0;0.0;1.0;1.0;1.0;0.0;2022
São Paulo;2;17.0;337.0;0.0;0.0;0.0;0.0;0.0;5.0;320.0;12.0;0.0;1.0;1.0;1.0;0.0;2022
São Paulo;2;30.0;644.0;644.0;0.0;0.0;0.0;630.0;14.0;0.0;0.0;0.0;1.0;1.0;1.0;1.0;2022
São Paulo;2;89.0;2038.0;0.0;879.0;0.0;0.0;2.0;780.0;1001.0;255.0;0.0;1.0;1.0;1.0;1.0;2022
São Paulo;2;65.0;1053.0;0.0;642.0;0.0;0.0;0.0;581.0;443.0;29.0;0.0;1.0;1.0;1.0;1.0;2022
São Paulo;2;48.0;1009.0;1009.0;0.0;0.0;0.0;943.0;66.0;0.0;0.0;0.0;1.0;1.0;1.0;1.0;2022
São Paulo;2;76.0;1431.0;447.0;495.0;0.0;0.0;430.0;442.0;427.0;132.0;0.0;1.0;1.0;1.0;0.0;2022
São Paulo;2;32.0;609.0;609.0;0.0;0.0;0.0;574.0;34.0;1.0;0.0;0.0;1.0;1.0;1.0;1.0;2022
São Paulo;2;46.0;659.0;659.0;0.0;0.0;0.0;626.0;33.0;0.0;0.0;0.0;1.0;1.0;1.0;1.0;2022
São Paulo;2;51.0;948.0;362.0;300.0;0.0;0.0;344.0;280.0;296.0;28.0;0.0;1.0;1.0;1.0;1.0;2022
São Paulo;2;16.0;253.0;253.0;0.0;0.0;0.0;239.0;14.0;0.0;0.0;0.0;0.0;1.0;1.0;0.0;2022
São Paulo;2;24.0;371.0;0.0;290.0;0.0;0.0;1.0;264.0;102.0;4.0;0.0;1.0;1.0;1.0;1.0;2022
São Paulo;2;22.0;653.0;653.0;0.0;0.0;0.0;626.0;27.0;0.0;0.0;0.0;1.0;1.0;1.0;0.0;2022
São Paulo;2;35.0;528.0;0.0;0.0;0.0;0.0;0.0;0.0;351.0;177.0;0.0;1.0;1.0;1.0;1.0;2022
São Paulo;2;67.0;1334.0;0.0;577.0;0.0;0.0;2.0;535.0;689.0;108.0;0.0;1.0;1.0;1.0;0.0;2022
São Paulo;2;44.0;1083.0;1083.0;0.0;0.0;0.0;1024.0;59.0;0.0;0.0;0.0;1.0;1.0;1.0;1.0;2022
São Paulo;2;86.0;1779.0;0.0;627.0;0.0;0.0;1.0;571.0;879.0;328.0;0.0;1.0;1.0;1.0;0.0;2022
São Paulo;2;48.0;822.0;822.0;0.0;0.0;0.0;770.0;52.0;0.0;0.0;0.0;0.0;1.0;1.0;0.0;2022
São Paulo;2;38.0;789.0;0.0;0.0;0.0;0.0;0.0;2.0;673.0;114.0;0.0;1.0;1.0;1.0;1.0;2022
São Paulo;2;81.0;1365.0;0.0;503.0;0.0;0.0;0.0;436.0;779.0;150.0;0.0;1.0;1.0;0.0;1.0;2022
São Paulo;2;84.0;1602.0;0.0;429.0;0.0;0.0;3.0;368.0;1072.0;159.0;0.0;1.0;1.0;1.0;1.0;2022
São Paulo;2;69.0;1562.0;0.0;709.0;0.0;0.0;2.0;645.0;811.0;104.0;0.0;1.0;1.0;1.0;1.0;2022
São Paulo;2;32.0;512.0;0.0;236.0;0.0;0.0;3.0;215.0;275.0;19.0;1.0;1.0;1.0;1.0;1.0;2022
São Paulo;2;86.0;1914.0;587.0;542.0;0.0;0.0;559.0;492.0;771.0;92.0;0.0;1.0;1.0;1.0;1.0;2022
São Paulo;2;65.0;1241.0;0.0;485.0;0.0;0.0;0.0;447.0;683.0;111.0;0.0;1.0;1.0;1.0;1.0;2022
São Paulo;2;55.0;1123.0;297.0;397.0;0.0;0.0;284.0;379.0;414.0;46.0;0.0;1.0;1.0;0.0;1.0;2022
São Paulo;2;29.0;681.0;681.0;0.0;0.0;0.0;633.0;47.0;1.0;0.0;0.0;1.0;1.0;1.0;0.0;2022
São Paulo;2;48.0;811.0;431.0;380.0;0.0;0.0;417.0;357.0;37.0;0.0;0.0;1.0;1.0;0.0;0.0;2022
São Paulo;2;30.0;500.0;241.0;259.0;0.0;0.0;225.0;257.0;18.0;0.0;0.0;0.0;1.0;1.0;0.0;2022
São Paulo;2;34.0;711.0;711.0;0.0;0.0;0.0;689.0;22.0;0.0;0.0;0.0;1.0;1.0;1.0;0.0;2022
São Paulo;2;30.0;511.0;511.0;0.0;0.0;0.0;483.0;28.0;0.0;0.0;0.0;1.0;1.0;1.0;1.0;2022
São Paulo;2;35.0;674.0;674.0;0.0;0.0;0.0;648.0;26.0;0.0;0.0;0.0;0.0;1.0;1.0;0.0;2022
São Paulo;2;26.0;436.0;436.0;0.0;0.0;0.0;418.0;18.0;0.0;0.0;0.0;1.0;1.0;1.0;0.0;2022
São Paulo;2;30.0;454.0;454.0;0.0;0.0;0.0;434.0;20.0;0.0;0.0;0.0;1.0;1.0;1.0;0.0;2022
São Paulo;2;44.0;812.0;812.0;0.0;0.0;0.0;772.0;39.0;1.0;0.0;0.0;0.0;1.0;1.0;1.0;2022
São Paulo;2;22.0;404.0;404.0;0.0;0.0;0.0;389.0;15.0;0.0;0.0;0.0;1.0;1.0;1.0;0.0;2022
São Paulo;2;25.0;564.0;564.0;0.0;0.0;0.0;522.0;42.0;0.0;0.0;0.0;1.0;1.0;1.0;1.0;2022
São Paulo;2;35.0;604.0;604.0;0.0;0.0;0.0;586.0;18.0;0.0;0.0;0.0;1.0;1.0;1.0;0.0;2022
São Paulo;2;56.0;879.0;165.0;262.0;0.0;0.0;155.0;243.0;426.0;55.0;0.0;1.0;1.0;1.0;0.0;2022
São Paulo;2;17.0;351.0;351.0;0.0;0.0;0.0;339.0;12.0;0.0;0.0;0.0;1.0;1.0;1.0;1.0;2022
São Paulo;2;52.0;899.0;294.0;298.0;0.0;0.0;278.0;291.0;282.0;48.0;0.0;1.0;1.0;1.0;0.0;2022
São Paulo;2;36.0;625.0;625.0;0.0;0.0;0.0;595.0;30.0;0.0;0.0;0.0;1.0;1.0;1.0;0.0;2022
São Paulo;2;39.0;419.0;0.0;0.0;0.0;0.0;0.0;4.0;375.0;40.0;0.0;1.0;1.0;1.0;1.0;2022
São Paulo;2;31.0;355.0;0.0;191.0;0.0;0.0;0.0;168.0;177.0;10.0;0.0;1.0;1.0;1.0;0.0;2022
São Paulo;2;46.0;656.0;0.0;246.0;0.0;0.0;0.0;220.0;401.0;35.0;0.0;1.0;1.0;1.0;1.0;2022
São Paulo;2;23.0;393.0;0.0;38.0;0.0;0.0;0.0;22.0;319.0;52.0;0.0;1.0;1.0;1.0;1.0;2022
São Paulo;2;45.0;755.0;0.0;464.0;0.0;0.0;0.0;423.0;315.0;17.0;0.0;1.0;1.0;0.0;0.0;2022
São Paulo;2;48.0;690.0;0.0;575.0;0.0;0.0;0.0;536.0;39.0;115.0;0.0;0.0;1.0;1.0;1.0;2022
São Paulo;2;64.0;1393.0;0.0;718.0;0.0;0.0;0.0;656.0;658.0;79.0;0.0;1.0;1.0;1.0;0.0;2022
São Paulo;2;43.0;842.0;842.0;0.0;0.0;0.0;798.0;44.0;0.0;0.0;0.0;1.0;1.0;1.0;0.0;2022
São Paulo;2;40.0;541.0;431.0;110.0;0.0;0.0;408.0;119.0;14.0;0.0;0.0;1.0;1.0;1.0;0.0;2022
São Paulo;2;39.0;694.0;0.0;451.0;0.0;0.0;0.0;420.0;260.0;14.0;0.0;1.0;1.0;1.0;1.0;2022
São Paulo;2;34.0;773.0;773.0;0.0;0.0;0.0;718.0;55.0;0.0;0.0;0.0;1.0;1.0;1.0;1.0;2022
São Paulo;2;34.0;784.0;784.0;0.0;0.0;0.0;734.0;48.0;2.0;0.0;0.0;1.0;1.0;1.0;0.0;2022
São Paulo;2;56.0;1164.0;0.0;215.0;0.0;0.0;0.0;194.0;842.0;128.0;0.0;1.0;1.0;1.0;0.0;2022
São Paulo;2;30.0;599.0;599.0;0.0;0.0;0.0;565.0;34.0;0.0;0.0;0.0;1.0;1.0;1.0;0.0;2022
São Paulo;2;82.0;1323.0;0.0;343.0;0.0;0.0;0.0;305.0;745.0;273.0;0.0;1.0;1.0;1.0;1.0;2022
São Paulo;2;53.0;774.0;0.0;503.0;0.0;0.0;0.0;458.0;304.0;12.0;0.0;1.0;1.0;1.0;1.0;2022
São Paulo;2;42.0;862.0;862.0;0.0;0.0;0.0;823.0;39.0;0.0;0.0;0.0;1.0;1.0;1.0;1.0;2022
São Paulo;2;70.0;1745.0;0.0;728.0;0.0;0.0;3.0;650.0;907.0;185.0;0.0;1.0;1.0;1.0;1.0;2022
São Paulo;2;36.0;860.0;860.0;0.0;0.0;0.0;829.0;31.0;0.0;0.0;0.0;1.0;1.0;1.0;1.0;2022
São Paulo;2;42.0;642.0;0.0;407.0;0.0;0.0;0.0;371.0;230.0;41.0;0.0;1.0;1.0;1.0;0.0;2022
São Paulo;2;51.0;888.0;888.0;0.0;0.0;0.0;831.0;56.0;1.0;0.0;0.0;1.0;1.0;1.0;0.0;2022
São Paulo;2;20.0;214.0;0.0;0.0;0.0;0.0;0.0;1.0;178.0;35.0;0.0;1.0;1.0;1.0;1.0;2022
São Paulo;2;63.0;1394.0;691.0;0.0;0.0;1.0;658.0;31.0;625.0;79.0;0.0;1.0;1.0;1.0;1.0;2022
São Paulo;2;88.0;861.0;0.0;0.0;0.0;0.0;0.0;9.0;571.0;281.0;0.0;1.0;1.0;0.0;1.0;2022
São Paulo;2;72.0;1554.0;555.0;412.0;0.0;0.0;526.0;414.0;523.0;91.0;0.0;1.0;1.0;1.0;1.0;2022
São Paulo;2;42.0;652.0;0.0;652.0;0.0;0.0;2.0;603.0;47.0;0.0;0.0;0.0;1.0;1.0;0.0;2022
São Paulo;2;26.0;585.0;585.0;0.0;0.0;0.0;555.0;30.0;0.0;0.0;0.0;1.0;1.0;1.0;1.0;2022
São Paulo;2;31.0;570.0;0.0;0.0;0.0;0.0;0.0;0.0;467.0;103.0;0.0;1.0;1.0;1.0;0.0;2022
São Paulo;2;43.0;774.0;0.0;435.0;0.0;0.0;0.0;399.0;332.0;43.0;0.0;1.0;1.0;1.0;1.0;2022
São Paulo;2;23.0;366.0;366.0;0.0;0.0;0.0;345.0;21.0;0.0;0.0;0.0;1.0;1.0;1.0;0.0;2022
São Paulo;2;59.0;999.0;398.0;255.0;0.0;0.0;369.0;261.0;242.0;127.0;0.0;1.0;1.0;1.0;1.0;2022
São Paulo;2;38.0;725.0;0.0;361.0;0.0;0.0;2.0;320.0;356.0;47.0;0.0;1.0;1.0;1.0;1.0;2022
São Paulo;2;15.0;276.0;276.0;0.0;0.0;0.0;261.0;15.0;0.0;0.0;0.0;0.0;1.0;1.0;0.0;2022
São Paulo;2;35.0;500.0;500.0;0.0;0.0;0.0;483.0;17.0;0.0;0.0;0.0;1.0;1.0;1.0;0.0;2022
São Paulo;2;18.0;350.0;0.0;0.0;0.0;0.0;0.0;2.0;328.0;20.0;0.0;0.0;1.0;1.0;0.0;2022
São Paulo;2;44.0;858.0;858.0;0.0;0.0;0.0;823.0;35.0;0.0;0.0;0.0;1.0;1.0;1.0;1.0;2022
São Paulo;2;74.0;1460.0;0.0;562.0;0.0;0.0;0.0;513.0;845.0;102.0;0.0;1.0;1.0;0.0;1.0;2022
São Paulo;2;91.0;2096.0;0.0;688.0;0.0;0.0;0.0;636.0;1312.0;148.0;0.0;1.0;1.0;1.0;1.0;2022
São Paulo;2;59.0;883.0;634.0;249.0;0.0;0.0;589.0;290.0;4.0;0.0;0.0;1.0;1.0;1.0;1.0;2022
São Paulo;2;58.0;1150.0;0.0;686.0;0.0;0.0;4.0;615.0;476.0;55.0;0.0;1.0;1.0;1.0;1.0;2022
São Paulo;2;75.0;985.0;0.0;461.0;0.0;0.0;0.0;420.0;385.0;180.0;0.0;1.0;1.0;1.0;1.0;2022
São Paulo;2;64.0;797.0;403.0;285.0;0.0;0.0;378.0;278.0;32.0;109.0;0.0;1.0;1.0;1.0;0.0;2022
São Paulo;2;40.0;643.0;643.0;0.0;0.0;0.0;613.0;30.0;0.0;0.0;0.0;1.0;1.0;1.0;0.0;2022
São Paulo;2;56.0;1202.0;1202.0;0.0;0.0;0.0;1145.0;57.0;0.0;0.0;0.0;1.0;1.0;1.0;1.0;2022
São Paulo;2;38.0;715.0;715.0;0.0;0.0;0.0;679.0;35.0;1.0;0.0;0.0;1.0;1.0;1.0;1.0;2022
São Paulo;2;50.0;716.0;347.0;369.0;0.0;0.0;323.0;362.0;31.0;0.0;0.0;1.0;1.0;1.0;1.0;2022
São Paulo;2;32.0;522.0;257.0;265.0;0.0;0.0;235.0;265.0;22.0;0.0;0.0;0.0;1.0;1.0;1.0;2022
São Paulo;2;45.0;753.0;0.0;399.0;0.0;0.0;0.0;373.0;348.0;32.0;0.0;1.0;1.0;1.0;1.0;2022
São Paulo;2;50.0;1103.0;0.0;364.0;0.0;0.0;1.0;318.0;670.0;114.0;0.0;1.0;1.0;1.0;1.0;2022
São Paulo;2;26.0;496.0;496.0;0.0;0.0;0.0;470.0;26.0;0.0;0.0;0.0;1.0;1.0;1.0;1.0;2022
São Paulo;2;69.0;1263.0;1263.0;0.0;0.0;0.0;1199.0;64.0;0.0;0.0;0.0;1.0;1.0;1.0;1.0;2022
São Paulo;2;84.0;1607.0;242.0;252.0;0.0;0.0;232.0;250.0;762.0;363.0;0.0;1.0;1.0;1.0;0.0;2022
São Paulo;2;47.0;851.0;0.0;306.0;0.0;0.0;1.0;279.0;444.0;127.0;0.0;0.0;1.0;1.0;1.0;2022
São Paulo;2;34.0;639.0;639.0;0.0;0.0;0.0;602.0;37.0;0.0;0.0;0.0;1.0;1.0;1.0;0.0;2022
São Paulo;2;49.0;592.0;592.0;0.0;0.0;0.0;565.0;27.0;0.0;0.0;0.0;1.0;1.0;1.0;1.0;2022
São Paulo;2;66.0;978.0;0.0;258.0;0.0;0.0;0.0;229.0;530.0;219.0;0.0;1.0;1.0;1.0;1.0;2022
São Paulo;2;36.0;838.0;838.0;0.0;0.0;0.0;798.0;40.0;0.0;0.0;0.0;1.0;1.0;1.0;1.0;2022
São Paulo;2;72.0;1465.0;0.0;646.0;0.0;0.0;1.0;598.0;677.0;189.0;0.0;1.0;1.0;1.0;1.0;2022
São Paulo;2;76.0;1389.0;0.0;240.0;0.0;0.0;0.0;205.0;930.0;254.0;0.0;1.0;1.0;1.0;1.0;2022
São Paulo;2;70.0;2122.0;0.0;0.0;0.0;0.0;0.0;2.0;1677.0;443.0;0.0;1.0;1.0;1.0;1.0;2022
São Paulo;2;62.0;1388.0;557.0;260.0;0.0;0.0;523.0;277.0;471.0;117.0;0.0;1.0;1.0;0.0;0.0;2022
São Paulo;2;23.0;494.0;494.0;0.0;0.0;0.0;466.0;28.0;0.0;0.0;0.0;1.0;1.0;1.0;1.0;2022
São Paulo;2;39.0;785.0;785.0;0.0;0.0;0.0;745.0;40.0;0.0;0.0;0.0;0.0;1.0;1.0;1.0;2022
São Paulo;2;82.0;1577.0;0.0;322.0;0.0;0.0;0.0;286.0;1133.0;158.0;0.0;1.0;1.0;1.0;1.0;2022
São Paulo;2;64.0;929.0;596.0;333.0;0.0;0.0;567.0;337.0;25.0;0.0;0.0;1.0;1.0;0.0;1.0;2022
São Paulo;2;14.0;279.0;279.0;0.0;0.0;0.0;261.0;18.0;0.0;0.0;0.0;1.0;1.0;0.0;1.0;2022
São Paulo;2;71.0;1393.0;0.0;491.0;0.0;0.0;0.0;442.0;864.0;87.0;0.0;1.0;1.0;1.0;1.0;2022
São Paulo;2;42.0;877.0;877.0;0.0;0.0;0.0;835.0;42.0;0.0;0.0;0.0;1.0;1.0;1.0;1.0;2022
São Paulo;2;53.0;1124.0;430.0;371.0;0.0;0.0;398.0;353.0;330.0;43.0;0.0;1.0;1.0;1.0;1.0;2022
São Paulo;2;34.0;778.0;778.0;0.0;0.0;0.0;733.0;45.0;0.0;0.0;0.0;1.0;1.0;1.0;1.0;2022
São Paulo;2;19.0;324.0;324.0;0.0;0.0;0.0;298.0;26.0;0.0;0.0;0.0;0.0;1.0;0.0;0.0;2022
São Paulo;2;32.0;490.0;490.0;0.0;0.0;0.0;464.0;26.0;0.0;0.0;0.0;1.0;1.0;1.0;1.0;2022
São Paulo;2;67.0;1234.0;0.0;0.0;0.0;0.0;0.0;0.0;980.0;254.0;0.0;1.0;1.0;0.0;1.0;2022
São Paulo;2;64.0;1270.0;486.0;444.0;0.0;0.0;461.0;433.0;332.0;44.0;0.0;1.0;1.0;1.0;1.0;2022
São Paulo;2;85.0;1612.0;0.0;355.0;0.0;0.0;0.0;326.0;1017.0;269.0;0.0;1.0;1.0;1.0;1.0;2022
São Paulo;2;36.0;691.0;0.0;381.0;0.0;0.0;0.0;334.0;327.0;30.0;0.0;1.0;1.0;1.0;1.0;2022
São Paulo;2;40.0;759.0;759.0;0.0;0.0;0.0;706.0;53.0;0.0;0.0;0.0;1.0;1.0;1.0;0.0;2022
São Paulo;2;34.0;577.0;577.0;0.0;0.0;0.0;538.0;39.0;0.0;0.0;0.0;0.0;1.0;1.0;1.0;2022
São Paulo;2;38.0;626.0;0.0;420.0;0.0;0.0;1.0;370.0;236.0;19.0;0.0;0.0;1.0;1.0;1.0;2022
São Paulo;2;40.0;495.0;0.0;87.0;0.0;0.0;0.0;76.0;333.0;86.0;0.0;1.0;1.0;1.0;1.0;2022
São Paulo;2;31.0;603.0;603.0;0.0;0.0;0.0;574.0;29.0;0.0;0.0;0.0;1.0;1.0;1.0;0.0;2022
São Paulo;2;107.0;1929.0;0.0;763.0;0.0;0.0;1.0;727.0;1048.0;153.0;0.0;1.0;1.0;0.0;0.0;2022
São Paulo;2;50.0;854.0;397.0;231.0;0.0;0.0;371.0;239.0;210.0;34.0;0.0;0.0;1.0;1.0;0.0;2022
São Paulo;2;21.0;364.0;0.0;0.0;0.0;0.0;0.0;2.0;338.0;24.0;0.0;1.0;1.0;1.0;1.0;2022
São Paulo;2;75.0;1577.0;0.0;756.0;0.0;0.0;0.0;642.0;818.0;117.0;0.0;1.0;1.0;1.0;1.0;2022
São Paulo;2;56.0;1246.0;0.0;615.0;0.0;0.0;2.0;559.0;618.0;67.0;0.0;1.0;1.0;1.0;0.0;2022
São Paulo;2;83.0;1968.0;0.0;758.0;0.0;0.0;1.0;693.0;954.0;320.0;0.0;1.0;1.0;1.0;1.0;2022
São Paulo;2;76.0;1627.0;0.0;562.0;0.0;0.0;3.0;532.0;996.0;96.0;1.0;1.0;1.0;1.0;1.0;2022
São Paulo;2;59.0;1179.0;0.0;270.0;0.0;0.0;1.0;248.0;845.0;85.0;0.0;1.0;1.0;1.0;1.0;2022
São Paulo;2;86.0;1637.0;456.0;332.0;0.0;0.0;428.0;331.0;780.0;98.0;0.0;1.0;1.0;1.0;1.0;2022
São Paulo;2;52.0;855.0;0.0;306.0;0.0;0.0;0.0;264.0;511.0;80.0;0.0;1.0;1.0;1.0;1.0;2022
São Paulo;2;102.0;2105.0;0.0;528.0;0.0;0.0;2.0;493.0;1213.0;397.0;0.0;1.0;1.0;1.0;1.0;2022
São Paulo;2;56.0;1030.0;0.0;451.0;0.0;0.0;0.0;395.0;476.0;159.0;0.0;1.0;1.0;1.0;0.0;2022
São Paulo;2;84.0;1890.0;0.0;918.0;0.0;0.0;1.0;814.0;914.0;161.0;0.0;1.0;1.0;1.0;1.0;2022
São Paulo;2;64.0;1197.0;1197.0;0.0;0.0;0.0;1110.0;85.0;2.0;0.0;1.0;1.0;1.0;1.0;1.0;2022
São Paulo;2;26.0;503.0;0.0;0.0;0.0;0.0;0.0;2.0;471.0;30.0;0.0;1.0;1.0;1.0;0.0;2022
São Paulo;2;17.0;291.0;0.0;291.0;0.0;0.0;0.0;267.0;24.0;0.0;0.0;1.0;1.0;0.0;1.0;2022
São Paulo;2;22.0;496.0;496.0;0.0;0.0;0.0;472.0;24.0;0.0;0.0;0.0;0.0;1.0;1.0;1.0;2022
São Paulo;2;36.0;715.0;715.0;0.0;0.0;0.0;677.0;37.0;1.0;0.0;0.0;1.0;1.0;1.0;1.0;2022
São Paulo;2;49.0;848.0;848.0;0.0;0.0;0.0;798.0;50.0;0.0;0.0;0.0;1.0;1.0;1.0;1.0;2022
São Paulo;2;53.0;991.0;991.0;0.0;0.0;0.0;937.0;54.0;0.0;0.0;0.0;1.0;1.0;0.0;1.0;2022
São Paulo;2;51.0;751.0;0.0;386.0;0.0;0.0;0.0;359.0;275.0;117.0;0.0;1.0;1.0;1.0;1.0;2022
São Paulo;2;42.0;726.0;0.0;0.0;0.0;0.0;0.0;2.0;664.0;60.0;0.0;1.0;1.0;1.0;1.0;2022
São Paulo;2;43.0;962.0;962.0;0.0;0.0;0.0;894.0;68.0;0.0;0.0;0.0;1.0;1.0;1.0;1.0;2022
São Paulo;2;45.0;1019.0;1019.0;0.0;0.0;0.0;945.0;74.0;0.0;0.0;0.0;1.0;1.0;1.0;1.0;2022
São Paulo;2;43.0;961.0;0.0;498.0;0.0;0.0;2.0;448.0;420.0;91.0;0.0;1.0;1.0;1.0;1.0;2022
São Paulo;2;45.0;700.0;347.0;353.0;0.0;0.0;336.0;314.0;48.0;2.0;0.0;1.0;1.0;1.0;1.0;2022
São Paulo;2;32.0;567.0;0.0;401.0;0.0;0.0;2.0;375.0;168.0;22.0;0.0;1.0;1.0;1.0;0.0;2022
São Paulo;2;27.0;364.0;0.0;0.0;0.0;0.0;0.0;2.0;337.0;25.0;0.0;1.0;1.0;1.0;1.0;2022
São Paulo;2;48.0;871.0;871.0;0.0;0.0;0.0;822.0;49.0;0.0;0.0;0.0;1.0;1.0;1.0;1.0;2022
São Paulo;2;97.0;2172.0;715.0;578.0;0.0;0.0;669.0;540.0;856.0;107.0;0.0;1.0;1.0;1.0;0.0;2022
São Paulo;2;34.0;574.0;0.0;366.0;0.0;0.0;1.0;342.0;222.0;9.0;0.0;1.0;1.0;1.0;1.0;2022
São Paulo;2;86.0;1557.0;0.0;462.0;0.0;0.0;0.0;421.0;813.0;323.0;0.0;1.0;1.0;1.0;1.0;2022
São Paulo;2;31.0;658.0;658.0;0.0;0.0;0.0;624.0;34.0;0.0;0.0;0.0;1.0;1.0;0.0;1.0;2022
São Paulo;2;48.0;779.0;779.0;0.0;0.0;0.0;740.0;39.0;0.0;0.0;0.0;1.0;1.0;0.0;1.0;2022
São Paulo;2;41.0;606.0;606.0;0.0;0.0;0.0;577.0;29.0;0.0;0.0;0.0;1.0;1.0;1.0;1.0;2022
São Paulo;2;43.0;791.0;399.0;392.0;0.0;0.0;384.0;385.0;22.0;0.0;0.0;1.0;1.0;1.0;1.0;2022
São Paulo;2;49.0;832.0;326.0;262.0;0.0;0.0;311.0;259.0;230.0;32.0;0.0;1.0;1.0;1.0;1.0;2022
São Paulo;2;59.0;1141.0;0.0;0.0;0.0;0.0;0.0;3.0;796.0;342.0;0.0;1.0;1.0;1.0;1.0;2022
São Paulo;2;68.0;1589.0;625.0;457.0;0.0;0.0;585.0;443.0;424.0;137.0;0.0;1.0;1.0;1.0;1.0;2022
São Paulo;2;30.0;609.0;609.0;0.0;0.0;0.0;583.0;26.0;0.0;0.0;0.0;1.0;1.0;1.0;1.0;2022
São Paulo;2;44.0;687.0;352.0;0.0;0.0;0.0;333.0;19.0;300.0;35.0;0.0;0.0;1.0;0.0;1.0;2022
São Paulo;2;24.0;529.0;529.0;0.0;0.0;0.0;501.0;28.0;0.0;0.0;0.0;1.0;1.0;0.0;0.0;2022
São Paulo;2;13.0;153.0;0.0;30.0;0.0;0.0;0.0;23.0;121.0;9.0;0.0;1.0;1.0;1.0;0.0;2022
São Paulo;2;;;;;;;;;;;;;;;;2022
São Paulo;2;33.0;558.0;558.0;0.0;0.0;0.0;542.0;16.0;0.0;0.0;0.0;1.0;1.0;0.0;1.0;2022
São Paulo;2;82.0;1715.0;0.0;518.0;0.0;0.0;0.0;465.0;882.0;368.0;0.0;1.0;1.0;1.0;1.0;2022
São Paulo;2;89.0;1865.0;1440.0;0.0;0.0;0.0;1334.0;106.0;212.0;213.0;0.0;0.0;1.0;0.0;1.0;2022
São Paulo;2;33.0;608.0;608.0;0.0;0.0;0.0;586.0;22.0;0.0;0.0;0.0;0.0;1.0;1.0;1.0;2022
São Paulo;2;23.0;508.0;508.0;0.0;0.0;0.0;468.0;40.0;0.0;0.0;0.0;1.0;1.0;0.0;1.0;2022
São Paulo;2;26.0;421.0;421.0;0.0;0.0;0.0;397.0;24.0;0.0;0.0;0.0;0.0;1.0;0.0;0.0;2022
São Paulo;2;32.0;563.0;563.0;0.0;0.0;0.0;532.0;31.0;0.0;0.0;0.0;1.0;1.0;0.0;1.0;2022
São Paulo;2;22.0;306.0;0.0;233.0;0.0;0.0;0.0;217.0;88.0;1.0;0.0;1.0;1.0;1.0;1.0;2022
São Paulo;2;32.0;462.0;0.0;462.0;0.0;0.0;0.0;427.0;35.0;0.0;0.0;1.0;1.0;1.0;1.0;2022
São Paulo;2;68.0;1413.0;0.0;701.0;0.0;0.0;0.0;622.0;78.0;713.0;0.0;1.0;1.0;1.0;0.0;2022
São Paulo;2;28.0;400.0;0.0;151.0;0.0;0.0;0.0;143.0;250.0;7.0;0.0;1.0;1.0;1.0;0.0;2022
São Paulo;2;;;;;;;;;;;;;;;;2022
São Paulo;2;39.0;743.0;0.0;423.0;0.0;0.0;0.0;364.0;329.0;50.0;0.0;1.0;1.0;1.0;0.0;2022
São Paulo;2;41.0;713.0;713.0;0.0;0.0;0.0;667.0;46.0;0.0;0.0;0.0;0.0;1.0;0.0;1.0;2022
São Paulo;2;30.0;617.0;617.0;0.0;0.0;0.0;579.0;37.0;1.0;0.0;0.0;1.0;1.0;1.0;1.0;2022
São Paulo;2;;;;;;;;;;;;;;;;2022
São Paulo;2;25.0;407.0;0.0;407.0;0.0;0.0;0.0;369.0;38.0;0.0;0.0;1.0;1.0;1.0;0.0;2022
São Paulo;2;14.0;287.0;111.0;80.0;0.0;1.0;100.0;74.0;70.0;42.0;0.0;1.0;1.0;0.0;1.0;2022
São Paulo;2;;;;;;;;;;;;;;;;2022
São Paulo;2;66.0;1534.0;0.0;654.0;0.0;0.0;0.0;581.0;833.0;120.0;0.0;1.0;1.0;1.0;1.0;2022
São Paulo;2;36.0;846.0;846.0;0.0;0.0;0.0;808.0;38.0;0.0;0.0;0.0;0.0;1.0;0.0;1.0;2022
São Paulo;2;73.0;1854.0;0.0;935.0;0.0;0.0;0.0;835.0;954.0;65.0;0.0;1.0;1.0;1.0;0.0;2022
São Paulo;2;83.0;1886.0;0.0;1094.0;0.0;0.0;2.0;995.0;810.0;79.0;0.0;1.0;1.0;1.0;1.0;2022
São Paulo;2;60.0;1413.0;0.0;271.0;0.0;0.0;0.0;245.0;1015.0;153.0;0.0;1.0;1.0;0.0;1.0;2022
São Paulo;2;28.0;572.0;572.0;0.0;0.0;0.0;551.0;21.0;0.0;0.0;0.0;1.0;1.0;0.0;0.0;2022
São Paulo;2;43.0;878.0;878.0;0.0;0.0;0.0;828.0;50.0;0.0;0.0;0.0;1.0;1.0;1.0;1.0;2022
São Paulo;2;18.0;280.0;280.0;0.0;0.0;0.0;265.0;15.0;0.0;0.0;0.0;0.0;1.0;1.0;1.0;2022
São Paulo;2;30.0;657.0;657.0;0.0;0.0;0.0;628.0;29.0;0.0;0.0;1.0;1.0;1.0;1.0;1.0;2022
São Paulo;2;28.0;662.0;662.0;0.0;0.0;0.0;626.0;36.0;0.0;0.0;0.0;1.0;1.0;1.0;1.0;2022
São Paulo;2;53.0;1013.0;1013.0;0.0;0.0;0.0;965.0;48.0;0.0;0.0;0.0;0.0;1.0;0.0;1.0;2022
São Paulo;2;76.0;1582.0;0.0;684.0;0.0;0.0;0.0;591.0;713.0;278.0;1.0;1.0;1.0;1.0;1.0;2022
São Paulo;2;29.0;732.0;732.0;0.0;0.0;0.0;671.0;59.0;2.0;0.0;0.0;1.0;1.0;0.0;1.0;2022
São Paulo;2;71.0;1405.0;0.0;658.0;0.0;0.0;0.0;565.0;715.0;125.0;0.0;1.0;1.0;1.0;1.0;2022
São Paulo;2;32.0;620.0;620.0;0.0;0.0;0.0;591.0;29.0;0.0;0.0;0.0;1.0;1.0;0.0;1.0;2022
São Paulo;2;40.0;1049.0;1049.0;0.0;0.0;0.0;981.0;68.0;0.0;0.0;0.0;1.0;1.0;1.0;1.0;2022
São Paulo;2;;;;;;;;;;;;;;;;2022
São Paulo;2;56.0;979.0;567.0;412.0;0.0;0.0;526.0;382.0;68.0;3.0;0.0;1.0;1.0;1.0;1.0;2022
São Paulo;2;30.0;534.0;534.0;0.0;0.0;1.0;503.0;30.0;0.0;0.0;0.0;0.0;1.0;1.0;1.0;2022
São Paulo;2;42.0;671.0;0.0;482.0;0.0;0.0;0.0;453.0;198.0;20.0;0.0;1.0;1.0;0.0;0.0;2022
São Paulo;2;24.0;528.0;528.0;0.0;0.0;0.0;508.0;20.0;0.0;0.0;0.0;0.0;1.0;1.0;0.0;2022
São Paulo;2;38.0;790.0;790.0;0.0;0.0;0.0;741.0;49.0;0.0;0.0;0.0;0.0;1.0;0.0;1.0;2022
São Paulo;2;41.0;605.0;75.0;153.0;0.0;0.0;70.0;143.0;237.0;155.0;0.0;1.0;1.0;0.0;1.0;2022
São Paulo;2;28.0;779.0;779.0;0.0;0.0;2.0;742.0;35.0;0.0;0.0;0.0;1.0;1.0;1.0;1.0;2022
São Paulo;2;64.0;1469.0;0.0;496.0;0.0;0.0;0.0;430.0;647.0;392.0;0.0;1.0;1.0;1.0;1.0;2022
São Paulo;2;82.0;1968.0;0.0;971.0;0.0;0.0;3.0;819.0;1004.0;142.0;0.0;1.0;1.0;1.0;0.0;2022
São Paulo;2;68.0;1023.0;247.0;163.0;0.0;0.0;220.0;177.0;518.0;108.0;1.0;1.0;1.0;1.0;0.0;2022
São Paulo;2;51.0;928.0;433.0;217.0;0.0;0.0;399.0;212.0;262.0;55.0;0.0;1.0;1.0;1.0;1.0;2022
São Paulo;2;18.0;310.0;0.0;310.0;0.0;0.0;1.0;283.0;26.0;0.0;0.0;1.0;1.0;0.0;1.0;2022
São Paulo;2;37.0;722.0;722.0;0.0;0.0;0.0;676.0;46.0;0.0;0.0;0.0;1.0;1.0;1.0;0.0;2022
São Paulo;2;89.0;1309.0;0.0;0.0;0.0;0.0;0.0;3.0;719.0;587.0;1.0;1.0;1.0;1.0;1.0;2022
São Paulo;2;55.0;1526.0;1526.0;0.0;0.0;1.0;1409.0;116.0;0.0;0.0;0.0;0.0;1.0;1.0;1.0;2022
São Paulo;2;28.0;489.0;0.0;308.0;0.0;0.0;0.0;290.0;181.0;18.0;0.0;1.0;1.0;1.0;1.0;2022
São Paulo;2;113.0;2098.0;758.0;537.0;0.0;0.0;711.0;521.0;738.0;128.0;0.0;1.0;1.0;1.0;1.0;2022
São Paulo;2;23.0;418.0;418.0;0.0;0.0;0.0;397.0;21.0;0.0;0.0;0.0;1.0;1.0;1.0;1.0;2022
São Paulo;2;18.0;5479.0;0.0;0.0;0.0;0.0;0.0;0.0;6.0;5473.0;0.0;1.0;1.0;0.0;1.0;2022
São Paulo;2;;;;;;;;;;;;;;;;2022
São Paulo;2;;;;;;;;;;;;;;;;2022
São Paulo;2;;;;;;;;;;;;;;;;2022
São Paulo;2;;;;;;;;;;;0.0;0.0;1.0;0.0;0.0;2022
São Paulo;2;;;;;;;;;;;0.0;0.0;1.0;0.0;0.0;2022
São Paulo;2;;;;;;;;;;;0.0;0.0;1.0;0.0;0.0;2022
São Paulo;2;;;;;;;;;;;0.0;1.0;1.0;0.0;0.0;2022
São Paulo;2;;;;;;;;;;;0.0;0.0;0.0;0.0;0.0;2022
São Paulo;2;;;;;;;;;;;0.0;0.0;1.0;0.0;0.0;2022
São Paulo;2;;;;;;;;;;;0.0;0.0;1.0;0.0;0.0;2022
São Paulo;2;;;;;;;;;;;0.0;0.0;1.0;0.0;0.0;2022
São Paulo;2;;;;;;;;;;;;;;;;2022
São Paulo;2;;;;;;;;;;;0.0;0.0;1.0;0.0;0.0;2022
São Paulo;2;;;;;;;;;;;0.0;0.0;1.0;0.0;0.0;2022
São Paulo;2;;;;;;;;;;;0.0;0.0;1.0;0.0;0.0;2022
São Paulo;2;;;;;;;;;;;0.0;1.0;1.0;1.0;0.0;2022
São Paulo;2;;;;;;;;;;;0.0;0.0;1.0;0.0;1.0;2022
São Paulo;2;;;;;;;;;;;0.0;0.0;1.0;0.0;0.0;2022
São Pedro;2;17.0;257.0;0.0;110.0;0.0;0.0;1.0;97.0;123.0;36.0;0.0;1.0;1.0;1.0;0.0;2022
São Pedro;2;25.0;392.0;0.0;0.0;0.0;0.0;0.0;13.0;349.0;30.0;1.0;1.0;1.0;1.0;0.0;2022
São Pedro;2;;;;;;;;;;;;;;;;2022
São Pedro;2;13.0;205.0;0.0;0.0;0.0;0.0;0.0;6.0;189.0;10.0;0.0;1.0;1.0;1.0;1.0;2022
São Pedro;2;50.0;688.0;0.0;0.0;0.0;0.0;0.0;8.0;490.0;190.0;0.0;1.0;1.0;1.0;0.0;2022
São Pedro;2;;;;;;;;;;;;;;;;2022
São Pedro do Turvo;2;49.0;591.0;0.0;412.0;0.0;0.0;12.0;362.0;208.0;9.0;0.0;1.0;1.0;1.0;0.0;2022
São Roque;2;68.0;1183.0;0.0;0.0;0.0;0.0;0.0;23.0;942.0;218.0;0.0;1.0;1.0;1.0;0.0;2022
São Roque;2;26.0;361.0;0.0;0.0;0.0;0.0;0.0;1.0;316.0;44.0;0.0;1.0;1.0;1.0;1.0;2022
São Roque;2;30.0;407.0;0.0;0.0;0.0;0.0;0.0;7.0;343.0;57.0;0.0;1.0;1.0;1.0;1.0;2022
São Roque;2;;;;;;;;;;;;;;;;2022
São Roque;2;31.0;362.0;0.0;0.0;0.0;0.0;0.0;9.0;321.0;32.0;0.0;1.0;1.0;1.0;1.0;2022
São Roque;2;36.0;284.0;0.0;0.0;0.0;0.0;0.0;4.0;133.0;147.0;0.0;1.0;1.0;0.0;0.0;2022
São Sebastião;2;28.0;444.0;0.0;0.0;0.0;0.0;0.0;8.0;340.0;96.0;0.0;0.0;1.0;1.0;1.0;2022
São Sebastião;2;34.0;703.0;0.0;0.0;0.0;0.0;0.0;8.0;574.0;121.0;0.0;0.0;1.0;1.0;1.0;2022
São Sebastião;2;25.0;406.0;0.0;0.0;0.0;0.0;0.0;6.0;382.0;18.0;0.0;1.0;1.0;1.0;1.0;2022
São Sebastião;2;24.0;307.0;0.0;0.0;0.0;0.0;0.0;7.0;293.0;7.0;0.0;1.0;1.0;1.0;1.0;2022
São Sebastião;2;15.0;288.0;0.0;0.0;0.0;0.0;0.0;3.0;264.0;21.0;0.0;1.0;1.0;1.0;0.0;2022
São Sebastião;2;35.0;573.0;0.0;0.0;0.0;0.0;0.0;2.0;399.0;172.0;0.0;0.0;1.0;1.0;0.0;2022
São Sebastião;2;19.0;299.0;0.0;0.0;0.0;0.0;0.0;8.0;276.0;15.0;0.0;0.0;1.0;1.0;1.0;2022
São Sebastião;2;16.0;171.0;0.0;0.0;0.0;0.0;0.0;2.0;162.0;7.0;0.0;1.0;1.0;0.0;1.0;2022
São Sebastião;2;45.0;751.0;0.0;0.0;0.0;0.0;0.0;14.0;685.0;52.0;1.0;1.0;1.0;1.0;1.0;2022
São Sebastião;2;13.0;103.0;0.0;55.0;0.0;0.0;0.0;46.0;26.0;31.0;0.0;1.0;1.0;0.0;0.0;2022
São Sebastião da Grama;2;39.0;632.0;0.0;386.0;0.0;0.0;5.0;346.0;254.0;27.0;0.0;1.0;1.0;1.0;1.0;2022
São Sebastião da Grama;2;14.0;109.0;0.0;77.0;0.0;0.0;1.0;69.0;34.0;5.0;0.0;1.0;1.0;1.0;0.0;2022
São Simão;2;10.0;124.0;124.0;0.0;0.0;0.0;118.0;6.0;0.0;0.0;0.0;1.0;1.0;1.0;1.0;2022
São Simão;2;32.0;456.0;0.0;276.0;0.0;0.0;5.0;254.0;184.0;13.0;0.0;0.0;1.0;1.0;1.0;2022
São Simão;2;32.0;367.0;0.0;0.0;0.0;0.0;0.0;8.0;212.0;147.0;1.0;1.0;1.0;1.0;1.0;2022
São Simão;2;42.0;546.0;0.0;253.0;0.0;0.0;2.0;231.0;237.0;76.0;0.0;1.0;1.0;1.0;0.0;2022
São Simão;2;;;;;;;;;;;;;;;;2022
São Simão;2;;;;;;;;;;;;;;;;2022
São Vicente;2;13.0;43.0;0.0;0.0;0.0;0.0;0.0;0.0;0.0;43.0;0.0;0.0;0.0;0.0;0.0;2022
São Vicente;2;47.0;493.0;0.0;150.0;0.0;0.0;0.0;139.0;290.0;64.0;0.0;1.0;1.0;1.0;0.0;2022
São Vicente;2;17.0;339.0;0.0;339.0;0.0;0.0;0.0;308.0;30.0;1.0;0.0;1.0;1.0;1.0;1.0;2022
São Vicente;2;33.0;490.0;0.0;308.0;0.0;0.0;0.0;244.0;216.0;30.0;0.0;1.0;1.0;0.0;0.0;2022
São Vicente;2;34.0;476.0;0.0;227.0;0.0;0.0;0.0;203.0;238.0;35.0;0.0;1.0;1.0;0.0;1.0;2022
São Vicente;2;24.0;452.0;0.0;0.0;0.0;0.0;0.0;7.0;409.0;36.0;0.0;1.0;1.0;1.0;1.0;2022
São Vicente;2;74.0;772.0;0.0;0.0;0.0;0.0;0.0;7.0;689.0;76.0;0.0;1.0;1.0;0.0;0.0;2022
São Vicente;2;50.0;648.0;0.0;0.0;0.0;0.0;0.0;1.0;551.0;96.0;0.0;1.0;1.0;1.0;1.0;2022
São Vicente;2;92.0;1637.0;0.0;650.0;0.0;0.0;0.0;537.0;889.0;211.0;0.0;1.0;1.0;1.0;1.0;2022
São Vicente;2;68.0;1268.0;0.0;359.0;0.0;0.0;0.0;319.0;790.0;159.0;0.0;0.0;1.0;1.0;1.0;2022
São Vicente;2;90.0;1453.0;0.0;396.0;0.0;0.0;0.0;333.0;783.0;337.0;0.0;1.0;1.0;1.0;1.0;2022
São Vicente;2;44.0;499.0;72.0;209.0;0.0;0.0;50.0;197.0;225.0;27.0;0.0;1.0;1.0;1.0;0.0;2022
São Vicente;2;83.0;1613.0;0.0;481.0;0.0;0.0;0.0;409.0;1044.0;160.0;1.0;1.0;1.0;1.0;1.0;2022
São Vicente;2;74.0;746.0;0.0;280.0;0.0;0.0;0.0;235.0;398.0;113.0;1.0;1.0;1.0;1.0;1.0;2022
São Vicente;2;111.0;1938.0;0.0;651.0;0.0;0.0;0.0;550.0;1221.0;167.0;0.0;1.0;1.0;1.0;0.0;2022
São Vicente;2;58.0;847.0;0.0;0.0;0.0;0.0;0.0;1.0;377.0;469.0;1.0;1.0;1.0;0.0;1.0;2022
São Vicente;2;9.0;87.0;0.0;0.0;0.0;0.0;0.0;0.0;0.0;87.0;0.0;0.0;0.0;0.0;0.0;2022
São Vicente;2;;;;;;;;;;;;;;;;2022
São Vicente;2;;;;;;;;;;;;;;;;2022
São Vicente;2;20.0;69.0;7.0;42.0;0.0;0.0;0.0;0.0;46.0;23.0;0.0;0.0;1.0;0.0;1.0;2022
São Vicente;2;7.0;116.0;0.0;0.0;0.0;0.0;0.0;0.0;0.0;116.0;0.0;0.0;1.0;0.0;0.0;2022
São Vicente;2;67.0;1094.0;0.0;435.0;0.0;0.0;1.0;372.0;587.0;134.0;0.0;1.0;1.0;1.0;1.0;2022
São Vicente;2;;;;;;;;;;;;;;;;2022
São Vicente;2;39.0;686.0;0.0;387.0;0.0;0.0;3.0;355.0;297.0;31.0;0.0;0.0;1.0;1.0;0.0;2022
São Vicente;2;48.0;655.0;0.0;310.0;0.0;0.0;1.0;271.0;186.0;197.0;0.0;0.0;1.0;1.0;0.0;2022
São Vicente;2;62.0;728.0;0.0;376.0;0.0;0.0;0.0;314.0;331.0;83.0;0.0;1.0;1.0;1.0;0.0;2022
São Vicente;2;18.0;346.0;0.0;346.0;0.0;0.0;3.0;325.0;18.0;0.0;0.0;1.0;1.0;1.0;1.0;2022
São Vicente;2;38.0;639.0;0.0;390.0;0.0;0.0;0.0;314.0;298.0;27.0;1.0;1.0;1.0;1.0;1.0;2022
São Vicente;2;82.0;1141.0;437.0;366.0;0.0;5.0;408.0;362.0;342.0;24.0;0.0;1.0;1.0;1.0;0.0;2022
São Vicente;2;;;;;;;;;;;0.0;0.0;1.0;0.0;0.0;2022
Sarapuí;2;43.0;534.0;0.0;301.0;0.0;0.0;2.0;280.0;239.0;13.0;0.0;0.0;1.0;1.0;1.0;2022
Sarapuí;2;;;;;;;;;;;;;;;;2022
Sarapuí;2;24.0;415.0;0.0;272.0;0.0;0.0;1.0;257.0;154.0;3.0;0.0;1.0;1.0;1.0;1.0;2022
Sarutaiá;2;29.0;399.0;0.0;202.0;0.0;0.0;0.0;181.0;204.0;14.0;0.0;0.0;1.0;1.0;1.0;2022
Sebastianópolis do Sul;2;19.0;256.0;0.0;179.0;0.0;0.0;4.0;170.0;78.0;4.0;0.0;0.0;1.0;1.0;0.0;2022
Serra Azul;2;32.0;493.0;0.0;294.0;0.0;0.0;2.0;259.0;204.0;28.0;0.0;0.0;1.0;1.0;0.0;2022
Serra Azul;2;38.0;424.0;0.0;251.0;0.0;0.0;1.0;202.0;186.0;35.0;0.0;1.0;1.0;1.0;1.0;2022
Serra Azul;2;12.0;141.0;0.0;0.0;0.0;0.0;0.0;0.0;0.0;141.0;0.0;0.0;0.0;0.0;0.0;2022
Serra Azul;2;14.0;165.0;0.0;0.0;0.0;0.0;0.0;0.0;0.0;165.0;0.0;0.0;1.0;0.0;0.0;2022
Serra Azul;2;9.0;81.0;0.0;0.0;0.0;0.0;0.0;0.0;0.0;81.0;0.0;0.0;1.0;0.0;0.0;2022
Serrana;2;49.0;985.0;0.0;499.0;0.0;0.0;0.0;436.0;495.0;54.0;0.0;1.0;1.0;1.0;1.0;2022
Serrana;2;35.0;547.0;0.0;363.0;0.0;0.0;0.0;339.0;193.0;15.0;0.0;1.0;1.0;1.0;1.0;2022
Serrana;2;28.0;586.0;0.0;0.0;0.0;0.0;0.0;6.0;407.0;173.0;1.0;1.0;1.0;0.0;0.0;2022
Serrana;2;72.0;1331.0;0.0;595.0;0.0;0.0;3.0;517.0;602.0;209.0;0.0;1.0;1.0;1.0;0.0;2022
Serra Negra;2;67.0;880.0;0.0;300.0;0.0;0.0;6.0;296.0;511.0;67.0;0.0;0.0;1.0;1.0;1.0;2022
Serra Negra;2;37.0;604.0;250.0;354.0;0.0;0.0;254.0;343.0;7.0;0.0;0.0;0.0;1.0;1.0;0.0;2022
Serra Negra;2;33.0;416.0;416.0;0.0;0.0;0.0;410.0;6.0;0.0;0.0;0.0;1.0;1.0;1.0;0.0;2022
Serra Negra;2;13.0;93.0;93.0;0.0;0.0;0.0;92.0;1.0;0.0;0.0;0.0;1.0;1.0;1.0;1.0;2022
Serra Negra;2;39.0;466.0;203.0;263.0;0.0;0.0;204.0;254.0;8.0;0.0;0.0;1.0;1.0;1.0;0.0;2022
Serra Negra;2;7.0;88.0;88.0;0.0;0.0;0.0;88.0;0.0;0.0;0.0;0.0;1.0;1.0;1.0;1.0;2022
Serra Negra;2;;;;;;;;;;;;;;;;2022
Serra Negra;2;;;;;;;;;;;;;;;;2022
Serra Negra;2;34.0;423.0;91.0;188.0;0.0;0.0;91.0;195.0;133.0;4.0;0.0;1.0;1.0;1.0;1.0;2022
Sertãozinho;2;51.0;754.0;0.0;452.0;0.0;0.0;0.0;394.0;297.0;63.0;0.0;1.0;1.0;1.0;1.0;2022
Sertãozinho;2;;;;;;;;;;;;;;;;2022
Sertãozinho;2;40.0;545.0;0.0;0.0;0.0;0.0;0.0;3.0;463.0;79.0;0.0;1.0;1.0;1.0;0.0;2022
Sertãozinho;2;30.0;328.0;0.0;0.0;0.0;0.0;0.0;3.0;307.0;18.0;0.0;1.0;1.0;1.0;1.0;2022
Sertãozinho;2;42.0;611.0;0.0;422.0;0.0;0.0;0.0;389.0;199.0;23.0;0.0;1.0;1.0;1.0;0.0;2022
Sertãozinho;2;38.0;714.0;0.0;135.0;0.0;0.0;0.0;111.0;246.0;357.0;0.0;1.0;1.0;1.0;1.0;2022
Sertãozinho;2;69.0;1199.0;0.0;353.0;0.0;0.0;1.0;299.0;807.0;92.0;0.0;1.0;1.0;1.0;1.0;2022
Sertãozinho;2;;;;;;;;;;;;;;;;2022
Sertãozinho;2;17.0;83.0;2.0;48.0;0.0;0.0;0.0;7.0;66.0;10.0;0.0;1.0;1.0;1.0;1.0;2022
Sertãozinho;2;68.0;1258.0;0.0;622.0;0.0;0.0;2.0;539.0;516.0;201.0;0.0;1.0;1.0;1.0;1.0;2022
Sertãozinho;2;65.0;1246.0;0.0;718.0;0.0;0.0;0.0;632.0;556.0;58.0;0.0;0.0;1.0;1.0;1.0;2022
Sertãozinho;2;47.0;744.0;0.0;439.0;0.0;0.0;0.0;404.0;315.0;25.0;0.0;1.0;1.0;1.0;1.0;2022
Sete Barras;2;36.0;546.0;0.0;338.0;0.0;0.0;8.0;330.0;198.0;10.0;0.0;1.0;1.0;1.0;1.0;2022
Sete Barras;2;53.0;693.0;0.0;317.0;0.0;0.0;2.0;291.0;369.0;31.0;0.0;1.0;1.0;1.0;1.0;2022
Sete Barras;2;11.0;50.0;0.0;50.0;0.0;0.0;1.0;48.0;1.0;0.0;0.0;1.0;1.0;1.0;1.0;2022
Sete Barras;2;6.0;13.0;5.0;5.0;0.0;0.0;4.0;3.0;6.0;0.0;0.0;0.0;1.0;0.0;0.0;2022
Severínia;2;31.0;565.0;0.0;0.0;0.0;0.0;0.0;12.0;484.0;69.0;0.0;1.0;1.0;1.0;0.0;2022
Silveiras;2;25.0;410.0;0.0;216.0;0.0;0.0;0.0;189.0;189.0;32.0;0.0;1.0;1.0;1.0;1.0;2022
Socorro;2;36.0;556.0;143.0;181.0;0.0;0.0;143.0;161.0;235.0;17.0;1.0;0.0;1.0;1.0;1.0;2022
Socorro;2;35.0;649.0;0.0;429.0;0.0;0.0;5.0;403.0;231.0;10.0;0.0;1.0;1.0;1.0;0.0;2022
Socorro;2;;;;;;;;;;;;;;;;2022
Socorro;2;45.0;840.0;0.0;481.0;0.0;0.0;16.0;439.0;366.0;19.0;0.0;1.0;1.0;1.0;1.0;2022
Socorro;2;;;;;;;;;;;;;;;;2022
Socorro;2;;;;;;;;;;;;;;;;2022
Socorro;2;;;;;;;;;;;;;;;;2022
Socorro;2;35.0;557.0;48.0;226.0;0.0;0.0;51.0;211.0;276.0;19.0;0.0;1.0;1.0;1.0;1.0;2022
Socorro;2;23.0;220.0;30.0;90.0;0.0;0.0;30.0;84.0;105.0;1.0;0.0;1.0;1.0;1.0;0.0;2022
Socorro;2;;;;;;;;;;;;;;;;2022
Socorro;2;19.0;323.0;83.0;97.0;0.0;0.0;87.0;89.0;144.0;3.0;0.0;1.0;1.0;0.0;1.0;2022
Sorocaba;2;;;;;;;;;;;;;;;;2022
Sorocaba;2;41.0;674.0;0.0;355.0;0.0;0.0;0.0;336.0;324.0;14.0;0.0;1.0;1.0;1.0;1.0;2022
Sorocaba;2;29.0;514.0;0.0;317.0;0.0;0.0;1.0;302.0;204.0;7.0;0.0;0.0;1.0;1.0;1.0;2022
Sorocaba;2;32.0;561.0;0.0;321.0;0.0;0.0;0.0;292.0;265.0;4.0;0.0;1.0;1.0;1.0;1.0;2022
Sorocaba;2;29.0;481.0;0.0;257.0;0.0;0.0;0.0;239.0;234.0;8.0;0.0;1.0;1.0;1.0;1.0;2022
Sorocaba;2;16.0;291.0;0.0;291.0;0.0;0.0;2.0;273.0;16.0;0.0;0.0;1.0;1.0;1.0;0.0;2022
Sorocaba;2;37.0;547.0;0.0;293.0;0.0;0.0;4.0;256.0;273.0;14.0;0.0;1.0;1.0;1.0;0.0;2022
Sorocaba;2;33.0;641.0;0.0;348.0;0.0;0.0;0.0;314.0;317.0;10.0;0.0;0.0;1.0;1.0;1.0;2022
Sorocaba;2;42.0;729.0;0.0;365.0;0.0;0.0;0.0;334.0;358.0;37.0;0.0;1.0;1.0;1.0;0.0;2022
Sorocaba;2;15.0;316.0;0.0;316.0;0.0;0.0;2.0;293.0;21.0;0.0;0.0;1.0;1.0;1.0;1.0;2022
Sorocaba;2;24.0;382.0;0.0;382.0;0.0;0.0;1.0;332.0;48.0;1.0;1.0;1.0;1.0;1.0;1.0;2022
Sorocaba;2;30.0;560.0;0.0;334.0;0.0;0.0;3.0;315.0;237.0;5.0;0.0;1.0;1.0;1.0;1.0;2022
Sorocaba;2;60.0;939.0;0.0;375.0;0.0;0.0;0.0;336.0;443.0;160.0;0.0;0.0;1.0;1.0;0.0;2022
Sorocaba;2;22.0;432.0;0.0;256.0;0.0;0.0;3.0;242.0;183.0;4.0;0.0;1.0;1.0;1.0;0.0;2022
Sorocaba;2;135.0;2415.0;0.0;0.0;0.0;0.0;0.0;8.0;1267.0;1140.0;1.0;1.0;1.0;1.0;0.0;2022
Sorocaba;2;54.0;862.0;0.0;423.0;0.0;0.0;2.0;386.0;457.0;17.0;0.0;0.0;1.0;1.0;0.0;2022
Sorocaba;2;26.0;474.0;0.0;244.0;0.0;0.0;0.0;230.0;235.0;9.0;0.0;1.0;1.0;1.0;0.0;2022
Sorocaba;2;100.0;1805.0;0.0;889.0;0.0;0.0;6.0;840.0;921.0;38.0;0.0;0.0;1.0;1.0;1.0;2022
Sorocaba;2;68.0;1049.0;0.0;588.0;0.0;0.0;2.0;540.0;470.0;37.0;1.0;0.0;0.0;0.0;0.0;2022
Sorocaba;2;30.0;615.0;0.0;361.0;0.0;0.0;3.0;343.0;265.0;4.0;0.0;1.0;1.0;1.0;1.0;2022
Sorocaba;2;104.0;2001.0;0.0;674.0;0.0;0.0;4.0;634.0;1312.0;51.0;0.0;1.0;1.0;1.0;1.0;2022
Sorocaba;2;19.0;284.0;0.0;151.0;0.0;0.0;1.0;143.0;133.0;7.0;0.0;0.0;1.0;1.0;0.0;2022
Sorocaba;2;38.0;814.0;0.0;416.0;0.0;0.0;1.0;393.0;410.0;10.0;0.0;1.0;1.0;1.0;1.0;2022
Sorocaba;2;55.0;990.0;0.0;435.0;0.0;0.0;1.0;401.0;552.0;36.0;0.0;1.0;1.0;1.0;0.0;2022
Sorocaba;2;53.0;618.0;0.0;236.0;0.0;0.0;1.0;228.0;378.0;11.0;0.0;0.0;1.0;1.0;1.0;2022
Sorocaba;2;;;;;;;;;;;;;;;;2022
Sorocaba;2;124.0;1572.0;0.0;0.0;0.0;0.0;0.0;4.0;913.0;655.0;1.0;1.0;1.0;1.0;0.0;2022
Sorocaba;2;16.0;332.0;0.0;332.0;0.0;0.0;0.0;317.0;15.0;0.0;0.0;1.0;1.0;1.0;1.0;2022
Sorocaba;2;47.0;561.0;0.0;224.0;0.0;0.0;3.0;199.0;346.0;13.0;0.0;1.0;1.0;1.0;1.0;2022
Sorocaba;2;24.0;444.0;444.0;0.0;0.0;0.0;429.0;15.0;0.0;0.0;0.0;0.0;1.0;1.0;0.0;2022
Sorocaba;2;29.0;518.0;0.0;288.0;0.0;0.0;0.0;275.0;233.0;10.0;0.0;0.0;1.0;1.0;1.0;2022
Sorocaba;2;18.0;222.0;0.0;222.0;0.0;0.0;1.0;207.0;13.0;1.0;0.0;0.0;1.0;1.0;0.0;2022
Sorocaba;2;31.0;550.0;0.0;342.0;0.0;0.0;5.0;319.0;223.0;3.0;0.0;1.0;1.0;1.0;0.0;2022
Sorocaba;2;40.0;677.0;0.0;354.0;0.0;0.0;0.0;321.0;346.0;10.0;0.0;1.0;1.0;1.0;1.0;2022
Sorocaba;2;82.0;1439.0;0.0;396.0;0.0;0.0;1.0;369.0;1038.0;31.0;0.0;1.0;1.0;1.0;1.0;2022
Sorocaba;2;42.0;503.0;503.0;0.0;0.0;0.0;486.0;17.0;0.0;0.0;0.0;1.0;1.0;1.0;1.0;2022
Sorocaba;2;28.0;346.0;131.0;114.0;0.0;0.0;125.0;112.0;105.0;4.0;0.0;0.0;1.0;1.0;0.0;2022
Sorocaba;2;46.0;624.0;0.0;288.0;0.0;0.0;1.0;271.0;201.0;151.0;0.0;1.0;1.0;1.0;1.0;2022
Sorocaba;2;41.0;670.0;670.0;0.0;0.0;0.0;641.0;29.0;0.0;0.0;0.0;1.0;1.0;1.0;0.0;2022
Sorocaba;2;26.0;380.0;192.0;188.0;0.0;0.0;185.0;181.0;14.0;0.0;0.0;1.0;1.0;1.0;0.0;2022
Sorocaba;2;21.0;313.0;313.0;0.0;0.0;0.0;304.0;9.0;0.0;0.0;0.0;1.0;1.0;1.0;1.0;2022
Sorocaba;2;17.0;328.0;328.0;0.0;0.0;0.0;320.0;8.0;0.0;0.0;0.0;0.0;1.0;1.0;0.0;2022
Sorocaba;2;39.0;534.0;190.0;244.0;0.0;0.0;184.0;223.0;124.0;3.0;0.0;1.0;1.0;1.0;1.0;2022
Sorocaba;2;15.0;263.0;0.0;263.0;0.0;0.0;1.0;254.0;8.0;0.0;0.0;1.0;1.0;1.0;1.0;2022
Sorocaba;2;18.0;392.0;392.0;0.0;0.0;0.0;381.0;11.0;0.0;0.0;0.0;0.0;1.0;1.0;0.0;2022
Sorocaba;2;35.0;447.0;0.0;309.0;0.0;0.0;0.0;295.0;147.0;5.0;0.0;0.0;1.0;1.0;1.0;2022
Sorocaba;2;19.0;325.0;325.0;0.0;0.0;0.0;301.0;24.0;0.0;0.0;0.0;0.0;1.0;1.0;0.0;2022
Sorocaba;2;55.0;881.0;0.0;499.0;0.0;0.0;0.0;461.0;371.0;49.0;0.0;0.0;1.0;1.0;1.0;2022
Sorocaba;2;;;;;;;;;;;;;;;;2022
Sorocaba;2;;;;;;;;;;;;;;;;2022
Sorocaba;2;12.0;32.0;0.0;27.0;0.0;0.0;0.0;3.0;29.0;0.0;1.0;0.0;1.0;1.0;1.0;2022
Sorocaba;2;;;;;;;;;;;;;;;;2022
Sorocaba;2;13.0;35.0;2.0;26.0;0.0;0.0;0.0;1.0;20.0;14.0;0.0;0.0;1.0;1.0;1.0;2022
Sorocaba;2;;;;;;;;;;;0.0;1.0;1.0;1.0;0.0;2022
Sorocaba;2;16.0;269.0;0.0;0.0;0.0;0.0;0.0;0.0;0.0;269.0;0.0;0.0;0.0;0.0;0.0;2022
Sorocaba;2;13.0;194.0;0.0;0.0;0.0;0.0;0.0;0.0;0.0;194.0;0.0;0.0;0.0;0.0;0.0;2022
Sorocaba;2;;;;;;;;;;;;;;;;2022
Sorocaba;2;58.0;600.0;0.0;0.0;0.0;0.0;0.0;1.0;299.0;300.0;1.0;1.0;1.0;1.0;1.0;2022
Sorocaba;2;85.0;1027.0;0.0;414.0;0.0;0.0;1.0;384.0;490.0;152.0;0.0;1.0;1.0;1.0;1.0;2022
Sorocaba;2;16.0;243.0;0.0;243.0;0.0;0.0;2.0;232.0;9.0;0.0;0.0;1.0;1.0;1.0;1.0;2022
Sorocaba;2;35.0;755.0;0.0;541.0;0.0;0.0;5.0;515.0;228.0;7.0;0.0;0.0;1.0;1.0;1.0;2022
Sorocaba;2;;;;;;;;;;;;;;;;2022
Sorocaba;2;;;;;;;;;;;;;;;;2022
Sorocaba;2;12.0;48.0;0.0;26.0;0.0;0.0;0.0;0.0;32.0;16.0;0.0;1.0;1.0;1.0;1.0;2022
Sorocaba;2;34.0;627.0;0.0;457.0;0.0;0.0;0.0;433.0;190.0;4.0;0.0;0.0;1.0;1.0;1.0;2022
Sorocaba;2;36.0;685.0;0.0;504.0;0.0;0.0;1.0;475.0;201.0;8.0;0.0;0.0;1.0;1.0;1.0;2022
Sorocaba;2;;;;;;;;;;;;;;;;2022
Sorocaba;2;22.0;382.0;0.0;278.0;0.0;0.0;1.0;248.0;127.0;6.0;0.0;1.0;1.0;1.0;0.0;2022
Sorocaba;2;89.0;1245.0;428.0;420.0;0.0;0.0;403.0;418.0;413.0;11.0;0.0;0.0;1.0;1.0;1.0;2022
Sorocaba;2;88.0;1469.0;0.0;750.0;0.0;0.0;2.0;704.0;740.0;23.0;0.0;1.0;1.0;1.0;1.0;2022
Sorocaba;2;37.0;441.0;0.0;441.0;0.0;0.0;1.0;402.0;38.0;0.0;0.0;1.0;1.0;1.0;1.0;2022
Sorocaba;2;42.0;788.0;0.0;545.0;0.0;0.0;3.0;518.0;262.0;5.0;0.0;1.0;1.0;1.0;0.0;2022
Sorocaba;2;;;;;;;;;;;;;;;;2022
Sorocaba;2;12.0;166.0;0.0;166.0;0.0;0.0;0.0;153.0;13.0;0.0;1.0;0.0;1.0;1.0;1.0;2022
Sorocaba;2;;;;;;;;;;;;;;;;2022
Sorocaba;2;28.0;397.0;155.0;137.0;0.0;0.0;149.0;132.0;107.0;9.0;0.0;1.0;1.0;1.0;0.0;2022
Sorocaba;2;75.0;1401.0;0.0;807.0;0.0;0.0;3.0;753.0;638.0;7.0;0.0;0.0;1.0;1.0;0.0;2022
Sorocaba;2;18.0;286.0;138.0;148.0;0.0;0.0;135.0;147.0;4.0;0.0;0.0;0.0;1.0;1.0;1.0;2022
Sorocaba;2;17.0;343.0;0.0;343.0;0.0;0.0;1.0;326.0;16.0;0.0;0.0;1.0;1.0;1.0;1.0;2022
Sorocaba;2;39.0;820.0;0.0;491.0;0.0;0.0;0.0;447.0;365.0;8.0;0.0;0.0;1.0;1.0;1.0;2022
Sorocaba;2;82.0;1374.0;0.0;670.0;0.0;0.0;1.0;623.0;717.0;33.0;0.0;1.0;1.0;1.0;1.0;2022
Sorocaba;2;18.0;244.0;244.0;0.0;0.0;0.0;240.0;4.0;0.0;0.0;0.0;0.0;1.0;1.0;1.0;2022
Sorocaba;2;33.0;708.0;708.0;0.0;0.0;1.0;682.0;25.0;0.0;0.0;0.0;0.0;1.0;1.0;0.0;2022
Sorocaba;2;46.0;934.0;0.0;546.0;0.0;0.0;2.0;500.0;312.0;120.0;0.0;0.0;1.0;1.0;1.0;2022
Sorocaba;2;;;;;;;;;;;;;;;;2022
Sorocaba;2;32.0;515.0;0.0;391.0;0.0;0.0;0.0;355.0;148.0;12.0;0.0;0.0;1.0;1.0;1.0;2022
Sorocaba;2;33.0;529.0;0.0;348.0;0.0;0.0;1.0;306.0;214.0;8.0;0.0;1.0;1.0;1.0;0.0;2022
Sorocaba;2;17.0;367.0;0.0;367.0;0.0;0.0;1.0;345.0;21.0;0.0;0.0;1.0;1.0;1.0;0.0;2022
Sorocaba;2;24.0;446.0;0.0;353.0;0.0;0.0;1.0;339.0;103.0;3.0;0.0;0.0;1.0;1.0;0.0;2022
Sorocaba;2;;;;;;;;;;;;;;;;2022
Sorocaba;2;43.0;912.0;0.0;558.0;0.0;0.0;0.0;521.0;376.0;15.0;0.0;0.0;1.0;1.0;1.0;2022
Sorocaba;2;51.0;901.0;0.0;431.0;0.0;0.0;0.0;413.0;459.0;29.0;0.0;0.0;1.0;1.0;1.0;2022
Sorocaba;2;129.0;1450.0;0.0;664.0;0.0;0.0;0.0;604.0;774.0;72.0;0.0;1.0;1.0;1.0;1.0;2022
Sorocaba;2;46.0;739.0;0.0;450.0;0.0;0.0;2.0;421.0;307.0;9.0;0.0;1.0;1.0;1.0;0.0;2022
Sorocaba;2;126.0;1556.0;0.0;563.0;0.0;0.0;2.0;516.0;893.0;145.0;0.0;1.0;1.0;1.0;0.0;2022
Sorocaba;2;21.0;270.0;270.0;0.0;0.0;1.0;263.0;6.0;0.0;0.0;0.0;1.0;1.0;1.0;1.0;2022
Sorocaba;2;84.0;1003.0;0.0;472.0;0.0;0.0;1.0;431.0;529.0;42.0;0.0;1.0;1.0;1.0;1.0;2022
Sorocaba;2;19.0;280.0;0.0;148.0;0.0;0.0;0.0;137.0;134.0;9.0;0.0;1.0;1.0;1.0;1.0;2022
Sorocaba;2;68.0;1547.0;0.0;836.0;0.0;0.0;1.0;779.0;736.0;31.0;0.0;0.0;1.0;1.0;1.0;2022
Sorocaba;2;38.0;780.0;0.0;451.0;0.0;0.0;0.0;417.0;335.0;28.0;1.0;1.0;1.0;1.0;1.0;2022
Sorocaba;2;41.0;779.0;0.0;495.0;0.0;0.0;1.0;449.0;313.0;16.0;0.0;1.0;1.0;1.0;1.0;2022
Sorocaba;2;21.0;4123.0;0.0;0.0;0.0;0.0;0.0;0.0;6.0;4117.0;1.0;0.0;1.0;0.0;0.0;2022
Sorocaba;2;;;;;;;;;;;0.0;1.0;1.0;1.0;1.0;2022
Sud Mennucci;2;20.0;258.0;0.0;0.0;0.0;0.0;0.0;3.0;197.0;58.0;0.0;1.0;1.0;1.0;1.0;2022
Sumaré;2;12.0;167.0;0.0;167.0;0.0;0.0;4.0;155.0;8.0;0.0;0.0;1.0;0.0;1.0;1.0;2022
Sumaré;2;19.0;289.0;0.0;0.0;0.0;0.0;0.0;11.0;262.0;16.0;0.0;1.0;1.0;1.0;1.0;2022
Sumaré;2;22.0;358.0;358.0;0.0;0.0;0.0;357.0;1.0;0.0;0.0;0.0;1.0;1.0;1.0;0.0;2022
Sumaré;2;84.0;1434.0;0.0;636.0;0.0;0.0;15.0;611.0;508.0;300.0;0.0;1.0;1.0;1.0;0.0;2022
Sumaré;2;74.0;811.0;0.0;321.0;0.0;0.0;8.0;309.0;455.0;39.0;0.0;1.0;1.0;1.0;0.0;2022
Sumaré;2;57.0;1212.0;0.0;520.0;0.0;0.0;9.0;472.0;655.0;76.0;0.0;1.0;1.0;1.0;0.0;2022
Sumaré;2;17.0;276.0;0.0;0.0;0.0;0.0;0.0;9.0;260.0;7.0;0.0;1.0;1.0;1.0;0.0;2022
Sumaré;2;42.0;605.0;370.0;235.0;0.0;0.0;369.0;228.0;8.0;0.0;0.0;0.0;1.0;1.0;0.0;2022
Sumaré;2;64.0;1023.0;0.0;608.0;0.0;0.0;13.0;551.0;399.0;60.0;1.0;1.0;1.0;1.0;0.0;2022
Sumaré;2;18.0;234.0;0.0;0.0;0.0;0.0;0.0;8.0;222.0;4.0;0.0;1.0;1.0;1.0;0.0;2022
Sumaré;2;45.0;398.0;167.0;127.0;0.0;0.0;167.0;122.0;103.0;6.0;0.0;1.0;1.0;1.0;0.0;2022
Sumaré;2;27.0;391.0;175.0;216.0;0.0;0.0;179.0;201.0;11.0;0.0;0.0;1.0;1.0;1.0;0.0;2022
Sumaré;2;53.0;858.0;0.0;583.0;0.0;0.0;6.0;565.0;277.0;10.0;0.0;1.0;1.0;1.0;0.0;2022
Sumaré;2;50.0;652.0;0.0;229.0;0.0;0.0;4.0;224.0;290.0;134.0;0.0;1.0;1.0;1.0;0.0;2022
Sumaré;2;72.0;961.0;295.0;396.0;0.0;0.0;288.0;374.0;281.0;18.0;0.0;1.0;1.0;1.0;0.0;2022
Sumaré;2;66.0;1161.0;0.0;682.0;0.0;0.0;4.0;639.0;462.0;56.0;0.0;1.0;1.0;1.0;0.0;2022
Sumaré;2;48.0;682.0;0.0;441.0;0.0;0.0;9.0;426.0;233.0;14.0;0.0;1.0;1.0;1.0;0.0;2022
Sumaré;2;68.0;1347.0;0.0;748.0;0.0;0.0;11.0;687.0;610.0;39.0;0.0;1.0;1.0;1.0;0.0;2022
Sumaré;2;58.0;1159.0;0.0;580.0;0.0;0.0;7.0;539.0;563.0;50.0;0.0;1.0;1.0;1.0;0.0;2022
Sumaré;2;43.0;824.0;0.0;485.0;0.0;0.0;8.0;477.0;330.0;9.0;0.0;0.0;1.0;1.0;0.0;2022
Sumaré;2;47.0;772.0;772.0;0.0;0.0;0.0;759.0;13.0;0.0;0.0;0.0;1.0;1.0;1.0;0.0;2022
Sumaré;2;68.0;1128.0;0.0;661.0;0.0;0.0;12.0;607.0;455.0;54.0;0.0;1.0;1.0;1.0;0.0;2022
Sumaré;2;15.0;302.0;302.0;0.0;0.0;0.0;301.0;1.0;0.0;0.0;0.0;1.0;1.0;1.0;1.0;2022
Sumaré;2;17.0;362.0;0.0;362.0;0.0;0.0;8.0;347.0;7.0;0.0;0.0;1.0;1.0;1.0;1.0;2022
Sumaré;2;7.0;55.0;0.0;0.0;0.0;0.0;0.0;0.0;0.0;55.0;0.0;0.0;0.0;0.0;0.0;2022
Sumaré;2;35.0;722.0;0.0;446.0;0.0;0.0;7.0;432.0;274.0;9.0;0.0;1.0;1.0;1.0;1.0;2022
Sumaré;2;25.0;337.0;337.0;0.0;0.0;0.0;328.0;9.0;0.0;0.0;0.0;1.0;1.0;0.0;1.0;2022
Sumaré;2;20.0;242.0;69.0;173.0;0.0;0.0;68.0;172.0;2.0;0.0;0.0;1.0;1.0;0.0;0.0;2022
Sumaré;2;53.0;991.0;554.0;437.0;0.0;0.0;534.0;435.0;22.0;0.0;0.0;1.0;1.0;1.0;0.0;2022
Sumaré;2;42.0;684.0;0.0;494.0;0.0;0.0;6.0;461.0;210.0;7.0;0.0;1.0;1.0;1.0;0.0;2022
Sumaré;2;31.0;485.0;0.0;325.0;0.0;0.0;4.0;313.0;166.0;2.0;0.0;1.0;1.0;1.0;0.0;2022
Sumaré;2;43.0;370.0;97.0;174.0;0.0;0.0;96.0;166.0;100.0;8.0;0.0;1.0;1.0;1.0;0.0;2022
Sumaré;2;42.0;534.0;119.0;347.0;0.0;0.0;117.0;336.0;81.0;0.0;0.0;1.0;1.0;1.0;1.0;2022
Sumaré;2;15.0;281.0;0.0;281.0;0.0;0.0;1.0;267.0;13.0;0.0;0.0;1.0;1.0;1.0;0.0;2022
Sumaré;2;30.0;513.0;513.0;0.0;0.0;0.0;506.0;7.0;0.0;0.0;0.0;0.0;1.0;1.0;0.0;2022
Sumaré;2;55.0;848.0;0.0;558.0;0.0;0.0;8.0;523.0;302.0;15.0;0.0;1.0;1.0;1.0;1.0;2022
Sumaré;2;30.0;429.0;429.0;0.0;0.0;0.0;424.0;5.0;0.0;0.0;0.0;1.0;1.0;1.0;0.0;2022
Sumaré;2;49.0;769.0;0.0;440.0;0.0;0.0;12.0;411.0;333.0;13.0;0.0;1.0;1.0;1.0;1.0;2022
Sumaré;2;;;;;;;;;;;0.0;0.0;1.0;0.0;0.0;2022
Suzano;2;47.0;798.0;798.0;0.0;0.0;1.0;769.0;28.0;0.0;0.0;0.0;1.0;1.0;1.0;0.0;2022
Suzano;2;43.0;628.0;628.0;0.0;0.0;0.0;597.0;31.0;0.0;0.0;0.0;1.0;1.0;1.0;0.0;2022
Suzano;2;77.0;1425.0;0.0;260.0;0.0;0.0;0.0;252.0;1126.0;47.0;0.0;1.0;1.0;1.0;0.0;2022
Suzano;2;40.0;767.0;0.0;254.0;0.0;0.0;0.0;231.0;520.0;16.0;0.0;1.0;1.0;1.0;1.0;2022
Suzano;2;52.0;816.0;231.0;321.0;0.0;0.0;217.0;317.0;270.0;12.0;0.0;1.0;1.0;1.0;1.0;2022
Suzano;2;36.0;610.0;610.0;0.0;0.0;0.0;570.0;40.0;0.0;0.0;0.0;1.0;1.0;1.0;0.0;2022
Suzano;2;32.0;587.0;587.0;0.0;0.0;0.0;559.0;27.0;1.0;0.0;0.0;1.0;1.0;1.0;1.0;2022
Suzano;2;44.0;670.0;0.0;318.0;0.0;0.0;1.0;304.0;356.0;9.0;0.0;1.0;1.0;1.0;0.0;2022
Suzano;2;24.0;413.0;0.0;259.0;0.0;0.0;0.0;248.0;162.0;3.0;0.0;1.0;1.0;1.0;1.0;2022
Suzano;2;35.0;644.0;644.0;0.0;0.0;0.0;598.0;46.0;0.0;0.0;0.0;1.0;1.0;1.0;1.0;2022
Suzano;2;46.0;580.0;213.0;188.0;0.0;0.0;205.0;181.0;186.0;8.0;0.0;1.0;1.0;1.0;0.0;2022
Suzano;2;78.0;905.0;0.0;253.0;0.0;0.0;1.0;238.0;646.0;20.0;0.0;1.0;1.0;1.0;1.0;2022
Suzano;2;62.0;945.0;0.0;449.0;0.0;0.0;0.0;411.0;491.0;43.0;0.0;1.0;1.0;1.0;1.0;2022
Suzano;2;88.0;1345.0;0.0;495.0;0.0;0.0;2.0;448.0;864.0;31.0;0.0;1.0;1.0;1.0;1.0;2022
Suzano;2;134.0;2039.0;0.0;578.0;0.0;0.0;1.0;545.0;1202.0;291.0;1.0;1.0;1.0;1.0;1.0;2022
Suzano;2;43.0;716.0;0.0;462.0;0.0;0.0;4.0;433.0;264.0;15.0;0.0;1.0;1.0;1.0;0.0;2022
Suzano;2;45.0;850.0;386.0;464.0;0.0;2.0;369.0;462.0;17.0;0.0;0.0;1.0;1.0;1.0;1.0;2022
Suzano;2;62.0;1040.0;0.0;465.0;0.0;0.0;0.0;427.0;601.0;12.0;0.0;1.0;1.0;1.0;0.0;2022
Suzano;2;93.0;1447.0;0.0;573.0;0.0;0.0;4.0;520.0;880.0;43.0;0.0;1.0;1.0;1.0;0.0;2022
Suzano;2;30.0;606.0;606.0;0.0;0.0;0.0;581.0;25.0;0.0;0.0;0.0;1.0;1.0;0.0;1.0;2022
Suzano;2;51.0;816.0;383.0;433.0;0.0;0.0;371.0;419.0;26.0;0.0;0.0;1.0;1.0;1.0;0.0;2022
Suzano;2;59.0;781.0;0.0;436.0;0.0;0.0;1.0;401.0;232.0;147.0;0.0;1.0;1.0;1.0;1.0;2022
Suzano;2;58.0;844.0;0.0;406.0;0.0;0.0;3.0;362.0;456.0;23.0;0.0;1.0;1.0;1.0;0.0;2022
Suzano;2;51.0;763.0;0.0;0.0;0.0;0.0;0.0;3.0;446.0;314.0;1.0;1.0;1.0;1.0;0.0;2022
Suzano;2;;;;;;;;;;;;;;;;2022
Suzano;2;;;;;;;;;;;;;;;;2022
Suzano;2;;;;;;;;;;;;;;;;2022
Suzano;2;25.0;290.0;0.0;173.0;0.0;0.0;3.0;161.0;119.0;7.0;0.0;1.0;1.0;1.0;1.0;2022
Suzano;2;57.0;1021.0;373.0;442.0;0.0;0.0;275.0;520.0;29.0;197.0;0.0;1.0;1.0;1.0;1.0;2022
Suzano;2;68.0;785.0;203.0;303.0;0.0;0.0;196.0;293.0;280.0;16.0;0.0;1.0;1.0;1.0;0.0;2022
Suzano;2;64.0;901.0;407.0;494.0;0.0;0.0;381.0;492.0;28.0;0.0;0.0;1.0;1.0;1.0;1.0;2022
Suzano;2;56.0;690.0;0.0;428.0;0.0;0.0;0.0;410.0;267.0;13.0;0.0;1.0;1.0;1.0;1.0;2022
Suzano;2;71.0;847.0;159.0;378.0;0.0;0.0;142.0;382.0;306.0;17.0;0.0;1.0;1.0;1.0;0.0;2022
Suzano;2;53.0;840.0;405.0;435.0;0.0;1.0;394.0;431.0;14.0;0.0;0.0;1.0;1.0;1.0;1.0;2022
Suzano;2;64.0;1004.0;281.0;329.0;0.0;0.0;267.0;325.0;387.0;25.0;0.0;1.0;1.0;1.0;1.0;2022
Suzano;2;48.0;812.0;0.0;430.0;0.0;0.0;1.0;397.0;388.0;26.0;0.0;1.0;1.0;1.0;0.0;2022
Suzano;2;107.0;1636.0;0.0;709.0;0.0;0.0;1.0;664.0;733.0;238.0;0.0;1.0;1.0;1.0;0.0;2022
Suzano;2;63.0;1229.0;218.0;460.0;0.0;0.0;197.0;467.0;541.0;24.0;0.0;1.0;1.0;1.0;0.0;2022
Suzano;2;87.0;2163.0;0.0;807.0;0.0;0.0;3.0;735.0;1264.0;161.0;0.0;1.0;1.0;1.0;0.0;2022
Suzano;2;45.0;763.0;153.0;321.0;0.0;0.0;118.0;336.0;28.0;281.0;0.0;1.0;1.0;1.0;1.0;2022
Suzano;2;76.0;1120.0;0.0;346.0;0.0;0.0;2.0;305.0;662.0;151.0;0.0;1.0;1.0;1.0;1.0;2022
Suzano;2;52.0;1163.0;664.0;499.0;0.0;0.0;626.0;521.0;16.0;0.0;0.0;0.0;1.0;1.0;1.0;2022
Suzano;2;50.0;632.0;0.0;632.0;0.0;0.0;1.0;595.0;36.0;0.0;0.0;1.0;1.0;1.0;0.0;2022
Suzano;2;88.0;2176.0;465.0;651.0;0.0;0.0;407.0;641.0;898.0;230.0;0.0;1.0;1.0;1.0;1.0;2022
Suzano;2;29.0;410.0;222.0;188.0;0.0;0.0;216.0;185.0;9.0;0.0;0.0;1.0;1.0;1.0;1.0;2022
Suzano;2;83.0;1580.0;0.0;426.0;0.0;0.0;0.0;422.0;1111.0;47.0;0.0;1.0;1.0;1.0;1.0;2022
Suzano;2;50.0;643.0;0.0;468.0;0.0;0.0;4.0;435.0;66.0;138.0;0.0;1.0;1.0;1.0;0.0;2022
Suzano;2;43.0;781.0;0.0;458.0;0.0;0.0;1.0;423.0;334.0;23.0;0.0;1.0;1.0;1.0;0.0;2022
Suzano;2;36.0;670.0;0.0;670.0;0.0;0.0;0.0;634.0;36.0;0.0;0.0;1.0;1.0;1.0;1.0;2022
Suzano;2;;;;;;;;;;;0.0;0.0;1.0;0.0;0.0;2022
Suzanápolis;2;20.0;297.0;0.0;192.0;0.0;0.0;1.0;170.0;121.0;5.0;0.0;1.0;1.0;1.0;0.0;2022
Tabapuã;2;34.0;530.0;0.0;168.0;0.0;0.0;5.0;167.0;280.0;78.0;0.0;1.0;1.0;1.0;0.0;2022
Tabatinga;2;20.0;247.0;95.0;80.0;0.0;0.0;96.0;82.0;69.0;0.0;0.0;1.0;1.0;1.0;0.0;2022
Tabatinga;2;35.0;907.0;0.0;313.0;0.0;0.0;10.0;297.0;558.0;42.0;0.0;1.0;1.0;1.0;0.0;2022
Taboão da Serra;2;26.0;330.0;0.0;0.0;0.0;0.0;0.0;5.0;247.0;78.0;1.0;1.0;1.0;1.0;1.0;2022
Taboão da Serra;2;66.0;794.0;0.0;499.0;0.0;0.0;3.0;459.0;289.0;43.0;1.0;1.0;1.0;1.0;1.0;2022
Taboão da Serra;2;16.0;243.0;0.0;243.0;0.0;0.0;0.0;227.0;16.0;0.0;0.0;1.0;1.0;1.0;0.0;2022
Taboão da Serra;2;58.0;1541.0;0.0;941.0;0.0;0.0;18.0;829.0;599.0;95.0;1.0;0.0;1.0;1.0;0.0;2022
Taboão da Serra;2;74.0;1080.0;0.0;369.0;0.0;0.0;2.0;338.0;590.0;150.0;1.0;1.0;1.0;1.0;1.0;2022
Taboão da Serra;2;35.0;784.0;0.0;422.0;0.0;0.0;1.0;380.0;338.0;65.0;0.0;1.0;1.0;1.0;1.0;2022
Taboão da Serra;2;54.0;852.0;190.0;372.0;0.0;0.0;180.0;342.0;300.0;30.0;0.0;1.0;1.0;1.0;1.0;2022
Taboão da Serra;2;67.0;1126.0;223.0;438.0;0.0;1.0;217.0;407.0;437.0;64.0;1.0;1.0;1.0;1.0;1.0;2022
Taboão da Serra;2;84.0;1527.0;0.0;648.0;0.0;0.0;0.0;585.0;848.0;94.0;1.0;1.0;1.0;1.0;1.0;2022
Taboão da Serra;2;46.0;829.0;0.0;425.0;0.0;0.0;8.0;382.0;394.0;45.0;0.0;1.0;1.0;1.0;0.0;2022
Taboão da Serra;2;28.0;508.0;0.0;327.0;0.0;0.0;6.0;310.0;180.0;12.0;0.0;1.0;1.0;1.0;0.0;2022
Taboão da Serra;2;;;;;;;;;;;;;;;;2022
Taboão da Serra;2;35.0;745.0;0.0;382.0;0.0;0.0;7.0;353.0;357.0;28.0;0.0;1.0;1.0;1.0;0.0;2022
Taboão da Serra;2;57.0;687.0;0.0;437.0;0.0;0.0;5.0;386.0;269.0;27.0;1.0;1.0;1.0;1.0;1.0;2022
Taboão da Serra;2;31.0;461.0;0.0;297.0;0.0;0.0;3.0;264.0;185.0;9.0;1.0;1.0;1.0;1.0;0.0;2022
Taboão da Serra;2;65.0;1569.0;0.0;874.0;0.0;0.0;13.0;775.0;701.0;80.0;0.0;1.0;1.0;1.0;1.0;2022
Taboão da Serra;2;72.0;1342.0;0.0;813.0;0.0;0.0;9.0;712.0;519.0;102.0;0.0;1.0;1.0;0.0;1.0;2022
Taboão da Serra;2;26.0;521.0;0.0;305.0;0.0;0.0;1.0;283.0;209.0;28.0;0.0;1.0;1.0;1.0;1.0;2022
Taboão da Serra;2;53.0;879.0;0.0;568.0;0.0;0.0;14.0;510.0;307.0;48.0;0.0;1.0;1.0;1.0;0.0;2022
Taboão da Serra;2;82.0;1274.0;0.0;681.0;0.0;0.0;11.0;646.0;544.0;73.0;1.0;1.0;1.0;1.0;0.0;2022
Taboão da Serra;2;77.0;1429.0;0.0;633.0;0.0;0.0;15.0;576.0;564.0;274.0;0.0;1.0;1.0;1.0;1.0;2022
Taboão da Serra;2;67.0;861.0;0.0;527.0;0.0;0.0;9.0;486.0;246.0;120.0;0.0;1.0;1.0;1.0;1.0;2022
Taboão da Serra;2;71.0;1667.0;0.0;837.0;0.0;0.0;16.0;773.0;769.0;109.0;0.0;1.0;1.0;1.0;0.0;2022
Taboão da Serra;2;30.0;381.0;0.0;281.0;0.0;0.0;5.0;255.0;113.0;8.0;1.0;0.0;1.0;1.0;1.0;2022
Taboão da Serra;2;39.0;637.0;0.0;458.0;0.0;0.0;9.0;420.0;189.0;19.0;1.0;1.0;1.0;1.0;1.0;2022
Taboão da Serra;2;76.0;1635.0;0.0;759.0;0.0;0.0;8.0;701.0;620.0;306.0;1.0;1.0;1.0;1.0;1.0;2022
Taboão da Serra;2;46.0;1028.0;0.0;497.0;0.0;0.0;9.0;462.0;508.0;49.0;0.0;1.0;1.0;1.0;1.0;2022
Taboão da Serra;2;29.0;324.0;116.0;132.0;0.0;1.0;106.0;134.0;73.0;10.0;1.0;1.0;1.0;1.0;1.0;2022
Taboão da Serra;2;50.0;680.0;0.0;428.0;0.0;0.0;4.0;376.0;273.0;27.0;0.0;1.0;1.0;1.0;1.0;2022
Taciba;2;31.0;539.0;0.0;312.0;0.0;0.0;1.0;289.0;233.0;16.0;0.0;1.0;1.0;1.0;0.0;2022
Taguaí;2;50.0;1091.0;0.0;668.0;0.0;0.0;1.0;626.0;448.0;16.0;0.0;1.0;1.0;1.0;1.0;2022
Taiaçu;2;27.0;382.0;0.0;237.0;0.0;0.0;5.0;226.0;148.0;3.0;0.0;1.0;1.0;1.0;0.0;2022
Taiúva;2;23.0;379.0;0.0;235.0;0.0;0.0;7.0;228.0;143.0;1.0;0.0;0.0;1.0;1.0;0.0;2022
Taiúva;2;10.0;152.0;0.0;0.0;0.0;0.0;0.0;0.0;0.0;152.0;0.0;0.0;0.0;0.0;0.0;2022
Tambaú;2;;;;;;;;;;;;;;;;2022
Tambaú;2;24.0;379.0;0.0;379.0;0.0;0.0;0.0;340.0;39.0;0.0;0.0;1.0;1.0;1.0;0.0;2022
Tambaú;2;36.0;822.0;0.0;304.0;0.0;0.0;0.0;279.0;446.0;97.0;0.0;1.0;1.0;1.0;0.0;2022
Tambaú;2;15.0;233.0;0.0;139.0;0.0;0.0;1.0;133.0;95.0;4.0;0.0;1.0;1.0;1.0;0.0;2022
Tambaú;2;;;;;;;;;;;0.0;0.0;1.0;0.0;0.0;2022
Tanabi;2;65.0;1221.0;0.0;460.0;0.0;0.0;5.0;441.0;640.0;135.0;0.0;1.0;1.0;1.0;1.0;2022
Tanabi;2;22.0;406.0;0.0;406.0;0.0;0.0;9.0;384.0;13.0;0.0;0.0;1.0;1.0;1.0;0.0;2022
Tanabi;2;;;;;;;;;;;;;;;;2022
Tapiraí;2;31.0;546.0;0.0;285.0;0.0;0.0;1.0;263.0;278.0;4.0;0.0;1.0;1.0;1.0;0.0;2022
Tapiraí;2;;;;;;;;;;;;;;;;2022
Tapiraí;2;28.0;381.0;0.0;215.0;0.0;0.0;1.0;195.0;180.0;5.0;0.0;1.0;1.0;1.0;1.0;2022
Tapiratiba;2;37.0;401.0;0.0;130.0;0.0;0.0;3.0;121.0;207.0;70.0;0.0;1.0;1.0;1.0;1.0;2022
Taquaral;2;20.0;230.0;0.0;131.0;0.0;0.0;3.0;127.0;93.0;7.0;0.0;1.0;1.0;1.0;1.0;2022
Taquaritinga;2;35.0;684.0;0.0;471.0;0.0;0.0;14.0;452.0;216.0;2.0;0.0;1.0;1.0;1.0;1.0;2022
Taquaritinga;2;15.0;298.0;0.0;298.0;0.0;0.0;3.0;290.0;5.0;0.0;0.0;1.0;1.0;1.0;1.0;2022
Taquaritinga;2;43.0;715.0;0.0;434.0;0.0;0.0;9.0;409.0;273.0;24.0;0.0;1.0;1.0;1.0;1.0;2022
Taquaritinga;2;64.0;1010.0;0.0;387.0;0.0;0.0;8.0;363.0;520.0;119.0;0.0;1.0;1.0;1.0;0.0;2022
Taquaritinga;2;44.0;752.0;0.0;414.0;0.0;0.0;6.0;397.0;332.0;17.0;0.0;1.0;1.0;1.0;0.0;2022
Taquaritinga;2;12.0;45.0;0.0;21.0;0.0;0.0;0.0;2.0;34.0;9.0;0.0;0.0;1.0;1.0;1.0;2022
Taquaritinga;2;83.0;1216.0;0.0;0.0;0.0;0.0;0.0;13.0;798.0;405.0;1.0;1.0;1.0;1.0;1.0;2022
Taquaritinga;2;;;;;;;;;;;0.0;1.0;1.0;1.0;1.0;2022
Taquarituba;2;38.0;559.0;0.0;337.0;0.0;0.0;1.0;320.0;235.0;3.0;0.0;1.0;1.0;1.0;1.0;2022
Taquarituba;2;12.0;115.0;0.0;76.0;0.0;0.0;0.0;71.0;40.0;4.0;1.0;0.0;1.0;1.0;1.0;2022
Taquarituba;2;37.0;457.0;0.0;0.0;0.0;0.0;0.0;4.0;330.0;123.0;0.0;1.0;1.0;0.0;0.0;2022
Taquarituba;2;12.0;142.0;0.0;0.0;0.0;0.0;0.0;0.0;0.0;142.0;0.0;0.0;1.0;0.0;0.0;2022
Taquarituba;2;23.0;409.0;0.0;274.0;0.0;0.0;1.0;254.0;144.0;10.0;0.0;0.0;1.0;1.0;1.0;2022
Taquarituba;2;37.0;438.0;0.0;222.0;0.0;0.0;0.0;203.0;223.0;12.0;0.0;1.0;1.0;1.0;0.0;2022
Taquarituba;2;14.0;172.0;0.0;172.0;0.0;0.0;2.0;156.0;14.0;0.0;0.0;0.0;1.0;1.0;1.0;2022
Taquarivaí;2;26.0;402.0;0.0;0.0;0.0;0.0;0.0;7.0;320.0;75.0;1.0;1.0;1.0;1.0;1.0;2022
Taquarivaí;2;26.0;305.0;0.0;0.0;0.0;0.0;0.0;3.0;260.0;42.0;0.0;1.0;1.0;1.0;1.0;2022
Tarabai;2;25.0;308.0;0.0;0.0;0.0;0.0;0.0;4.0;203.0;101.0;0.0;1.0;1.0;1.0;0.0;2022
Tarumã;2;49.0;600.0;0.0;233.0;0.0;0.0;2.0;214.0;202.0;182.0;0.0;1.0;1.0;1.0;1.0;2022
Tarumã;2;19.0;254.0;0.0;198.0;0.0;0.0;3.0;191.0;57.0;3.0;0.0;0.0;1.0;1.0;0.0;2022
Tarumã;2;43.0;839.0;0.0;480.0;0.0;0.0;10.0;456.0;356.0;17.0;0.0;1.0;1.0;1.0;1.0;2022
Tatuí;2;39.0;737.0;0.0;401.0;0.0;0.0;8.0;370.0;348.0;11.0;0.0;1.0;1.0;1.0;0.0;2022
Tatuí;2;25.0;523.0;0.0;304.0;0.0;0.0;5.0;299.0;216.0;3.0;0.0;1.0;1.0;1.0;0.0;2022
Tatuí;2;66.0;999.0;0.0;431.0;0.0;0.0;4.0;409.0;524.0;62.0;1.0;1.0;1.0;1.0;1.0;2022
Tatuí;2;36.0;622.0;0.0;302.0;0.0;0.0;10.0;288.0;309.0;15.0;0.0;0.0;1.0;1.0;1.0;2022
Tatuí;2;86.0;1383.0;0.0;0.0;0.0;0.0;0.0;15.0;841.0;527.0;1.0;1.0;1.0;1.0;0.0;2022
Tatuí;2;;;;;;;;;;;;;;;;2022
Tatuí;2;87.0;1498.0;0.0;552.0;0.0;0.0;16.0;515.0;830.0;137.0;0.0;1.0;1.0;1.0;0.0;2022
Tatuí;2;36.0;614.0;0.0;344.0;0.0;0.0;4.0;335.0;262.0;13.0;0.0;1.0;1.0;1.0;0.0;2022
Tatuí;2;42.0;787.0;0.0;495.0;0.0;0.0;9.0;465.0;294.0;19.0;0.0;0.0;1.0;1.0;0.0;2022
Tatuí;2;34.0;642.0;0.0;353.0;0.0;0.0;5.0;350.0;279.0;8.0;0.0;1.0;1.0;1.0;1.0;2022
Tatuí;2;103.0;1214.0;0.0;422.0;0.0;0.0;10.0;398.0;641.0;165.0;0.0;1.0;1.0;1.0;0.0;2022
Taubaté;2;31.0;472.0;0.0;233.0;0.0;0.0;1.0;226.0;233.0;12.0;1.0;0.0;1.0;1.0;1.0;2022
Taubaté;2;35.0;488.0;0.0;0.0;0.0;0.0;0.0;2.0;384.0;102.0;0.0;1.0;1.0;1.0;0.0;2022
Taubaté;2;53.0;794.0;0.0;0.0;0.0;0.0;0.0;11.0;694.0;89.0;0.0;0.0;1.0;1.0;1.0;2022
Taubaté;2;;;;;;;;;;;;;;;;2022
Taubaté;2;;;;;;;;;;;;;;;;2022
Taubaté;2;51.0;1024.0;0.0;0.0;0.0;0.0;0.0;13.0;879.0;132.0;0.0;1.0;1.0;1.0;0.0;2022
Taubaté;2;;;;;;;;;;;;;;;;2022
Taubaté;2;14.0;230.0;0.0;0.0;0.0;0.0;0.0;5.0;211.0;14.0;0.0;1.0;1.0;1.0;1.0;2022
Taubaté;2;;;;;;;;;;;;;;;;2022
Taubaté;2;44.0;765.0;0.0;0.0;0.0;0.0;0.0;12.0;690.0;63.0;0.0;1.0;1.0;1.0;0.0;2022
Taubaté;2;15.0;271.0;0.0;0.0;0.0;0.0;0.0;3.0;257.0;11.0;0.0;1.0;1.0;1.0;1.0;2022
Taubaté;2;26.0;442.0;0.0;0.0;0.0;0.0;0.0;12.0;403.0;27.0;0.0;1.0;1.0;1.0;0.0;2022
Taubaté;2;31.0;355.0;0.0;0.0;0.0;0.0;0.0;6.0;334.0;15.0;0.0;1.0;1.0;1.0;1.0;2022
Taubaté;2;28.0;422.0;0.0;0.0;0.0;0.0;0.0;11.0;385.0;26.0;0.0;1.0;1.0;1.0;0.0;2022
Taubaté;2;20.0;359.0;0.0;0.0;0.0;0.0;0.0;10.0;336.0;13.0;0.0;1.0;1.0;1.0;1.0;2022
Taubaté;2;42.0;344.0;0.0;0.0;0.0;0.0;0.0;3.0;277.0;64.0;0.0;1.0;1.0;1.0;0.0;2022
Taubaté;2;20.0;329.0;0.0;0.0;0.0;0.0;0.0;7.0;309.0;13.0;0.0;0.0;1.0;1.0;1.0;2022
Taubaté;2;27.0;363.0;0.0;0.0;0.0;0.0;0.0;9.0;324.0;30.0;0.0;1.0;1.0;1.0;0.0;2022
Taubaté;2;38.0;331.0;0.0;0.0;0.0;0.0;0.0;3.0;290.0;38.0;0.0;1.0;1.0;1.0;0.0;2022
Taubaté;2;39.0;350.0;0.0;0.0;0.0;0.0;0.0;6.0;316.0;28.0;0.0;1.0;1.0;1.0;1.0;2022
Taubaté;2;70.0;1102.0;0.0;0.0;0.0;0.0;0.0;14.0;874.0;214.0;0.0;1.0;1.0;1.0;1.0;2022
Taubaté;2;8.0;27.0;3.0;11.0;0.0;0.0;0.0;3.0;21.0;3.0;0.0;0.0;1.0;0.0;0.0;2022
Taubaté;2;;;;;;;;;;;;;;;;2022
Taubaté;2;8.0;32.0;0.0;0.0;0.0;0.0;0.0;0.0;0.0;32.0;0.0;0.0;1.0;0.0;1.0;2022
Taubaté;2;6.0;50.0;0.0;0.0;0.0;0.0;0.0;0.0;0.0;50.0;0.0;0.0;1.0;0.0;0.0;2022
Taubaté;2;;;;;;;;;;;;;;;;2022
Taubaté;2;;;;;;;;;;;;;;;;2022
Taubaté;2;40.0;395.0;0.0;0.0;0.0;0.0;0.0;9.0;354.0;32.0;0.0;0.0;1.0;1.0;0.0;2022
Taubaté;2;;;;;;;;;;;;;;;;2022
Taubaté;2;41.0;613.0;0.0;0.0;0.0;0.0;0.0;5.0;573.0;35.0;1.0;1.0;1.0;0.0;0.0;2022
Taubaté;2;53.0;705.0;0.0;0.0;0.0;0.0;0.0;10.0;637.0;58.0;0.0;1.0;1.0;1.0;0.0;2022
Taubaté;2;9.0;42.0;0.0;0.0;0.0;0.0;0.0;4.0;37.0;1.0;0.0;1.0;1.0;0.0;0.0;2022
Taubaté;2;16.0;3511.0;0.0;0.0;0.0;0.0;0.0;0.0;1.0;3510.0;0.0;0.0;1.0;1.0;0.0;2022
Tejupá;2;19.0;210.0;0.0;86.0;0.0;0.0;2.0;80.0;122.0;6.0;0.0;1.0;1.0;1.0;0.0;2022
Tejupá;2;19.0;192.0;0.0;113.0;0.0;0.0;1.0;111.0;74.0;6.0;0.0;1.0;1.0;1.0;0.0;2022
Teodoro Sampaio;2;;;;;;;;;;;;;;;;2022
Teodoro Sampaio;2;74.0;901.0;0.0;419.0;0.0;0.0;4.0;397.0;386.0;114.0;0.0;1.0;1.0;1.0;1.0;2022
Teodoro Sampaio;2;36.0;242.0;93.0;77.0;0.0;0.0;85.0;79.0;61.0;17.0;0.0;1.0;1.0;1.0;1.0;2022
Teodoro Sampaio;2;32.0;444.0;0.0;291.0;0.0;0.0;3.0;273.0;162.0;6.0;0.0;1.0;1.0;1.0;1.0;2022
Teodoro Sampaio;2;35.0;133.0;32.0;31.0;0.0;0.0;32.0;30.0;26.0;45.0;0.0;1.0;1.0;1.0;0.0;2022
Teodoro Sampaio;2;32.0;507.0;0.0;0.0;0.0;0.0;0.0;2.0;342.0;163.0;1.0;1.0;1.0;1.0;0.0;2022
Teodoro Sampaio;2;;;;;;;;;;;;;;;;2022
Teodoro Sampaio;2;;;;;;;;;;;0.0;0.0;1.0;0.0;0.0;2022
Teodoro Sampaio;2;;;;;;;;;;;;;;;;2022
Teodoro Sampaio;2;;;;;;;;;;;;;;;;2022
Teodoro Sampaio;2;37.0;151.0;54.0;50.0;0.0;0.0;53.0;45.0;52.0;1.0;0.0;1.0;1.0;1.0;1.0;2022
Teodoro Sampaio;2;29.0;122.0;47.0;33.0;0.0;0.0;46.0;31.0;26.0;19.0;1.0;1.0;1.0;1.0;0.0;2022
Teodoro Sampaio;2;30.0;143.0;56.0;42.0;0.0;0.0;55.0;40.0;45.0;3.0;0.0;1.0;1.0;1.0;0.0;2022
Terra Roxa;2;30.0;254.0;0.0;0.0;0.0;0.0;0.0;1.0;228.0;25.0;0.0;1.0;1.0;1.0;1.0;2022
Terra Roxa;2;;;;;;;;;;;;;;;;2022
Tietê;2;56.0;911.0;0.0;0.0;0.0;0.0;0.0;12.0;831.0;68.0;0.0;1.0;1.0;1.0;1.0;2022
Tietê;2;;;;;;;;;;;;;;;;2022
Tietê;2;;;;;;;;;;;;;;;;2022
Tietê;2;;;;;;;;;;;;;;;;2022
Tietê;2;;;;;;;;;;;;;;;;2022
Tietê;2;36.0;595.0;0.0;0.0;0.0;0.0;0.0;10.0;363.0;222.0;1.0;1.0;1.0;1.0;1.0;2022
Tietê;2;;;;;;;;;;;;;;;;2022
Tietê;2;;;;;;;;;;;;;;;;2022
Timburi;2;20.0;210.0;0.0;141.0;0.0;0.0;1.0;129.0;77.0;3.0;0.0;1.0;1.0;1.0;1.0;2022
Torre de Pedra;2;15.0;245.0;0.0;131.0;0.0;0.0;1.0;115.0;115.0;14.0;0.0;1.0;1.0;1.0;0.0;2022
Torrinha;2;27.0;425.0;425.0;0.0;0.0;0.0;424.0;1.0;0.0;0.0;0.0;1.0;1.0;1.0;1.0;2022
Torrinha;2;46.0;617.0;0.0;302.0;0.0;0.0;6.0;289.0;270.0;52.0;0.0;1.0;1.0;1.0;1.0;2022
Trabiju;2;13.0;141.0;0.0;0.0;0.0;0.0;0.0;3.0;131.0;7.0;0.0;1.0;1.0;1.0;0.0;2022
Tremembé;2;53.0;880.0;0.0;0.0;0.0;0.0;0.0;1.0;704.0;175.0;0.0;0.0;1.0;1.0;0.0;2022
Tremembé;2;20.0;312.0;0.0;0.0;0.0;0.0;0.0;3.0;290.0;19.0;0.0;1.0;1.0;1.0;1.0;2022
Tremembé;2;21.0;200.0;0.0;0.0;0.0;0.0;0.0;1.0;176.0;23.0;0.0;1.0;1.0;1.0;1.0;2022
Tremembé;2;14.0;140.0;0.0;0.0;0.0;0.0;0.0;0.0;0.0;140.0;0.0;0.0;1.0;0.0;0.0;2022
Tremembé;2;13.0;110.0;0.0;0.0;0.0;0.0;0.0;0.0;0.0;110.0;0.0;0.0;1.0;0.0;0.0;2022
Tremembé;2;10.0;69.0;0.0;0.0;0.0;0.0;0.0;0.0;0.0;69.0;0.0;0.0;1.0;0.0;0.0;2022
Tremembé;2;5.0;20.0;0.0;0.0;0.0;0.0;0.0;0.0;0.0;20.0;0.0;0.0;1.0;0.0;0.0;2022
Tremembé;2;;;;;;;;;;;;;;;;2022
Tremembé;2;19.0;118.0;0.0;0.0;0.0;0.0;0.0;0.0;0.0;118.0;0.0;0.0;1.0;0.0;0.0;2022
Três Fronteiras;2;;;;;;;;;;;;;;;;2022
Três Fronteiras;2;41.0;481.0;0.0;314.0;0.0;0.0;1.0;295.0;174.0;11.0;0.0;0.0;1.0;1.0;1.0;2022
Tuiuti;2;13.0;191.0;0.0;0.0;0.0;0.0;0.0;2.0;178.0;11.0;0.0;1.0;1.0;1.0;1.0;2022
Tupã;2;35.0;624.0;0.0;433.0;0.0;0.0;6.0;422.0;189.0;7.0;0.0;1.0;1.0;1.0;1.0;2022
Tupã;2;27.0;144.0;144.0;0.0;0.0;0.0;138.0;6.0;0.0;0.0;0.0;1.0;1.0;1.0;1.0;2022
Tupã;2;42.0;660.0;0.0;294.0;0.0;0.0;3.0;285.0;279.0;93.0;0.0;1.0;1.0;1.0;1.0;2022
Tupã;2;43.0;782.0;0.0;572.0;0.0;0.0;8.0;556.0;216.0;2.0;0.0;0.0;1.0;1.0;1.0;2022
Tupã;2;12.0;136.0;57.0;79.0;0.0;0.0;56.0;79.0;1.0;0.0;0.0;1.0;1.0;1.0;0.0;2022
Tupã;2;62.0;953.0;0.0;483.0;0.0;0.0;10.0;470.0;455.0;18.0;0.0;1.0;1.0;1.0;1.0;2022
Tupã;2;17.0;216.0;216.0;0.0;0.0;0.0;213.0;3.0;0.0;0.0;0.0;1.0;1.0;1.0;1.0;2022
Tupã;2;20.0;261.0;261.0;0.0;0.0;0.0;256.0;5.0;0.0;0.0;0.0;1.0;1.0;1.0;0.0;2022
Tupã;2;15.0;247.0;247.0;0.0;0.0;0.0;244.0;3.0;0.0;0.0;0.0;1.0;1.0;1.0;0.0;2022
Tupã;2;10.0;127.0;127.0;0.0;0.0;0.0;124.0;3.0;0.0;0.0;0.0;1.0;1.0;1.0;0.0;2022
Tupã;2;58.0;896.0;0.0;0.0;0.0;0.0;0.0;18.0;599.0;279.0;1.0;1.0;1.0;1.0;1.0;2022
Tupã;2;43.0;590.0;0.0;394.0;0.0;0.0;10.0;371.0;182.0;27.0;0.0;1.0;1.0;1.0;1.0;2022
Tupã;2;;;;;;;;;;;0.0;0.0;1.0;0.0;1.0;2022
Tupi Paulista;2;29.0;291.0;0.0;0.0;0.0;0.0;0.0;0.0;253.0;38.0;0.0;1.0;1.0;1.0;0.0;2022
Tupi Paulista;2;11.0;96.0;0.0;0.0;0.0;0.0;0.0;0.0;0.0;96.0;0.0;0.0;0.0;0.0;0.0;2022
Tupi Paulista;2;14.0;101.0;0.0;0.0;0.0;0.0;0.0;0.0;0.0;101.0;0.0;0.0;1.0;0.0;0.0;2022
Turiúba;2;15.0;141.0;0.0;81.0;0.0;0.0;0.0;74.0;66.0;1.0;0.0;1.0;1.0;1.0;0.0;2022
Turmalina;2;17.0;102.0;0.0;64.0;0.0;0.0;0.0;58.0;41.0;3.0;0.0;1.0;1.0;1.0;0.0;2022
Ubarana;2;28.0;344.0;0.0;0.0;0.0;0.0;0.0;7.0;246.0;91.0;0.0;1.0;1.0;1.0;1.0;2022
Ubatuba;2;19.0;250.0;0.0;250.0;0.0;0.0;2.0;238.0;10.0;0.0;0.0;1.0;1.0;1.0;0.0;2022
Ubatuba;2;24.0;344.0;0.0;216.0;0.0;0.0;2.0;213.0;120.0;9.0;0.0;0.0;1.0;1.0;0.0;2022
Ubatuba;2;41.0;552.0;0.0;301.0;0.0;0.0;1.0;286.0;251.0;14.0;0.0;0.0;1.0;1.0;1.0;2022
Ubatuba;2;47.0;741.0;0.0;441.0;0.0;0.0;1.0;421.0;296.0;23.0;0.0;1.0;1.0;1.0;0.0;2022
Ubatuba;2;47.0;885.0;0.0;0.0;0.0;0.0;0.0;16.0;668.0;201.0;0.0;1.0;1.0;1.0;1.0;2022
Ubatuba;2;37.0;548.0;0.0;437.0;0.0;0.0;2.0;407.0;58.0;81.0;0.0;1.0;1.0;1.0;1.0;2022
Ubatuba;2;34.0;411.0;0.0;249.0;0.0;0.0;2.0;237.0;169.0;3.0;0.0;0.0;1.0;1.0;1.0;2022
Ubatuba;2;60.0;734.0;0.0;330.0;0.0;0.0;1.0;308.0;395.0;30.0;0.0;1.0;1.0;1.0;0.0;2022
Ubatuba;2;43.0;760.0;0.0;427.0;0.0;0.0;4.0;398.0;339.0;19.0;0.0;1.0;1.0;1.0;1.0;2022
Ubatuba;2;33.0;607.0;0.0;335.0;0.0;0.0;0.0;318.0;278.0;11.0;0.0;1.0;1.0;1.0;1.0;2022
Ubatuba;2;57.0;733.0;0.0;399.0;0.0;0.0;1.0;368.0;335.0;29.0;1.0;1.0;1.0;1.0;1.0;2022
Ubatuba;2;12.0;32.0;11.0;6.0;0.0;2.0;9.0;9.0;5.0;7.0;0.0;0.0;1.0;0.0;0.0;2022
Ubatuba;2;11.0;75.0;31.0;24.0;0.0;3.0;25.0;26.0;14.0;7.0;0.0;0.0;1.0;0.0;1.0;2022
Ubirajara;2;31.0;518.0;0.0;328.0;0.0;0.0;4.0;298.0;204.0;12.0;0.0;1.0;1.0;1.0;0.0;2022
Uchoa;2;22.0;243.0;0.0;0.0;0.0;0.0;0.0;6.0;198.0;39.0;0.0;1.0;1.0;1.0;0.0;2022
União Paulista;2;26.0;248.0;90.0;90.0;0.0;0.0;87.0;91.0;54.0;16.0;0.0;1.0;1.0;1.0;1.0;2022
Urânia;2;13.0;187.0;187.0;0.0;0.0;0.0;183.0;4.0;0.0;0.0;0.0;1.0;1.0;1.0;0.0;2022
Urânia;2;31.0;501.0;0.0;339.0;0.0;0.0;10.0;326.0;161.0;4.0;0.0;1.0;1.0;1.0;0.0;2022
Urânia;2;24.0;171.0;171.0;0.0;0.0;0.0;166.0;5.0;0.0;0.0;0.0;1.0;1.0;1.0;0.0;2022
Uru;2;15.0;137.0;0.0;97.0;0.0;0.0;1.0;95.0;40.0;1.0;0.0;1.0;1.0;1.0;0.0;2022
Urupês;2;24.0;379.0;0.0;0.0;0.0;0.0;0.0;12.0;344.0;23.0;0.0;0.0;1.0;1.0;1.0;2022
Urupês;2;;;;;;;;;;;;;;;;2022
Valentim Gentil;2;49.0;916.0;0.0;596.0;0.0;0.0;7.0;575.0;318.0;16.0;0.0;0.0;1.0;1.0;1.0;2022
Valinhos;2;78.0;1297.0;0.0;214.0;0.0;0.0;0.0;194.0;954.0;149.0;0.0;1.0;1.0;1.0;1.0;2022
Valinhos;2;;;;;;;;;;;;;;;;2022
Valinhos;2;31.0;424.0;0.0;0.0;0.0;0.0;0.0;5.0;291.0;128.0;0.0;1.0;1.0;1.0;0.0;2022
Valinhos;2;32.0;435.0;0.0;258.0;0.0;0.0;2.0;230.0;193.0;10.0;0.0;1.0;1.0;1.0;0.0;2022
Valinhos;2;18.0;301.0;0.0;209.0;0.0;0.0;0.0;196.0;102.0;3.0;1.0;1.0;1.0;1.0;1.0;2022
Valinhos;2;31.0;618.0;0.0;319.0;0.0;0.0;0.0;301.0;287.0;30.0;0.0;1.0;1.0;1.0;0.0;2022
Valinhos;2;47.0;931.0;0.0;0.0;0.0;0.0;0.0;18.0;780.0;133.0;0.0;0.0;1.0;1.0;1.0;2022
Valinhos;2;;;;;;;;;;;;;;;;2022
Valinhos;2;32.0;444.0;0.0;339.0;0.0;0.0;0.0;300.0;139.0;5.0;0.0;0.0;1.0;1.0;0.0;2022
Valparaíso;2;40.0;841.0;0.0;403.0;0.0;0.0;3.0;375.0;432.0;31.0;0.0;1.0;1.0;1.0;0.0;2022
Valparaíso;2;51.0;910.0;0.0;380.0;0.0;0.0;1.0;357.0;351.0;201.0;0.0;1.0;1.0;1.0;1.0;2022
Valparaíso;2;16.0;150.0;0.0;0.0;0.0;0.0;0.0;0.0;0.0;150.0;0.0;0.0;0.0;0.0;0.0;2022
Valparaíso;2;12.0;110.0;0.0;0.0;0.0;0.0;0.0;0.0;0.0;110.0;0.0;0.0;0.0;0.0;0.0;2022
Valparaíso;2;16.0;252.0;0.0;252.0;0.0;0.0;0.0;236.0;16.0;0.0;0.0;1.0;1.0;1.0;1.0;2022
Vargem;2;22.0;359.0;0.0;0.0;0.0;0.0;0.0;0.0;323.0;36.0;0.0;1.0;1.0;1.0;0.0;2022
Vargem Grande do Sul;2;;;;;;;;;;;;;;;;2022
Vargem Grande do Sul;2;26.0;446.0;0.0;446.0;0.0;0.0;0.0;398.0;48.0;0.0;0.0;1.0;1.0;1.0;1.0;2022
Vargem Grande do Sul;2;26.0;407.0;0.0;259.0;0.0;0.0;1.0;235.0;156.0;15.0;0.0;0.0;1.0;1.0;0.0;2022
Vargem Grande do Sul;2;32.0;413.0;0.0;284.0;0.0;0.0;0.0;258.0;142.0;13.0;0.0;1.0;1.0;1.0;1.0;2022
Vargem Grande do Sul;2;42.0;542.0;0.0;0.0;0.0;0.0;0.0;3.0;414.0;125.0;1.0;1.0;1.0;1.0;0.0;2022
Vargem Grande do Sul;2;;;;;;;;;;;0.0;0.0;1.0;0.0;0.0;2022
Vargem Grande do Sul;2;40.0;470.0;0.0;279.0;0.0;0.0;0.0;253.0;196.0;21.0;0.0;1.0;1.0;1.0;1.0;2022
Vargem Grande do Sul;2;61.0;1005.0;0.0;480.0;0.0;0.0;1.0;415.0;451.0;138.0;0.0;1.0;1.0;1.0;0.0;2022
Vargem Grande Paulista;2;25.0;474.0;0.0;281.0;0.0;0.0;3.0;265.0;188.0;18.0;0.0;1.0;1.0;1.0;1.0;2022
Vargem Grande Paulista;2;32.0;487.0;0.0;330.0;0.0;0.0;3.0;305.0;169.0;10.0;0.0;1.0;1.0;1.0;0.0;2022
Vargem Grande Paulista;2;33.0;613.0;0.0;409.0;0.0;0.0;6.0;364.0;231.0;12.0;0.0;0.0;1.0;1.0;1.0;2022
Vargem Grande Paulista;2;57.0;867.0;0.0;411.0;0.0;0.0;4.0;385.0;390.0;88.0;0.0;1.0;1.0;1.0;1.0;2022
Vargem Grande Paulista;2;29.0;405.0;0.0;273.0;0.0;0.0;6.0;256.0;140.0;3.0;0.0;1.0;1.0;1.0;0.0;2022
Vargem Grande Paulista;2;;;;;;;;;;;;;;;;2022
Vargem Grande Paulista;2;17.0;244.0;0.0;146.0;0.0;0.0;2.0;133.0;99.0;10.0;1.0;1.0;1.0;1.0;1.0;2022
Vargem Grande Paulista;2;33.0;675.0;0.0;413.0;0.0;0.0;2.0;392.0;260.0;21.0;1.0;0.0;1.0;1.0;1.0;2022
Vargem Grande Paulista;2;34.0;670.0;0.0;380.0;0.0;0.0;6.0;352.0;278.0;34.0;0.0;1.0;1.0;1.0;0.0;2022
Várzea Paulista;2;22.0;395.0;0.0;395.0;0.0;0.0;1.0;376.0;18.0;0.0;0.0;0.0;1.0;1.0;1.0;2022
Várzea Paulista;2;46.0;788.0;0.0;468.0;0.0;0.0;2.0;437.0;336.0;13.0;0.0;1.0;1.0;1.0;1.0;2022
Várzea Paulista;2;27.0;463.0;0.0;275.0;0.0;0.0;0.0;261.0;195.0;7.0;0.0;1.0;1.0;1.0;0.0;2022
Várzea Paulista;2;56.0;1213.0;0.0;363.0;0.0;0.0;0.0;339.0;768.0;106.0;0.0;1.0;1.0;1.0;1.0;2022
Várzea Paulista;2;72.0;1290.0;0.0;654.0;0.0;0.0;0.0;597.0;639.0;54.0;0.0;1.0;1.0;1.0;0.0;2022
Várzea Paulista;2;40.0;702.0;0.0;500.0;0.0;0.0;2.0;476.0;217.0;7.0;0.0;0.0;1.0;1.0;0.0;2022
Várzea Paulista;2;35.0;667.0;0.0;448.0;0.0;0.0;1.0;417.0;243.0;6.0;0.0;1.0;1.0;1.0;1.0;2022
Várzea Paulista;2;34.0;567.0;0.0;391.0;0.0;0.0;2.0;365.0;193.0;7.0;0.0;0.0;1.0;1.0;1.0;2022
Várzea Paulista;2;29.0;451.0;0.0;312.0;0.0;0.0;0.0;286.0;157.0;8.0;0.0;0.0;1.0;1.0;0.0;2022
Várzea Paulista;2;59.0;1277.0;0.0;685.0;0.0;0.0;0.0;631.0;602.0;44.0;0.0;1.0;1.0;1.0;1.0;2022
Várzea Paulista;2;34.0;644.0;0.0;465.0;0.0;0.0;1.0;436.0;191.0;16.0;0.0;0.0;1.0;1.0;1.0;2022
Vera Cruz;2;28.0;433.0;0.0;236.0;0.0;0.0;4.0;225.0;198.0;6.0;0.0;1.0;1.0;1.0;0.0;2022
Vera Cruz;2;21.0;242.0;0.0;0.0;0.0;0.0;0.0;3.0;209.0;30.0;1.0;1.0;1.0;1.0;1.0;2022
Vera Cruz;2;19.0;228.0;0.0;187.0;0.0;0.0;3.0;181.0;3.0;41.0;0.0;0.0;1.0;1.0;1.0;2022
Vinhedo;2;17.0;269.0;0.0;0.0;0.0;0.0;0.0;2.0;252.0;15.0;0.0;1.0;1.0;1.0;0.0;2022
Vinhedo;2;37.0;649.0;0.0;0.0;0.0;0.0;0.0;4.0;576.0;69.0;0.0;1.0;1.0;0.0;0.0;2022
Vinhedo;2;;;;;;;;;;;;;;;;2022
Vinhedo;2;39.0;868.0;0.0;0.0;0.0;0.0;0.0;3.0;787.0;78.0;0.0;1.0;1.0;1.0;0.0;2022
Viradouro;2;43.0;727.0;0.0;251.0;0.0;0.0;7.0;237.0;438.0;45.0;0.0;1.0;1.0;1.0;0.0;2022
Vista Alegre do Alto;2;36.0;724.0;0.0;402.0;0.0;0.0;14.0;352.0;336.0;22.0;0.0;1.0;1.0;1.0;1.0;2022
Vitória Brasil;2;26.0;215.0;0.0;115.0;0.0;0.0;4.0;105.0;101.0;5.0;0.0;1.0;1.0;1.0;0.0;2022
Votorantim;2;28.0;388.0;0.0;163.0;0.0;0.0;2.0;152.0;230.0;4.0;0.0;0.0;1.0;1.0;1.0;2022
Votorantim;2;9.0;142.0;0.0;0.0;0.0;0.0;0.0;0.0;0.0;142.0;0.0;1.0;0.0;0.0;0.0;2022
Votorantim;2;41.0;754.0;0.0;371.0;0.0;0.0;7.0;343.0;398.0;6.0;0.0;1.0;1.0;1.0;0.0;2022
Votorantim;2;33.0;552.0;0.0;363.0;0.0;0.0;8.0;344.0;191.0;9.0;0.0;1.0;1.0;1.0;0.0;2022
Votorantim;2;14.0;246.0;0.0;246.0;0.0;0.0;4.0;230.0;12.0;0.0;0.0;1.0;1.0;1.0;1.0;2022
Votorantim;2;78.0;1601.0;0.0;590.0;0.0;0.0;10.0;552.0;1019.0;20.0;0.0;1.0;1.0;1.0;1.0;2022
Votorantim;2;37.0;519.0;0.0;368.0;0.0;0.0;6.0;341.0;171.0;1.0;0.0;1.0;1.0;1.0;0.0;2022
Votorantim;2;39.0;722.0;0.0;497.0;0.0;0.0;11.0;462.0;245.0;4.0;0.0;1.0;1.0;1.0;0.0;2022
Votorantim;2;32.0;426.0;0.0;266.0;0.0;0.0;1.0;250.0;171.0;4.0;0.0;0.0;1.0;1.0;0.0;2022
Votorantim;2;41.0;616.0;0.0;0.0;0.0;0.0;0.0;2.0;459.0;155.0;1.0;1.0;1.0;1.0;1.0;2022
Votorantim;2;55.0;889.0;0.0;449.0;0.0;0.0;6.0;427.0;433.0;23.0;0.0;1.0;1.0;1.0;1.0;2022
Votorantim;2;;;;;;;;;;;0.0;0.0;1.0;0.0;0.0;2022
Votorantim;2;29.0;486.0;0.0;373.0;0.0;0.0;8.0;351.0;126.0;1.0;0.0;1.0;1.0;1.0;1.0;2022
Votorantim;2;25.0;477.0;0.0;301.0;0.0;0.0;2.0;288.0;180.0;7.0;0.0;1.0;1.0;1.0;0.0;2022
Votorantim;2;34.0;589.0;0.0;412.0;0.0;0.0;11.0;379.0;195.0;4.0;0.0;0.0;1.0;1.0;1.0;2022
Votorantim;2;47.0;811.0;0.0;444.0;0.0;0.0;6.0;405.0;396.0;4.0;0.0;1.0;1.0;1.0;1.0;2022
Votorantim;2;15.0;2421.0;0.0;0.0;0.0;0.0;0.0;0.0;1.0;2420.0;0.0;0.0;1.0;0.0;1.0;2022
Votuporanga;2;9.0;575.0;0.0;0.0;0.0;0.0;0.0;0.0;0.0;575.0;0.0;0.0;1.0;0.0;1.0;2022
Votuporanga;2;55.0;1012.0;0.0;414.0;0.0;0.0;6.0;383.0;544.0;79.0;0.0;1.0;1.0;1.0;1.0;2022
Votuporanga;2;23.0;482.0;0.0;482.0;0.0;0.0;10.0;465.0;7.0;0.0;0.0;0.0;1.0;1.0;1.0;2022
Votuporanga;2;;;;;;;;;;;;;;;;2022
Votuporanga;2;37.0;600.0;0.0;0.0;0.0;0.0;0.0;5.0;534.0;61.0;1.0;0.0;1.0;0.0;1.0;2022
Votuporanga;2;46.0;944.0;0.0;339.0;0.0;0.0;11.0;331.0;585.0;17.0;0.0;1.0;1.0;1.0;0.0;2022
Votuporanga;2;31.0;573.0;0.0;388.0;0.0;0.0;4.0;360.0;186.0;23.0;0.0;0.0;1.0;1.0;1.0;2022
Votuporanga;2;36.0;713.0;0.0;498.0;0.0;0.0;12.0;466.0;229.0;6.0;0.0;1.0;1.0;1.0;1.0;2022
Votuporanga;2;42.0;700.0;0.0;273.0;0.0;0.0;4.0;264.0;415.0;17.0;0.0;1.0;1.0;1.0;1.0;2022
Votuporanga;2;31.0;525.0;0.0;378.0;0.0;0.0;11.0;361.0;149.0;4.0;0.0;0.0;1.0;1.0;1.0;2022
Votuporanga;2;29.0;477.0;0.0;353.0;0.0;0.0;6.0;337.0;128.0;6.0;0.0;0.0;1.0;1.0;1.0;2022
Votuporanga;2;22.0;295.0;0.0;214.0;0.0;0.0;3.0;208.0;84.0;0.0;0.0;1.0;1.0;1.0;1.0;2022
Votuporanga;2;;;;;;;;;;;0.0;0.0;1.0;0.0;0.0;2022
Zacarias;2;14.0;218.0;0.0;138.0;0.0;0.0;3.0;128.0;84.0;3.0;0.0;1.0;1.0;1.0;0.0;2022
Chavantes;2;69.0;912.0;0.0;439.0;0.0;0.0;7.0;421.0;400.0;84.0;0.0;1.0;1.0;1.0;0.0;2022
Estiva Gerbi;2;28.0;488.0;0.0;0.0;0.0;0.0;0.0;7.0;430.0;51.0;0.0;1.0;1.0;1.0;0.0;2022
