NO_MUNICIPIO,TP_DEPENDENCIA,QT_DOC_BAS,QT_MAT_BAS,QT_MAT_FUND_AI,QT_MAT_FUND_AF,QT_MAT_BAS_0_3,QT_MAT_BAS_4_5,QT_MAT_BAS_6_10,QT_MAT_BAS_11_14,QT_MAT_BAS_15_17,QT_MAT_BAS_18_MAIS,IN_BIBLIOTECA,IN_LABORATORIO_INFORMATICA,IN_INTERNET,IN_QUADRA_ESPORTES,IN_REFEITORIO,ANO
Adamantina,2,46.0,975.0,0.0,341.0,0.0,0.0,3.0,329.0,528.0,115.0,0.0,1.0,1.0,1.0,1.0,2024
Adamantina,2,17.0,304.0,0.0,304.0,0.0,0.0,4.0,294.0,6.0,0.0,0.0,1.0,1.0,1.0,0.0,2024
Adamantina,2,44.0,747.0,0.0,0.0,0.0,0.0,0.0,4.0,571.0,172.0,1.0,1.0,1.0,1.0,1.0,2024
Adamantina,2,27.0,346.0,0.0,0.0,0.0,0.0,0.0,4.0,180.0,162.0,1.0,1.0,1.0,0.0,1.0,2024
Adamantina,2,25.0,481.0,0.0,330.0,0.0,0.0,6.0,315.0,152.0,8.0,0.0,1.0,1.0,1.0,1.0,2024
Adamantina,2,,,,,,,,,,,,,,,,2024
Adolfo,2,11.0,191.0,0.0,0.0,0.0,0.0,0.0,2.0,167.0,22.0,0.0,1.0,1.0,1.0,1.0,2024
Aguaí,2,20.0,445.0,0.0,412.0,0.0,0.0,3.0,371.0,70.0,1.0,1.0,0.0,1.0,1.0,1.0,2024
Aguaí,2,53.0,931.0,0.0,472.0,0.0,0.0,2.0,424.0,438.0,67.0,0.0,1.0,1.0,1.0,1.0,2024
Aguaí,2,37.0,670.0,0.0,261.0,0.0,0.0,1.0,235.0,280.0,154.0,0.0,1.0,1.0,1.0,0.0,2024
Aguaí,2,27.0,460.0,0.0,0.0,0.0,0.0,0.0,2.0,305.0,153.0,1.0,1.0,1.0,0.0,0.0,2024
Aguaí,2,,,,,,,,,,,,,,,,2024
Aguaí,2,17.0,227.0,227.0,0.0,0.0,0.0,215.0,12.0,0.0,0.0,0.0,0.0,1.0,1.0,0.0,2024
Águas da Prata,2,23.0,313.0,0.0,186.0,0.0,0.0,1.0,162.0,135.0,15.0,0.0,1.0,1.0,1.0,0.0,2024
Águas da Prata,2,10.0,54.0,0.0,54.0,0.0,0.0,1.0,47.0,6.0,0.0,0.0,0.0,1.0,1.0,1.0,2024
Águas de Lindóia,2,18.0,292.0,0.0,146.0,0.0,0.0,1.0,138.0,138.0,15.0,0.0,1.0,1.0,1.0,1.0,2024
Águas de Lindóia,2,40.0,712.0,68.0,145.0,0.0,0.0,63.0,132.0,429.0,88.0,0.0,1.0,1.0,1.0,1.0,2024
Águas de Lindóia,2,,,,,,,,,,,,,,,,2024
Águas de Santa Bárbara,2,33.0,598.0,0.0,340.0,0.0,0.0,4.0,323.0,265.0,6.0,0.0,0.0,1.0,1.0,1.0,2024
Águas de São Pedro,2,11.0,152.0,0.0,0.0,0.0,0.0,0.0,0.0,144.0,8.0,0.0,1.0,1.0,1.0,1.0,2024
Agudos,2,18.0,292.0,0.0,231.0,0.0,0.0,6.0,223.0,60.0,3.0,0.0,1.0,1.0,1.0,1.0,2024
Agudos,2,27.0,485.0,0.0,238.0,0.0,0.0,3.0,215.0,243.0,24.0,0.0,1.0,1.0,1.0,1.0,2024
Agudos,2,20.0,377.0,0.0,317.0,0.0,0.0,7.0,301.0,67.0,2.0,0.0,1.0,1.0,1.0,0.0,2024
Agudos,2,27.0,631.0,0.0,293.0,0.0,0.0,4.0,284.0,317.0,26.0,0.0,1.0,1.0,1.0,0.0,2024
Agudos,2,39.0,924.0,0.0,415.0,0.0,0.0,2.0,391.0,450.0,81.0,0.0,1.0,1.0,1.0,0.0,2024
Agudos,2,10.0,142.0,0.0,72.0,0.0,0.0,1.0,72.0,67.0,2.0,0.0,1.0,1.0,1.0,1.0,2024
Alambari,2,22.0,469.0,0.0,313.0,0.0,0.0,4.0,299.0,164.0,2.0,0.0,0.0,1.0,1.0,1.0,2024
Alfredo Marcondes,2,37.0,561.0,222.0,196.0,0.0,0.0,221.0,187.0,145.0,8.0,0.0,1.0,1.0,1.0,1.0,2024
Altair,2,19.0,280.0,0.0,182.0,0.0,0.0,1.0,177.0,101.0,1.0,0.0,0.0,1.0,1.0,0.0,2024
Altinópolis,2,36.0,733.0,0.0,315.0,0.0,0.0,5.0,309.0,386.0,33.0,0.0,1.0,1.0,1.0,1.0,2024
Alto Alegre,2,26.0,286.0,0.0,150.0,0.0,0.0,0.0,139.0,134.0,13.0,0.0,1.0,1.0,1.0,0.0,2024
Alumínio,2,32.0,640.0,0.0,0.0,0.0,0.0,0.0,13.0,514.0,113.0,0.0,1.0,1.0,1.0,1.0,2024
Álvares Florence,2,13.0,186.0,0.0,84.0,0.0,0.0,0.0,85.0,100.0,1.0,0.0,1.0,1.0,1.0,0.0,2024
Álvares Machado,2,25.0,472.0,0.0,0.0,0.0,0.0,0.0,0.0,434.0,38.0,0.0,1.0,1.0,1.0,1.0,2024
Álvares Machado,2,12.0,149.0,0.0,0.0,0.0,0.0,0.0,1.0,130.0,18.0,0.0,1.0,1.0,1.0,0.0,2024
Álvaro de Carvalho,2,8.0,165.0,0.0,0.0,0.0,0.0,0.0,0.0,0.0,165.0,0.0,0.0,1.0,0.0,0.0,2024
Álvaro de Carvalho,2,20.0,269.0,0.0,172.0,0.0,0.0,4.0,170.0,92.0,3.0,0.0,1.0,1.0,1.0,0.0,2024
Álvaro de Carvalho,2,16.0,281.0,0.0,0.0,0.0,0.0,0.0,0.0,0.0,281.0,0.0,0.0,1.0,0.0,0.0,2024
Alvinlândia,2,27.0,321.0,0.0,186.0,0.0,0.0,7.0,177.0,110.0,27.0,0.0,1.0,1.0,1.0,1.0,2024
Americana,2,15.0,254.0,254.0,0.0,0.0,0.0,249.0,5.0,0.0,0.0,0.0,1.0,1.0,0.0,1.0,2024
Americana,2,28.0,495.0,208.0,287.0,0.0,0.0,207.0,286.0,2.0,0.0,0.0,0.0,1.0,1.0,0.0,2024
Americana,2,18.0,335.0,0.0,270.0,0.0,0.0,4.0,257.0,71.0,3.0,0.0,1.0,1.0,1.0,0.0,2024
Americana,2,28.0,473.0,0.0,335.0,0.0,0.0,11.0,317.0,137.0,8.0,0.0,1.0,1.0,1.0,0.0,2024
Americana,2,17.0,208.0,208.0,0.0,0.0,1.0,206.0,1.0,0.0,0.0,0.0,0.0,1.0,1.0,0.0,2024
Americana,2,17.0,262.0,262.0,0.0,0.0,0.0,258.0,4.0,0.0,0.0,0.0,1.0,1.0,1.0,0.0,2024
Americana,2,18.0,333.0,0.0,238.0,0.0,0.0,3.0,231.0,95.0,4.0,0.0,1.0,1.0,1.0,0.0,2024
Americana,2,18.0,255.0,255.0,0.0,0.0,0.0,252.0,3.0,0.0,0.0,0.0,0.0,1.0,1.0,0.0,2024
Americana,2,22.0,353.0,353.0,0.0,0.0,0.0,349.0,4.0,0.0,0.0,0.0,1.0,1.0,1.0,0.0,2024
Americana,2,18.0,224.0,224.0,0.0,0.0,0.0,220.0,4.0,0.0,0.0,0.0,1.0,1.0,1.0,0.0,2024
Americana,2,43.0,874.0,175.0,303.0,0.0,0.0,173.0,296.0,397.0,8.0,0.0,1.0,1.0,1.0,0.0,2024
Americana,2,66.0,1294.0,0.0,220.0,0.0,0.0,5.0,212.0,1033.0,44.0,0.0,1.0,1.0,1.0,0.0,2024
Americana,2,22.0,282.0,282.0,0.0,0.0,0.0,277.0,5.0,0.0,0.0,0.0,0.0,1.0,1.0,0.0,2024
Americana,2,43.0,794.0,0.0,193.0,0.0,0.0,1.0,184.0,535.0,74.0,0.0,1.0,1.0,1.0,1.0,2024
Americana,2,23.0,384.0,0.0,292.0,0.0,0.0,4.0,260.0,116.0,4.0,0.0,1.0,1.0,1.0,0.0,2024
Americana,2,22.0,432.0,0.0,0.0,0.0,0.0,0.0,15.0,406.0,11.0,0.0,1.0,1.0,1.0,1.0,2024
Americana,2,17.0,166.0,166.0,0.0,0.0,0.0,157.0,9.0,0.0,0.0,0.0,0.0,1.0,1.0,0.0,2024
Americana,2,44.0,690.0,167.0,241.0,0.0,0.0,169.0,236.0,278.0,7.0,0.0,0.0,1.0,1.0,1.0,2024
Americana,2,33.0,471.0,160.0,137.0,0.0,0.0,161.0,135.0,161.0,14.0,0.0,0.0,1.0,0.0,0.0,2024
Americana,2,12.0,211.0,211.0,0.0,0.0,0.0,210.0,1.0,0.0,0.0,0.0,1.0,1.0,1.0,0.0,2024
Americana,2,48.0,1101.0,0.0,367.0,0.0,0.0,2.0,340.0,727.0,32.0,0.0,1.0,1.0,1.0,0.0,2024
Americana,2,20.0,272.0,0.0,211.0,0.0,0.0,7.0,202.0,62.0,1.0,0.0,1.0,1.0,1.0,1.0,2024
Americana,2,10.0,120.0,120.0,0.0,0.0,0.0,119.0,1.0,0.0,0.0,0.0,1.0,1.0,1.0,0.0,2024
Americana,2,,,,,,,,,,,,,,,,2024
Americana,2,20.0,393.0,0.0,311.0,0.0,0.0,9.0,300.0,81.0,3.0,0.0,1.0,1.0,1.0,1.0,2024
Americana,2,82.0,1650.0,0.0,0.0,0.0,0.0,0.0,35.0,1256.0,359.0,1.0,1.0,1.0,1.0,0.0,2024
Americana,2,16.0,292.0,292.0,0.0,0.0,0.0,289.0,3.0,0.0,0.0,0.0,0.0,1.0,1.0,0.0,2024
Americana,2,26.0,489.0,489.0,0.0,0.0,0.0,475.0,14.0,0.0,0.0,0.0,1.0,1.0,1.0,0.0,2024
Americana,2,,,,,,,,,,,,,,,,2024
Americana,2,21.0,335.0,335.0,0.0,0.0,0.0,330.0,5.0,0.0,0.0,0.0,0.0,1.0,1.0,1.0,2024
Americana,2,46.0,813.0,0.0,296.0,0.0,0.0,2.0,298.0,498.0,15.0,0.0,1.0,1.0,1.0,0.0,2024
Americana,2,4.0,28.0,0.0,0.0,0.0,0.0,0.0,0.0,0.0,28.0,0.0,0.0,0.0,0.0,0.0,2024
Americana,2,,,,,,,,,,,,,,,,2024
Americana,2,18.0,373.0,0.0,278.0,0.0,0.0,5.0,260.0,107.0,1.0,0.0,1.0,1.0,1.0,1.0,2024
Americana,2,30.0,601.0,0.0,433.0,0.0,0.0,9.0,417.0,175.0,0.0,0.0,0.0,1.0,1.0,1.0,2024
Americana,2,19.0,287.0,0.0,0.0,0.0,0.0,0.0,6.0,276.0,5.0,0.0,1.0,1.0,1.0,1.0,2024
Americana,2,12.0,176.0,0.0,134.0,0.0,0.0,2.0,126.0,46.0,2.0,0.0,1.0,1.0,1.0,0.0,2024
Americana,2,50.0,891.0,0.0,265.0,0.0,0.0,7.0,249.0,607.0,28.0,0.0,1.0,1.0,1.0,1.0,2024
Americana,2,19.0,371.0,0.0,281.0,0.0,0.0,6.0,265.0,97.0,3.0,0.0,1.0,1.0,1.0,0.0,2024
Americana,2,28.0,270.0,0.0,270.0,0.0,0.0,6.0,256.0,8.0,0.0,0.0,1.0,1.0,1.0,0.0,2024
Americana,2,13.0,186.0,186.0,0.0,0.0,0.0,184.0,2.0,0.0,0.0,0.0,0.0,1.0,1.0,0.0,2024
Americana,2,18.0,284.0,0.0,216.0,0.0,0.0,6.0,200.0,74.0,4.0,0.0,0.0,1.0,1.0,0.0,2024
Americana,2,11.0,110.0,0.0,97.0,0.0,0.0,3.0,88.0,19.0,0.0,0.0,1.0,1.0,1.0,0.0,2024
Americana,2,33.0,736.0,0.0,217.0,0.0,0.0,5.0,206.0,499.0,26.0,0.0,1.0,1.0,1.0,1.0,2024
Americana,2,12.0,1436.0,0.0,0.0,0.0,0.0,0.0,0.0,0.0,1436.0,0.0,0.0,1.0,0.0,0.0,2024
Américo Brasiliense,2,36.0,785.0,0.0,152.0,0.0,0.0,0.0,142.0,584.0,59.0,0.0,1.0,1.0,1.0,0.0,2024
Américo Brasiliense,2,19.0,383.0,0.0,247.0,0.0,0.0,0.0,237.0,141.0,5.0,0.0,1.0,1.0,0.0,0.0,2024
Américo Brasiliense,2,,,,,,,,,,,0.0,0.0,1.0,0.0,0.0,2024
Américo Brasiliense,2,44.0,847.0,0.0,156.0,0.0,0.0,0.0,141.0,508.0,198.0,0.0,1.0,1.0,1.0,1.0,2024
Américo de Campos,2,13.0,130.0,0.0,91.0,0.0,0.0,3.0,80.0,44.0,3.0,0.0,1.0,1.0,1.0,1.0,2024
Amparo,2,14.0,264.0,0.0,264.0,0.0,0.0,8.0,252.0,4.0,0.0,0.0,1.0,1.0,1.0,1.0,2024
Amparo,2,31.0,433.0,0.0,219.0,0.0,0.0,4.0,203.0,195.0,31.0,1.0,0.0,1.0,1.0,0.0,2024
Amparo,2,28.0,504.0,0.0,224.0,0.0,0.0,5.0,212.0,240.0,47.0,0.0,0.0,1.0,1.0,0.0,2024
Amparo,2,35.0,634.0,0.0,247.0,0.0,0.0,9.0,242.0,288.0,95.0,0.0,1.0,1.0,1.0,1.0,2024
Amparo,2,78.0,1564.0,0.0,0.0,0.0,0.0,0.0,23.0,900.0,641.0,1.0,1.0,1.0,1.0,1.0,2024
Amparo,2,60.0,1019.0,0.0,472.0,0.0,0.0,1.0,434.0,512.0,72.0,0.0,0.0,1.0,1.0,0.0,2024
Amparo,2,41.0,407.0,0.0,139.0,0.0,0.0,4.0,137.0,233.0,33.0,0.0,0.0,1.0,1.0,0.0,2024
Amparo,2,32.0,358.0,0.0,151.0,0.0,0.0,3.0,142.0,188.0,25.0,0.0,1.0,1.0,1.0,1.0,2024
Amparo,2,26.0,199.0,44.0,81.0,0.0,0.0,43.0,80.0,63.0,13.0,0.0,0.0,1.0,1.0,1.0,2024
Amparo,2,10.0,94.0,94.0,0.0,0.0,0.0,93.0,1.0,0.0,0.0,0.0,0.0,1.0,0.0,1.0,2024
Amparo,2,20.0,362.0,119.0,243.0,0.0,0.0,121.0,231.0,10.0,0.0,0.0,1.0,1.0,1.0,0.0,2024
Amparo,2,12.0,157.0,157.0,0.0,0.0,3.0,154.0,0.0,0.0,0.0,0.0,0.0,1.0,1.0,0.0,2024
Amparo,2,46.0,610.0,193.0,215.0,0.0,1.0,197.0,212.0,186.0,14.0,0.0,0.0,1.0,1.0,0.0,2024
Amparo,2,37.0,517.0,181.0,156.0,0.0,0.0,180.0,158.0,163.0,16.0,0.0,0.0,1.0,1.0,0.0,2024
Analândia,2,11.0,129.0,0.0,0.0,0.0,0.0,0.0,3.0,118.0,8.0,0.0,0.0,1.0,0.0,0.0,2024
Andradina,2,22.0,411.0,0.0,311.0,0.0,0.0,5.0,296.0,108.0,2.0,0.0,1.0,1.0,1.0,0.0,2024
Andradina,2,52.0,1335.0,0.0,588.0,0.0,0.0,8.0,560.0,629.0,138.0,0.0,1.0,1.0,1.0,1.0,2024
Andradina,2,30.0,697.0,0.0,412.0,0.0,0.0,8.0,389.0,283.0,17.0,0.0,0.0,1.0,1.0,1.0,2024
Andradina,2,44.0,938.0,0.0,543.0,0.0,0.0,12.0,506.0,394.0,26.0,0.0,1.0,1.0,1.0,1.0,2024
Andradina,2,6.0,101.0,0.0,0.0,0.0,0.0,0.0,0.0,0.0,101.0,0.0,0.0,0.0,0.0,0.0,2024
Andradina,2,9.0,50.0,0.0,28.0,0.0,0.0,1.0,28.0,21.0,0.0,0.0,1.0,1.0,1.0,0.0,2024
Andradina,2,51.0,725.0,0.0,0.0,0.0,0.0,0.0,7.0,418.0,300.0,0.0,1.0,1.0,1.0,1.0,2024
Andradina,2,20.0,351.0,0.0,243.0,0.0,0.0,4.0,236.0,105.0,6.0,0.0,1.0,1.0,1.0,1.0,2024
Angatuba,2,48.0,827.0,0.0,0.0,0.0,0.0,0.0,14.0,706.0,107.0,0.0,1.0,1.0,1.0,1.0,2024
Angatuba,2,,,,,,,,,,,,,,,,2024
Angatuba,2,15.0,203.0,0.0,203.0,0.0,0.0,3.0,192.0,8.0,0.0,0.0,1.0,1.0,1.0,0.0,2024
Anhembi,2,15.0,321.0,0.0,0.0,0.0,0.0,0.0,3.0,285.0,33.0,0.0,1.0,1.0,1.0,1.0,2024
Anhembi,2,,,,,,,,,,,,,,,,2024
Anhembi,2,,,,,,,,,,,,,,,,2024
Anhumas,2,18.0,255.0,0.0,178.0,0.0,0.0,3.0,167.0,83.0,2.0,0.0,1.0,1.0,1.0,1.0,2024
Aparecida,2,,,,,,,,,,,,,,,,2024
Aparecida,2,,,,,,,,,,,,,,,,2024
Aparecida,2,9.0,86.0,0.0,0.0,0.0,0.0,0.0,1.0,77.0,8.0,0.0,0.0,1.0,1.0,0.0,2024
Aparecida,2,,,,,,,,,,,,,,,,2024
Aparecida,2,10.0,177.0,0.0,0.0,0.0,0.0,0.0,4.0,161.0,12.0,0.0,1.0,1.0,1.0,0.0,2024
Aparecida,2,27.0,496.0,0.0,0.0,0.0,0.0,0.0,10.0,352.0,134.0,0.0,1.0,1.0,1.0,0.0,2024
Aparecida,2,21.0,387.0,0.0,0.0,0.0,0.0,0.0,2.0,357.0,28.0,0.0,1.0,1.0,0.0,0.0,2024
Aparecida,2,,,,,,,,,,,,,,,,2024
Aparecida,2,,,,,,,,,,,,,,,,2024
Aparecida,2,,,,,,,,,,,,,,,,2024
Aparecida d'Oeste,2,18.0,282.0,0.0,177.0,0.0,0.0,3.0,170.0,102.0,7.0,0.0,1.0,1.0,1.0,0.0,2024
Apiaí,2,19.0,390.0,0.0,390.0,0.0,0.0,9.0,372.0,9.0,0.0,0.0,1.0,1.0,1.0,0.0,2024
Apiaí,2,19.0,294.0,0.0,0.0,0.0,0.0,0.0,12.0,267.0,15.0,0.0,1.0,1.0,1.0,1.0,2024
Apiaí,2,26.0,344.0,95.0,195.0,0.0,0.0,95.0,192.0,54.0,3.0,0.0,0.0,1.0,1.0,0.0,2024
Apiaí,2,28.0,263.0,65.0,120.0,0.0,0.0,65.0,121.0,52.0,25.0,0.0,0.0,1.0,1.0,0.0,2024
Apiaí,2,20.0,172.0,59.0,85.0,0.0,0.0,60.0,85.0,27.0,0.0,0.0,0.0,1.0,1.0,0.0,2024
Apiaí,2,,,,,,,,,,,,,,,,2024
Apiaí,2,,,,,,,,,,,,,,,,2024
Apiaí,2,,,,,,,,,,,,,,,,2024
Apiaí,2,,,,,,,,,,,,,,,,2024
Apiaí,2,17.0,305.0,0.0,0.0,0.0,0.0,0.0,3.0,269.0,33.0,1.0,1.0,1.0,1.0,0.0,2024
Apiaí,2,22.0,302.0,65.0,97.0,0.0,0.0,66.0,97.0,137.0,2.0,0.0,0.0,1.0,1.0,0.0,2024
Apiaí,2,19.0,76.0,33.0,31.0,0.0,0.0,35.0,29.0,11.0,1.0,0.0,0.0,1.0,0.0,0.0,2024
Apiaí,2,17.0,277.0,99.0,111.0,0.0,0.0,99.0,111.0,67.0,0.0,0.0,1.0,1.0,1.0,0.0,2024
Apiaí,2,29.0,515.0,174.0,159.0,0.0,0.0,177.0,156.0,161.0,21.0,0.0,1.0,1.0,1.0,0.0,2024
Apiaí,2,16.0,254.0,70.0,96.0,0.0,0.0,72.0,94.0,80.0,8.0,0.0,1.0,1.0,1.0,0.0,2024
Araçariguama,2,46.0,1033.0,0.0,0.0,0.0,0.0,0.0,12.0,879.0,142.0,0.0,1.0,1.0,1.0,0.0,2024
Araçatuba,2,14.0,281.0,0.0,145.0,0.0,0.0,0.0,149.0,128.0,4.0,0.0,1.0,1.0,1.0,1.0,2024
Araçatuba,2,18.0,338.0,0.0,253.0,0.0,0.0,1.0,231.0,104.0,2.0,0.0,1.0,1.0,1.0,1.0,2024
Araçatuba,2,27.0,409.0,0.0,339.0,0.0,0.0,2.0,306.0,100.0,1.0,0.0,1.0,1.0,1.0,1.0,2024
Araçatuba,2,30.0,595.0,0.0,356.0,0.0,0.0,1.0,333.0,249.0,12.0,0.0,1.0,1.0,1.0,0.0,2024
Araçatuba,2,26.0,611.0,0.0,420.0,0.0,0.0,2.0,393.0,210.0,6.0,0.0,0.0,1.0,1.0,1.0,2024
Araçatuba,2,,,,,,,,,,,,,,,,2024
Araçatuba,2,62.0,1595.0,0.0,485.0,0.0,0.0,0.0,469.0,1052.0,74.0,0.0,1.0,1.0,1.0,0.0,2024
Araçatuba,2,65.0,1534.0,0.0,525.0,0.0,0.0,0.0,480.0,961.0,93.0,1.0,1.0,1.0,1.0,1.0,2024
Araçatuba,2,18.0,368.0,0.0,368.0,0.0,0.0,2.0,340.0,26.0,0.0,0.0,1.0,1.0,1.0,1.0,2024
Araçatuba,2,29.0,421.0,0.0,228.0,0.0,0.0,0.0,202.0,212.0,7.0,0.0,1.0,1.0,1.0,1.0,2024
Araçatuba,2,20.0,371.0,0.0,235.0,0.0,0.0,1.0,223.0,143.0,4.0,0.0,1.0,1.0,1.0,1.0,2024
Araçatuba,2,24.0,537.0,0.0,358.0,0.0,0.0,1.0,337.0,193.0,6.0,0.0,1.0,1.0,1.0,0.0,2024
Araçatuba,2,20.0,327.0,0.0,239.0,0.0,0.0,0.0,215.0,112.0,0.0,0.0,1.0,1.0,1.0,1.0,2024
Araçatuba,2,21.0,390.0,0.0,272.0,0.0,0.0,0.0,250.0,130.0,10.0,0.0,1.0,1.0,1.0,1.0,2024
Araçatuba,2,20.0,326.0,0.0,243.0,0.0,0.0,1.0,227.0,94.0,4.0,0.0,0.0,1.0,1.0,1.0,2024
Araçatuba,2,,,,,,,,,,,,,,,,2024
Araçatuba,2,14.0,273.0,0.0,273.0,0.0,0.0,1.0,265.0,7.0,0.0,0.0,1.0,1.0,1.0,1.0,2024
Araçatuba,2,23.0,272.0,0.0,189.0,0.0,0.0,2.0,166.0,100.0,4.0,0.0,1.0,1.0,0.0,1.0,2024
Araçatuba,2,18.0,353.0,0.0,353.0,0.0,0.0,0.0,331.0,22.0,0.0,0.0,1.0,1.0,1.0,1.0,2024
Araçatuba,2,,,,,,,,,,,,,,,,2024
Araçatuba,2,3.0,14.0,0.0,0.0,13.0,1.0,0.0,0.0,0.0,0.0,0.0,0.0,1.0,0.0,1.0,2024
Araçatuba,2,7.0,35.0,0.0,16.0,0.0,0.0,0.0,4.0,27.0,4.0,0.0,0.0,1.0,1.0,1.0,2024
Araçatuba,2,49.0,733.0,0.0,0.0,0.0,0.0,0.0,6.0,486.0,241.0,1.0,1.0,1.0,1.0,1.0,2024
Araçatuba,2,7.0,46.0,0.0,13.0,0.0,0.0,0.0,0.0,33.0,13.0,0.0,1.0,1.0,1.0,1.0,2024
Araçatuba,2,,,,,,,,,,,,,,,,2024
Araçatuba,2,,,,,,,,,,,,,,,,2024
Araçatuba,2,,,,,,,,,,,,,,,,2024
Araçatuba,2,12.0,1025.0,0.0,0.0,0.0,0.0,0.0,0.0,0.0,1025.0,0.0,0.0,1.0,0.0,0.0,2024
Araçatuba,2,8.0,61.0,0.0,0.0,0.0,0.0,0.0,0.0,0.0,61.0,0.0,0.0,0.0,0.0,0.0,2024
Araçatuba,2,43.0,1142.0,0.0,457.0,0.0,0.0,0.0,435.0,653.0,54.0,0.0,1.0,1.0,1.0,0.0,2024
Araçatuba,2,15.0,205.0,0.0,152.0,0.0,0.0,0.0,147.0,55.0,3.0,0.0,1.0,1.0,1.0,0.0,2024
Araçatuba,2,37.0,837.0,0.0,300.0,0.0,0.0,0.0,278.0,538.0,21.0,0.0,0.0,1.0,1.0,1.0,2024
Araçatuba,2,19.0,339.0,0.0,264.0,0.0,0.0,1.0,224.0,109.0,5.0,0.0,1.0,1.0,1.0,1.0,2024
Araçatuba,2,25.0,459.0,0.0,336.0,0.0,0.0,2.0,314.0,137.0,6.0,0.0,1.0,1.0,1.0,1.0,2024
Araçatuba,2,,,,,,,,,,,0.0,1.0,1.0,1.0,0.0,2024
Araçoiaba da Serra,2,42.0,948.0,0.0,0.0,0.0,0.0,0.0,10.0,897.0,41.0,0.0,1.0,1.0,1.0,0.0,2024
Araçoiaba da Serra,2,,,,,,,,,,,0.0,0.0,1.0,0.0,0.0,2024
Araçoiaba da Serra,2,20.0,313.0,0.0,0.0,0.0,0.0,0.0,7.0,293.0,13.0,0.0,0.0,1.0,1.0,0.0,2024
Aramina,2,21.0,440.0,0.0,303.0,0.0,0.0,7.0,282.0,143.0,8.0,0.0,1.0,1.0,1.0,0.0,2024
Arandu,2,35.0,584.0,0.0,343.0,0.0,0.0,6.0,329.0,224.0,25.0,0.0,0.0,1.0,1.0,0.0,2024
Arapeí,2,12.0,95.0,0.0,0.0,0.0,0.0,0.0,1.0,89.0,5.0,0.0,1.0,1.0,1.0,0.0,2024
Araraquara,2,20.0,390.0,0.0,275.0,0.0,0.0,1.0,267.0,116.0,6.0,0.0,1.0,1.0,1.0,1.0,2024
Araraquara,2,20.0,338.0,0.0,125.0,0.0,0.0,0.0,120.0,212.0,6.0,0.0,1.0,1.0,1.0,1.0,2024
Araraquara,2,81.0,1220.0,0.0,0.0,0.0,0.0,0.0,3.0,588.0,629.0,1.0,1.0,1.0,1.0,1.0,2024
Araraquara,2,81.0,1879.0,0.0,330.0,0.0,0.0,0.0,299.0,1323.0,257.0,0.0,1.0,1.0,1.0,1.0,2024
Araraquara,2,18.0,300.0,300.0,0.0,0.0,0.0,287.0,13.0,0.0,0.0,0.0,1.0,1.0,1.0,1.0,2024
Araraquara,2,19.0,419.0,0.0,289.0,0.0,0.0,0.0,273.0,143.0,3.0,0.0,0.0,1.0,1.0,0.0,2024
Araraquara,2,19.0,343.0,0.0,275.0,0.0,0.0,2.0,260.0,75.0,6.0,0.0,1.0,1.0,1.0,0.0,2024
Araraquara,2,26.0,523.0,523.0,0.0,0.0,0.0,499.0,24.0,0.0,0.0,0.0,1.0,1.0,0.0,1.0,2024
Araraquara,2,27.0,476.0,0.0,171.0,0.0,0.0,0.0,163.0,299.0,14.0,0.0,0.0,1.0,1.0,1.0,2024
Araraquara,2,24.0,512.0,512.0,0.0,0.0,0.0,494.0,18.0,0.0,0.0,0.0,1.0,1.0,0.0,1.0,2024
Araraquara,2,15.0,289.0,0.0,0.0,0.0,0.0,0.0,2.0,280.0,7.0,0.0,1.0,1.0,1.0,1.0,2024
Araraquara,2,17.0,329.0,0.0,280.0,0.0,0.0,0.0,270.0,59.0,0.0,0.0,0.0,1.0,1.0,1.0,2024
Araraquara,2,30.0,603.0,0.0,332.0,0.0,0.0,0.0,318.0,277.0,8.0,0.0,1.0,1.0,1.0,0.0,2024
Araraquara,2,20.0,360.0,0.0,271.0,0.0,0.0,1.0,252.0,105.0,2.0,0.0,1.0,1.0,1.0,1.0,2024
Araraquara,2,32.0,644.0,644.0,0.0,0.0,0.0,621.0,23.0,0.0,0.0,0.0,1.0,1.0,1.0,1.0,2024
Araraquara,2,55.0,1108.0,0.0,475.0,0.0,0.0,2.0,428.0,645.0,33.0,0.0,1.0,1.0,1.0,0.0,2024
Araraquara,2,5.0,26.0,0.0,0.0,25.0,1.0,0.0,0.0,0.0,0.0,0.0,0.0,1.0,1.0,1.0,2024
Araraquara,2,2.0,59.0,0.0,0.0,0.0,0.0,0.0,0.0,0.0,59.0,1.0,1.0,1.0,0.0,0.0,2024
Araraquara,2,50.0,956.0,0.0,486.0,0.0,0.0,0.0,451.0,373.0,132.0,0.0,1.0,1.0,1.0,1.0,2024
Araraquara,2,9.0,135.0,0.0,0.0,0.0,0.0,0.0,0.0,0.0,135.0,0.0,0.0,0.0,0.0,0.0,2024
Araraquara,2,6.0,76.0,0.0,0.0,0.0,0.0,0.0,0.0,0.0,76.0,0.0,0.0,0.0,1.0,1.0,2024
Araraquara,2,5.0,42.0,0.0,0.0,0.0,0.0,0.0,0.0,0.0,42.0,0.0,0.0,0.0,0.0,0.0,2024
Araraquara,2,,,,,,,,,,,0.0,0.0,1.0,0.0,1.0,2024
Araraquara,2,15.0,296.0,0.0,0.0,0.0,0.0,0.0,0.0,285.0,11.0,0.0,1.0,1.0,1.0,1.0,2024
Araraquara,2,17.0,302.0,0.0,216.0,0.0,0.0,0.0,198.0,103.0,1.0,0.0,1.0,1.0,1.0,1.0,2024
Araraquara,2,14.0,258.0,0.0,258.0,0.0,0.0,0.0,244.0,14.0,0.0,0.0,1.0,1.0,1.0,1.0,2024
Araraquara,2,,,,,,,,,,,,,,,,2024
Araraquara,2,6.0,45.0,0.0,23.0,0.0,0.0,0.0,0.0,33.0,12.0,0.0,0.0,1.0,1.0,0.0,2024
Araraquara,2,32.0,588.0,300.0,288.0,0.0,0.0,284.0,283.0,20.0,1.0,0.0,1.0,1.0,1.0,0.0,2024
Araraquara,2,20.0,391.0,391.0,0.0,0.0,0.0,375.0,16.0,0.0,0.0,0.0,0.0,1.0,1.0,1.0,2024
Araraquara,2,42.0,636.0,0.0,243.0,0.0,0.0,0.0,223.0,313.0,100.0,0.0,1.0,1.0,1.0,0.0,2024
Araraquara,2,32.0,745.0,245.0,285.0,0.0,0.0,239.0,267.0,225.0,14.0,0.0,1.0,1.0,1.0,1.0,2024
Araraquara,2,,,,,,,,,,,0.0,0.0,1.0,0.0,0.0,2024
Araraquara,2,19.0,342.0,342.0,0.0,0.0,0.0,324.0,18.0,0.0,0.0,0.0,1.0,1.0,1.0,1.0,2024
Araraquara,2,26.0,573.0,573.0,0.0,0.0,0.0,544.0,29.0,0.0,0.0,0.0,1.0,1.0,1.0,0.0,2024
Araraquara,2,51.0,1066.0,0.0,589.0,0.0,0.0,0.0,556.0,403.0,107.0,0.0,1.0,1.0,1.0,1.0,2024
Araraquara,2,25.0,486.0,486.0,0.0,0.0,0.0,469.0,17.0,0.0,0.0,0.0,1.0,1.0,1.0,1.0,2024
Araraquara,2,20.0,329.0,0.0,219.0,0.0,0.0,0.0,210.0,118.0,1.0,0.0,1.0,1.0,1.0,1.0,2024
Araraquara,2,29.0,577.0,577.0,0.0,0.0,0.0,556.0,21.0,0.0,0.0,0.0,1.0,1.0,1.0,0.0,2024
Araraquara,2,25.0,505.0,0.0,355.0,0.0,0.0,0.0,345.0,156.0,4.0,0.0,1.0,1.0,1.0,0.0,2024
Araraquara,2,24.0,453.0,0.0,263.0,0.0,0.0,0.0,251.0,195.0,7.0,0.0,1.0,1.0,1.0,0.0,2024
Araraquara,2,30.0,649.0,649.0,0.0,0.0,0.0,619.0,30.0,0.0,0.0,0.0,0.0,1.0,1.0,0.0,2024
Araras,2,21.0,378.0,378.0,0.0,0.0,0.0,372.0,6.0,0.0,0.0,0.0,0.0,1.0,0.0,0.0,2024
Araras,2,41.0,1022.0,0.0,141.0,0.0,0.0,3.0,154.0,795.0,70.0,0.0,1.0,1.0,1.0,0.0,2024
Araras,2,77.0,1263.0,0.0,0.0,0.0,0.0,0.0,16.0,724.0,523.0,1.0,1.0,1.0,1.0,0.0,2024
Araras,2,27.0,404.0,152.0,206.0,0.0,0.0,153.0,203.0,48.0,0.0,0.0,1.0,1.0,1.0,0.0,2024
Araras,2,22.0,451.0,0.0,283.0,0.0,0.0,3.0,278.0,163.0,7.0,0.0,1.0,1.0,1.0,1.0,2024
Araras,2,21.0,362.0,0.0,229.0,0.0,0.0,3.0,212.0,143.0,4.0,0.0,0.0,1.0,1.0,1.0,2024
Araras,2,23.0,539.0,0.0,316.0,0.0,0.0,6.0,310.0,216.0,7.0,0.0,1.0,1.0,1.0,1.0,2024
Araras,2,16.0,271.0,0.0,271.0,0.0,0.0,7.0,260.0,4.0,0.0,1.0,0.0,1.0,0.0,1.0,2024
Araras,2,21.0,383.0,383.0,0.0,0.0,0.0,382.0,1.0,0.0,0.0,0.0,1.0,1.0,1.0,1.0,2024
Araras,2,18.0,306.0,306.0,0.0,0.0,2.0,304.0,0.0,0.0,0.0,0.0,1.0,1.0,1.0,1.0,2024
Araras,2,31.0,554.0,0.0,330.0,0.0,0.0,5.0,308.0,222.0,19.0,1.0,0.0,1.0,1.0,0.0,2024
Araras,2,,,,,,,,,,,,,,,,2024
Araras,2,17.0,194.0,194.0,0.0,0.0,0.0,185.0,9.0,0.0,0.0,0.0,1.0,1.0,0.0,1.0,2024
Araras,2,49.0,1180.0,0.0,469.0,0.0,0.0,12.0,462.0,570.0,136.0,0.0,1.0,1.0,1.0,1.0,2024
Araras,2,40.0,812.0,0.0,207.0,0.0,0.0,3.0,203.0,569.0,37.0,0.0,0.0,1.0,1.0,0.0,2024
Araras,2,24.0,451.0,0.0,232.0,0.0,0.0,2.0,226.0,214.0,9.0,0.0,0.0,1.0,1.0,0.0,2024
Araras,2,28.0,570.0,294.0,276.0,0.0,0.0,297.0,268.0,5.0,0.0,0.0,1.0,1.0,1.0,1.0,2024
Araras,2,18.0,342.0,342.0,0.0,0.0,0.0,338.0,4.0,0.0,0.0,0.0,0.0,1.0,1.0,0.0,2024
Arco-Íris,2,13.0,109.0,0.0,83.0,0.0,0.0,1.0,80.0,28.0,0.0,0.0,1.0,1.0,1.0,0.0,2024
Arco-Íris,2,11.0,69.0,18.0,18.0,0.0,5.0,22.0,16.0,24.0,2.0,0.0,0.0,1.0,0.0,1.0,2024
Arealva,2,27.0,608.0,0.0,354.0,0.0,0.0,3.0,348.0,246.0,11.0,0.0,1.0,1.0,1.0,0.0,2024
Areias,2,11.0,134.0,0.0,0.0,0.0,0.0,0.0,2.0,125.0,7.0,0.0,1.0,1.0,1.0,0.0,2024
Areiópolis,2,23.0,369.0,0.0,0.0,0.0,0.0,0.0,6.0,302.0,61.0,0.0,1.0,1.0,1.0,1.0,2024
Ariranha,2,39.0,731.0,0.0,328.0,0.0,0.0,7.0,321.0,248.0,155.0,0.0,1.0,1.0,1.0,0.0,2024
Artur Nogueira,2,49.0,1430.0,0.0,529.0,0.0,0.0,5.0,497.0,773.0,155.0,0.0,1.0,1.0,1.0,0.0,2024
Artur Nogueira,2,16.0,264.0,0.0,264.0,0.0,0.0,1.0,235.0,28.0,0.0,0.0,1.0,1.0,1.0,1.0,2024
Artur Nogueira,2,45.0,1390.0,0.0,586.0,0.0,0.0,7.0,548.0,762.0,73.0,1.0,1.0,1.0,1.0,1.0,2024
Artur Nogueira,2,29.0,881.0,0.0,346.0,0.0,0.0,7.0,309.0,515.0,50.0,0.0,1.0,1.0,1.0,0.0,2024
Artur Nogueira,2,30.0,689.0,0.0,406.0,0.0,0.0,6.0,386.0,287.0,10.0,0.0,1.0,1.0,1.0,0.0,2024
Artur Nogueira,2,25.0,507.0,0.0,433.0,0.0,0.0,9.0,385.0,71.0,42.0,0.0,1.0,1.0,1.0,0.0,2024
Arujá,2,51.0,869.0,0.0,340.0,0.0,0.0,8.0,315.0,463.0,83.0,0.0,1.0,1.0,1.0,0.0,2024
Arujá,2,66.0,1106.0,0.0,330.0,0.0,0.0,4.0,314.0,596.0,192.0,1.0,0.0,1.0,1.0,1.0,2024
Arujá,2,65.0,1919.0,0.0,1061.0,0.0,0.0,19.0,987.0,875.0,38.0,0.0,1.0,1.0,1.0,0.0,2024
Arujá,2,22.0,263.0,0.0,148.0,0.0,0.0,2.0,136.0,120.0,5.0,0.0,1.0,1.0,1.0,0.0,2024
Arujá,2,,,,,,,,,,,0.0,0.0,1.0,0.0,0.0,2024
Arujá,2,,,,,,,,,,,,,,,,2024
Arujá,2,32.0,544.0,0.0,272.0,0.0,0.0,3.0,257.0,275.0,9.0,0.0,1.0,1.0,1.0,0.0,2024
Arujá,2,8.0,136.0,0.0,136.0,0.0,0.0,3.0,131.0,2.0,0.0,0.0,1.0,1.0,1.0,1.0,2024
Arujá,2,46.0,836.0,0.0,472.0,0.0,0.0,8.0,454.0,356.0,18.0,0.0,1.0,1.0,1.0,1.0,2024
Arujá,2,,,,,,,,,,,,,,,,2024
Arujá,2,,,,,,,,,,,,,,,,2024
Arujá,2,,,,,,,,,,,,,,,,2024
Arujá,2,,,,,,,,,,,,,,,,2024
Arujá,2,,,,,,,,,,,,,,,,2024
Arujá,2,40.0,626.0,0.0,0.0,0.0,0.0,0.0,4.0,407.0,215.0,1.0,1.0,1.0,1.0,1.0,2024
Arujá,2,38.0,741.0,0.0,741.0,0.0,0.0,12.0,687.0,42.0,0.0,0.0,1.0,1.0,0.0,1.0,2024
Arujá,2,23.0,381.0,0.0,278.0,0.0,0.0,4.0,267.0,106.0,4.0,0.0,0.0,1.0,1.0,0.0,2024
Arujá,2,33.0,941.0,0.0,414.0,0.0,0.0,8.0,382.0,521.0,30.0,0.0,1.0,1.0,1.0,0.0,2024
Arujá,2,,,,,,,,,,,,,,,,2024
Arujá,2,,,,,,,,,,,,,,,,2024
Arujá,2,20.0,458.0,0.0,276.0,0.0,0.0,6.0,257.0,188.0,7.0,0.0,1.0,1.0,1.0,0.0,2024
Arujá,2,,,,,,,,,,,,,,,,2024
Arujá,2,65.0,1113.0,0.0,364.0,0.0,0.0,3.0,338.0,631.0,141.0,0.0,0.0,1.0,1.0,0.0,2024
Aspásia,2,21.0,238.0,99.0,92.0,0.0,0.0,99.0,93.0,42.0,4.0,0.0,1.0,1.0,1.0,0.0,2024
Assis,2,23.0,435.0,0.0,291.0,0.0,0.0,5.0,274.0,152.0,4.0,0.0,1.0,1.0,1.0,0.0,2024
Assis,2,40.0,527.0,0.0,326.0,0.0,0.0,9.0,303.0,202.0,13.0,0.0,1.0,1.0,1.0,0.0,2024
Assis,2,23.0,403.0,0.0,283.0,0.0,0.0,4.0,277.0,118.0,4.0,0.0,1.0,1.0,1.0,1.0,2024
Assis,2,70.0,1141.0,0.0,0.0,0.0,0.0,0.0,7.0,644.0,490.0,1.0,1.0,1.0,1.0,0.0,2024
Assis,2,23.0,291.0,0.0,224.0,0.0,0.0,6.0,213.0,70.0,2.0,0.0,0.0,1.0,1.0,0.0,2024
Assis,2,23.0,328.0,0.0,328.0,0.0,0.0,6.0,312.0,10.0,0.0,0.0,1.0,1.0,1.0,1.0,2024
Assis,2,37.0,453.0,0.0,283.0,0.0,0.0,5.0,267.0,178.0,3.0,0.0,1.0,1.0,1.0,1.0,2024
Assis,2,23.0,329.0,0.0,248.0,0.0,0.0,4.0,233.0,90.0,2.0,0.0,1.0,1.0,1.0,1.0,2024
Assis,2,57.0,1327.0,0.0,583.0,0.0,0.0,7.0,570.0,596.0,154.0,0.0,1.0,1.0,1.0,1.0,2024
Assis,2,27.0,465.0,0.0,289.0,0.0,0.0,3.0,288.0,171.0,3.0,0.0,1.0,1.0,1.0,1.0,2024
Assis,2,41.0,763.0,0.0,424.0,0.0,0.0,5.0,404.0,341.0,13.0,0.0,1.0,1.0,1.0,1.0,2024
Assis,2,8.0,47.0,0.0,0.0,0.0,0.0,0.0,0.0,0.0,47.0,1.0,1.0,0.0,0.0,0.0,2024
Assis,2,,,,,,,,,,,0.0,1.0,1.0,1.0,1.0,2024
Assis,2,2.0,31.0,0.0,0.0,0.0,0.0,0.0,0.0,0.0,31.0,1.0,0.0,1.0,0.0,0.0,2024
Assis,2,10.0,81.0,0.0,0.0,0.0,0.0,0.0,0.0,0.0,81.0,1.0,0.0,0.0,0.0,0.0,2024
Assis,2,43.0,563.0,0.0,201.0,0.0,0.0,2.0,183.0,258.0,120.0,0.0,1.0,1.0,1.0,0.0,2024
Assis,2,35.0,528.0,0.0,317.0,0.0,0.0,9.0,304.0,209.0,6.0,0.0,1.0,1.0,1.0,0.0,2024
Assis,2,3.0,5.0,0.0,0.0,5.0,0.0,0.0,0.0,0.0,0.0,0.0,0.0,1.0,1.0,1.0,2024
Atibaia,2,34.0,924.0,0.0,433.0,0.0,0.0,0.0,400.0,454.0,70.0,0.0,1.0,1.0,1.0,0.0,2024
Atibaia,2,23.0,545.0,0.0,232.0,0.0,0.0,1.0,220.0,311.0,13.0,0.0,1.0,1.0,1.0,0.0,2024
Atibaia,2,30.0,563.0,0.0,321.0,0.0,0.0,1.0,308.0,230.0,24.0,0.0,1.0,1.0,1.0,1.0,2024
Atibaia,2,41.0,836.0,0.0,483.0,0.0,0.0,1.0,457.0,345.0,33.0,0.0,1.0,1.0,1.0,1.0,2024
Atibaia,2,27.0,646.0,0.0,366.0,0.0,0.0,0.0,348.0,278.0,20.0,0.0,0.0,1.0,1.0,1.0,2024
Atibaia,2,22.0,556.0,0.0,295.0,0.0,0.0,0.0,289.0,245.0,22.0,0.0,1.0,1.0,1.0,0.0,2024
Atibaia,2,22.0,483.0,0.0,286.0,0.0,0.0,0.0,271.0,198.0,14.0,0.0,1.0,1.0,1.0,1.0,2024
Atibaia,2,62.0,1461.0,0.0,426.0,0.0,0.0,1.0,405.0,909.0,146.0,1.0,1.0,1.0,1.0,1.0,2024
Atibaia,2,21.0,290.0,0.0,189.0,0.0,0.0,0.0,186.0,100.0,4.0,0.0,1.0,1.0,1.0,1.0,2024
Atibaia,2,29.0,565.0,0.0,248.0,0.0,0.0,0.0,240.0,304.0,21.0,0.0,1.0,1.0,1.0,0.0,2024
Atibaia,2,20.0,439.0,0.0,339.0,0.0,0.0,1.0,326.0,106.0,6.0,0.0,1.0,1.0,1.0,0.0,2024
Atibaia,2,31.0,645.0,0.0,361.0,0.0,0.0,0.0,340.0,279.0,26.0,0.0,0.0,1.0,1.0,0.0,2024
Atibaia,2,25.0,491.0,0.0,491.0,0.0,0.0,1.0,464.0,26.0,0.0,0.0,0.0,1.0,0.0,1.0,2024
Atibaia,2,41.0,891.0,0.0,376.0,0.0,0.0,3.0,357.0,453.0,78.0,1.0,1.0,1.0,1.0,0.0,2024
Atibaia,2,53.0,881.0,0.0,0.0,0.0,0.0,0.0,3.0,676.0,202.0,1.0,1.0,1.0,1.0,1.0,2024
Atibaia,2,8.0,29.0,0.0,10.0,0.0,0.0,0.0,0.0,21.0,8.0,1.0,1.0,0.0,1.0,1.0,2024
Atibaia,2,,,,,,,,,,,,,,,,2024
Atibaia,2,7.0,27.0,0.0,0.0,0.0,0.0,0.0,0.0,0.0,27.0,0.0,0.0,0.0,1.0,0.0,2024
Atibaia,2,,,,,,,,,,,,,,,,2024
Atibaia,2,28.0,731.0,0.0,454.0,0.0,0.0,2.0,437.0,278.0,14.0,0.0,0.0,1.0,1.0,1.0,2024
Atibaia,2,,,,,,,,,,,,,,,,2024
Atibaia,2,29.0,623.0,0.0,494.0,0.0,0.0,0.0,466.0,28.0,129.0,0.0,1.0,1.0,1.0,0.0,2024
Atibaia,2,34.0,591.0,0.0,320.0,0.0,0.0,1.0,290.0,259.0,41.0,0.0,1.0,1.0,1.0,0.0,2024
Atibaia,2,20.0,398.0,0.0,246.0,0.0,0.0,0.0,237.0,155.0,6.0,0.0,1.0,1.0,1.0,1.0,2024
Atibaia,2,24.0,463.0,0.0,463.0,0.0,0.0,1.0,426.0,36.0,0.0,0.0,1.0,1.0,1.0,1.0,2024
Atibaia,2,,,,,,,,,,,,,,,,2024
Atibaia,2,,,,,,,,,,,,,,,,2024
Atibaia,2,,,,,,,,,,,,,,,,2024
Atibaia,2,10.0,137.0,137.0,0.0,0.0,0.0,132.0,5.0,0.0,0.0,0.0,1.0,1.0,0.0,0.0,2024
Atibaia,2,,,,,,,,,,,,,,,,2024
Atibaia,2,,,,,,,,,,,,,,,,2024
Auriflama,2,29.0,479.0,0.0,252.0,0.0,0.0,8.0,240.0,206.0,25.0,0.0,1.0,1.0,1.0,0.0,2024
Auriflama,2,19.0,398.0,0.0,253.0,0.0,0.0,1.0,252.0,140.0,5.0,0.0,1.0,1.0,1.0,0.0,2024
Avaí,2,19.0,353.0,0.0,214.0,0.0,0.0,9.0,198.0,135.0,11.0,0.0,1.0,1.0,1.0,1.0,2024
Avaí,2,13.0,38.0,15.0,6.0,0.0,9.0,15.0,5.0,9.0,0.0,0.0,0.0,1.0,0.0,1.0,2024
Avaí,2,14.0,42.0,9.0,14.0,0.0,4.0,10.0,15.0,7.0,6.0,0.0,0.0,1.0,0.0,0.0,2024
Avaí,2,14.0,39.0,9.0,10.0,0.0,6.0,10.0,9.0,1.0,13.0,0.0,0.0,1.0,0.0,1.0,2024
Avaí,2,11.0,54.0,22.0,12.0,0.0,4.0,20.0,13.0,8.0,9.0,0.0,0.0,1.0,0.0,1.0,2024
Avanhandava,2,53.0,870.0,0.0,506.0,0.0,0.0,1.0,463.0,332.0,74.0,0.0,1.0,1.0,1.0,1.0,2024
Avanhandava,2,9.0,108.0,0.0,0.0,0.0,0.0,0.0,0.0,0.0,108.0,0.0,0.0,1.0,0.0,0.0,2024
Avaré,2,42.0,871.0,0.0,579.0,0.0,0.0,1.0,567.0,296.0,7.0,0.0,0.0,1.0,1.0,0.0,2024
Avaré,2,57.0,1315.0,0.0,530.0,0.0,0.0,0.0,521.0,766.0,28.0,0.0,1.0,1.0,1.0,1.0,2024
Avaré,2,33.0,759.0,0.0,437.0,0.0,0.0,2.0,414.0,325.0,18.0,0.0,0.0,1.0,1.0,0.0,2024
Avaré,2,26.0,544.0,0.0,281.0,0.0,0.0,0.0,269.0,265.0,10.0,0.0,0.0,1.0,1.0,0.0,2024
Avaré,2,28.0,616.0,0.0,348.0,0.0,0.0,1.0,353.0,253.0,9.0,0.0,1.0,1.0,1.0,0.0,2024
Avaré,2,30.0,571.0,0.0,276.0,0.0,0.0,0.0,265.0,301.0,5.0,0.0,0.0,1.0,1.0,1.0,2024
Avaré,2,21.0,402.0,0.0,402.0,0.0,0.0,3.0,364.0,35.0,0.0,0.0,0.0,1.0,1.0,0.0,2024
Avaré,2,22.0,377.0,0.0,0.0,0.0,0.0,0.0,7.0,301.0,69.0,1.0,1.0,1.0,1.0,0.0,2024
Avaré,2,11.0,102.0,0.0,0.0,0.0,0.0,0.0,0.0,0.0,102.0,0.0,0.0,0.0,0.0,0.0,2024
Avaré,2,8.0,201.0,0.0,0.0,0.0,0.0,0.0,0.0,0.0,201.0,0.0,0.0,0.0,0.0,0.0,2024
Avaré,2,,,,,,,,,,,,,,,,2024
Avaré,2,9.0,1028.0,0.0,0.0,0.0,0.0,0.0,0.0,0.0,1028.0,0.0,1.0,1.0,0.0,0.0,2024
Avaré,2,22.0,441.0,0.0,224.0,0.0,0.0,0.0,224.0,209.0,8.0,0.0,0.0,1.0,1.0,0.0,2024
Avaré,2,19.0,258.0,0.0,258.0,0.0,0.0,1.0,247.0,10.0,0.0,0.0,1.0,1.0,1.0,0.0,2024
Avaré,2,14.0,254.0,0.0,254.0,0.0,0.0,0.0,247.0,7.0,0.0,0.0,0.0,1.0,1.0,1.0,2024
Avaré,2,,,,,,,,,,,,,,,,2024
Avaré,2,,,,,,,,,,,0.0,0.0,1.0,0.0,1.0,2024
Bady Bassitt,2,46.0,1309.0,0.0,331.0,0.0,0.0,0.0,310.0,918.0,81.0,0.0,1.0,1.0,1.0,0.0,2024
Bady Bassitt,2,,,,,,,,,,,,,,,,2024
Balbinos,2,12.0,118.0,0.0,70.0,0.0,0.0,1.0,69.0,46.0,2.0,0.0,1.0,1.0,1.0,1.0,2024
Balbinos,2,9.0,96.0,0.0,0.0,0.0,0.0,0.0,0.0,0.0,96.0,0.0,0.0,1.0,0.0,0.0,2024
Balbinos,2,7.0,104.0,0.0,0.0,0.0,0.0,0.0,0.0,0.0,104.0,0.0,0.0,1.0,0.0,0.0,2024
Bálsamo,2,44.0,658.0,0.0,417.0,0.0,0.0,8.0,399.0,232.0,19.0,0.0,1.0,1.0,1.0,1.0,2024
Bananal,2,22.0,333.0,0.0,0.0,0.0,0.0,0.0,6.0,292.0,35.0,0.0,0.0,1.0,1.0,0.0,2024
Barão de Antonina,2,6.0,8.0,4.0,1.0,0.0,1.0,4.0,1.0,0.0,2.0,0.0,0.0,0.0,0.0,1.0,2024
Barão de Antonina,2,24.0,322.0,0.0,184.0,0.0,0.0,1.0,180.0,137.0,4.0,0.0,1.0,1.0,1.0,1.0,2024
Barão de Antonina,2,21.0,21.0,8.0,4.0,0.0,3.0,8.0,4.0,0.0,6.0,0.0,0.0,1.0,0.0,1.0,2024
Barão de Antonina,2,6.0,7.0,4.0,1.0,0.0,0.0,4.0,1.0,0.0,2.0,0.0,0.0,1.0,0.0,1.0,2024
Barbosa,2,24.0,471.0,0.0,296.0,0.0,0.0,0.0,271.0,188.0,12.0,0.0,0.0,1.0,1.0,1.0,2024
Bariri,2,,,,,,,,,,,,,,,,2024
Bariri,2,45.0,942.0,0.0,211.0,0.0,0.0,3.0,215.0,639.0,85.0,0.0,0.0,1.0,1.0,1.0,2024
Bariri,2,20.0,354.0,0.0,237.0,0.0,0.0,6.0,233.0,108.0,7.0,0.0,1.0,1.0,1.0,0.0,2024
Bariri,2,,,,,,,,,,,,,,,,2024
Bariri,2,,,,,,,,,,,,,,,,2024
Barra Bonita,2,11.0,218.0,0.0,0.0,0.0,0.0,0.0,3.0,202.0,13.0,0.0,1.0,1.0,1.0,0.0,2024
Barra Bonita,2,21.0,266.0,0.0,150.0,0.0,0.0,0.0,142.0,110.0,14.0,0.0,1.0,1.0,1.0,0.0,2024
Barra Bonita,2,14.0,283.0,0.0,283.0,0.0,0.0,0.0,266.0,17.0,0.0,0.0,1.0,1.0,1.0,0.0,2024
Barra Bonita,2,51.0,1281.0,0.0,631.0,0.0,0.0,0.0,600.0,630.0,51.0,0.0,1.0,1.0,1.0,0.0,2024
Barra Bonita,2,41.0,444.0,0.0,0.0,0.0,0.0,0.0,1.0,270.0,173.0,1.0,1.0,1.0,0.0,0.0,2024
Barra do Chapéu,2,19.0,357.0,0.0,218.0,0.0,0.0,3.0,219.0,132.0,3.0,0.0,0.0,1.0,1.0,1.0,2024
Barra do Chapéu,2,14.0,92.0,0.0,48.0,0.0,0.0,2.0,44.0,31.0,15.0,0.0,1.0,1.0,1.0,0.0,2024
Barra do Chapéu,2,12.0,112.0,0.0,68.0,0.0,0.0,3.0,65.0,43.0,1.0,0.0,0.0,1.0,1.0,0.0,2024
Barra do Turvo,2,38.0,714.0,0.0,359.0,0.0,0.0,2.0,345.0,337.0,30.0,0.0,1.0,1.0,1.0,1.0,2024
Barra do Turvo,2,13.0,184.0,0.0,119.0,0.0,0.0,1.0,107.0,70.0,6.0,0.0,0.0,1.0,0.0,0.0,2024
Barretos,2,,,,,,,,,,,,,,,,2024
Barretos,2,,,,,,,,,,,,,,,,2024
Barretos,2,36.0,879.0,0.0,465.0,0.0,0.0,1.0,417.0,424.0,37.0,0.0,1.0,1.0,1.0,0.0,2024
Barretos,2,76.0,1334.0,0.0,0.0,0.0,0.0,0.0,2.0,759.0,573.0,1.0,1.0,1.0,1.0,1.0,2024
Barretos,2,21.0,394.0,0.0,285.0,0.0,0.0,0.0,258.0,121.0,15.0,0.0,0.0,1.0,1.0,1.0,2024
Barretos,2,53.0,1063.0,0.0,573.0,0.0,0.0,3.0,484.0,533.0,43.0,0.0,0.0,1.0,1.0,1.0,2024
Barretos,2,25.0,438.0,0.0,308.0,0.0,0.0,1.0,274.0,155.0,8.0,0.0,1.0,1.0,1.0,1.0,2024
Barretos,2,23.0,410.0,0.0,267.0,0.0,0.0,1.0,233.0,167.0,9.0,0.0,1.0,1.0,1.0,1.0,2024
Barretos,2,16.0,280.0,0.0,280.0,0.0,0.0,0.0,266.0,14.0,0.0,0.0,1.0,1.0,1.0,1.0,2024
Barretos,2,20.0,385.0,0.0,309.0,0.0,0.0,0.0,281.0,100.0,4.0,0.0,1.0,1.0,1.0,1.0,2024
Barretos,2,25.0,485.0,0.0,335.0,0.0,0.0,0.0,318.0,164.0,3.0,0.0,0.0,1.0,1.0,1.0,2024
Barretos,2,17.0,369.0,0.0,369.0,0.0,0.0,0.0,342.0,27.0,0.0,0.0,0.0,1.0,1.0,1.0,2024
Barretos,2,,,,,,,,,,,,,,,,2024
Barretos,2,12.0,1394.0,0.0,0.0,0.0,0.0,0.0,0.0,14.0,1380.0,0.0,0.0,1.0,0.0,0.0,2024
Barretos,2,11.0,195.0,0.0,0.0,0.0,0.0,0.0,2.0,182.0,11.0,0.0,1.0,1.0,1.0,1.0,2024
Barretos,2,32.0,626.0,0.0,347.0,0.0,0.0,0.0,305.0,307.0,14.0,0.0,1.0,1.0,1.0,1.0,2024
Barretos,2,13.0,104.0,0.0,64.0,0.0,0.0,0.0,56.0,44.0,4.0,0.0,0.0,1.0,1.0,0.0,2024
Barrinha,2,33.0,740.0,0.0,0.0,0.0,0.0,0.0,20.0,679.0,41.0,0.0,1.0,1.0,1.0,1.0,2024
Barrinha,2,14.0,541.0,0.0,0.0,0.0,0.0,0.0,4.0,448.0,89.0,0.0,1.0,1.0,1.0,0.0,2024
Barueri,2,15.0,263.0,0.0,0.0,0.0,0.0,0.0,4.0,241.0,18.0,0.0,1.0,1.0,1.0,1.0,2024
Barueri,2,22.0,528.0,0.0,0.0,0.0,0.0,0.0,1.0,402.0,125.0,0.0,1.0,1.0,1.0,1.0,2024
Barueri,2,27.0,502.0,0.0,0.0,0.0,0.0,0.0,2.0,319.0,181.0,0.0,1.0,1.0,1.0,0.0,2024
Barueri,2,18.0,261.0,0.0,0.0,0.0,0.0,0.0,2.0,231.0,28.0,0.0,1.0,1.0,0.0,1.0,2024
Barueri,2,11.0,188.0,0.0,0.0,0.0,0.0,0.0,0.0,173.0,15.0,0.0,1.0,1.0,1.0,1.0,2024
Barueri,2,12.0,206.0,0.0,0.0,0.0,0.0,0.0,1.0,189.0,16.0,0.0,1.0,1.0,1.0,1.0,2024
Barueri,2,14.0,251.0,0.0,0.0,0.0,0.0,0.0,0.0,225.0,26.0,0.0,1.0,1.0,1.0,1.0,2024
Barueri,2,20.0,311.0,0.0,0.0,0.0,0.0,0.0,2.0,287.0,22.0,0.0,1.0,1.0,1.0,1.0,2024
Barueri,2,29.0,707.0,0.0,0.0,0.0,0.0,0.0,3.0,637.0,67.0,0.0,1.0,1.0,1.0,0.0,2024
Barueri,2,53.0,1081.0,0.0,0.0,0.0,0.0,0.0,2.0,761.0,318.0,0.0,1.0,1.0,1.0,0.0,2024
Barueri,2,11.0,161.0,0.0,0.0,0.0,0.0,0.0,1.0,147.0,13.0,0.0,1.0,1.0,1.0,1.0,2024
Barueri,2,64.0,777.0,0.0,0.0,0.0,0.0,0.0,1.0,461.0,315.0,1.0,1.0,1.0,1.0,1.0,2024
Barueri,2,,,,,,,,,,,,,,,,2024
Barueri,2,,,,,,,,,,,,,,,,2024
Barueri,2,32.0,642.0,0.0,0.0,0.0,0.0,0.0,1.0,480.0,161.0,0.0,1.0,1.0,1.0,1.0,2024
Barueri,2,18.0,296.0,0.0,0.0,0.0,0.0,0.0,4.0,268.0,24.0,0.0,1.0,1.0,1.0,1.0,2024
Barueri,2,31.0,697.0,0.0,0.0,0.0,0.0,0.0,0.0,441.0,256.0,0.0,0.0,1.0,1.0,1.0,2024
Barueri,2,18.0,317.0,0.0,0.0,0.0,0.0,0.0,3.0,298.0,16.0,0.0,1.0,1.0,1.0,1.0,2024
Barueri,2,25.0,604.0,0.0,0.0,0.0,0.0,0.0,1.0,523.0,80.0,0.0,1.0,1.0,1.0,0.0,2024
Barueri,2,15.0,265.0,0.0,0.0,0.0,0.0,0.0,1.0,237.0,27.0,0.0,1.0,1.0,1.0,1.0,2024
Barueri,2,23.0,574.0,0.0,0.0,0.0,0.0,0.0,4.0,448.0,122.0,0.0,1.0,1.0,1.0,0.0,2024
Barueri,2,11.0,133.0,0.0,0.0,0.0,0.0,0.0,0.0,122.0,11.0,0.0,1.0,1.0,1.0,1.0,2024
Bastos,2,38.0,824.0,0.0,329.0,0.0,0.0,2.0,313.0,464.0,45.0,0.0,1.0,1.0,1.0,1.0,2024
Bastos,2,,,,,,,,,,,,,,,,2024
Bastos,2,23.0,455.0,0.0,364.0,0.0,0.0,4.0,354.0,97.0,0.0,0.0,1.0,1.0,1.0,1.0,2024
Bastos,2,,,,,,,,,,,,,,,,2024
Bastos,2,33.0,573.0,0.0,273.0,0.0,0.0,3.0,269.0,278.0,23.0,0.0,1.0,1.0,1.0,1.0,2024
Batatais,2,22.0,368.0,0.0,307.0,0.0,0.0,6.0,286.0,70.0,6.0,0.0,1.0,1.0,1.0,1.0,2024
Batatais,2,17.0,315.0,0.0,255.0,0.0,0.0,2.0,232.0,78.0,3.0,0.0,1.0,1.0,1.0,0.0,2024
Batatais,2,19.0,320.0,320.0,0.0,0.0,0.0,316.0,4.0,0.0,0.0,0.0,1.0,1.0,1.0,1.0,2024
Batatais,2,58.0,1053.0,0.0,0.0,0.0,0.0,0.0,7.0,695.0,351.0,1.0,1.0,1.0,1.0,1.0,2024
Batatais,2,34.0,492.0,0.0,279.0,0.0,0.0,1.0,249.0,221.0,21.0,0.0,1.0,1.0,1.0,1.0,2024
Batatais,2,48.0,941.0,0.0,355.0,0.0,0.0,8.0,313.0,463.0,157.0,0.0,1.0,1.0,1.0,1.0,2024
Batatais,2,,,,,,,,,,,,,,,,2024
Batatais,2,19.0,276.0,276.0,0.0,0.0,2.0,264.0,10.0,0.0,0.0,0.0,1.0,1.0,1.0,1.0,2024
Batatais,2,42.0,924.0,0.0,601.0,0.0,0.0,5.0,577.0,325.0,17.0,0.0,1.0,1.0,1.0,1.0,2024
Bauru,2,25.0,509.0,0.0,404.0,0.0,0.0,5.0,388.0,110.0,6.0,0.0,1.0,1.0,1.0,1.0,2024
Bauru,2,24.0,568.0,0.0,390.0,0.0,0.0,4.0,370.0,188.0,6.0,0.0,0.0,1.0,1.0,0.0,2024
Bauru,2,32.0,635.0,635.0,0.0,0.0,1.0,621.0,13.0,0.0,0.0,0.0,0.0,1.0,1.0,1.0,2024
Bauru,2,23.0,381.0,381.0,0.0,0.0,1.0,375.0,5.0,0.0,0.0,0.0,1.0,1.0,1.0,1.0,2024
Bauru,2,44.0,906.0,144.0,401.0,0.0,0.0,146.0,375.0,365.0,20.0,0.0,1.0,1.0,1.0,1.0,2024
Bauru,2,12.0,243.0,0.0,0.0,0.0,0.0,0.0,2.0,238.0,3.0,0.0,1.0,1.0,1.0,1.0,2024
Bauru,2,51.0,1160.0,0.0,337.0,0.0,0.0,4.0,331.0,749.0,76.0,0.0,1.0,1.0,1.0,0.0,2024
Bauru,2,20.0,403.0,403.0,0.0,0.0,0.0,396.0,7.0,0.0,0.0,0.0,1.0,1.0,1.0,1.0,2024
Bauru,2,59.0,1142.0,0.0,280.0,0.0,0.0,3.0,270.0,813.0,56.0,0.0,1.0,1.0,1.0,1.0,2024
Bauru,2,32.0,658.0,658.0,0.0,0.0,1.0,652.0,5.0,0.0,0.0,0.0,1.0,1.0,1.0,0.0,2024
Bauru,2,45.0,885.0,301.0,584.0,0.0,1.0,303.0,550.0,31.0,0.0,0.0,1.0,1.0,1.0,0.0,2024
Bauru,2,21.0,382.0,382.0,0.0,0.0,0.0,371.0,11.0,0.0,0.0,0.0,1.0,1.0,1.0,1.0,2024
Bauru,2,21.0,422.0,422.0,0.0,0.0,2.0,410.0,10.0,0.0,0.0,0.0,0.0,1.0,1.0,0.0,2024
Bauru,2,26.0,462.0,0.0,131.0,0.0,0.0,2.0,120.0,329.0,11.0,0.0,1.0,1.0,1.0,1.0,2024
Bauru,2,23.0,447.0,0.0,277.0,0.0,0.0,5.0,274.0,161.0,7.0,0.0,1.0,1.0,1.0,0.0,2024
Bauru,2,25.0,470.0,470.0,0.0,0.0,1.0,458.0,11.0,0.0,0.0,0.0,1.0,1.0,1.0,1.0,2024
Bauru,2,27.0,536.0,536.0,0.0,0.0,0.0,517.0,19.0,0.0,0.0,0.0,1.0,1.0,1.0,0.0,2024
Bauru,2,49.0,851.0,167.0,203.0,0.0,0.0,168.0,185.0,462.0,36.0,0.0,1.0,1.0,1.0,1.0,2024
Bauru,2,36.0,725.0,209.0,516.0,0.0,0.0,206.0,509.0,10.0,0.0,0.0,1.0,1.0,1.0,0.0,2024
Bauru,2,24.0,380.0,0.0,261.0,0.0,0.0,5.0,238.0,129.0,8.0,0.0,1.0,1.0,1.0,0.0,2024
Bauru,2,19.0,461.0,461.0,0.0,0.0,0.0,454.0,7.0,0.0,0.0,0.0,1.0,1.0,1.0,1.0,2024
Bauru,2,22.0,489.0,0.0,282.0,0.0,0.0,7.0,279.0,201.0,2.0,0.0,1.0,1.0,1.0,1.0,2024
Bauru,2,35.0,549.0,0.0,264.0,0.0,0.0,3.0,244.0,286.0,16.0,0.0,1.0,1.0,1.0,1.0,2024
Bauru,2,36.0,617.0,0.0,309.0,0.0,0.0,4.0,298.0,310.0,5.0,0.0,1.0,1.0,1.0,1.0,2024
Bauru,2,45.0,788.0,157.0,278.0,0.0,0.0,159.0,270.0,347.0,12.0,0.0,1.0,1.0,1.0,1.0,2024
Bauru,2,38.0,546.0,203.0,343.0,0.0,1.0,204.0,332.0,9.0,0.0,0.0,1.0,1.0,1.0,1.0,2024
Bauru,2,31.0,728.0,0.0,286.0,0.0,0.0,8.0,284.0,425.0,11.0,0.0,1.0,1.0,1.0,1.0,2024
Bauru,2,8.0,73.0,0.0,0.0,0.0,0.0,0.0,0.0,0.0,73.0,0.0,0.0,0.0,0.0,0.0,2024
Bauru,2,22.0,402.0,220.0,182.0,0.0,0.0,213.0,178.0,11.0,0.0,0.0,1.0,1.0,1.0,0.0,2024
Bauru,2,62.0,1774.0,530.0,478.0,0.0,0.0,518.0,464.0,748.0,44.0,0.0,1.0,1.0,1.0,0.0,2024
Bauru,2,32.0,618.0,0.0,394.0,0.0,0.0,13.0,374.0,226.0,5.0,0.0,1.0,1.0,1.0,1.0,2024
Bauru,2,41.0,731.0,0.0,333.0,0.0,0.0,8.0,311.0,394.0,18.0,0.0,1.0,1.0,1.0,0.0,2024
Bauru,2,17.0,301.0,301.0,0.0,0.0,1.0,298.0,2.0,0.0,0.0,0.0,0.0,1.0,1.0,0.0,2024
Bauru,2,24.0,503.0,0.0,353.0,0.0,0.0,4.0,343.0,152.0,4.0,0.0,1.0,1.0,1.0,0.0,2024
Bauru,2,51.0,917.0,191.0,339.0,0.0,1.0,185.0,322.0,379.0,30.0,0.0,1.0,1.0,1.0,0.0,2024
Bauru,2,43.0,759.0,273.0,303.0,0.0,0.0,270.0,290.0,195.0,4.0,0.0,1.0,1.0,1.0,1.0,2024
Bauru,2,17.0,397.0,397.0,0.0,0.0,0.0,388.0,9.0,0.0,0.0,0.0,1.0,1.0,0.0,1.0,2024
Bauru,2,,,,,,,,,,,,,,,,2024
Bauru,2,72.0,1154.0,0.0,0.0,0.0,0.0,0.0,11.0,677.0,466.0,1.0,1.0,1.0,1.0,1.0,2024
Bauru,2,20.0,313.0,0.0,313.0,0.0,0.0,4.0,297.0,12.0,0.0,0.0,1.0,1.0,1.0,1.0,2024
Bauru,2,11.0,252.0,0.0,0.0,0.0,0.0,0.0,0.0,0.0,252.0,0.0,0.0,0.0,0.0,0.0,2024
Bauru,2,10.0,291.0,0.0,0.0,0.0,0.0,0.0,0.0,0.0,291.0,0.0,0.0,0.0,0.0,0.0,2024
Bauru,2,20.0,311.0,0.0,255.0,0.0,0.0,9.0,237.0,64.0,1.0,0.0,1.0,1.0,1.0,1.0,2024
Bauru,2,,,,,,,,,,,,,,,,2024
Bauru,2,13.0,49.0,0.0,21.0,0.0,0.0,0.0,0.0,27.0,22.0,0.0,0.0,1.0,0.0,0.0,2024
Bauru,2,9.0,38.0,0.0,21.0,0.0,0.0,0.0,4.0,29.0,5.0,0.0,0.0,1.0,1.0,1.0,2024
Bauru,2,22.0,360.0,0.0,285.0,0.0,0.0,4.0,273.0,79.0,4.0,0.0,1.0,1.0,1.0,1.0,2024
Bauru,2,44.0,1160.0,332.0,356.0,0.0,0.0,333.0,354.0,456.0,17.0,0.0,1.0,1.0,1.0,0.0,2024
Bauru,2,36.0,557.0,0.0,327.0,0.0,0.0,8.0,306.0,231.0,12.0,0.0,1.0,1.0,1.0,0.0,2024
Bauru,2,25.0,637.0,0.0,374.0,0.0,0.0,5.0,372.0,256.0,4.0,0.0,1.0,1.0,1.0,0.0,2024
Bauru,2,38.0,392.0,0.0,209.0,0.0,0.0,2.0,185.0,201.0,4.0,0.0,1.0,1.0,1.0,1.0,2024
Bauru,2,18.0,246.0,0.0,198.0,0.0,0.0,6.0,184.0,52.0,4.0,1.0,1.0,1.0,1.0,1.0,2024
Bauru,2,13.0,243.0,243.0,0.0,0.0,3.0,238.0,2.0,0.0,0.0,0.0,0.0,1.0,1.0,0.0,2024
Bauru,2,9.0,176.0,176.0,0.0,0.0,0.0,171.0,5.0,0.0,0.0,0.0,0.0,1.0,1.0,1.0,2024
Bauru,2,32.0,671.0,243.0,315.0,0.0,0.0,240.0,307.0,116.0,8.0,0.0,1.0,1.0,1.0,1.0,2024
Bauru,2,14.0,254.0,254.0,0.0,0.0,0.0,252.0,2.0,0.0,0.0,0.0,1.0,1.0,1.0,1.0,2024
Bauru,2,57.0,1227.0,652.0,575.0,0.0,4.0,651.0,547.0,25.0,0.0,0.0,1.0,1.0,1.0,1.0,2024
Bauru,2,41.0,887.0,0.0,421.0,0.0,0.0,10.0,391.0,449.0,37.0,0.0,1.0,1.0,1.0,1.0,2024
Bauru,2,42.0,595.0,0.0,0.0,0.0,0.0,0.0,3.0,469.0,123.0,0.0,1.0,1.0,1.0,1.0,2024
Bauru,2,45.0,672.0,0.0,319.0,0.0,0.0,3.0,312.0,346.0,11.0,0.0,1.0,1.0,1.0,1.0,2024
Bauru,2,14.0,3643.0,0.0,0.0,0.0,0.0,0.0,0.0,1.0,3642.0,0.0,0.0,1.0,0.0,1.0,2024
Bauru,2,5.0,29.0,0.0,0.0,29.0,0.0,0.0,0.0,0.0,0.0,0.0,0.0,1.0,1.0,1.0,2024
Bauru,2,,,,,,,,,,,0.0,0.0,1.0,0.0,0.0,2024
Bauru,2,27.0,407.0,165.0,112.0,0.0,0.0,156.0,116.0,125.0,10.0,0.0,1.0,1.0,1.0,0.0,2024
Bebedouro,2,20.0,435.0,0.0,262.0,0.0,0.0,2.0,248.0,179.0,6.0,0.0,1.0,1.0,1.0,1.0,2024
Bebedouro,2,21.0,354.0,0.0,245.0,0.0,0.0,2.0,218.0,128.0,6.0,0.0,0.0,1.0,1.0,1.0,2024
Bebedouro,2,24.0,443.0,0.0,285.0,0.0,0.0,0.0,266.0,162.0,15.0,0.0,0.0,1.0,1.0,1.0,2024
Bebedouro,2,54.0,1193.0,0.0,393.0,0.0,0.0,0.0,370.0,734.0,89.0,0.0,1.0,1.0,1.0,1.0,2024
Bebedouro,2,26.0,589.0,0.0,449.0,0.0,0.0,0.0,413.0,163.0,13.0,0.0,0.0,1.0,1.0,0.0,2024
Bebedouro,2,44.0,497.0,0.0,299.0,0.0,0.0,1.0,277.0,208.0,11.0,0.0,1.0,1.0,1.0,0.0,2024
Bebedouro,2,28.0,384.0,0.0,232.0,0.0,0.0,3.0,210.0,147.0,24.0,0.0,0.0,1.0,1.0,1.0,2024
Bebedouro,2,64.0,958.0,0.0,0.0,0.0,0.0,0.0,7.0,718.0,233.0,1.0,1.0,1.0,1.0,1.0,2024
Bebedouro,2,,,,,,,,,,,0.0,0.0,1.0,0.0,0.0,2024
Bebedouro,2,30.0,448.0,0.0,280.0,0.0,0.0,0.0,260.0,178.0,10.0,0.0,1.0,1.0,1.0,0.0,2024
Bebedouro,2,12.0,1001.0,0.0,0.0,0.0,0.0,0.0,0.0,0.0,1001.0,0.0,1.0,1.0,1.0,0.0,2024
Bebedouro,2,14.0,205.0,0.0,145.0,0.0,0.0,0.0,137.0,66.0,2.0,0.0,0.0,1.0,1.0,1.0,2024
Bento de Abreu,2,21.0,244.0,0.0,116.0,0.0,0.0,1.0,108.0,117.0,18.0,0.0,1.0,1.0,1.0,0.0,2024
Bento de Abreu,2,,,,,,,,,,,,,,,,2024
Bernardino de Campos,2,30.0,617.0,0.0,323.0,0.0,0.0,3.0,307.0,295.0,12.0,0.0,1.0,1.0,1.0,0.0,2024
Bernardino de Campos,2,15.0,220.0,0.0,169.0,0.0,0.0,9.0,156.0,54.0,1.0,0.0,1.0,1.0,1.0,1.0,2024
Bernardino de Campos,2,8.0,141.0,0.0,0.0,0.0,0.0,0.0,0.0,0.0,141.0,0.0,0.0,0.0,0.0,0.0,2024
Bertioga,2,50.0,1261.0,0.0,597.0,0.0,0.0,0.0,549.0,624.0,88.0,0.0,1.0,1.0,0.0,0.0,2024
Bertioga,2,63.0,1342.0,0.0,707.0,0.0,0.0,2.0,637.0,443.0,260.0,0.0,1.0,1.0,1.0,0.0,2024
Bertioga,2,33.0,883.0,0.0,415.0,0.0,0.0,0.0,376.0,459.0,48.0,0.0,1.0,1.0,1.0,1.0,2024
Bertioga,2,14.0,96.0,0.0,45.0,0.0,0.0,1.0,41.0,35.0,19.0,0.0,1.0,1.0,0.0,1.0,2024
Bertioga,2,,,,,,,,,,,,,,,,2024
Bertioga,2,21.0,506.0,0.0,328.0,0.0,0.0,4.0,299.0,193.0,10.0,0.0,1.0,1.0,1.0,1.0,2024
Bertioga,2,34.0,833.0,0.0,428.0,0.0,0.0,0.0,391.0,409.0,33.0,0.0,1.0,1.0,1.0,0.0,2024
Bertioga,2,38.0,1132.0,0.0,499.0,0.0,0.0,0.0,455.0,605.0,72.0,0.0,1.0,1.0,1.0,0.0,2024
Bertioga,2,40.0,1204.0,0.0,544.0,0.0,0.0,0.0,496.0,606.0,102.0,0.0,1.0,1.0,1.0,1.0,2024
Bertioga,2,15.0,320.0,0.0,320.0,0.0,0.0,1.0,300.0,19.0,0.0,0.0,0.0,1.0,0.0,0.0,2024
Bilac,2,33.0,497.0,0.0,321.0,0.0,0.0,1.0,289.0,190.0,17.0,0.0,1.0,1.0,1.0,1.0,2024
Birigui,2,22.0,426.0,0.0,294.0,0.0,0.0,0.0,284.0,141.0,1.0,0.0,1.0,1.0,1.0,1.0,2024
Birigui,2,12.0,221.0,0.0,221.0,0.0,0.0,0.0,218.0,3.0,0.0,0.0,0.0,1.0,1.0,1.0,2024
Birigui,2,16.0,251.0,0.0,251.0,0.0,0.0,0.0,231.0,20.0,0.0,0.0,1.0,1.0,1.0,1.0,2024
Birigui,2,41.0,695.0,0.0,304.0,0.0,0.0,2.0,286.0,355.0,52.0,0.0,1.0,1.0,1.0,0.0,2024
Birigui,2,64.0,1400.0,0.0,455.0,0.0,0.0,1.0,438.0,860.0,101.0,0.0,1.0,1.0,1.0,1.0,2024
Birigui,2,,,,,,,,,,,,,,,,2024
Birigui,2,32.0,692.0,0.0,432.0,0.0,0.0,1.0,410.0,277.0,4.0,0.0,0.0,1.0,1.0,1.0,2024
Birigui,2,5.0,35.0,0.0,0.0,0.0,0.0,0.0,0.0,0.0,35.0,0.0,0.0,1.0,0.0,0.0,2024
Birigui,2,57.0,818.0,0.0,0.0,0.0,0.0,0.0,6.0,489.0,323.0,1.0,1.0,1.0,1.0,1.0,2024
Birigui,2,,,,,,,,,,,0.0,0.0,1.0,0.0,0.0,2024
Birigui,2,40.0,633.0,0.0,349.0,0.0,0.0,1.0,329.0,295.0,8.0,0.0,1.0,1.0,1.0,1.0,2024
Birigui,2,,,,,,,,,,,,,,,,2024
Birigui,2,,,,,,,,,,,,,,,,2024
Birigui,2,,,,,,,,,,,,,,,,2024
Birigui,2,32.0,602.0,0.0,385.0,0.0,0.0,0.0,365.0,233.0,4.0,0.0,1.0,1.0,1.0,1.0,2024
Birigui,2,59.0,1570.0,0.0,686.0,0.0,0.0,1.0,647.0,884.0,38.0,0.0,1.0,1.0,1.0,1.0,2024
Birigui,2,18.0,352.0,0.0,265.0,0.0,0.0,1.0,248.0,101.0,2.0,0.0,1.0,1.0,1.0,1.0,2024
Birigui,2,28.0,563.0,0.0,420.0,0.0,0.0,2.0,395.0,165.0,1.0,0.0,1.0,1.0,1.0,1.0,2024
Birigui,2,34.0,570.0,0.0,290.0,0.0,0.0,0.0,276.0,281.0,13.0,0.0,1.0,1.0,1.0,1.0,2024
Birigui,2,27.0,468.0,0.0,285.0,0.0,0.0,0.0,264.0,202.0,2.0,0.0,1.0,1.0,1.0,1.0,2024
Biritiba Mirim,2,49.0,971.0,0.0,622.0,0.0,0.0,9.0,575.0,378.0,9.0,0.0,1.0,1.0,1.0,0.0,2024
Biritiba Mirim,2,39.0,652.0,0.0,0.0,0.0,0.0,0.0,8.0,584.0,60.0,0.0,1.0,1.0,1.0,1.0,2024
Biritiba Mirim,2,41.0,900.0,0.0,900.0,0.0,0.0,24.0,828.0,48.0,0.0,0.0,1.0,1.0,1.0,1.0,2024
Boa Esperança do Sul,2,27.0,398.0,0.0,0.0,0.0,0.0,0.0,8.0,335.0,55.0,0.0,0.0,1.0,1.0,0.0,2024
Bocaina,2,36.0,753.0,0.0,349.0,0.0,0.0,3.0,327.0,387.0,36.0,0.0,1.0,1.0,1.0,1.0,2024
Bocaina,2,14.0,229.0,0.0,173.0,0.0,0.0,8.0,166.0,54.0,1.0,0.0,0.0,1.0,1.0,1.0,2024
Bofete,2,27.0,442.0,0.0,0.0,0.0,0.0,0.0,4.0,361.0,77.0,0.0,1.0,1.0,1.0,1.0,2024
Bofete,2,15.0,215.0,0.0,215.0,0.0,0.0,0.0,212.0,3.0,0.0,0.0,1.0,1.0,1.0,1.0,2024
Boituva,2,53.0,1430.0,0.0,0.0,0.0,0.0,0.0,5.0,1206.0,219.0,0.0,1.0,1.0,1.0,0.0,2024
Boituva,2,24.0,481.0,0.0,0.0,0.0,0.0,0.0,3.0,436.0,42.0,0.0,1.0,1.0,1.0,0.0,2024
Bom Jesus dos Perdões,2,32.0,782.0,0.0,429.0,0.0,0.0,1.0,411.0,354.0,16.0,0.0,0.0,1.0,1.0,0.0,2024
Bom Jesus dos Perdões,2,21.0,582.0,0.0,313.0,0.0,0.0,2.0,299.0,272.0,9.0,0.0,1.0,1.0,1.0,1.0,2024
Bom Jesus dos Perdões,2,43.0,944.0,0.0,600.0,0.0,0.0,2.0,550.0,326.0,66.0,0.0,1.0,1.0,1.0,1.0,2024
Bom Sucesso de Itararé,2,25.0,431.0,0.0,228.0,0.0,0.0,4.0,222.0,184.0,21.0,0.0,1.0,1.0,1.0,1.0,2024
Borá,2,12.0,80.0,0.0,48.0,0.0,0.0,2.0,45.0,30.0,3.0,0.0,1.0,1.0,1.0,0.0,2024
Boracéia,2,32.0,482.0,0.0,282.0,0.0,0.0,4.0,272.0,197.0,9.0,0.0,1.0,1.0,1.0,0.0,2024
Borborema,2,20.0,354.0,0.0,354.0,0.0,0.0,4.0,333.0,17.0,0.0,0.0,1.0,1.0,1.0,0.0,2024
Borborema,2,35.0,525.0,0.0,79.0,0.0,0.0,1.0,84.0,402.0,38.0,0.0,1.0,1.0,1.0,1.0,2024
Borborema,2,25.0,500.0,366.0,134.0,0.0,0.0,369.0,131.0,0.0,0.0,0.0,1.0,1.0,1.0,0.0,2024
Borebi,2,11.0,145.0,0.0,0.0,0.0,0.0,0.0,0.0,129.0,16.0,1.0,1.0,1.0,1.0,1.0,2024
Botucatu,2,54.0,1103.0,0.0,0.0,0.0,0.0,0.0,24.0,909.0,170.0,1.0,0.0,1.0,1.0,0.0,2024
Botucatu,2,23.0,412.0,0.0,262.0,0.0,0.0,5.0,253.0,149.0,5.0,0.0,1.0,1.0,1.0,1.0,2024
Botucatu,2,55.0,1180.0,0.0,191.0,0.0,0.0,0.0,186.0,929.0,65.0,0.0,1.0,1.0,1.0,1.0,2024
Botucatu,2,49.0,837.0,0.0,325.0,0.0,0.0,3.0,304.0,474.0,56.0,0.0,0.0,1.0,1.0,0.0,2024
Botucatu,2,50.0,835.0,0.0,265.0,0.0,0.0,3.0,257.0,555.0,20.0,0.0,0.0,1.0,1.0,1.0,2024
Botucatu,2,20.0,350.0,0.0,229.0,0.0,0.0,6.0,208.0,133.0,3.0,0.0,1.0,1.0,1.0,1.0,2024
Botucatu,2,17.0,346.0,0.0,204.0,0.0,0.0,2.0,201.0,141.0,2.0,0.0,1.0,1.0,1.0,0.0,2024
Botucatu,2,25.0,441.0,0.0,241.0,0.0,0.0,3.0,232.0,197.0,9.0,0.0,0.0,1.0,1.0,0.0,2024
Botucatu,2,,,,,,,,,,,,,,,,2024
Botucatu,2,23.0,359.0,0.0,215.0,0.0,0.0,1.0,205.0,150.0,3.0,0.0,0.0,1.0,1.0,1.0,2024
Botucatu,2,9.0,37.0,0.0,11.0,0.0,0.0,0.0,0.0,29.0,8.0,0.0,0.0,1.0,0.0,1.0,2024
Botucatu,2,,,,,,,,,,,,,,,,2024
Botucatu,2,,,,,,,,,,,,,,,,2024
Botucatu,2,8.0,1553.0,0.0,0.0,0.0,0.0,0.0,0.0,0.0,1553.0,0.0,0.0,1.0,0.0,0.0,2024
Botucatu,2,30.0,427.0,0.0,233.0,0.0,0.0,0.0,232.0,181.0,14.0,0.0,1.0,1.0,1.0,1.0,2024
Botucatu,2,,,,,,,,,,,,,,,,2024
Botucatu,2,36.0,385.0,0.0,183.0,0.0,0.0,2.0,173.0,186.0,24.0,0.0,1.0,1.0,1.0,1.0,2024
Botucatu,2,25.0,287.0,0.0,287.0,0.0,0.0,4.0,257.0,26.0,0.0,0.0,1.0,1.0,1.0,0.0,2024
Botucatu,2,3.0,16.0,0.0,0.0,16.0,0.0,0.0,0.0,0.0,0.0,0.0,0.0,1.0,0.0,1.0,2024
Botucatu,2,59.0,988.0,0.0,530.0,0.0,0.0,9.0,510.0,446.0,23.0,0.0,1.0,1.0,1.0,1.0,2024
Botucatu,2,6.0,38.0,0.0,0.0,37.0,1.0,0.0,0.0,0.0,0.0,0.0,1.0,1.0,0.0,1.0,2024
Botucatu,2,26.0,263.0,0.0,142.0,0.0,0.0,3.0,131.0,120.0,9.0,0.0,0.0,1.0,1.0,1.0,2024
Bragança Paulista,2,14.0,256.0,0.0,256.0,0.0,0.0,3.0,241.0,12.0,0.0,0.0,1.0,1.0,1.0,1.0,2024
Bragança Paulista,2,8.0,45.0,0.0,0.0,0.0,0.0,0.0,0.0,45.0,0.0,0.0,1.0,1.0,1.0,1.0,2024
Bragança Paulista,2,41.0,966.0,0.0,228.0,0.0,0.0,4.0,212.0,691.0,59.0,0.0,1.0,1.0,1.0,0.0,2024
Bragança Paulista,2,26.0,565.0,0.0,297.0,0.0,0.0,4.0,290.0,259.0,12.0,0.0,0.0,1.0,1.0,0.0,2024
Bragança Paulista,2,34.0,761.0,0.0,434.0,0.0,0.0,5.0,398.0,329.0,29.0,0.0,1.0,1.0,1.0,1.0,2024
Bragança Paulista,2,30.0,456.0,0.0,234.0,0.0,0.0,4.0,220.0,35.0,197.0,0.0,1.0,1.0,1.0,1.0,2024
Bragança Paulista,2,30.0,626.0,0.0,626.0,0.0,0.0,9.0,583.0,33.0,1.0,0.0,1.0,1.0,0.0,1.0,2024
Bragança Paulista,2,52.0,1052.0,0.0,570.0,0.0,0.0,10.0,531.0,487.0,24.0,0.0,1.0,1.0,1.0,1.0,2024
Bragança Paulista,2,21.0,395.0,0.0,395.0,0.0,0.0,7.0,373.0,14.0,1.0,0.0,1.0,1.0,1.0,0.0,2024
Bragança Paulista,2,,,,,,,,,,,,,,,,2024
Bragança Paulista,2,21.0,336.0,0.0,190.0,0.0,0.0,3.0,183.0,135.0,15.0,0.0,0.0,1.0,0.0,0.0,2024
Bragança Paulista,2,,,,,,,,,,,,,,,,2024
Bragança Paulista,2,31.0,703.0,0.0,400.0,0.0,0.0,6.0,365.0,303.0,29.0,0.0,0.0,1.0,1.0,1.0,2024
Bragança Paulista,2,7.0,65.0,0.0,0.0,0.0,0.0,0.0,0.0,0.0,65.0,0.0,1.0,1.0,1.0,1.0,2024
Bragança Paulista,2,,,,,,,,,,,,,,,,2024
Bragança Paulista,2,34.0,543.0,0.0,543.0,0.0,0.0,6.0,490.0,47.0,0.0,0.0,1.0,1.0,1.0,1.0,2024
Bragança Paulista,2,,,,,,,,,,,,,,,,2024
Bragança Paulista,2,28.0,656.0,0.0,455.0,0.0,0.0,4.0,434.0,204.0,14.0,0.0,1.0,1.0,1.0,0.0,2024
Bragança Paulista,2,16.0,330.0,0.0,330.0,0.0,0.0,3.0,311.0,16.0,0.0,0.0,1.0,1.0,1.0,1.0,2024
Bragança Paulista,2,,,,,,,,,,,,,,,,2024
Bragança Paulista,2,28.0,587.0,0.0,285.0,0.0,0.0,5.0,264.0,290.0,28.0,0.0,1.0,1.0,1.0,0.0,2024
Bragança Paulista,2,38.0,856.0,0.0,391.0,0.0,0.0,1.0,370.0,439.0,46.0,0.0,1.0,1.0,1.0,0.0,2024
Bragança Paulista,2,17.0,392.0,0.0,0.0,0.0,0.0,0.0,12.0,358.0,22.0,0.0,1.0,1.0,1.0,1.0,2024
Bragança Paulista,2,38.0,1105.0,0.0,464.0,0.0,0.0,5.0,431.0,596.0,73.0,0.0,0.0,1.0,1.0,1.0,2024
Bragança Paulista,2,26.0,662.0,0.0,317.0,0.0,0.0,5.0,301.0,310.0,46.0,0.0,1.0,1.0,0.0,0.0,2024
Bragança Paulista,2,16.0,386.0,0.0,212.0,0.0,0.0,4.0,202.0,167.0,13.0,0.0,0.0,1.0,1.0,0.0,2024
Bragança Paulista,2,37.0,939.0,0.0,318.0,0.0,0.0,5.0,300.0,571.0,63.0,0.0,1.0,1.0,1.0,1.0,2024
Braúna,2,26.0,459.0,0.0,249.0,0.0,0.0,1.0,228.0,213.0,17.0,0.0,1.0,1.0,1.0,0.0,2024
Braúna,2,10.0,18.0,8.0,6.0,0.0,4.0,7.0,7.0,0.0,0.0,0.0,0.0,1.0,0.0,0.0,2024
Brejo Alegre,2,21.0,338.0,0.0,157.0,0.0,0.0,0.0,148.0,178.0,12.0,0.0,0.0,1.0,1.0,1.0,2024
Brodowski,2,37.0,813.0,0.0,182.0,0.0,0.0,5.0,158.0,602.0,48.0,0.0,1.0,1.0,1.0,0.0,2024
Brodowski,2,,,,,,,,,,,,,,,,2024
Brotas,2,27.0,595.0,0.0,357.0,0.0,0.0,7.0,341.0,240.0,7.0,0.0,1.0,1.0,1.0,0.0,2024
Brotas,2,35.0,934.0,0.0,187.0,0.0,0.0,1.0,175.0,651.0,107.0,0.0,1.0,1.0,1.0,1.0,2024
Buri,2,38.0,795.0,0.0,0.0,0.0,0.0,0.0,14.0,731.0,50.0,0.0,1.0,1.0,1.0,1.0,2024
Buri,2,,,,,,,,,,,,,,,,2024
Buritama,2,39.0,825.0,0.0,343.0,0.0,0.0,6.0,342.0,458.0,19.0,0.0,1.0,1.0,1.0,1.0,2024
Buritama,2,33.0,617.0,0.0,421.0,0.0,0.0,8.0,416.0,186.0,7.0,0.0,1.0,1.0,1.0,1.0,2024
Buritizal,2,11.0,72.0,0.0,0.0,0.0,0.0,0.0,1.0,63.0,8.0,0.0,1.0,1.0,1.0,0.0,2024
Cabrália Paulista,2,21.0,348.0,0.0,219.0,0.0,0.0,5.0,208.0,121.0,14.0,0.0,1.0,1.0,1.0,1.0,2024
Cabrália Paulista,2,37.0,452.0,0.0,0.0,0.0,0.0,0.0,9.0,338.0,105.0,1.0,1.0,1.0,1.0,1.0,2024
Cabreúva,2,26.0,592.0,0.0,329.0,0.0,0.0,0.0,305.0,273.0,14.0,0.0,1.0,1.0,1.0,0.0,2024
Cabreúva,2,36.0,758.0,0.0,469.0,0.0,0.0,1.0,426.0,297.0,34.0,0.0,1.0,1.0,1.0,0.0,2024
Cabreúva,2,21.0,560.0,0.0,267.0,0.0,0.0,2.0,249.0,275.0,34.0,1.0,0.0,1.0,0.0,0.0,2024
Cabreúva,2,42.0,1363.0,0.0,630.0,0.0,0.0,1.0,565.0,712.0,85.0,1.0,1.0,1.0,1.0,0.0,2024
Cabreúva,2,48.0,1492.0,0.0,691.0,0.0,0.0,3.0,617.0,701.0,171.0,0.0,1.0,1.0,1.0,0.0,2024
Cabreúva,2,28.0,835.0,0.0,492.0,0.0,0.0,0.0,450.0,346.0,39.0,0.0,1.0,1.0,1.0,0.0,2024
Caçapava,2,14.0,176.0,0.0,123.0,0.0,0.0,3.0,120.0,48.0,5.0,0.0,1.0,1.0,1.0,1.0,2024
Caçapava,2,24.0,485.0,0.0,278.0,0.0,0.0,5.0,264.0,205.0,11.0,0.0,1.0,1.0,1.0,1.0,2024
Caçapava,2,39.0,514.0,0.0,223.0,0.0,0.0,3.0,213.0,177.0,121.0,0.0,1.0,1.0,1.0,0.0,2024
Caçapava,2,45.0,664.0,0.0,0.0,0.0,0.0,0.0,7.0,420.0,237.0,1.0,1.0,1.0,1.0,0.0,2024
Caçapava,2,18.0,344.0,0.0,235.0,0.0,0.0,3.0,222.0,114.0,5.0,0.0,0.0,1.0,1.0,1.0,2024
Caçapava,2,43.0,1053.0,0.0,377.0,0.0,0.0,5.0,363.0,623.0,62.0,0.0,1.0,1.0,1.0,1.0,2024
Caçapava,2,24.0,472.0,0.0,266.0,0.0,0.0,2.0,249.0,209.0,12.0,0.0,1.0,1.0,0.0,1.0,2024
Caçapava,2,19.0,347.0,0.0,238.0,0.0,0.0,4.0,221.0,114.0,8.0,0.0,0.0,1.0,1.0,1.0,2024
Caçapava,2,17.0,357.0,0.0,0.0,0.0,0.0,0.0,5.0,329.0,23.0,0.0,1.0,1.0,1.0,1.0,2024
Caçapava,2,30.0,439.0,0.0,274.0,0.0,0.0,4.0,243.0,182.0,10.0,0.0,1.0,1.0,1.0,1.0,2024
Caçapava,2,34.0,794.0,0.0,296.0,0.0,0.0,5.0,278.0,471.0,40.0,0.0,1.0,1.0,1.0,0.0,2024
Caçapava,2,34.0,732.0,0.0,435.0,0.0,0.0,4.0,406.0,309.0,13.0,0.0,0.0,1.0,1.0,0.0,2024
Caçapava,2,24.0,379.0,0.0,282.0,0.0,0.0,5.0,261.0,108.0,5.0,0.0,1.0,1.0,1.0,0.0,2024
Caçapava,2,,,,,,,,,,,0.0,0.0,1.0,0.0,0.0,2024
Cachoeira Paulista,2,,,,,,,,,,,,,,,,2024
Cachoeira Paulista,2,21.0,239.0,0.0,109.0,0.0,0.0,5.0,106.0,79.0,49.0,0.0,1.0,1.0,1.0,1.0,2024
Cachoeira Paulista,2,,,,,,,,,,,,,,,,2024
Cachoeira Paulista,2,14.0,207.0,0.0,207.0,0.0,0.0,3.0,190.0,14.0,0.0,0.0,0.0,1.0,1.0,1.0,2024
Cachoeira Paulista,2,16.0,221.0,0.0,115.0,0.0,0.0,4.0,105.0,107.0,5.0,0.0,1.0,1.0,1.0,1.0,2024
Cachoeira Paulista,2,18.0,278.0,0.0,187.0,0.0,0.0,7.0,168.0,96.0,7.0,0.0,0.0,1.0,1.0,1.0,2024
Cachoeira Paulista,2,13.0,216.0,0.0,128.0,0.0,0.0,4.0,120.0,83.0,9.0,0.0,0.0,1.0,1.0,0.0,2024
Cachoeira Paulista,2,14.0,241.0,0.0,93.0,0.0,0.0,2.0,95.0,130.0,14.0,0.0,1.0,1.0,1.0,0.0,2024
Cachoeira Paulista,2,,,,,,,,,,,,,,,,2024
Cachoeira Paulista,2,,,,,,,,,,,,,,,,2024
Cachoeira Paulista,2,,,,,,,,,,,,,,,,2024
Cachoeira Paulista,2,,,,,,,,,,,,,,,,2024
Cachoeira Paulista,2,,,,,,,,,,,,,,,,2024
Cachoeira Paulista,2,,,,,,,,,,,,,,,,2024
Cachoeira Paulista,2,,,,,,,,,,,,,,,,2024
Cachoeira Paulista,2,,,,,,,,,,,,,,,,2024
Cachoeira Paulista,2,43.0,617.0,0.0,0.0,0.0,0.0,0.0,26.0,357.0,234.0,1.0,1.0,1.0,1.0,1.0,2024
Cachoeira Paulista,2,,,,,,,,,,,,,,,,2024
Cachoeira Paulista,2,13.0,53.0,0.0,19.0,0.0,0.0,0.0,19.0,33.0,1.0,0.0,1.0,1.0,1.0,1.0,2024
Cachoeira Paulista,2,17.0,162.0,0.0,78.0,0.0,0.0,2.0,72.0,82.0,6.0,0.0,1.0,1.0,1.0,1.0,2024
Caconde,2,,,,,,,,,,,,,,,,2024
Caconde,2,27.0,566.0,0.0,364.0,0.0,0.0,4.0,352.0,190.0,20.0,0.0,0.0,1.0,1.0,1.0,2024
Caconde,2,28.0,583.0,0.0,262.0,0.0,0.0,4.0,249.0,294.0,36.0,0.0,1.0,1.0,1.0,1.0,2024
Caconde,2,23.0,258.0,83.0,70.0,0.0,1.0,82.0,70.0,88.0,17.0,0.0,1.0,1.0,1.0,1.0,2024
Cafelândia,2,,,,,,,,,,,,,,,,2024
Cafelândia,2,16.0,303.0,0.0,303.0,0.0,0.0,6.0,277.0,20.0,0.0,0.0,0.0,1.0,1.0,0.0,2024
Cafelândia,2,48.0,691.0,0.0,0.0,0.0,0.0,0.0,5.0,438.0,248.0,1.0,1.0,1.0,1.0,1.0,2024
Cafelândia,2,32.0,612.0,0.0,387.0,0.0,0.0,9.0,353.0,217.0,33.0,0.0,0.0,1.0,1.0,1.0,2024
Cafelândia,2,,,,,,,,,,,,,,,,2024
Cafelândia,2,23.0,171.0,55.0,50.0,0.0,0.0,57.0,46.0,60.0,8.0,0.0,1.0,1.0,0.0,0.0,2024
Cafelândia,2,22.0,173.0,61.0,69.0,0.0,0.0,62.0,63.0,44.0,4.0,0.0,0.0,1.0,1.0,0.0,2024
Caiabu,2,32.0,300.0,0.0,189.0,0.0,0.0,7.0,181.0,101.0,11.0,1.0,1.0,1.0,1.0,0.0,2024
Caieiras,2,43.0,1084.0,0.0,383.0,0.0,0.0,5.0,374.0,681.0,24.0,0.0,1.0,1.0,1.0,1.0,2024
Caieiras,2,14.0,258.0,0.0,258.0,0.0,0.0,8.0,249.0,1.0,0.0,0.0,1.0,1.0,1.0,1.0,2024
Caieiras,2,23.0,377.0,0.0,145.0,0.0,0.0,4.0,135.0,224.0,14.0,0.0,0.0,1.0,1.0,0.0,2024
Caieiras,2,26.0,564.0,0.0,431.0,0.0,0.0,6.0,413.0,142.0,3.0,0.0,0.0,1.0,1.0,0.0,2024
Caieiras,2,,,,,,,,,,,,,,,,2024
Caieiras,2,30.0,1059.0,0.0,338.0,0.0,0.0,5.0,337.0,692.0,25.0,0.0,0.0,1.0,1.0,0.0,2024
Caieiras,2,11.0,237.0,0.0,0.0,0.0,0.0,0.0,5.0,230.0,2.0,0.0,0.0,1.0,1.0,1.0,2024
Caieiras,2,36.0,638.0,0.0,512.0,0.0,0.0,8.0,492.0,12.0,126.0,0.0,1.0,1.0,0.0,0.0,2024
Caieiras,2,24.0,392.0,165.0,227.0,0.0,0.0,164.0,222.0,6.0,0.0,0.0,1.0,1.0,1.0,0.0,2024
Caieiras,2,35.0,749.0,0.0,308.0,0.0,0.0,10.0,298.0,417.0,24.0,0.0,1.0,1.0,0.0,1.0,2024
Caieiras,2,,,,,,,,,,,0.0,0.0,1.0,0.0,1.0,2024
Caieiras,2,30.0,510.0,0.0,0.0,0.0,0.0,0.0,6.0,348.0,156.0,0.0,1.0,1.0,0.0,1.0,2024
Caieiras,2,66.0,1731.0,0.0,802.0,0.0,0.0,11.0,774.0,909.0,37.0,0.0,1.0,1.0,1.0,1.0,2024
Caieiras,2,14.0,267.0,0.0,267.0,0.0,0.0,2.0,263.0,2.0,0.0,0.0,1.0,1.0,1.0,0.0,2024
Caieiras,2,,,,,,,,,,,,,,,,2024
Caieiras,2,23.0,556.0,0.0,366.0,0.0,0.0,9.0,356.0,186.0,5.0,0.0,1.0,1.0,1.0,0.0,2024
Caieiras,2,19.0,282.0,0.0,158.0,0.0,0.0,4.0,156.0,119.0,3.0,0.0,1.0,1.0,1.0,1.0,2024
Caieiras,2,29.0,584.0,0.0,351.0,0.0,0.0,4.0,340.0,231.0,9.0,0.0,1.0,1.0,1.0,1.0,2024
Caiuá,2,6.0,98.0,0.0,0.0,0.0,0.0,0.0,0.0,0.0,98.0,0.0,0.0,1.0,0.0,0.0,2024
Caiuá,2,19.0,138.0,0.0,83.0,0.0,0.0,0.0,80.0,52.0,6.0,0.0,1.0,1.0,1.0,0.0,2024
Caiuá,2,13.0,172.0,0.0,100.0,0.0,0.0,2.0,94.0,69.0,7.0,0.0,1.0,1.0,1.0,1.0,2024
Cajamar,2,35.0,703.0,0.0,0.0,0.0,0.0,0.0,14.0,584.0,105.0,1.0,0.0,1.0,1.0,1.0,2024
Cajamar,2,,,,,,,,,,,,,,,,2024
Cajamar,2,31.0,572.0,0.0,0.0,0.0,0.0,0.0,9.0,467.0,96.0,1.0,1.0,1.0,1.0,1.0,2024
Cajamar,2,,,,,,,,,,,0.0,0.0,1.0,0.0,0.0,2024
Cajamar,2,25.0,428.0,0.0,0.0,0.0,0.0,0.0,12.0,406.0,10.0,0.0,1.0,1.0,1.0,0.0,2024
Cajamar,2,33.0,990.0,0.0,0.0,0.0,0.0,0.0,18.0,910.0,62.0,0.0,1.0,1.0,1.0,1.0,2024
Cajamar,2,21.0,380.0,0.0,0.0,0.0,0.0,0.0,7.0,367.0,6.0,0.0,0.0,1.0,1.0,0.0,2024
Cajamar,2,42.0,1201.0,0.0,0.0,0.0,0.0,0.0,23.0,1035.0,143.0,0.0,1.0,1.0,1.0,0.0,2024
Cajamar,2,,,,,,,,,,,,,,,,2024
Cajati,2,30.0,533.0,0.0,408.0,0.0,0.0,5.0,384.0,137.0,7.0,0.0,0.0,1.0,1.0,1.0,2024
Cajati,2,56.0,1287.0,0.0,619.0,0.0,0.0,15.0,575.0,628.0,69.0,0.0,1.0,1.0,1.0,0.0,2024
Cajati,2,31.0,602.0,0.0,458.0,0.0,0.0,14.0,420.0,160.0,8.0,1.0,1.0,1.0,1.0,1.0,2024
Cajati,2,16.0,207.0,0.0,132.0,0.0,0.0,1.0,120.0,84.0,2.0,0.0,1.0,1.0,1.0,0.0,2024
Cajati,2,15.0,236.0,0.0,145.0,0.0,0.0,2.0,138.0,92.0,4.0,0.0,1.0,1.0,1.0,0.0,2024
Cajobi,2,14.0,190.0,0.0,0.0,0.0,0.0,0.0,3.0,181.0,6.0,0.0,1.0,1.0,1.0,1.0,2024
Cajuru,2,36.0,722.0,0.0,389.0,0.0,0.0,6.0,376.0,331.0,9.0,0.0,1.0,1.0,1.0,1.0,2024
Cajuru,2,29.0,461.0,0.0,246.0,0.0,0.0,1.0,226.0,221.0,13.0,0.0,1.0,1.0,1.0,1.0,2024
Cajuru,2,36.0,623.0,0.0,262.0,0.0,0.0,4.0,248.0,309.0,62.0,0.0,0.0,1.0,1.0,1.0,2024
Cajuru,2,,,,,,,,,,,,,,,,2024
Campina do Monte Alegre,2,25.0,338.0,0.0,0.0,0.0,0.0,0.0,3.0,278.0,57.0,0.0,1.0,1.0,1.0,0.0,2024
Campinas,2,19.0,56.0,0.0,0.0,56.0,0.0,0.0,0.0,0.0,0.0,0.0,0.0,1.0,0.0,1.0,2024
Campinas,2,34.0,189.0,0.0,0.0,69.0,114.0,6.0,0.0,0.0,0.0,0.0,0.0,1.0,0.0,1.0,2024
Campinas,2,25.0,98.0,0.0,0.0,64.0,31.0,3.0,0.0,0.0,0.0,1.0,0.0,1.0,0.0,1.0,2024
Campinas,2,,,,,,,,,,,,,,,,2024
Campinas,2,24.0,448.0,0.0,356.0,0.0,0.0,0.0,338.0,105.0,5.0,0.0,0.0,1.0,0.0,0.0,2024
Campinas,2,24.0,446.0,446.0,0.0,0.0,0.0,424.0,22.0,0.0,0.0,0.0,1.0,1.0,1.0,1.0,2024
Campinas,2,19.0,308.0,308.0,0.0,0.0,0.0,296.0,12.0,0.0,0.0,0.0,0.0,1.0,1.0,1.0,2024
Campinas,2,20.0,307.0,0.0,248.0,0.0,0.0,0.0,226.0,78.0,3.0,0.0,1.0,1.0,0.0,0.0,2024
Campinas,2,13.0,215.0,0.0,131.0,0.0,0.0,0.0,124.0,88.0,3.0,0.0,1.0,1.0,1.0,0.0,2024
Campinas,2,24.0,527.0,527.0,0.0,0.0,0.0,510.0,17.0,0.0,0.0,0.0,1.0,1.0,1.0,0.0,2024
Campinas,2,34.0,683.0,235.0,250.0,0.0,0.0,222.0,234.0,207.0,20.0,0.0,1.0,1.0,1.0,1.0,2024
Campinas,2,22.0,337.0,195.0,142.0,0.0,0.0,191.0,129.0,17.0,0.0,1.0,1.0,1.0,1.0,0.0,2024
Campinas,2,26.0,501.0,0.0,164.0,0.0,0.0,1.0,143.0,329.0,28.0,0.0,1.0,1.0,1.0,1.0,2024
Campinas,2,35.0,526.0,0.0,280.0,0.0,0.0,1.0,250.0,252.0,23.0,0.0,1.0,1.0,1.0,1.0,2024
Campinas,2,33.0,696.0,0.0,343.0,0.0,0.0,3.0,315.0,352.0,26.0,0.0,1.0,1.0,1.0,1.0,2024
Campinas,2,33.0,591.0,0.0,187.0,0.0,0.0,0.0,158.0,414.0,19.0,0.0,1.0,1.0,1.0,1.0,2024
Campinas,2,45.0,827.0,0.0,476.0,0.0,0.0,1.0,446.0,349.0,31.0,0.0,1.0,1.0,1.0,1.0,2024
Campinas,2,22.0,333.0,0.0,207.0,0.0,0.0,3.0,196.0,130.0,4.0,0.0,1.0,1.0,1.0,1.0,2024
Campinas,2,24.0,417.0,0.0,290.0,0.0,0.0,2.0,276.0,131.0,8.0,0.0,1.0,1.0,1.0,1.0,2024
Campinas,2,20.0,273.0,0.0,0.0,0.0,0.0,0.0,3.0,253.0,17.0,0.0,1.0,1.0,1.0,0.0,2024
Campinas,2,60.0,1164.0,239.0,256.0,0.0,0.0,225.0,246.0,563.0,130.0,0.0,0.0,1.0,1.0,1.0,2024
Campinas,2,41.0,830.0,0.0,384.0,0.0,0.0,0.0,369.0,443.0,18.0,0.0,0.0,1.0,1.0,0.0,2024
Campinas,2,22.0,560.0,0.0,0.0,0.0,0.0,0.0,6.0,527.0,27.0,0.0,1.0,1.0,1.0,0.0,2024
Campinas,2,23.0,457.0,0.0,457.0,0.0,0.0,0.0,429.0,28.0,0.0,0.0,1.0,1.0,1.0,1.0,2024
Campinas,2,20.0,426.0,426.0,0.0,0.0,0.0,416.0,10.0,0.0,0.0,1.0,1.0,1.0,1.0,0.0,2024
Campinas,2,17.0,279.0,0.0,210.0,0.0,0.0,2.0,200.0,77.0,0.0,0.0,1.0,1.0,1.0,1.0,2024
Campinas,2,93.0,1289.0,0.0,0.0,0.0,0.0,0.0,6.0,722.0,561.0,1.0,1.0,1.0,1.0,1.0,2024
Campinas,2,24.0,393.0,393.0,0.0,0.0,0.0,371.0,22.0,0.0,0.0,0.0,1.0,1.0,1.0,1.0,2024
Campinas,2,35.0,456.0,160.0,118.0,0.0,0.0,153.0,114.0,171.0,18.0,0.0,1.0,1.0,1.0,0.0,2024
Campinas,2,14.0,239.0,0.0,239.0,0.0,0.0,0.0,221.0,18.0,0.0,0.0,0.0,1.0,1.0,0.0,2024
Campinas,2,24.0,474.0,474.0,0.0,0.0,0.0,454.0,20.0,0.0,0.0,0.0,1.0,1.0,1.0,1.0,2024
Campinas,2,23.0,403.0,0.0,272.0,0.0,0.0,0.0,260.0,139.0,4.0,1.0,1.0,1.0,1.0,1.0,2024
Campinas,2,19.0,462.0,462.0,0.0,0.0,0.0,450.0,12.0,0.0,0.0,0.0,1.0,1.0,0.0,1.0,2024
Campinas,2,30.0,567.0,0.0,221.0,0.0,0.0,1.0,212.0,327.0,27.0,0.0,1.0,1.0,1.0,0.0,2024
Campinas,2,46.0,1208.0,306.0,318.0,0.0,0.0,292.0,307.0,541.0,68.0,0.0,1.0,1.0,1.0,0.0,2024
Campinas,2,18.0,354.0,354.0,0.0,0.0,0.0,345.0,9.0,0.0,0.0,0.0,1.0,1.0,1.0,0.0,2024
Campinas,2,39.0,614.0,196.0,219.0,0.0,0.0,191.0,198.0,213.0,12.0,0.0,1.0,1.0,1.0,1.0,2024
Campinas,2,15.0,268.0,268.0,0.0,0.0,0.0,257.0,11.0,0.0,0.0,0.0,0.0,1.0,1.0,0.0,2024
Campinas,2,14.0,226.0,226.0,0.0,0.0,0.0,209.0,17.0,0.0,0.0,0.0,1.0,1.0,1.0,0.0,2024
Campinas,2,12.0,258.0,0.0,0.0,0.0,0.0,0.0,6.0,246.0,6.0,0.0,1.0,1.0,1.0,0.0,2024
Campinas,2,49.0,1043.0,0.0,162.0,0.0,0.0,0.0,146.0,744.0,153.0,0.0,1.0,1.0,1.0,1.0,2024
Campinas,2,22.0,349.0,0.0,262.0,0.0,0.0,0.0,246.0,91.0,12.0,0.0,1.0,1.0,1.0,0.0,2024
Campinas,2,32.0,747.0,747.0,0.0,0.0,0.0,706.0,41.0,0.0,0.0,0.0,1.0,1.0,1.0,0.0,2024
Campinas,2,16.0,265.0,265.0,0.0,0.0,0.0,252.0,13.0,0.0,0.0,0.0,1.0,1.0,1.0,0.0,2024
Campinas,2,55.0,1060.0,268.0,218.0,0.0,0.0,260.0,203.0,480.0,117.0,0.0,1.0,1.0,1.0,1.0,2024
Campinas,2,23.0,524.0,524.0,0.0,0.0,0.0,498.0,26.0,0.0,0.0,0.0,1.0,1.0,1.0,0.0,2024
Campinas,2,40.0,638.0,230.0,228.0,0.0,0.0,217.0,230.0,179.0,12.0,0.0,1.0,1.0,1.0,1.0,2024
Campinas,2,18.0,434.0,434.0,0.0,0.0,0.0,423.0,11.0,0.0,0.0,0.0,1.0,1.0,1.0,0.0,2024
Campinas,2,16.0,279.0,0.0,279.0,0.0,0.0,1.0,266.0,12.0,0.0,0.0,0.0,1.0,1.0,0.0,2024
Campinas,2,24.0,512.0,0.0,512.0,0.0,0.0,0.0,492.0,20.0,0.0,0.0,1.0,1.0,1.0,1.0,2024
Campinas,2,22.0,395.0,0.0,247.0,0.0,0.0,0.0,232.0,156.0,7.0,0.0,1.0,1.0,1.0,0.0,2024
Campinas,2,76.0,1979.0,0.0,546.0,0.0,0.0,0.0,492.0,1204.0,283.0,1.0,1.0,1.0,1.0,1.0,2024
Campinas,2,27.0,561.0,0.0,242.0,0.0,0.0,1.0,223.0,305.0,32.0,0.0,1.0,1.0,1.0,0.0,2024
Campinas,2,63.0,1104.0,320.0,244.0,0.0,0.0,295.0,242.0,447.0,120.0,0.0,1.0,1.0,1.0,0.0,2024
Campinas,2,22.0,453.0,453.0,0.0,0.0,0.0,437.0,16.0,0.0,0.0,0.0,0.0,1.0,1.0,1.0,2024
Campinas,2,18.0,326.0,326.0,0.0,0.0,0.0,314.0,12.0,0.0,0.0,0.0,1.0,1.0,1.0,0.0,2024
Campinas,2,30.0,480.0,0.0,263.0,0.0,0.0,1.0,242.0,205.0,32.0,0.0,1.0,1.0,1.0,0.0,2024
Campinas,2,18.0,411.0,0.0,0.0,0.0,0.0,0.0,5.0,376.0,30.0,0.0,1.0,1.0,1.0,0.0,2024
Campinas,2,18.0,281.0,0.0,228.0,0.0,0.0,2.0,210.0,67.0,2.0,0.0,1.0,1.0,1.0,0.0,2024
Campinas,2,31.0,555.0,247.0,233.0,0.0,0.0,235.0,224.0,92.0,4.0,0.0,1.0,1.0,1.0,1.0,2024
Campinas,2,22.0,341.0,0.0,225.0,0.0,0.0,0.0,206.0,130.0,5.0,0.0,0.0,1.0,1.0,1.0,2024
Campinas,2,18.0,298.0,298.0,0.0,0.0,0.0,290.0,8.0,0.0,0.0,0.0,1.0,1.0,1.0,0.0,2024
Campinas,2,11.0,125.0,125.0,0.0,0.0,0.0,114.0,11.0,0.0,0.0,1.0,1.0,1.0,1.0,1.0,2024
Campinas,2,24.0,455.0,0.0,227.0,0.0,0.0,0.0,210.0,233.0,12.0,0.0,0.0,1.0,1.0,0.0,2024
Campinas,2,16.0,257.0,257.0,0.0,0.0,0.0,250.0,7.0,0.0,0.0,0.0,1.0,1.0,1.0,0.0,2024
Campinas,2,17.0,316.0,0.0,316.0,0.0,0.0,3.0,287.0,26.0,0.0,0.0,1.0,1.0,1.0,0.0,2024
Campinas,2,66.0,1665.0,741.0,486.0,0.0,0.0,704.0,483.0,414.0,64.0,0.0,0.0,1.0,1.0,1.0,2024
Campinas,2,54.0,1650.0,0.0,587.0,0.0,0.0,1.0,546.0,998.0,105.0,1.0,1.0,1.0,1.0,1.0,2024
Campinas,2,27.0,400.0,179.0,151.0,0.0,0.0,171.0,143.0,79.0,7.0,0.0,1.0,1.0,1.0,0.0,2024
Campinas,2,17.0,186.0,186.0,0.0,0.0,0.0,178.0,8.0,0.0,0.0,0.0,1.0,1.0,1.0,0.0,2024
Campinas,2,20.0,401.0,0.0,254.0,0.0,0.0,1.0,236.0,152.0,12.0,0.0,1.0,1.0,1.0,1.0,2024
Campinas,2,15.0,274.0,274.0,0.0,0.0,0.0,265.0,9.0,0.0,0.0,0.0,1.0,1.0,1.0,1.0,2024
Campinas,2,12.0,171.0,0.0,171.0,0.0,0.0,0.0,161.0,10.0,0.0,0.0,1.0,1.0,1.0,0.0,2024
Campinas,2,31.0,639.0,639.0,0.0,0.0,0.0,612.0,27.0,0.0,0.0,1.0,1.0,1.0,1.0,1.0,2024
Campinas,2,14.0,256.0,256.0,0.0,0.0,0.0,249.0,7.0,0.0,0.0,0.0,0.0,1.0,1.0,1.0,2024
Campinas,2,21.0,347.0,0.0,240.0,0.0,0.0,1.0,222.0,119.0,5.0,0.0,1.0,1.0,1.0,0.0,2024
Campinas,2,44.0,828.0,85.0,584.0,0.0,0.0,64.0,577.0,178.0,9.0,0.0,1.0,1.0,1.0,0.0,2024
Campinas,2,20.0,406.0,0.0,282.0,0.0,0.0,1.0,276.0,124.0,5.0,0.0,1.0,1.0,1.0,0.0,2024
Campinas,2,50.0,1106.0,0.0,0.0,0.0,0.0,0.0,6.0,809.0,291.0,1.0,0.0,1.0,0.0,1.0,2024
Campinas,2,66.0,1547.0,0.0,0.0,0.0,0.0,0.0,8.0,785.0,754.0,1.0,1.0,1.0,1.0,1.0,2024
Campinas,2,82.0,2168.0,536.0,451.0,0.0,0.0,514.0,434.0,1086.0,134.0,0.0,1.0,1.0,1.0,1.0,2024
Campinas,2,37.0,954.0,0.0,345.0,0.0,0.0,0.0,292.0,504.0,158.0,0.0,1.0,1.0,1.0,0.0,2024
Campinas,2,26.0,716.0,716.0,0.0,0.0,0.0,695.0,21.0,0.0,0.0,0.0,0.0,1.0,1.0,1.0,2024
Campinas,2,77.0,1518.0,383.0,389.0,0.0,0.0,365.0,355.0,633.0,165.0,1.0,1.0,1.0,1.0,1.0,2024
Campinas,2,23.0,471.0,471.0,0.0,0.0,0.0,447.0,24.0,0.0,0.0,0.0,0.0,1.0,1.0,1.0,2024
Campinas,2,21.0,343.0,343.0,0.0,0.0,0.0,327.0,16.0,0.0,0.0,1.0,1.0,1.0,1.0,0.0,2024
Campinas,2,14.0,270.0,270.0,0.0,0.0,0.0,257.0,13.0,0.0,0.0,0.0,1.0,1.0,1.0,1.0,2024
Campinas,2,11.0,95.0,95.0,0.0,0.0,0.0,93.0,2.0,0.0,0.0,0.0,1.0,1.0,0.0,0.0,2024
Campinas,2,90.0,2581.0,674.0,650.0,0.0,0.0,650.0,642.0,1178.0,111.0,0.0,1.0,1.0,1.0,1.0,2024
Campinas,2,25.0,501.0,501.0,0.0,0.0,0.0,481.0,20.0,0.0,0.0,0.0,1.0,1.0,1.0,1.0,2024
Campinas,2,39.0,951.0,0.0,306.0,0.0,0.0,1.0,282.0,588.0,80.0,0.0,1.0,1.0,1.0,1.0,2024
Campinas,2,21.0,967.0,0.0,0.0,0.0,0.0,0.0,2.0,851.0,114.0,0.0,0.0,1.0,1.0,1.0,2024
Campinas,2,38.0,966.0,251.0,287.0,0.0,0.0,234.0,277.0,395.0,60.0,0.0,1.0,1.0,1.0,1.0,2024
Campinas,2,64.0,1656.0,228.0,619.0,0.0,0.0,208.0,581.0,742.0,125.0,0.0,1.0,1.0,1.0,1.0,2024
Campinas,2,10.0,52.0,0.0,28.0,0.0,0.0,0.0,0.0,33.0,19.0,0.0,0.0,1.0,1.0,0.0,2024
Campinas,2,,,,,,,,,,,,,,,,2024
Campinas,2,64.0,1435.0,540.0,439.0,0.0,0.0,507.0,434.0,455.0,39.0,0.0,1.0,1.0,1.0,1.0,2024
Campinas,2,55.0,1206.0,523.0,292.0,0.0,0.0,493.0,289.0,259.0,165.0,0.0,1.0,1.0,1.0,1.0,2024
Campinas,2,,,,,,,,,,,,,,,,2024
Campinas,2,,,,,,,,,,,,,,,,2024
Campinas,2,49.0,1279.0,66.0,514.0,0.0,0.0,57.0,467.0,659.0,96.0,0.0,1.0,1.0,1.0,1.0,2024
Campinas,2,33.0,738.0,0.0,313.0,0.0,0.0,0.0,288.0,355.0,95.0,0.0,1.0,1.0,1.0,1.0,2024
Campinas,2,7.0,20.0,0.0,0.0,0.0,0.0,0.0,0.0,0.0,20.0,0.0,0.0,0.0,0.0,0.0,2024
Campinas,2,10.0,319.0,0.0,0.0,0.0,0.0,0.0,0.0,0.0,319.0,0.0,0.0,0.0,0.0,0.0,2024
Campinas,2,,,,,,,,,,,,,,,,2024
Campinas,2,,,,,,,,,,,,,,,,2024
Campinas,2,27.0,517.0,245.0,272.0,0.0,0.0,236.0,266.0,15.0,0.0,0.0,0.0,1.0,1.0,1.0,2024
Campinas,2,11.0,47.0,0.0,32.0,0.0,0.0,0.0,5.0,42.0,0.0,0.0,0.0,1.0,1.0,0.0,2024
Campinas,2,,,,,,,,,,,,,,,,2024
Campinas,2,78.0,2126.0,1068.0,332.0,0.0,0.0,995.0,365.0,641.0,125.0,0.0,1.0,1.0,1.0,1.0,2024
Campinas,2,23.0,313.0,194.0,119.0,0.0,0.0,182.0,117.0,14.0,0.0,0.0,1.0,1.0,1.0,1.0,2024
Campinas,2,,,,,,,,,,,,,,,,2024
Campinas,2,40.0,648.0,255.0,194.0,0.0,0.0,246.0,187.0,199.0,16.0,0.0,1.0,1.0,1.0,1.0,2024
Campinas,2,41.0,1036.0,573.0,463.0,0.0,0.0,545.0,455.0,36.0,0.0,1.0,1.0,1.0,1.0,1.0,2024
Campinas,2,31.0,512.0,141.0,134.0,0.0,0.0,138.0,123.0,207.0,44.0,0.0,1.0,1.0,1.0,0.0,2024
Campinas,2,28.0,601.0,0.0,454.0,0.0,0.0,0.0,415.0,175.0,11.0,0.0,1.0,1.0,1.0,1.0,2024
Campinas,2,17.0,272.0,272.0,0.0,0.0,0.0,264.0,8.0,0.0,0.0,0.0,0.0,1.0,1.0,1.0,2024
Campinas,2,31.0,605.0,0.0,468.0,0.0,0.0,0.0,447.0,153.0,5.0,1.0,1.0,1.0,1.0,1.0,2024
Campinas,2,97.0,3281.0,1100.0,1138.0,0.0,0.0,1053.0,1083.0,897.0,248.0,0.0,1.0,1.0,1.0,1.0,2024
Campinas,2,46.0,1126.0,383.0,294.0,0.0,0.0,355.0,296.0,423.0,52.0,0.0,1.0,1.0,1.0,1.0,2024
Campinas,2,20.0,385.0,0.0,279.0,0.0,0.0,0.0,263.0,117.0,5.0,0.0,1.0,1.0,1.0,0.0,2024
Campinas,2,29.0,532.0,0.0,207.0,0.0,0.0,1.0,182.0,308.0,41.0,0.0,0.0,1.0,1.0,1.0,2024
Campinas,2,18.0,390.0,390.0,0.0,0.0,0.0,376.0,14.0,0.0,0.0,0.0,1.0,1.0,1.0,0.0,2024
Campinas,2,50.0,1407.0,0.0,542.0,0.0,0.0,2.0,517.0,778.0,110.0,0.0,1.0,1.0,1.0,1.0,2024
Campinas,2,11.0,240.0,240.0,0.0,0.0,0.0,232.0,8.0,0.0,0.0,0.0,1.0,1.0,0.0,0.0,2024
Campinas,2,25.0,598.0,598.0,0.0,0.0,0.0,587.0,11.0,0.0,0.0,0.0,1.0,1.0,1.0,1.0,2024
Campinas,2,15.0,259.0,131.0,128.0,0.0,0.0,126.0,123.0,10.0,0.0,0.0,1.0,1.0,1.0,1.0,2024
Campinas,2,24.0,631.0,631.0,0.0,0.0,0.0,618.0,13.0,0.0,0.0,0.0,0.0,1.0,1.0,1.0,2024
Campinas,2,35.0,900.0,900.0,0.0,0.0,0.0,855.0,45.0,0.0,0.0,0.0,1.0,1.0,1.0,1.0,2024
Campinas,2,14.0,366.0,366.0,0.0,0.0,1.0,354.0,11.0,0.0,0.0,0.0,1.0,1.0,1.0,0.0,2024
Campinas,2,63.0,1845.0,561.0,465.0,0.0,0.0,532.0,442.0,781.0,90.0,0.0,1.0,1.0,1.0,1.0,2024
Campinas,2,36.0,779.0,0.0,512.0,0.0,0.0,0.0,477.0,286.0,16.0,0.0,1.0,1.0,1.0,1.0,2024
Campinas,2,55.0,1334.0,63.0,559.0,0.0,0.0,44.0,536.0,670.0,84.0,0.0,1.0,1.0,1.0,0.0,2024
Campinas,2,38.0,615.0,244.0,209.0,0.0,1.0,232.0,198.0,158.0,26.0,0.0,0.0,1.0,1.0,1.0,2024
Campinas,2,88.0,2903.0,1114.0,687.0,0.0,0.0,1032.0,705.0,981.0,185.0,0.0,1.0,1.0,1.0,1.0,2024
Campinas,2,28.0,364.0,0.0,191.0,0.0,0.0,1.0,179.0,172.0,12.0,0.0,1.0,1.0,1.0,0.0,2024
Campinas,2,9.0,142.0,142.0,0.0,0.0,0.0,140.0,2.0,0.0,0.0,0.0,1.0,1.0,1.0,1.0,2024
Campinas,2,26.0,658.0,658.0,0.0,0.0,0.0,629.0,29.0,0.0,0.0,0.0,1.0,1.0,1.0,0.0,2024
Campinas,2,27.0,672.0,672.0,0.0,0.0,0.0,654.0,18.0,0.0,0.0,0.0,1.0,1.0,0.0,1.0,2024
Campinas,2,19.0,219.0,78.0,141.0,0.0,0.0,77.0,136.0,6.0,0.0,0.0,0.0,1.0,1.0,0.0,2024
Campinas,2,,,,,,,,,,,,,,,,2024
Campinas,2,17.0,305.0,305.0,0.0,0.0,0.0,297.0,8.0,0.0,0.0,0.0,1.0,1.0,1.0,0.0,2024
Campinas,2,22.0,408.0,166.0,142.0,0.0,0.0,157.0,140.0,105.0,6.0,0.0,1.0,1.0,1.0,0.0,2024
Campinas,2,34.0,671.0,270.0,186.0,0.0,0.0,262.0,180.0,221.0,8.0,0.0,1.0,1.0,1.0,1.0,2024
Campinas,2,24.0,350.0,203.0,147.0,0.0,0.0,192.0,151.0,7.0,0.0,0.0,0.0,1.0,1.0,1.0,2024
Campinas,2,27.0,432.0,432.0,0.0,0.0,0.0,428.0,4.0,0.0,0.0,0.0,1.0,1.0,1.0,1.0,2024
Campinas,2,58.0,2156.0,729.0,480.0,0.0,0.0,688.0,487.0,889.0,92.0,0.0,1.0,1.0,1.0,1.0,2024
Campinas,2,23.0,563.0,563.0,0.0,0.0,0.0,542.0,21.0,0.0,0.0,1.0,1.0,1.0,0.0,1.0,2024
Campinas,2,50.0,1269.0,389.0,383.0,0.0,0.0,364.0,375.0,480.0,50.0,0.0,1.0,1.0,1.0,1.0,2024
Campinas,2,27.0,558.0,217.0,267.0,0.0,0.0,202.0,269.0,80.0,7.0,0.0,1.0,1.0,1.0,0.0,2024
Campinas,2,29.0,413.0,205.0,208.0,0.0,0.0,197.0,208.0,8.0,0.0,0.0,0.0,1.0,1.0,1.0,2024
Campinas,2,13.0,234.0,234.0,0.0,0.0,0.0,222.0,12.0,0.0,0.0,0.0,0.0,1.0,1.0,0.0,2024
Campinas,2,30.0,757.0,757.0,0.0,0.0,0.0,730.0,27.0,0.0,0.0,0.0,0.0,1.0,0.0,1.0,2024
Campinas,2,44.0,1195.0,0.0,528.0,0.0,0.0,0.0,491.0,596.0,108.0,0.0,1.0,1.0,1.0,0.0,2024
Campinas,2,50.0,1111.0,0.0,448.0,0.0,0.0,0.0,427.0,517.0,167.0,0.0,1.0,1.0,1.0,1.0,2024
Campinas,2,54.0,1211.0,145.0,476.0,0.0,0.0,119.0,462.0,549.0,81.0,0.0,1.0,1.0,1.0,1.0,2024
Campinas,2,28.0,867.0,867.0,0.0,0.0,0.0,833.0,34.0,0.0,0.0,0.0,0.0,1.0,1.0,1.0,2024
Campinas,2,46.0,931.0,0.0,289.0,0.0,0.0,3.0,280.0,584.0,64.0,0.0,1.0,1.0,1.0,1.0,2024
Campinas,2,22.0,496.0,496.0,0.0,0.0,0.0,479.0,17.0,0.0,0.0,0.0,1.0,1.0,1.0,1.0,2024
Campinas,2,30.0,619.0,619.0,0.0,0.0,0.0,596.0,23.0,0.0,0.0,0.0,1.0,1.0,1.0,1.0,2024
Campinas,2,46.0,967.0,0.0,316.0,0.0,0.0,0.0,283.0,620.0,64.0,0.0,1.0,1.0,1.0,1.0,2024
Campinas,2,32.0,649.0,649.0,0.0,0.0,0.0,620.0,29.0,0.0,0.0,0.0,1.0,1.0,1.0,1.0,2024
Campinas,2,66.0,1391.0,591.0,404.0,0.0,0.0,565.0,383.0,375.0,68.0,0.0,1.0,1.0,1.0,1.0,2024
Campinas,2,49.0,1326.0,318.0,447.0,0.0,0.0,300.0,428.0,551.0,47.0,0.0,1.0,1.0,1.0,1.0,2024
Campinas,2,20.0,483.0,483.0,0.0,0.0,0.0,475.0,8.0,0.0,0.0,0.0,1.0,1.0,1.0,1.0,2024
Campinas,2,2.0,350.0,0.0,0.0,0.0,0.0,0.0,0.0,0.0,350.0,0.0,0.0,1.0,0.0,0.0,2024
Campinas,2,8.0,448.0,0.0,0.0,0.0,0.0,0.0,0.0,0.0,448.0,0.0,0.0,1.0,0.0,0.0,2024
Campinas,2,,,,,,,,,,,,,,,,2024
Campinas,2,,,,,,,,,,,,,,,,2024
Campinas,2,17.0,194.0,0.0,135.0,0.0,0.0,3.0,121.0,70.0,0.0,0.0,1.0,1.0,1.0,0.0,2024
Campinas,2,14.0,213.0,213.0,0.0,0.0,0.0,206.0,7.0,0.0,0.0,0.0,1.0,1.0,1.0,1.0,2024
Campinas,2,25.0,354.0,0.0,81.0,0.0,0.0,0.0,74.0,258.0,22.0,0.0,1.0,1.0,1.0,1.0,2024
Campinas,2,39.0,496.0,0.0,191.0,0.0,0.0,1.0,182.0,254.0,59.0,0.0,1.0,1.0,1.0,0.0,2024
Campinas,2,12.0,179.0,179.0,0.0,0.0,0.0,174.0,5.0,0.0,0.0,0.0,0.0,1.0,1.0,0.0,2024
Campinas,2,26.0,340.0,122.0,139.0,0.0,0.0,115.0,129.0,89.0,7.0,0.0,1.0,1.0,1.0,0.0,2024
Campinas,2,27.0,474.0,474.0,0.0,0.0,0.0,454.0,20.0,0.0,0.0,0.0,0.0,1.0,1.0,1.0,2024
Campinas,2,58.0,1433.0,0.0,315.0,0.0,0.0,2.0,290.0,978.0,163.0,1.0,1.0,1.0,1.0,1.0,2024
Campinas,2,21.0,429.0,429.0,0.0,0.0,0.0,413.0,16.0,0.0,0.0,0.0,1.0,1.0,1.0,1.0,2024
Campinas,2,21.0,383.0,0.0,297.0,0.0,0.0,1.0,273.0,106.0,3.0,0.0,1.0,1.0,1.0,1.0,2024
Campinas,2,27.0,470.0,470.0,0.0,0.0,0.0,451.0,19.0,0.0,0.0,0.0,1.0,1.0,1.0,1.0,2024
Campinas,2,31.0,608.0,322.0,286.0,0.0,0.0,305.0,286.0,17.0,0.0,0.0,1.0,1.0,1.0,1.0,2024
Campinas,2,21.0,381.0,0.0,285.0,0.0,0.0,0.0,264.0,107.0,10.0,0.0,1.0,1.0,1.0,0.0,2024
Campinas,2,39.0,560.0,122.0,243.0,0.0,0.0,109.0,232.0,169.0,50.0,0.0,1.0,1.0,1.0,1.0,2024
Campinas,2,14.0,255.0,255.0,0.0,0.0,0.0,244.0,11.0,0.0,0.0,0.0,1.0,1.0,1.0,0.0,2024
Campo Limpo Paulista,2,50.0,1410.0,0.0,0.0,0.0,0.0,0.0,24.0,1121.0,265.0,0.0,1.0,1.0,1.0,1.0,2024
Campo Limpo Paulista,2,39.0,838.0,0.0,489.0,0.0,0.0,3.0,468.0,334.0,33.0,0.0,1.0,1.0,1.0,1.0,2024
Campo Limpo Paulista,2,22.0,525.0,0.0,298.0,0.0,0.0,8.0,280.0,229.0,8.0,0.0,1.0,1.0,1.0,0.0,2024
Campo Limpo Paulista,2,18.0,453.0,0.0,289.0,0.0,0.0,5.0,266.0,176.0,6.0,0.0,0.0,1.0,1.0,0.0,2024
Campo Limpo Paulista,2,51.0,670.0,0.0,0.0,0.0,0.0,0.0,3.0,395.0,272.0,1.0,1.0,1.0,0.0,1.0,2024
Campo Limpo Paulista,2,41.0,907.0,0.0,550.0,0.0,0.0,8.0,520.0,352.0,27.0,1.0,1.0,1.0,1.0,0.0,2024
Campo Limpo Paulista,2,34.0,738.0,0.0,452.0,0.0,0.0,7.0,427.0,274.0,30.0,0.0,1.0,1.0,1.0,0.0,2024
Campos do Jordão,2,54.0,962.0,0.0,0.0,0.0,0.0,0.0,25.0,778.0,159.0,0.0,1.0,1.0,1.0,0.0,2024
Campos do Jordão,2,17.0,350.0,0.0,0.0,0.0,0.0,0.0,14.0,319.0,17.0,0.0,1.0,1.0,1.0,1.0,2024
Campos do Jordão,2,,,,,,,,,,,,,,,,2024
Campos Novos Paulista,2,27.0,383.0,0.0,245.0,0.0,0.0,7.0,224.0,147.0,5.0,0.0,1.0,1.0,1.0,0.0,2024
Cananéia,2,3.0,7.0,5.0,0.0,0.0,2.0,3.0,2.0,0.0,0.0,0.0,0.0,0.0,0.0,0.0,2024
Cananéia,2,28.0,384.0,0.0,231.0,0.0,0.0,5.0,204.0,140.0,35.0,0.0,1.0,1.0,1.0,1.0,2024
Cananéia,2,14.0,172.0,0.0,117.0,0.0,0.0,2.0,105.0,60.0,5.0,0.0,0.0,1.0,1.0,0.0,2024
Cananéia,2,25.0,549.0,0.0,371.0,0.0,0.0,12.0,333.0,196.0,8.0,0.0,1.0,1.0,1.0,1.0,2024
Cananéia,2,1.0,6.0,6.0,0.0,0.0,0.0,3.0,3.0,0.0,0.0,0.0,0.0,0.0,0.0,0.0,2024
Cananéia,2,3.0,12.0,6.0,6.0,0.0,0.0,6.0,5.0,1.0,0.0,0.0,0.0,0.0,0.0,0.0,2024
Cananéia,2,6.0,28.0,11.0,8.0,0.0,0.0,9.0,10.0,7.0,2.0,0.0,0.0,0.0,0.0,0.0,2024
Cananéia,2,12.0,65.0,0.0,35.0,0.0,0.0,0.0,30.0,33.0,2.0,0.0,0.0,1.0,1.0,0.0,2024
Canas,2,23.0,232.0,0.0,0.0,0.0,0.0,0.0,1.0,147.0,84.0,0.0,1.0,1.0,1.0,0.0,2024
Cândido Mota,2,,,,,,,,,,,0.0,1.0,0.0,1.0,1.0,2024
Cândido Mota,2,21.0,295.0,0.0,252.0,0.0,0.0,6.0,246.0,42.0,1.0,0.0,1.0,1.0,1.0,1.0,2024
Cândido Mota,2,36.0,638.0,0.0,0.0,0.0,0.0,0.0,14.0,518.0,106.0,1.0,1.0,1.0,1.0,1.0,2024
Cândido Mota,2,36.0,671.0,0.0,373.0,0.0,0.0,7.0,360.0,299.0,5.0,0.0,1.0,1.0,1.0,1.0,2024
Cândido Mota,2,38.0,453.0,0.0,224.0,0.0,0.0,3.0,218.0,224.0,8.0,0.0,0.0,1.0,1.0,0.0,2024
Cândido Mota,2,34.0,607.0,229.0,378.0,0.0,0.0,230.0,373.0,4.0,0.0,0.0,1.0,1.0,1.0,0.0,2024
Cândido Mota,2,15.0,166.0,166.0,0.0,0.0,1.0,164.0,1.0,0.0,0.0,0.0,0.0,1.0,1.0,0.0,2024
Cândido Mota,2,20.0,160.0,58.0,61.0,0.0,0.0,60.0,59.0,39.0,2.0,0.0,1.0,1.0,1.0,0.0,2024
Cândido Mota,2,10.0,16.0,0.0,16.0,0.0,0.0,0.0,16.0,0.0,0.0,0.0,1.0,1.0,1.0,0.0,2024
Cândido Rodrigues,2,13.0,135.0,0.0,0.0,0.0,0.0,0.0,2.0,107.0,26.0,0.0,1.0,1.0,1.0,0.0,2024
Canitar,2,29.0,249.0,0.0,0.0,0.0,0.0,0.0,4.0,220.0,25.0,0.0,0.0,1.0,1.0,1.0,2024
Capão Bonito,2,19.0,327.0,0.0,0.0,0.0,0.0,0.0,13.0,298.0,16.0,0.0,0.0,1.0,1.0,1.0,2024
Capão Bonito,2,56.0,1026.0,0.0,0.0,0.0,0.0,0.0,13.0,882.0,131.0,0.0,1.0,1.0,1.0,1.0,2024
Capão Bonito,2,,,,,,,,,,,,,,,,2024
Capão Bonito,2,20.0,431.0,0.0,0.0,0.0,0.0,0.0,8.0,379.0,44.0,1.0,1.0,1.0,1.0,1.0,2024
Capão Bonito,2,,,,,,,,,,,0.0,1.0,1.0,1.0,1.0,2024
Capão Bonito,2,,,,,,,,,,,,,,,,2024
Capão Bonito,2,31.0,599.0,0.0,391.0,0.0,0.0,1.0,393.0,193.0,12.0,0.0,0.0,1.0,0.0,1.0,2024
Capão Bonito,2,13.0,101.0,0.0,0.0,0.0,0.0,0.0,4.0,91.0,6.0,0.0,1.0,1.0,1.0,1.0,2024
Capela do Alto,2,38.0,841.0,0.0,0.0,0.0,0.0,0.0,17.0,765.0,59.0,0.0,1.0,1.0,1.0,0.0,2024
Capela do Alto,2,,,,,,,,,,,,,,,,2024
Capela do Alto,2,8.0,108.0,0.0,0.0,0.0,0.0,0.0,0.0,0.0,108.0,0.0,0.0,0.0,0.0,0.0,2024
Capela do Alto,2,8.0,126.0,0.0,0.0,0.0,0.0,0.0,0.0,0.0,126.0,0.0,0.0,0.0,0.0,0.0,2024
Capivari,2,22.0,525.0,0.0,324.0,0.0,0.0,1.0,304.0,210.0,10.0,0.0,1.0,1.0,1.0,0.0,2024
Capivari,2,62.0,1511.0,0.0,458.0,0.0,0.0,3.0,389.0,875.0,244.0,0.0,1.0,1.0,1.0,1.0,2024
Capivari,2,,,,,,,,,,,,,,,,2024
Capivari,2,22.0,510.0,0.0,353.0,0.0,0.0,1.0,305.0,192.0,12.0,0.0,1.0,1.0,1.0,1.0,2024
Capivari,2,18.0,294.0,0.0,186.0,0.0,0.0,0.0,170.0,114.0,10.0,0.0,1.0,1.0,1.0,0.0,2024
Caraguatatuba,2,20.0,321.0,0.0,0.0,0.0,0.0,0.0,3.0,308.0,10.0,0.0,1.0,1.0,1.0,1.0,2024
Caraguatatuba,2,23.0,475.0,0.0,0.0,0.0,0.0,0.0,2.0,401.0,72.0,0.0,0.0,1.0,1.0,1.0,2024
Caraguatatuba,2,24.0,470.0,0.0,0.0,0.0,0.0,0.0,3.0,430.0,37.0,0.0,1.0,1.0,1.0,1.0,2024
Caraguatatuba,2,20.0,405.0,0.0,0.0,0.0,0.0,0.0,7.0,379.0,19.0,0.0,0.0,1.0,1.0,1.0,2024
Caraguatatuba,2,15.0,175.0,0.0,0.0,0.0,0.0,0.0,5.0,165.0,5.0,0.0,1.0,1.0,1.0,1.0,2024
Caraguatatuba,2,48.0,1142.0,0.0,579.0,0.0,0.0,5.0,554.0,561.0,22.0,0.0,0.0,1.0,1.0,0.0,2024
Caraguatatuba,2,20.0,339.0,0.0,215.0,0.0,0.0,4.0,205.0,126.0,4.0,0.0,0.0,1.0,1.0,1.0,2024
Caraguatatuba,2,21.0,321.0,0.0,220.0,0.0,0.0,5.0,192.0,113.0,11.0,0.0,0.0,1.0,1.0,1.0,2024
Caraguatatuba,2,28.0,483.0,0.0,0.0,0.0,0.0,0.0,7.0,455.0,21.0,0.0,1.0,1.0,1.0,1.0,2024
Caraguatatuba,2,41.0,920.0,0.0,364.0,0.0,0.0,5.0,347.0,547.0,21.0,1.0,0.0,1.0,1.0,0.0,2024
Caraguatatuba,2,,,,,,,,,,,,,,,,2024
Caraguatatuba,2,6.0,28.0,0.0,11.0,0.0,0.0,0.0,2.0,21.0,5.0,0.0,0.0,1.0,0.0,0.0,2024
Caraguatatuba,2,36.0,505.0,0.0,0.0,0.0,0.0,0.0,4.0,312.0,189.0,1.0,1.0,1.0,0.0,1.0,2024
Caraguatatuba,2,3.0,729.0,0.0,0.0,0.0,0.0,0.0,0.0,0.0,729.0,0.0,1.0,1.0,0.0,1.0,2024
Caraguatatuba,2,46.0,949.0,0.0,401.0,0.0,0.0,6.0,374.0,544.0,25.0,0.0,0.0,1.0,1.0,0.0,2024
Caraguatatuba,2,38.0,594.0,0.0,0.0,0.0,0.0,0.0,3.0,470.0,121.0,0.0,1.0,1.0,1.0,1.0,2024
Caraguatatuba,2,34.0,684.0,0.0,366.0,0.0,0.0,4.0,344.0,317.0,19.0,0.0,0.0,1.0,1.0,0.0,2024
Caraguatatuba,2,7.0,86.0,0.0,0.0,0.0,0.0,0.0,0.0,0.0,86.0,0.0,0.0,1.0,0.0,0.0,2024
Carapicuíba,2,48.0,971.0,0.0,643.0,0.0,0.0,8.0,610.0,341.0,12.0,0.0,0.0,1.0,1.0,1.0,2024
Carapicuíba,2,4.0,1448.0,0.0,0.0,0.0,0.0,0.0,0.0,0.0,1448.0,0.0,0.0,1.0,0.0,0.0,2024
Carapicuíba,2,69.0,1299.0,585.0,588.0,0.0,1.0,585.0,554.0,33.0,126.0,0.0,1.0,1.0,1.0,1.0,2024
Carapicuíba,2,36.0,826.0,826.0,0.0,0.0,1.0,814.0,11.0,0.0,0.0,0.0,0.0,1.0,1.0,1.0,2024
Carapicuíba,2,30.0,615.0,0.0,377.0,0.0,0.0,6.0,346.0,248.0,15.0,0.0,1.0,1.0,1.0,1.0,2024
Carapicuíba,2,42.0,1086.0,289.0,299.0,0.0,0.0,287.0,287.0,471.0,41.0,0.0,0.0,1.0,0.0,1.0,2024
Carapicuíba,2,26.0,441.0,235.0,206.0,0.0,0.0,237.0,189.0,15.0,0.0,0.0,1.0,1.0,1.0,0.0,2024
Carapicuíba,2,40.0,930.0,930.0,0.0,0.0,0.0,919.0,11.0,0.0,0.0,0.0,1.0,1.0,1.0,1.0,2024
Carapicuíba,2,43.0,818.0,439.0,379.0,0.0,0.0,436.0,358.0,23.0,1.0,0.0,1.0,1.0,1.0,0.0,2024
Carapicuíba,2,26.0,574.0,574.0,0.0,0.0,0.0,571.0,2.0,0.0,1.0,0.0,1.0,1.0,1.0,1.0,2024
Carapicuíba,2,27.0,531.0,531.0,0.0,0.0,0.0,523.0,8.0,0.0,0.0,0.0,0.0,1.0,0.0,1.0,2024
Carapicuíba,2,77.0,2100.0,459.0,597.0,0.0,0.0,467.0,565.0,954.0,114.0,0.0,1.0,1.0,0.0,0.0,2024
Carapicuíba,2,55.0,1197.0,0.0,784.0,0.0,0.0,13.0,731.0,435.0,18.0,0.0,0.0,1.0,1.0,1.0,2024
Carapicuíba,2,26.0,472.0,472.0,0.0,0.0,0.0,467.0,5.0,0.0,0.0,0.0,1.0,1.0,1.0,0.0,2024
Carapicuíba,2,44.0,1137.0,0.0,336.0,0.0,0.0,1.0,326.0,785.0,25.0,0.0,1.0,1.0,1.0,1.0,2024
Carapicuíba,2,36.0,887.0,0.0,328.0,0.0,0.0,4.0,313.0,535.0,35.0,0.0,1.0,1.0,1.0,1.0,2024
Carapicuíba,2,55.0,1170.0,284.0,430.0,0.0,0.0,292.0,406.0,459.0,13.0,0.0,1.0,1.0,1.0,1.0,2024
Carapicuíba,2,28.0,520.0,200.0,0.0,0.0,0.0,200.0,1.0,294.0,25.0,0.0,1.0,1.0,1.0,1.0,2024
Carapicuíba,2,26.0,542.0,0.0,0.0,0.0,0.0,0.0,5.0,517.0,20.0,0.0,1.0,1.0,1.0,1.0,2024
Carapicuíba,2,21.0,424.0,0.0,424.0,0.0,0.0,7.0,396.0,21.0,0.0,0.0,0.0,1.0,1.0,1.0,2024
Carapicuíba,2,45.0,967.0,0.0,629.0,0.0,0.0,11.0,592.0,353.0,11.0,0.0,1.0,1.0,1.0,1.0,2024
Carapicuíba,2,74.0,1910.0,612.0,566.0,0.0,0.0,610.0,529.0,720.0,51.0,0.0,1.0,1.0,1.0,1.0,2024
Carapicuíba,2,24.0,554.0,554.0,0.0,0.0,0.0,526.0,28.0,0.0,0.0,0.0,1.0,1.0,0.0,1.0,2024
Carapicuíba,2,58.0,1333.0,1333.0,0.0,0.0,0.0,1319.0,14.0,0.0,0.0,0.0,1.0,1.0,1.0,0.0,2024
Carapicuíba,2,45.0,940.0,659.0,0.0,0.0,0.0,641.0,18.0,41.0,240.0,0.0,1.0,1.0,1.0,0.0,2024
Carapicuíba,2,25.0,526.0,526.0,0.0,0.0,1.0,521.0,4.0,0.0,0.0,0.0,0.0,1.0,1.0,0.0,2024
Carapicuíba,2,36.0,759.0,0.0,467.0,0.0,0.0,9.0,437.0,296.0,17.0,0.0,1.0,1.0,1.0,1.0,2024
Carapicuíba,2,54.0,917.0,618.0,250.0,0.0,1.0,607.0,258.0,2.0,49.0,0.0,1.0,1.0,1.0,1.0,2024
Carapicuíba,2,34.0,622.0,273.0,349.0,0.0,0.0,274.0,328.0,20.0,0.0,0.0,0.0,1.0,1.0,1.0,2024
Carapicuíba,2,85.0,2706.0,489.0,839.0,0.0,0.0,496.0,784.0,1333.0,93.0,0.0,1.0,1.0,1.0,1.0,2024
Carapicuíba,2,53.0,975.0,463.0,512.0,0.0,1.0,465.0,468.0,41.0,0.0,0.0,1.0,1.0,1.0,0.0,2024
Carapicuíba,2,23.0,460.0,0.0,460.0,0.0,0.0,4.0,431.0,25.0,0.0,0.0,1.0,1.0,1.0,0.0,2024
Carapicuíba,2,52.0,1372.0,0.0,594.0,0.0,0.0,5.0,539.0,755.0,73.0,0.0,1.0,1.0,1.0,1.0,2024
Carapicuíba,2,44.0,933.0,933.0,0.0,0.0,0.0,920.0,13.0,0.0,0.0,0.0,1.0,1.0,1.0,0.0,2024
Carapicuíba,2,42.0,914.0,914.0,0.0,0.0,0.0,893.0,21.0,0.0,0.0,0.0,1.0,1.0,0.0,1.0,2024
Carapicuíba,2,32.0,688.0,257.0,164.0,0.0,0.0,250.0,159.0,259.0,20.0,0.0,1.0,1.0,0.0,0.0,2024
Carapicuíba,2,52.0,1442.0,0.0,840.0,0.0,0.0,13.0,791.0,615.0,23.0,0.0,0.0,1.0,1.0,1.0,2024
Carapicuíba,2,23.0,421.0,0.0,421.0,0.0,0.0,7.0,358.0,55.0,1.0,0.0,1.0,1.0,1.0,0.0,2024
Carapicuíba,2,35.0,617.0,617.0,0.0,0.0,2.0,608.0,7.0,0.0,0.0,0.0,1.0,1.0,1.0,1.0,2024
Carapicuíba,2,70.0,2403.0,0.0,956.0,0.0,0.0,13.0,907.0,1362.0,121.0,0.0,1.0,1.0,1.0,1.0,2024
Carapicuíba,2,,,,,,,,,,,,,,,,2024
Carapicuíba,2,58.0,1055.0,0.0,0.0,0.0,0.0,0.0,4.0,713.0,338.0,1.0,1.0,1.0,0.0,0.0,2024
Carapicuíba,2,,,,,,,,,,,0.0,0.0,1.0,0.0,1.0,2024
Carapicuíba,2,30.0,595.0,595.0,0.0,0.0,0.0,577.0,18.0,0.0,0.0,0.0,1.0,1.0,1.0,1.0,2024
Carapicuíba,2,37.0,877.0,0.0,611.0,0.0,0.0,5.0,550.0,309.0,13.0,0.0,1.0,1.0,1.0,1.0,2024
Carapicuíba,2,38.0,975.0,0.0,652.0,0.0,0.0,11.0,618.0,333.0,13.0,0.0,1.0,1.0,1.0,1.0,2024
Carapicuíba,2,33.0,576.0,317.0,259.0,0.0,1.0,316.0,249.0,10.0,0.0,0.0,0.0,1.0,1.0,1.0,2024
Carapicuíba,2,20.0,432.0,432.0,0.0,0.0,0.0,426.0,6.0,0.0,0.0,0.0,1.0,1.0,1.0,1.0,2024
Carapicuíba,2,89.0,2608.0,0.0,1269.0,0.0,0.0,18.0,1157.0,1323.0,110.0,0.0,1.0,1.0,1.0,0.0,2024
Carapicuíba,2,58.0,1543.0,452.0,483.0,0.0,1.0,448.0,458.0,580.0,56.0,0.0,1.0,1.0,1.0,1.0,2024
Carapicuíba,2,19.0,381.0,381.0,0.0,0.0,1.0,372.0,8.0,0.0,0.0,0.0,0.0,0.0,1.0,0.0,2024
Carapicuíba,2,,,,,,,,,,,,,,,,2024
Carapicuíba,2,21.0,396.0,396.0,0.0,0.0,0.0,386.0,10.0,0.0,0.0,0.0,0.0,1.0,1.0,1.0,2024
Carapicuíba,2,90.0,2359.0,0.0,998.0,0.0,0.0,16.0,915.0,1350.0,78.0,0.0,1.0,1.0,1.0,1.0,2024
Carapicuíba,2,42.0,974.0,286.0,446.0,0.0,0.0,284.0,428.0,250.0,12.0,0.0,0.0,1.0,1.0,1.0,2024
Carapicuíba,2,13.0,263.0,263.0,0.0,0.0,0.0,262.0,1.0,0.0,0.0,0.0,0.0,1.0,1.0,1.0,2024
Carapicuíba,2,47.0,1226.0,0.0,822.0,0.0,0.0,13.0,740.0,435.0,38.0,0.0,1.0,1.0,1.0,1.0,2024
Carapicuíba,2,46.0,980.0,0.0,694.0,0.0,0.0,12.0,642.0,311.0,15.0,0.0,1.0,1.0,1.0,1.0,2024
Carapicuíba,2,17.0,364.0,364.0,0.0,0.0,0.0,360.0,4.0,0.0,0.0,0.0,1.0,1.0,1.0,0.0,2024
Carapicuíba,2,36.0,689.0,0.0,526.0,0.0,0.0,6.0,467.0,210.0,6.0,0.0,0.0,1.0,1.0,0.0,2024
Cardoso,2,27.0,423.0,0.0,198.0,0.0,0.0,0.0,187.0,223.0,13.0,0.0,1.0,1.0,1.0,1.0,2024
Cardoso,2,19.0,98.0,53.0,45.0,0.0,0.0,52.0,44.0,2.0,0.0,0.0,1.0,1.0,1.0,0.0,2024
Casa Branca,2,,,,,,,,,,,,,,,,2024
Casa Branca,2,40.0,900.0,0.0,452.0,0.0,0.0,1.0,412.0,322.0,165.0,0.0,1.0,1.0,1.0,1.0,2024
Casa Branca,2,44.0,544.0,0.0,0.0,0.0,0.0,0.0,1.0,356.0,187.0,1.0,1.0,1.0,1.0,0.0,2024
Casa Branca,2,26.0,468.0,0.0,333.0,0.0,0.0,1.0,300.0,157.0,10.0,0.0,1.0,1.0,1.0,1.0,2024
Casa Branca,2,12.0,190.0,0.0,0.0,0.0,0.0,0.0,0.0,0.0,190.0,0.0,0.0,1.0,0.0,0.0,2024
Casa Branca,2,,,,,,,,,,,,,,,,2024
Casa Branca,2,,,,,,,,,,,,,,,,2024
Casa Branca,2,,,,,,,,,,,,,,,,2024
Casa Branca,2,17.0,130.0,0.0,66.0,0.0,0.0,0.0,62.0,65.0,3.0,0.0,1.0,1.0,1.0,0.0,2024
Casa Branca,2,9.0,75.0,0.0,75.0,0.0,0.0,0.0,69.0,6.0,0.0,0.0,1.0,1.0,1.0,1.0,2024
Cássia dos Coqueiros,2,11.0,87.0,0.0,0.0,0.0,0.0,0.0,2.0,76.0,9.0,0.0,1.0,1.0,1.0,0.0,2024
Castilho,2,53.0,1069.0,0.0,532.0,0.0,0.0,9.0,513.0,507.0,40.0,0.0,1.0,1.0,1.0,0.0,2024
Castilho,2,17.0,341.0,0.0,341.0,0.0,0.0,6.0,328.0,7.0,0.0,0.0,1.0,1.0,1.0,1.0,2024
Catanduva,2,14.0,216.0,0.0,0.0,0.0,0.0,0.0,6.0,199.0,11.0,0.0,1.0,1.0,1.0,1.0,2024
Catanduva,2,20.0,334.0,0.0,124.0,0.0,0.0,2.0,129.0,200.0,3.0,0.0,1.0,1.0,1.0,1.0,2024
Catanduva,2,31.0,453.0,0.0,219.0,0.0,0.0,6.0,213.0,220.0,14.0,0.0,1.0,1.0,1.0,1.0,2024
Catanduva,2,35.0,656.0,0.0,400.0,0.0,0.0,11.0,390.0,250.0,5.0,1.0,0.0,1.0,1.0,0.0,2024
Catanduva,2,16.0,239.0,0.0,239.0,0.0,0.0,3.0,228.0,8.0,0.0,0.0,0.0,1.0,1.0,0.0,2024
Catanduva,2,23.0,405.0,0.0,300.0,0.0,0.0,8.0,290.0,102.0,5.0,0.0,1.0,1.0,1.0,1.0,2024
Catanduva,2,37.0,850.0,0.0,389.0,0.0,0.0,7.0,385.0,445.0,13.0,0.0,1.0,1.0,1.0,1.0,2024
Catanduva,2,61.0,1034.0,0.0,0.0,0.0,0.0,0.0,14.0,707.0,313.0,0.0,1.0,1.0,1.0,1.0,2024
Catanduva,2,67.0,1115.0,0.0,366.0,0.0,0.0,2.0,365.0,698.0,50.0,0.0,1.0,1.0,1.0,0.0,2024
Catanduva,2,15.0,251.0,0.0,0.0,0.0,0.0,0.0,13.0,232.0,6.0,0.0,1.0,1.0,1.0,0.0,2024
Catanduva,2,48.0,743.0,0.0,419.0,0.0,0.0,6.0,402.0,222.0,113.0,0.0,0.0,1.0,1.0,0.0,2024
Catanduva,2,,,,,,,,,,,0.0,1.0,1.0,1.0,0.0,2024
Catiguá,2,40.0,518.0,0.0,303.0,0.0,0.0,8.0,274.0,209.0,27.0,0.0,1.0,1.0,1.0,0.0,2024
Cedral,2,24.0,474.0,0.0,0.0,0.0,0.0,0.0,0.0,430.0,44.0,0.0,1.0,1.0,1.0,0.0,2024
Cerqueira César,2,53.0,1054.0,0.0,655.0,0.0,0.0,4.0,610.0,418.0,22.0,0.0,1.0,1.0,1.0,0.0,2024
Cerqueira César,2,26.0,270.0,0.0,0.0,0.0,0.0,0.0,0.0,184.0,86.0,1.0,1.0,1.0,1.0,1.0,2024
Cerqueira César,2,22.0,444.0,0.0,317.0,0.0,0.0,1.0,299.0,138.0,6.0,0.0,0.0,1.0,1.0,1.0,2024
Cerqueira César,2,10.0,24.0,0.0,9.0,0.0,0.0,0.0,3.0,17.0,4.0,0.0,0.0,1.0,1.0,1.0,2024
Cerqueira César,2,,,,,,,,,,,,,,,,2024
Cerqueira César,2,13.0,28.0,0.0,9.0,0.0,0.0,0.0,3.0,19.0,6.0,0.0,1.0,1.0,1.0,0.0,2024
Cerqueira César,2,12.0,39.0,1.0,19.0,0.0,0.0,0.0,9.0,24.0,6.0,0.0,0.0,1.0,0.0,1.0,2024
Cerqueira César,2,14.0,139.0,0.0,0.0,0.0,0.0,0.0,0.0,0.0,139.0,0.0,0.0,1.0,0.0,0.0,2024
Cerqueira César,2,12.0,128.0,0.0,0.0,0.0,0.0,0.0,0.0,0.0,128.0,0.0,0.0,1.0,0.0,0.0,2024
Cerquilho,2,28.0,422.0,0.0,0.0,0.0,0.0,0.0,6.0,401.0,15.0,0.0,1.0,1.0,1.0,1.0,2024
Cerquilho,2,36.0,385.0,0.0,0.0,0.0,0.0,0.0,5.0,298.0,82.0,1.0,1.0,1.0,0.0,0.0,2024
Cerquilho,2,33.0,613.0,0.0,0.0,0.0,0.0,0.0,7.0,498.0,108.0,0.0,1.0,1.0,1.0,0.0,2024
Cesário Lange,2,29.0,824.0,0.0,0.0,0.0,0.0,0.0,4.0,756.0,64.0,0.0,1.0,1.0,1.0,1.0,2024
Charqueada,2,14.0,246.0,0.0,160.0,0.0,0.0,0.0,151.0,92.0,3.0,0.0,0.0,1.0,1.0,0.0,2024
Charqueada,2,35.0,781.0,0.0,167.0,0.0,0.0,1.0,153.0,586.0,41.0,0.0,0.0,1.0,1.0,0.0,2024
Charqueada,2,,,,,,,,,,,,,,,,2024
Clementina,2,39.0,829.0,0.0,394.0,0.0,0.0,1.0,360.0,411.0,57.0,0.0,0.0,1.0,1.0,0.0,2024
Colina,2,,,,,,,,,,,,,,,,2024
Colina,2,22.0,353.0,0.0,0.0,0.0,0.0,0.0,2.0,326.0,25.0,0.0,0.0,1.0,1.0,0.0,2024
Colômbia,2,11.0,162.0,0.0,0.0,0.0,0.0,0.0,0.0,149.0,13.0,0.0,1.0,1.0,1.0,1.0,2024
Conchal,2,,,,,,,,,,,,,,,,2024
Conchal,2,40.0,831.0,0.0,327.0,0.0,0.0,4.0,320.0,451.0,56.0,0.0,1.0,1.0,1.0,0.0,2024
Conchal,2,,,,,,,,,,,,,,,,2024
Conchal,2,18.0,347.0,0.0,272.0,0.0,0.0,12.0,253.0,81.0,1.0,0.0,0.0,1.0,1.0,1.0,2024
Conchal,2,17.0,265.0,0.0,265.0,0.0,0.0,4.0,252.0,9.0,0.0,0.0,0.0,1.0,1.0,0.0,2024
Conchal,2,23.0,477.0,0.0,246.0,0.0,0.0,8.0,238.0,228.0,3.0,0.0,0.0,1.0,1.0,0.0,2024
Conchal,2,29.0,464.0,0.0,272.0,0.0,0.0,4.0,247.0,207.0,6.0,0.0,1.0,1.0,1.0,0.0,2024
Conchas,2,40.0,665.0,0.0,152.0,0.0,0.0,3.0,156.0,457.0,49.0,0.0,1.0,1.0,1.0,0.0,2024
Conchas,2,,,,,,,,,,,,,,,,2024
Cordeirópolis,2,11.0,203.0,0.0,0.0,0.0,0.0,0.0,2.0,190.0,11.0,0.0,1.0,1.0,1.0,1.0,2024
Cordeirópolis,2,53.0,1389.0,0.0,781.0,0.0,0.0,14.0,664.0,563.0,148.0,0.0,1.0,1.0,1.0,0.0,2024
Cordeirópolis,2,32.0,881.0,0.0,493.0,0.0,0.0,7.0,444.0,394.0,36.0,0.0,0.0,1.0,1.0,1.0,2024
Coroados,2,28.0,452.0,0.0,242.0,0.0,0.0,0.0,230.0,205.0,17.0,0.0,1.0,1.0,1.0,1.0,2024
Coronel Macedo,2,22.0,377.0,0.0,203.0,0.0,0.0,0.0,197.0,170.0,10.0,0.0,1.0,1.0,1.0,1.0,2024
Corumbataí,2,11.0,105.0,0.0,0.0,0.0,0.0,0.0,0.0,95.0,10.0,0.0,1.0,1.0,1.0,1.0,2024
Cosmópolis,2,15.0,329.0,0.0,0.0,0.0,0.0,0.0,8.0,295.0,26.0,1.0,1.0,1.0,1.0,1.0,2024
Cosmópolis,2,29.0,911.0,0.0,0.0,0.0,0.0,0.0,10.0,754.0,147.0,1.0,1.0,1.0,1.0,1.0,2024
Cosmópolis,2,36.0,697.0,0.0,275.0,0.0,0.0,1.0,257.0,320.0,119.0,1.0,1.0,1.0,1.0,1.0,2024
Cosmópolis,2,16.0,275.0,0.0,0.0,0.0,0.0,0.0,4.0,247.0,24.0,0.0,1.0,1.0,1.0,1.0,2024
Cosmópolis,2,21.0,257.0,0.0,0.0,0.0,0.0,0.0,8.0,236.0,13.0,0.0,0.0,1.0,1.0,1.0,2024
Cosmorama,2,18.0,299.0,0.0,127.0,0.0,0.0,1.0,121.0,165.0,12.0,0.0,0.0,1.0,1.0,0.0,2024
Cotia,2,20.0,357.0,0.0,0.0,0.0,0.0,0.0,8.0,332.0,17.0,0.0,1.0,1.0,1.0,1.0,2024
Cotia,2,12.0,249.0,0.0,249.0,0.0,0.0,4.0,240.0,5.0,0.0,0.0,0.0,1.0,1.0,1.0,2024
Cotia,2,30.0,465.0,0.0,228.0,0.0,0.0,5.0,210.0,236.0,14.0,0.0,0.0,1.0,1.0,0.0,2024
Cotia,2,23.0,412.0,0.0,206.0,0.0,0.0,5.0,194.0,201.0,12.0,0.0,1.0,1.0,1.0,1.0,2024
Cotia,2,34.0,593.0,50.0,252.0,0.0,0.0,53.0,229.0,274.0,37.0,0.0,1.0,1.0,1.0,1.0,2024
Cotia,2,43.0,1010.0,0.0,469.0,0.0,0.0,3.0,439.0,419.0,149.0,0.0,0.0,1.0,1.0,1.0,2024
Cotia,2,69.0,2164.0,0.0,785.0,0.0,0.0,10.0,731.0,1324.0,99.0,0.0,1.0,1.0,1.0,0.0,2024
Cotia,2,18.0,344.0,0.0,223.0,0.0,0.0,1.0,211.0,126.0,6.0,0.0,1.0,1.0,1.0,1.0,2024
Cotia,2,52.0,1634.0,0.0,614.0,0.0,0.0,15.0,549.0,940.0,130.0,0.0,0.0,1.0,1.0,0.0,2024
Cotia,2,89.0,2417.0,0.0,972.0,0.0,0.0,8.0,892.0,1409.0,108.0,1.0,1.0,1.0,1.0,1.0,2024
Cotia,2,26.0,396.0,0.0,183.0,0.0,0.0,1.0,174.0,200.0,21.0,0.0,1.0,1.0,1.0,1.0,2024
Cotia,2,27.0,510.0,0.0,0.0,0.0,0.0,0.0,8.0,478.0,24.0,0.0,1.0,1.0,1.0,0.0,2024
Cotia,2,,,,,,,,,,,,,,,,2024
Cotia,2,23.0,603.0,0.0,392.0,0.0,0.0,4.0,378.0,211.0,10.0,0.0,0.0,1.0,1.0,0.0,2024
Cotia,2,22.0,435.0,0.0,435.0,0.0,0.0,2.0,412.0,21.0,0.0,0.0,0.0,1.0,1.0,0.0,2024
Cotia,2,18.0,232.0,0.0,232.0,0.0,0.0,1.0,215.0,16.0,0.0,0.0,1.0,1.0,1.0,0.0,2024
Cotia,2,32.0,935.0,0.0,436.0,0.0,0.0,16.0,401.0,480.0,38.0,0.0,1.0,1.0,1.0,0.0,2024
Cotia,2,50.0,1039.0,0.0,455.0,0.0,0.0,6.0,415.0,513.0,105.0,0.0,1.0,1.0,0.0,0.0,2024
Cotia,2,47.0,1077.0,0.0,583.0,0.0,0.0,7.0,502.0,491.0,77.0,0.0,1.0,1.0,1.0,1.0,2024
Cotia,2,31.0,563.0,0.0,0.0,0.0,0.0,0.0,4.0,439.0,120.0,1.0,1.0,1.0,0.0,0.0,2024
Cotia,2,24.0,611.0,0.0,473.0,0.0,0.0,8.0,441.0,153.0,9.0,0.0,1.0,1.0,1.0,1.0,2024
Cotia,2,36.0,791.0,0.0,459.0,0.0,0.0,8.0,428.0,333.0,22.0,0.0,0.0,1.0,1.0,0.0,2024
Cotia,2,22.0,398.0,0.0,398.0,0.0,0.0,11.0,377.0,10.0,0.0,0.0,0.0,1.0,1.0,1.0,2024
Cotia,2,22.0,428.0,0.0,428.0,0.0,0.0,5.0,399.0,24.0,0.0,0.0,1.0,1.0,1.0,0.0,2024
Cotia,2,24.0,400.0,0.0,239.0,0.0,0.0,5.0,222.0,168.0,5.0,1.0,1.0,1.0,1.0,1.0,2024
Cotia,2,,,,,,,,,,,0.0,0.0,1.0,0.0,0.0,2024
Cotia,2,40.0,1013.0,0.0,532.0,0.0,0.0,10.0,495.0,488.0,20.0,0.0,0.0,1.0,1.0,1.0,2024
Cotia,2,42.0,1077.0,0.0,533.0,0.0,0.0,8.0,494.0,551.0,24.0,0.0,1.0,1.0,1.0,1.0,2024
Cotia,2,24.0,420.0,0.0,420.0,0.0,0.0,5.0,386.0,29.0,0.0,0.0,1.0,1.0,1.0,0.0,2024
Cotia,2,78.0,2350.0,0.0,1067.0,0.0,0.0,11.0,1028.0,1138.0,173.0,0.0,0.0,1.0,1.0,1.0,2024
Cravinhos,2,17.0,141.0,0.0,0.0,0.0,0.0,0.0,0.0,97.0,44.0,1.0,1.0,1.0,1.0,1.0,2024
Cravinhos,2,29.0,583.0,0.0,343.0,0.0,0.0,0.0,300.0,266.0,17.0,0.0,1.0,1.0,1.0,0.0,2024
Cravinhos,2,36.0,555.0,0.0,232.0,0.0,0.0,0.0,175.0,287.0,93.0,0.0,1.0,1.0,1.0,0.0,2024
Cravinhos,2,17.0,360.0,0.0,219.0,0.0,0.0,0.0,203.0,144.0,13.0,0.0,1.0,1.0,1.0,1.0,2024
Cravinhos,2,35.0,800.0,0.0,343.0,0.0,0.0,0.0,295.0,339.0,166.0,0.0,1.0,1.0,1.0,1.0,2024
Cravinhos,2,,,,,,,,,,,,,,,,2024
Cristais Paulista,2,,,,,,,,,,,0.0,1.0,1.0,1.0,0.0,2024
Cristais Paulista,2,20.0,383.0,0.0,0.0,0.0,0.0,0.0,0.0,346.0,37.0,0.0,1.0,1.0,1.0,1.0,2024
Cruzália,2,16.0,138.0,0.0,81.0,0.0,0.0,1.0,80.0,57.0,0.0,0.0,0.0,1.0,1.0,1.0,2024
Cruzeiro,2,14.0,198.0,0.0,129.0,0.0,0.0,2.0,121.0,74.0,1.0,0.0,1.0,1.0,1.0,0.0,2024
Cruzeiro,2,14.0,195.0,0.0,84.0,0.0,0.0,2.0,81.0,107.0,5.0,0.0,1.0,1.0,1.0,1.0,2024
Cruzeiro,2,11.0,177.0,0.0,0.0,0.0,0.0,0.0,4.0,160.0,13.0,0.0,1.0,1.0,1.0,1.0,2024
Cruzeiro,2,38.0,528.0,0.0,163.0,0.0,0.0,3.0,159.0,294.0,72.0,0.0,1.0,1.0,1.0,0.0,2024
Cruzeiro,2,26.0,403.0,0.0,185.0,0.0,0.0,1.0,183.0,211.0,8.0,0.0,1.0,1.0,1.0,1.0,2024
Cruzeiro,2,73.0,1287.0,0.0,0.0,0.0,0.0,0.0,23.0,753.0,511.0,1.0,1.0,1.0,1.0,0.0,2024
Cruzeiro,2,,,,,,,,,,,,,,,,2024
Cruzeiro,2,32.0,441.0,0.0,67.0,0.0,0.0,2.0,67.0,242.0,130.0,0.0,1.0,1.0,0.0,0.0,2024
Cruzeiro,2,,,,,,,,,,,,,,,,2024
Cruzeiro,2,16.0,220.0,0.0,126.0,0.0,0.0,2.0,117.0,97.0,4.0,0.0,1.0,1.0,1.0,0.0,2024
Cruzeiro,2,,,,,,,,,,,,,,,,2024
Cruzeiro,2,,,,,,,,,,,,,,,,2024
Cruzeiro,2,22.0,455.0,0.0,308.0,0.0,0.0,14.0,294.0,143.0,4.0,0.0,1.0,1.0,1.0,0.0,2024
Cruzeiro,2,,,,,,,,,,,0.0,1.0,1.0,1.0,0.0,2024
Cubatão,2,56.0,1390.0,0.0,409.0,0.0,0.0,1.0,375.0,782.0,232.0,0.0,1.0,1.0,1.0,1.0,2024
Cubatão,2,22.0,242.0,0.0,119.0,0.0,0.0,0.0,110.0,121.0,11.0,0.0,1.0,1.0,1.0,1.0,2024
Cubatão,2,,,,,,,,,,,,,,,,2024
Cubatão,2,12.0,192.0,0.0,192.0,0.0,0.0,0.0,183.0,9.0,0.0,0.0,1.0,1.0,1.0,0.0,2024
Cubatão,2,24.0,454.0,0.0,454.0,0.0,0.0,0.0,426.0,28.0,0.0,0.0,0.0,1.0,0.0,1.0,2024
Cubatão,2,21.0,276.0,0.0,126.0,0.0,0.0,0.0,111.0,145.0,20.0,0.0,1.0,1.0,1.0,0.0,2024
Cubatão,2,61.0,1491.0,0.0,0.0,0.0,0.0,0.0,0.0,1178.0,313.0,0.0,1.0,1.0,1.0,1.0,2024
Cubatão,2,18.0,242.0,104.0,79.0,0.0,0.0,102.0,73.0,59.0,8.0,0.0,1.0,1.0,0.0,1.0,2024
Cubatão,2,34.0,919.0,0.0,0.0,0.0,0.0,0.0,1.0,799.0,119.0,0.0,1.0,1.0,1.0,1.0,2024
Cubatão,2,,,,,,,,,,,,,,,,2024
Cubatão,2,43.0,802.0,0.0,0.0,0.0,0.0,0.0,5.0,492.0,305.0,0.0,1.0,1.0,0.0,0.0,2024
Cubatão,2,,,,,,,,,,,,,,,,2024
Cubatão,2,23.0,458.0,458.0,0.0,0.0,0.0,442.0,16.0,0.0,0.0,0.0,1.0,1.0,1.0,1.0,2024
Cubatão,2,33.0,576.0,313.0,263.0,0.0,0.0,296.0,267.0,13.0,0.0,0.0,1.0,1.0,1.0,1.0,2024
Cubatão,2,43.0,793.0,0.0,267.0,0.0,0.0,0.0,230.0,472.0,91.0,0.0,1.0,1.0,1.0,1.0,2024
Cunha,2,,,,,,,,,,,,,,,,2024
Cunha,2,40.0,915.0,0.0,391.0,0.0,0.0,15.0,373.0,494.0,33.0,0.0,1.0,1.0,1.0,1.0,2024
Cunha,2,14.0,223.0,0.0,223.0,0.0,0.0,10.0,195.0,18.0,0.0,0.0,0.0,1.0,1.0,1.0,2024
Cunha,2,,,,,,,,,,,,,,,,2024
Cunha,2,,,,,,,,,,,,,,,,2024
Cunha,2,,,,,,,,,,,,,,,,2024
Cunha,2,,,,,,,,,,,,,,,,2024
Cunha,2,,,,,,,,,,,,,,,,2024
Cunha,2,,,,,,,,,,,,,,,,2024
Cunha,2,,,,,,,,,,,,,,,,2024
Cunha,2,,,,,,,,,,,,,,,,2024
Cunha,2,,,,,,,,,,,,,,,,2024
Cunha,2,,,,,,,,,,,,,,,,2024
Cunha,2,,,,,,,,,,,,,,,,2024
Cunha,2,,,,,,,,,,,,,,,,2024
Cunha,2,,,,,,,,,,,,,,,,2024
Cunha,2,,,,,,,,,,,,,,,,2024
Cunha,2,,,,,,,,,,,,,,,,2024
Cunha,2,,,,,,,,,,,,,,,,2024
Cunha,2,,,,,,,,,,,,,,,,2024
Cunha,2,,,,,,,,,,,,,,,,2024
Cunha,2,,,,,,,,,,,,,,,,2024
Cunha,2,,,,,,,,,,,,,,,,2024
Cunha,2,,,,,,,,,,,,,,,,2024
Cunha,2,,,,,,,,,,,,,,,,2024
Cunha,2,,,,,,,,,,,,,,,,2024
Cunha,2,,,,,,,,,,,,,,,,2024
Cunha,2,,,,,,,,,,,,,,,,2024
Cunha,2,,,,,,,,,,,,,,,,2024
Cunha,2,,,,,,,,,,,,,,,,2024
Cunha,2,,,,,,,,,,,,,,,,2024
Cunha,2,,,,,,,,,,,,,,,,2024
Cunha,2,,,,,,,,,,,,,,,,2024
Cunha,2,,,,,,,,,,,,,,,,2024
Cunha,2,,,,,,,,,,,,,,,,2024
Cunha,2,,,,,,,,,,,0.0,1.0,1.0,1.0,1.0,2024
Cunha,2,,,,,,,,,,,,,,,,2024
Cunha,2,,,,,,,,,,,,,,,,2024
Cunha,2,,,,,,,,,,,,,,,,2024
Cunha,2,,,,,,,,,,,,,,,,2024
Cunha,2,,,,,,,,,,,,,,,,2024
Cunha,2,,,,,,,,,,,,,,,,2024
Cunha,2,,,,,,,,,,,,,,,,2024
Cunha,2,,,,,,,,,,,,,,,,2024
Cunha,2,,,,,,,,,,,,,,,,2024
Cunha,2,,,,,,,,,,,,,,,,2024
Cunha,2,13.0,88.0,0.0,47.0,0.0,0.0,2.0,46.0,36.0,4.0,0.0,0.0,1.0,1.0,1.0,2024
Cunha,2,13.0,96.0,0.0,56.0,0.0,0.0,2.0,52.0,38.0,4.0,0.0,0.0,1.0,1.0,0.0,2024
Cunha,2,8.0,24.0,0.0,24.0,0.0,0.0,0.0,23.0,1.0,0.0,0.0,0.0,1.0,0.0,1.0,2024
Cunha,2,19.0,277.0,0.0,161.0,0.0,0.0,8.0,141.0,121.0,7.0,0.0,0.0,1.0,1.0,1.0,2024
Cunha,2,,,,,,,,,,,,,,,,2024
Cunha,2,,,,,,,,,,,,,,,,2024
Cunha,2,,,,,,,,,,,,,,,,2024
Cunha,2,,,,,,,,,,,,,,,,2024
Descalvado,2,30.0,569.0,0.0,0.0,0.0,0.0,0.0,1.0,513.0,55.0,0.0,1.0,1.0,1.0,0.0,2024
Descalvado,2,16.0,335.0,0.0,0.0,0.0,0.0,0.0,2.0,300.0,33.0,0.0,1.0,1.0,1.0,1.0,2024
Diadema,2,39.0,881.0,753.0,0.0,0.0,0.0,748.0,5.0,0.0,128.0,0.0,1.0,1.0,1.0,0.0,2024
Diadema,2,35.0,770.0,0.0,456.0,0.0,0.0,2.0,456.0,293.0,19.0,0.0,1.0,1.0,1.0,1.0,2024
Diadema,2,,,,,,,,,,,,,,,,2024
Diadema,2,47.0,864.0,772.0,0.0,0.0,0.0,756.0,16.0,0.0,92.0,0.0,1.0,1.0,1.0,1.0,2024
Diadema,2,47.0,1206.0,0.0,465.0,0.0,0.0,6.0,445.0,690.0,65.0,0.0,1.0,1.0,1.0,1.0,2024
Diadema,2,69.0,2316.0,0.0,1008.0,0.0,0.0,16.0,963.0,1176.0,161.0,0.0,1.0,1.0,1.0,1.0,2024
Diadema,2,53.0,1068.0,0.0,615.0,0.0,0.0,11.0,606.0,422.0,29.0,0.0,0.0,1.0,1.0,1.0,2024
Diadema,2,43.0,983.0,233.0,331.0,0.0,0.0,223.0,321.0,369.0,70.0,0.0,1.0,1.0,1.0,1.0,2024
Diadema,2,17.0,273.0,273.0,0.0,0.0,0.0,272.0,1.0,0.0,0.0,0.0,1.0,1.0,1.0,0.0,2024
Diadema,2,24.0,540.0,540.0,0.0,0.0,0.0,538.0,2.0,0.0,0.0,0.0,1.0,1.0,0.0,0.0,2024
Diadema,2,18.0,305.0,305.0,0.0,0.0,0.0,303.0,2.0,0.0,0.0,0.0,0.0,1.0,0.0,1.0,2024
Diadema,2,31.0,563.0,0.0,344.0,0.0,0.0,8.0,340.0,204.0,11.0,0.0,1.0,1.0,1.0,1.0,2024
Diadema,2,46.0,976.0,0.0,573.0,0.0,0.0,11.0,540.0,398.0,27.0,0.0,1.0,1.0,1.0,1.0,2024
Diadema,2,20.0,423.0,423.0,0.0,0.0,0.0,418.0,5.0,0.0,0.0,0.0,1.0,1.0,1.0,0.0,2024
Diadema,2,22.0,423.0,423.0,0.0,0.0,0.0,408.0,15.0,0.0,0.0,0.0,0.0,1.0,1.0,1.0,2024
Diadema,2,,,,,,,,,,,,,,,,2024
Diadema,2,23.0,425.0,0.0,0.0,0.0,0.0,0.0,12.0,407.0,6.0,0.0,1.0,1.0,1.0,1.0,2024
Diadema,2,38.0,771.0,0.0,456.0,0.0,0.0,10.0,448.0,286.0,27.0,0.0,1.0,1.0,1.0,1.0,2024
Diadema,2,23.0,429.0,429.0,0.0,0.0,0.0,425.0,4.0,0.0,0.0,0.0,1.0,1.0,1.0,1.0,2024
Diadema,2,46.0,1621.0,0.0,696.0,0.0,0.0,10.0,665.0,857.0,89.0,0.0,1.0,1.0,0.0,1.0,2024
Diadema,2,64.0,1912.0,0.0,869.0,0.0,0.0,18.0,827.0,986.0,81.0,0.0,1.0,1.0,1.0,1.0,2024
Diadema,2,34.0,767.0,0.0,320.0,0.0,0.0,5.0,319.0,411.0,32.0,0.0,1.0,1.0,0.0,1.0,2024
Diadema,2,38.0,1289.0,0.0,516.0,0.0,0.0,8.0,498.0,701.0,82.0,0.0,0.0,1.0,1.0,0.0,2024
Diadema,2,37.0,1179.0,0.0,495.0,0.0,0.0,8.0,481.0,640.0,50.0,0.0,1.0,1.0,1.0,1.0,2024
Diadema,2,,,,,,,,,,,,,,,,2024
Diadema,2,,,,,,,,,,,,,,,,2024
Diadema,2,34.0,819.0,0.0,425.0,0.0,0.0,7.0,400.0,370.0,42.0,0.0,1.0,1.0,1.0,0.0,2024
Diadema,2,22.0,393.0,393.0,0.0,0.0,0.0,381.0,12.0,0.0,0.0,0.0,0.0,1.0,1.0,1.0,2024
Diadema,2,46.0,917.0,631.0,0.0,0.0,0.0,621.0,10.0,0.0,286.0,0.0,1.0,1.0,1.0,0.0,2024
Diadema,2,18.0,294.0,294.0,0.0,0.0,0.0,282.0,12.0,0.0,0.0,0.0,0.0,1.0,1.0,0.0,2024
Diadema,2,21.0,422.0,0.0,304.0,0.0,0.0,0.0,299.0,116.0,7.0,0.0,1.0,1.0,1.0,1.0,2024
Diadema,2,22.0,351.0,0.0,252.0,0.0,0.0,4.0,243.0,94.0,10.0,0.0,0.0,1.0,1.0,1.0,2024
Diadema,2,35.0,685.0,553.0,0.0,0.0,0.0,547.0,6.0,0.0,132.0,0.0,1.0,1.0,1.0,1.0,2024
Diadema,2,,,,,,,,,,,,,,,,2024
Diadema,2,52.0,1190.0,0.0,621.0,0.0,0.0,2.0,594.0,538.0,56.0,0.0,1.0,1.0,1.0,1.0,2024
Diadema,2,41.0,989.0,0.0,436.0,0.0,0.0,5.0,417.0,470.0,97.0,1.0,1.0,1.0,1.0,1.0,2024
Diadema,2,15.0,313.0,313.0,0.0,0.0,0.0,309.0,4.0,0.0,0.0,0.0,0.0,1.0,1.0,1.0,2024
Diadema,2,,,,,,,,,,,,,,,,2024
Diadema,2,68.0,1823.0,0.0,925.0,0.0,0.0,11.0,892.0,844.0,76.0,0.0,1.0,1.0,1.0,1.0,2024
Diadema,2,65.0,1269.0,320.0,555.0,0.0,0.0,315.0,539.0,382.0,33.0,0.0,1.0,1.0,1.0,1.0,2024
Diadema,2,62.0,1184.0,0.0,0.0,0.0,0.0,0.0,4.0,517.0,663.0,1.0,1.0,1.0,0.0,0.0,2024
Diadema,2,3.0,61.0,0.0,0.0,0.0,0.0,0.0,0.0,0.0,61.0,0.0,0.0,0.0,0.0,0.0,2024
Diadema,2,,,,,,,,,,,,,,,,2024
Diadema,2,7.0,42.0,0.0,24.0,0.0,0.0,0.0,1.0,32.0,9.0,0.0,0.0,1.0,0.0,0.0,2024
Diadema,2,31.0,708.0,708.0,0.0,0.0,0.0,700.0,7.0,1.0,0.0,0.0,1.0,1.0,1.0,0.0,2024
Diadema,2,,,,,,,,,,,,,,,,2024
Diadema,2,22.0,457.0,0.0,355.0,0.0,0.0,11.0,335.0,104.0,7.0,0.0,1.0,1.0,1.0,0.0,2024
Diadema,2,32.0,675.0,675.0,0.0,0.0,0.0,667.0,8.0,0.0,0.0,0.0,1.0,1.0,1.0,1.0,2024
Diadema,2,63.0,1684.0,0.0,815.0,0.0,0.0,11.0,781.0,815.0,77.0,0.0,1.0,1.0,1.0,1.0,2024
Diadema,2,33.0,743.0,0.0,534.0,0.0,0.0,15.0,519.0,198.0,11.0,0.0,1.0,1.0,1.0,1.0,2024
Diadema,2,24.0,422.0,422.0,0.0,0.0,0.0,418.0,4.0,0.0,0.0,0.0,1.0,1.0,1.0,1.0,2024
Diadema,2,28.0,557.0,0.0,259.0,0.0,0.0,3.0,251.0,278.0,25.0,0.0,1.0,1.0,1.0,0.0,2024
Diadema,2,47.0,1222.0,0.0,542.0,0.0,0.0,11.0,520.0,624.0,67.0,0.0,1.0,1.0,1.0,1.0,2024
Diadema,2,18.0,263.0,132.0,131.0,0.0,0.0,132.0,127.0,4.0,0.0,0.0,0.0,1.0,1.0,0.0,2024
Diadema,2,20.0,389.0,389.0,0.0,0.0,0.0,381.0,8.0,0.0,0.0,0.0,1.0,1.0,0.0,0.0,2024
Diadema,2,17.0,256.0,256.0,0.0,0.0,0.0,254.0,2.0,0.0,0.0,0.0,1.0,1.0,0.0,0.0,2024
Diadema,2,38.0,751.0,590.0,0.0,0.0,0.0,580.0,10.0,0.0,161.0,0.0,0.0,1.0,0.0,0.0,2024
Diadema,2,39.0,1009.0,0.0,283.0,0.0,0.0,2.0,279.0,681.0,47.0,0.0,1.0,1.0,1.0,0.0,2024
Diadema,2,13.0,230.0,230.0,0.0,0.0,0.0,228.0,2.0,0.0,0.0,0.0,0.0,1.0,1.0,0.0,2024
Diadema,2,42.0,952.0,0.0,614.0,0.0,0.0,8.0,599.0,314.0,31.0,0.0,1.0,1.0,1.0,1.0,2024
Diadema,2,28.0,514.0,0.0,514.0,0.0,0.0,10.0,489.0,15.0,0.0,0.0,1.0,1.0,1.0,0.0,2024
Diadema,2,18.0,279.0,0.0,234.0,0.0,0.0,8.0,226.0,45.0,0.0,0.0,1.0,1.0,1.0,1.0,2024
Diadema,2,81.0,1927.0,0.0,858.0,0.0,0.0,10.0,798.0,990.0,129.0,0.0,1.0,1.0,1.0,1.0,2024
Diadema,2,,,,,,,,,,,,,,,,2024
Diadema,2,63.0,1741.0,0.0,710.0,0.0,0.0,8.0,698.0,935.0,100.0,0.0,1.0,1.0,1.0,1.0,2024
Diadema,2,34.0,984.0,0.0,312.0,0.0,0.0,5.0,301.0,576.0,102.0,0.0,1.0,1.0,1.0,1.0,2024
Diadema,2,,,,,,,,,,,,,,,,2024
Diadema,2,52.0,1563.0,0.0,692.0,0.0,0.0,9.0,670.0,808.0,76.0,0.0,1.0,1.0,1.0,1.0,2024
Diadema,2,39.0,1218.0,0.0,477.0,0.0,0.0,6.0,469.0,667.0,76.0,0.0,1.0,1.0,1.0,0.0,2024
Diadema,2,30.0,476.0,0.0,369.0,0.0,0.0,12.0,348.0,107.0,9.0,0.0,1.0,1.0,1.0,1.0,2024
Dirce Reis,2,20.0,173.0,51.0,83.0,0.0,0.0,52.0,72.0,48.0,1.0,0.0,0.0,1.0,1.0,1.0,2024
Divinolândia,2,23.0,379.0,0.0,108.0,0.0,0.0,3.0,106.0,263.0,7.0,0.0,1.0,1.0,1.0,0.0,2024
Dobrada,2,39.0,796.0,0.0,467.0,0.0,0.0,11.0,441.0,252.0,92.0,0.0,1.0,1.0,1.0,0.0,2024
Dobrada,2,12.0,239.0,239.0,0.0,0.0,0.0,236.0,3.0,0.0,0.0,0.0,1.0,1.0,0.0,1.0,2024
Dobrada,2,11.0,210.0,210.0,0.0,0.0,0.0,208.0,2.0,0.0,0.0,0.0,1.0,1.0,0.0,0.0,2024
Dois Córregos,2,38.0,840.0,0.0,312.0,0.0,0.0,3.0,306.0,504.0,27.0,1.0,1.0,1.0,1.0,1.0,2024
Dois Córregos,2,,,,,,,,,,,0.0,1.0,1.0,1.0,1.0,2024
Dois Córregos,2,37.0,885.0,0.0,321.0,0.0,0.0,6.0,314.0,444.0,121.0,0.0,1.0,1.0,1.0,1.0,2024
Dolcinópolis,2,13.0,156.0,0.0,109.0,0.0,0.0,3.0,102.0,47.0,4.0,0.0,1.0,1.0,1.0,0.0,2024
Dourado,2,12.0,219.0,0.0,0.0,0.0,0.0,0.0,11.0,202.0,6.0,0.0,1.0,1.0,1.0,0.0,2024
Dracena,2,54.0,712.0,0.0,0.0,0.0,0.0,0.0,2.0,347.0,363.0,1.0,1.0,1.0,1.0,1.0,2024
Dracena,2,41.0,713.0,0.0,373.0,0.0,0.0,5.0,341.0,342.0,25.0,0.0,1.0,1.0,1.0,0.0,2024
Dracena,2,35.0,713.0,0.0,392.0,0.0,0.0,5.0,378.0,309.0,21.0,0.0,1.0,1.0,1.0,1.0,2024
Dracena,2,50.0,936.0,0.0,465.0,0.0,0.0,10.0,427.0,384.0,115.0,0.0,1.0,1.0,1.0,1.0,2024
Dracena,2,5.0,89.0,0.0,0.0,0.0,0.0,0.0,0.0,1.0,88.0,0.0,0.0,1.0,0.0,0.0,2024
Dracena,2,,,,,,,,,,,,,,,,2024
Dracena,2,24.0,351.0,0.0,277.0,0.0,0.0,7.0,256.0,84.0,4.0,0.0,1.0,1.0,1.0,0.0,2024
Duartina,2,32.0,633.0,0.0,402.0,0.0,0.0,6.0,388.0,232.0,7.0,0.0,1.0,1.0,1.0,0.0,2024
Dumont,2,27.0,517.0,0.0,0.0,0.0,0.0,0.0,4.0,425.0,88.0,0.0,1.0,1.0,1.0,0.0,2024
Dumont,2,,,,,,,,,,,0.0,1.0,1.0,0.0,0.0,2024
Echaporã,2,22.0,538.0,0.0,294.0,0.0,0.0,1.0,274.0,237.0,26.0,0.0,1.0,1.0,1.0,0.0,2024
Eldorado,2,28.0,520.0,0.0,520.0,0.0,0.0,7.0,486.0,27.0,0.0,0.0,1.0,1.0,1.0,1.0,2024
Eldorado,2,26.0,441.0,0.0,0.0,0.0,0.0,0.0,13.0,321.0,107.0,0.0,1.0,1.0,1.0,0.0,2024
Eldorado,2,6.0,14.0,4.0,3.0,0.0,1.0,4.0,2.0,3.0,4.0,0.0,0.0,0.0,0.0,0.0,2024
Eldorado,2,9.0,37.0,0.0,37.0,0.0,0.0,0.0,32.0,5.0,0.0,0.0,1.0,1.0,0.0,0.0,2024
Eldorado,2,14.0,166.0,0.0,102.0,0.0,0.0,1.0,87.0,69.0,9.0,0.0,1.0,1.0,1.0,1.0,2024
Eldorado,2,12.0,117.0,0.0,78.0,0.0,0.0,2.0,73.0,38.0,4.0,0.0,1.0,1.0,1.0,0.0,2024
Eldorado,2,13.0,138.0,0.0,74.0,0.0,0.0,1.0,72.0,64.0,1.0,0.0,1.0,1.0,1.0,0.0,2024
Elias Fausto,2,25.0,611.0,0.0,0.0,0.0,0.0,0.0,17.0,544.0,50.0,0.0,1.0,1.0,1.0,1.0,2024
Elias Fausto,2,,,,,,,,,,,,,,,,2024
Elias Fausto,2,12.0,226.0,0.0,0.0,0.0,0.0,0.0,1.0,206.0,19.0,0.0,1.0,1.0,1.0,0.0,2024
Elisiário,2,15.0,136.0,0.0,0.0,0.0,0.0,0.0,1.0,130.0,5.0,0.0,1.0,1.0,1.0,1.0,2024
Embaúba,2,13.0,192.0,0.0,109.0,0.0,0.0,2.0,107.0,82.0,1.0,0.0,1.0,1.0,1.0,1.0,2024
Embu das Artes,2,18.0,521.0,0.0,259.0,0.0,0.0,2.0,242.0,259.0,18.0,0.0,0.0,1.0,1.0,0.0,2024
Embu das Artes,2,25.0,598.0,598.0,0.0,0.0,0.0,582.0,16.0,0.0,0.0,0.0,0.0,1.0,1.0,1.0,2024
Embu das Artes,2,29.0,722.0,0.0,386.0,0.0,0.0,1.0,353.0,343.0,25.0,0.0,1.0,1.0,1.0,1.0,2024
Embu das Artes,2,27.0,529.0,0.0,366.0,0.0,0.0,1.0,357.0,157.0,14.0,0.0,1.0,1.0,1.0,0.0,2024
Embu das Artes,2,22.0,483.0,483.0,0.0,0.0,0.0,451.0,32.0,0.0,0.0,0.0,0.0,1.0,1.0,1.0,2024
Embu das Artes,2,44.0,1044.0,0.0,452.0,0.0,0.0,4.0,420.0,564.0,56.0,0.0,1.0,1.0,1.0,0.0,2024
Embu das Artes,2,41.0,785.0,0.0,370.0,0.0,0.0,0.0,355.0,413.0,17.0,0.0,1.0,1.0,1.0,1.0,2024
Embu das Artes,2,58.0,1445.0,0.0,444.0,0.0,0.0,3.0,421.0,873.0,148.0,0.0,1.0,1.0,1.0,0.0,2024
Embu das Artes,2,63.0,1482.0,333.0,399.0,0.0,0.0,326.0,383.0,723.0,50.0,0.0,1.0,1.0,1.0,1.0,2024
Embu das Artes,2,29.0,490.0,228.0,135.0,0.0,0.0,221.0,141.0,118.0,10.0,0.0,1.0,1.0,1.0,1.0,2024
Embu das Artes,2,28.0,431.0,154.0,165.0,0.0,0.0,146.0,165.0,115.0,5.0,0.0,1.0,1.0,1.0,1.0,2024
Embu das Artes,2,50.0,1328.0,0.0,564.0,0.0,0.0,3.0,525.0,716.0,84.0,0.0,0.0,1.0,1.0,0.0,2024
Embu das Artes,2,56.0,1360.0,438.0,401.0,0.0,0.0,419.0,390.0,457.0,94.0,0.0,1.0,1.0,1.0,1.0,2024
Embu das Artes,2,19.0,440.0,0.0,244.0,0.0,0.0,2.0,236.0,180.0,22.0,0.0,1.0,1.0,1.0,0.0,2024
Embu das Artes,2,38.0,780.0,0.0,470.0,0.0,0.0,0.0,450.0,306.0,24.0,0.0,1.0,1.0,1.0,0.0,2024
Embu das Artes,2,44.0,1058.0,461.0,404.0,0.0,0.0,444.0,381.0,220.0,13.0,0.0,1.0,1.0,1.0,1.0,2024
Embu das Artes,2,17.0,265.0,105.0,160.0,0.0,0.0,102.0,153.0,10.0,0.0,1.0,1.0,1.0,1.0,1.0,2024
Embu das Artes,2,56.0,1418.0,0.0,446.0,0.0,0.0,0.0,401.0,832.0,185.0,0.0,0.0,1.0,1.0,0.0,2024
Embu das Artes,2,16.0,281.0,0.0,185.0,0.0,0.0,0.0,175.0,101.0,5.0,0.0,1.0,1.0,1.0,0.0,2024
Embu das Artes,2,19.0,422.0,0.0,258.0,0.0,0.0,1.0,236.0,175.0,10.0,0.0,1.0,1.0,1.0,1.0,2024
Embu das Artes,2,52.0,1462.0,0.0,618.0,0.0,0.0,6.0,588.0,775.0,93.0,0.0,1.0,1.0,1.0,1.0,2024
Embu das Artes,2,16.0,331.0,331.0,0.0,0.0,0.0,319.0,12.0,0.0,0.0,0.0,0.0,1.0,0.0,1.0,2024
Embu das Artes,2,25.0,408.0,150.0,143.0,0.0,0.0,151.0,138.0,114.0,5.0,0.0,1.0,1.0,1.0,1.0,2024
Embu das Artes,2,21.0,461.0,0.0,319.0,0.0,0.0,1.0,297.0,161.0,2.0,0.0,1.0,1.0,1.0,1.0,2024
Embu das Artes,2,18.0,367.0,0.0,367.0,0.0,0.0,1.0,341.0,25.0,0.0,0.0,0.0,1.0,0.0,1.0,2024
Embu das Artes,2,30.0,709.0,0.0,420.0,0.0,0.0,0.0,403.0,290.0,16.0,1.0,1.0,1.0,1.0,1.0,2024
Embu das Artes,2,31.0,667.0,0.0,375.0,0.0,0.0,2.0,350.0,304.0,11.0,0.0,1.0,1.0,1.0,1.0,2024
Embu das Artes,2,52.0,883.0,0.0,0.0,0.0,0.0,0.0,3.0,473.0,407.0,1.0,1.0,1.0,1.0,0.0,2024
Embu das Artes,2,22.0,472.0,0.0,318.0,0.0,0.0,3.0,305.0,153.0,11.0,0.0,1.0,1.0,1.0,1.0,2024
Embu das Artes,2,29.0,646.0,0.0,381.0,0.0,0.0,1.0,361.0,270.0,14.0,0.0,1.0,1.0,1.0,1.0,2024
Embu das Artes,2,34.0,586.0,0.0,349.0,0.0,0.0,1.0,326.0,244.0,15.0,0.0,1.0,1.0,1.0,1.0,2024
Embu das Artes,2,26.0,546.0,0.0,391.0,0.0,0.0,2.0,374.0,159.0,11.0,0.0,1.0,1.0,1.0,1.0,2024
Embu das Artes,2,50.0,1370.0,0.0,598.0,0.0,0.0,1.0,561.0,625.0,183.0,0.0,1.0,1.0,1.0,0.0,2024
Embu das Artes,2,16.0,302.0,156.0,146.0,0.0,0.0,144.0,154.0,4.0,0.0,0.0,1.0,1.0,1.0,1.0,2024
Embu das Artes,2,38.0,957.0,0.0,373.0,0.0,0.0,1.0,351.0,538.0,67.0,0.0,1.0,1.0,1.0,0.0,2024
Embu das Artes,2,33.0,752.0,0.0,448.0,0.0,0.0,1.0,425.0,309.0,17.0,0.0,1.0,1.0,1.0,1.0,2024
Embu das Artes,2,16.0,270.0,134.0,136.0,0.0,0.0,128.0,138.0,4.0,0.0,0.0,0.0,1.0,1.0,1.0,2024
Embu das Artes,2,38.0,871.0,0.0,449.0,0.0,0.0,2.0,426.0,410.0,33.0,0.0,1.0,1.0,1.0,1.0,2024
Embu das Artes,2,23.0,518.0,518.0,0.0,0.0,0.0,499.0,19.0,0.0,0.0,0.0,1.0,1.0,0.0,1.0,2024
Embu das Artes,2,42.0,927.0,0.0,415.0,0.0,0.0,1.0,379.0,441.0,106.0,0.0,0.0,1.0,1.0,0.0,2024
Embu das Artes,2,21.0,376.0,0.0,376.0,0.0,0.0,1.0,348.0,27.0,0.0,0.0,1.0,1.0,1.0,0.0,2024
Embu das Artes,2,12.0,128.0,35.0,93.0,0.0,0.0,35.0,87.0,6.0,0.0,0.0,1.0,1.0,1.0,1.0,2024
Embu das Artes,2,22.0,473.0,0.0,308.0,0.0,0.0,2.0,288.0,172.0,11.0,0.0,1.0,1.0,1.0,1.0,2024
Embu das Artes,2,19.0,329.0,329.0,0.0,0.0,0.0,315.0,14.0,0.0,0.0,0.0,1.0,1.0,1.0,1.0,2024
Embu das Artes,2,29.0,692.0,692.0,0.0,0.0,0.0,660.0,32.0,0.0,0.0,0.0,1.0,1.0,1.0,1.0,2024
Embu-Guaçu,2,,,,,,,,,,,,,,,,2024
Embu-Guaçu,2,30.0,758.0,0.0,437.0,0.0,0.0,4.0,436.0,306.0,12.0,0.0,1.0,1.0,1.0,0.0,2024
Embu-Guaçu,2,63.0,1078.0,0.0,233.0,0.0,0.0,3.0,227.0,692.0,156.0,0.0,0.0,1.0,1.0,1.0,2024
Embu-Guaçu,2,24.0,457.0,0.0,282.0,0.0,0.0,4.0,277.0,174.0,2.0,1.0,1.0,1.0,1.0,1.0,2024
Embu-Guaçu,2,22.0,474.0,0.0,277.0,0.0,0.0,7.0,271.0,196.0,0.0,0.0,0.0,1.0,1.0,1.0,2024
Embu-Guaçu,2,24.0,522.0,0.0,313.0,0.0,0.0,9.0,294.0,209.0,10.0,0.0,0.0,1.0,1.0,1.0,2024
Embu-Guaçu,2,17.0,474.0,474.0,0.0,0.0,2.0,466.0,6.0,0.0,0.0,0.0,1.0,1.0,1.0,1.0,2024
Embu-Guaçu,2,34.0,716.0,716.0,0.0,0.0,0.0,710.0,6.0,0.0,0.0,0.0,1.0,1.0,1.0,0.0,2024
Embu-Guaçu,2,41.0,675.0,229.0,243.0,0.0,0.0,234.0,237.0,200.0,4.0,0.0,0.0,1.0,1.0,1.0,2024
Embu-Guaçu,2,14.0,210.0,0.0,128.0,0.0,0.0,3.0,124.0,80.0,3.0,0.0,1.0,1.0,1.0,0.0,2024
Embu-Guaçu,2,22.0,453.0,0.0,256.0,0.0,0.0,4.0,253.0,192.0,4.0,0.0,0.0,1.0,1.0,0.0,2024
Embu-Guaçu,2,14.0,186.0,0.0,186.0,0.0,0.0,4.0,180.0,2.0,0.0,0.0,1.0,1.0,1.0,0.0,2024
Embu-Guaçu,2,11.0,221.0,221.0,0.0,0.0,0.0,216.0,5.0,0.0,0.0,0.0,0.0,1.0,0.0,1.0,2024
Embu-Guaçu,2,54.0,1006.0,0.0,502.0,0.0,0.0,7.0,493.0,475.0,31.0,0.0,1.0,1.0,1.0,1.0,2024
Embu-Guaçu,2,25.0,355.0,163.0,127.0,0.0,0.0,160.0,125.0,67.0,3.0,0.0,0.0,1.0,1.0,0.0,2024
Embu-Guaçu,2,11.0,224.0,224.0,0.0,0.0,0.0,221.0,3.0,0.0,0.0,0.0,1.0,1.0,0.0,0.0,2024
Embu-Guaçu,2,9.0,130.0,0.0,130.0,0.0,0.0,2.0,122.0,6.0,0.0,0.0,1.0,1.0,1.0,0.0,2024
Embu-Guaçu,2,9.0,119.0,0.0,119.0,0.0,0.0,4.0,114.0,1.0,0.0,0.0,1.0,1.0,1.0,0.0,2024
Embu-Guaçu,2,10.0,131.0,131.0,0.0,0.0,0.0,131.0,0.0,0.0,0.0,0.0,1.0,1.0,0.0,0.0,2024
Embu-Guaçu,2,13.0,260.0,260.0,0.0,0.0,0.0,257.0,3.0,0.0,0.0,0.0,0.0,1.0,1.0,0.0,2024
Embu-Guaçu,2,9.0,134.0,134.0,0.0,0.0,0.0,134.0,0.0,0.0,0.0,0.0,0.0,1.0,0.0,1.0,2024
Emilianópolis,2,13.0,133.0,0.0,0.0,0.0,0.0,0.0,0.0,102.0,31.0,1.0,1.0,1.0,1.0,1.0,2024
Engenheiro Coelho,2,49.0,1748.0,0.0,787.0,0.0,0.0,10.0,751.0,887.0,100.0,0.0,1.0,1.0,1.0,0.0,2024
Espírito Santo do Pinhal,2,8.0,101.0,101.0,0.0,0.0,0.0,98.0,3.0,0.0,0.0,1.0,1.0,1.0,1.0,1.0,2024
Espírito Santo do Pinhal,2,41.0,587.0,0.0,354.0,0.0,0.0,5.0,333.0,207.0,42.0,0.0,1.0,1.0,1.0,0.0,2024
Espírito Santo do Pinhal,2,47.0,890.0,0.0,392.0,0.0,0.0,8.0,384.0,444.0,54.0,0.0,1.0,1.0,1.0,1.0,2024
Espírito Santo do Pinhal,2,43.0,664.0,0.0,0.0,0.0,0.0,0.0,3.0,428.0,233.0,1.0,1.0,1.0,1.0,1.0,2024
Espírito Santo do Pinhal,2,17.0,337.0,337.0,0.0,0.0,0.0,334.0,3.0,0.0,0.0,0.0,1.0,1.0,1.0,1.0,2024
Espírito Santo do Pinhal,2,29.0,383.0,0.0,271.0,0.0,0.0,3.0,257.0,114.0,9.0,0.0,0.0,1.0,1.0,0.0,2024
Espírito Santo do Pinhal,2,28.0,423.0,0.0,262.0,0.0,0.0,3.0,255.0,164.0,1.0,0.0,1.0,1.0,1.0,1.0,2024
Espírito Santo do Pinhal,2,19.0,184.0,76.0,108.0,0.0,0.0,75.0,105.0,4.0,0.0,0.0,1.0,1.0,1.0,0.0,2024
Espírito Santo do Pinhal,2,,,,,,,,,,,0.0,0.0,1.0,0.0,0.0,2024
Espírito Santo do Pinhal,2,12.0,180.0,180.0,0.0,0.0,2.0,176.0,2.0,0.0,0.0,0.0,1.0,1.0,1.0,0.0,2024
Espírito Santo do Pinhal,2,14.0,151.0,44.0,107.0,0.0,0.0,47.0,101.0,3.0,0.0,0.0,1.0,1.0,0.0,0.0,2024
Espírito Santo do Turvo,2,22.0,330.0,0.0,244.0,0.0,0.0,3.0,229.0,93.0,5.0,0.0,1.0,1.0,1.0,0.0,2024
Estrela d'Oeste,2,25.0,514.0,0.0,357.0,0.0,0.0,4.0,319.0,179.0,12.0,0.0,1.0,1.0,1.0,1.0,2024
Estrela do Norte,2,21.0,334.0,0.0,149.0,0.0,0.0,0.0,143.0,166.0,25.0,0.0,1.0,1.0,1.0,1.0,2024
Euclides da Cunha Paulista,2,20.0,302.0,0.0,195.0,0.0,0.0,3.0,188.0,109.0,2.0,0.0,1.0,1.0,1.0,1.0,2024
Euclides da Cunha Paulista,2,19.0,98.0,0.0,48.0,0.0,0.0,0.0,43.0,51.0,4.0,0.0,1.0,1.0,1.0,0.0,2024
Euclides da Cunha Paulista,2,29.0,304.0,0.0,111.0,0.0,0.0,0.0,102.0,150.0,52.0,0.0,1.0,1.0,1.0,1.0,2024
Euclides da Cunha Paulista,2,18.0,66.0,0.0,30.0,0.0,0.0,0.0,29.0,29.0,8.0,0.0,1.0,1.0,1.0,0.0,2024
Euclides da Cunha Paulista,2,15.0,97.0,0.0,39.0,0.0,0.0,0.0,38.0,55.0,4.0,0.0,1.0,1.0,1.0,1.0,2024
Fartura,2,36.0,694.0,0.0,400.0,0.0,0.0,4.0,389.0,291.0,10.0,0.0,0.0,1.0,1.0,1.0,2024
Fartura,2,36.0,608.0,0.0,362.0,0.0,0.0,6.0,353.0,241.0,8.0,0.0,1.0,1.0,1.0,0.0,2024
Fernandópolis,2,55.0,1416.0,0.0,332.0,0.0,0.0,4.0,324.0,862.0,226.0,0.0,0.0,1.0,1.0,1.0,2024
Fernandópolis,2,14.0,186.0,0.0,126.0,0.0,0.0,2.0,113.0,64.0,7.0,0.0,1.0,1.0,1.0,1.0,2024
Fernandópolis,2,26.0,548.0,0.0,314.0,0.0,0.0,5.0,288.0,228.0,27.0,0.0,0.0,1.0,1.0,0.0,2024
Fernandópolis,2,,,,,,,,,,,,,,,,2024
Fernandópolis,2,22.0,441.0,0.0,283.0,0.0,0.0,7.0,268.0,157.0,9.0,0.0,0.0,1.0,1.0,1.0,2024
Fernandópolis,2,,,,,,,,,,,,,,,,2024
Fernandópolis,2,18.0,346.0,0.0,279.0,0.0,0.0,3.0,245.0,88.0,10.0,0.0,0.0,1.0,1.0,0.0,2024
Fernandópolis,2,34.0,753.0,0.0,419.0,0.0,0.0,4.0,397.0,340.0,12.0,0.0,0.0,1.0,1.0,1.0,2024
Fernandópolis,2,,,,,,,,,,,,,,,,2024
Fernandópolis,2,15.0,244.0,0.0,167.0,0.0,0.0,4.0,157.0,77.0,6.0,0.0,0.0,1.0,1.0,1.0,2024
Fernandópolis,2,20.0,238.0,24.0,160.0,0.0,0.0,24.0,158.0,53.0,3.0,0.0,0.0,1.0,1.0,1.0,2024
Fernandópolis,2,55.0,939.0,0.0,0.0,0.0,0.0,0.0,7.0,688.0,244.0,0.0,1.0,1.0,1.0,1.0,2024
Fernandópolis,2,,,,,,,,,,,,,,,,2024
Fernandópolis,2,20.0,286.0,0.0,193.0,0.0,0.0,6.0,173.0,100.0,7.0,0.0,1.0,1.0,1.0,1.0,2024
Fernandópolis,2,,,,,,,,,,,,,,,,2024
Fernandópolis,2,23.0,103.0,44.0,39.0,0.0,0.0,43.0,39.0,21.0,0.0,0.0,0.0,1.0,1.0,0.0,2024
Fernando Prestes,2,17.0,256.0,0.0,0.0,0.0,0.0,0.0,4.0,240.0,12.0,0.0,0.0,1.0,1.0,1.0,2024
Fernão,2,12.0,176.0,0.0,120.0,0.0,0.0,2.0,116.0,56.0,2.0,0.0,1.0,1.0,1.0,1.0,2024
Ferraz de Vasconcelos,2,27.0,664.0,0.0,422.0,0.0,0.0,3.0,403.0,245.0,13.0,0.0,1.0,1.0,1.0,0.0,2024
Ferraz de Vasconcelos,2,,,,,,,,,,,,,,,,2024
Ferraz de Vasconcelos,2,55.0,1123.0,0.0,447.0,0.0,0.0,0.0,415.0,418.0,290.0,0.0,1.0,1.0,1.0,1.0,2024
Ferraz de Vasconcelos,2,32.0,763.0,0.0,518.0,0.0,0.0,0.0,492.0,261.0,10.0,0.0,1.0,1.0,1.0,0.0,2024
Ferraz de Vasconcelos,2,,,,,,,,,,,,,,,,2024
Ferraz de Vasconcelos,2,39.0,1030.0,0.0,414.0,0.0,0.0,0.0,381.0,579.0,70.0,0.0,1.0,1.0,1.0,1.0,2024
Ferraz de Vasconcelos,2,30.0,566.0,0.0,326.0,0.0,0.0,1.0,301.0,252.0,12.0,0.0,1.0,1.0,1.0,1.0,2024
Ferraz de Vasconcelos,2,35.0,795.0,0.0,426.0,0.0,0.0,0.0,408.0,363.0,24.0,0.0,1.0,1.0,1.0,1.0,2024
Ferraz de Vasconcelos,2,35.0,821.0,0.0,523.0,0.0,0.0,1.0,479.0,322.0,19.0,0.0,0.0,1.0,1.0,1.0,2024
Ferraz de Vasconcelos,2,25.0,490.0,0.0,338.0,0.0,0.0,2.0,319.0,165.0,4.0,0.0,1.0,1.0,1.0,1.0,2024
Ferraz de Vasconcelos,2,,,,,,,,,,,,,,,,2024
Ferraz de Vasconcelos,2,,,,,,,,,,,,,,,,2024
Ferraz de Vasconcelos,2,,,,,,,,,,,,,,,,2024
Ferraz de Vasconcelos,2,,,,,,,,,,,,,,,,2024
Ferraz de Vasconcelos,2,47.0,863.0,0.0,0.0,0.0,0.0,0.0,6.0,598.0,259.0,1.0,1.0,1.0,1.0,0.0,2024
Ferraz de Vasconcelos,2,,,,,,,,,,,,,,,,2024
Ferraz de Vasconcelos,2,,,,,,,,,,,,,,,,2024
Ferraz de Vasconcelos,2,,,,,,,,,,,,,,,,2024
Ferraz de Vasconcelos,2,,,,,,,,,,,,,,,,2024
Ferraz de Vasconcelos,2,40.0,660.0,0.0,259.0,0.0,0.0,0.0,239.0,390.0,31.0,0.0,1.0,1.0,1.0,1.0,2024
Ferraz de Vasconcelos,2,18.0,322.0,0.0,176.0,0.0,0.0,0.0,170.0,145.0,7.0,0.0,1.0,1.0,1.0,0.0,2024
Ferraz de Vasconcelos,2,55.0,1188.0,0.0,495.0,0.0,0.0,0.0,464.0,599.0,125.0,0.0,1.0,1.0,1.0,0.0,2024
Ferraz de Vasconcelos,2,,,,,,,,,,,,,,,,2024
Ferraz de Vasconcelos,2,,,,,,,,,,,,,,,,2024
Ferraz de Vasconcelos,2,46.0,1221.0,0.0,401.0,0.0,0.0,0.0,362.0,740.0,119.0,0.0,1.0,1.0,1.0,0.0,2024
Ferraz de Vasconcelos,2,53.0,1206.0,0.0,566.0,0.0,0.0,0.0,507.0,624.0,75.0,0.0,1.0,1.0,1.0,1.0,2024
Ferraz de Vasconcelos,2,,,,,,,,,,,,,,,,2024
Ferraz de Vasconcelos,2,31.0,614.0,0.0,373.0,0.0,0.0,2.0,341.0,249.0,22.0,0.0,1.0,1.0,1.0,1.0,2024
Ferraz de Vasconcelos,2,28.0,696.0,0.0,399.0,0.0,0.0,0.0,376.0,301.0,19.0,0.0,1.0,1.0,1.0,0.0,2024
Ferraz de Vasconcelos,2,,,,,,,,,,,,,,,,2024
Ferraz de Vasconcelos,2,56.0,1384.0,0.0,565.0,0.0,0.0,0.0,523.0,734.0,127.0,0.0,1.0,1.0,1.0,1.0,2024
Ferraz de Vasconcelos,2,23.0,511.0,0.0,355.0,0.0,0.0,0.0,328.0,172.0,11.0,0.0,1.0,1.0,1.0,1.0,2024
Flora Rica,2,14.0,48.0,0.0,0.0,0.0,0.0,0.0,0.0,41.0,7.0,0.0,1.0,1.0,1.0,0.0,2024
Floreal,2,13.0,165.0,0.0,98.0,0.0,0.0,4.0,95.0,66.0,0.0,0.0,1.0,1.0,1.0,1.0,2024
Flórida Paulista,2,44.0,759.0,0.0,426.0,0.0,0.0,9.0,408.0,280.0,62.0,0.0,1.0,1.0,1.0,1.0,2024
Flórida Paulista,2,,,,,,,,,,,,,,,,2024
Flórida Paulista,2,6.0,140.0,0.0,0.0,0.0,0.0,0.0,0.0,0.0,140.0,0.0,0.0,1.0,0.0,0.0,2024
Flórida Paulista,2,,,,,,,,,,,,,,,,2024
Florínea,2,15.0,226.0,0.0,136.0,0.0,0.0,4.0,131.0,90.0,1.0,0.0,1.0,1.0,1.0,0.0,2024
Florínea,2,8.0,57.0,0.0,0.0,0.0,0.0,0.0,0.0,0.0,57.0,0.0,0.0,0.0,0.0,0.0,2024
Florínea,2,11.0,159.0,159.0,0.0,0.0,0.0,159.0,0.0,0.0,0.0,0.0,1.0,1.0,1.0,1.0,2024
Franca,2,30.0,711.0,711.0,0.0,0.0,0.0,682.0,29.0,0.0,0.0,0.0,1.0,1.0,1.0,1.0,2024
Franca,2,17.0,288.0,288.0,0.0,0.0,0.0,277.0,11.0,0.0,0.0,0.0,1.0,1.0,1.0,1.0,2024
Franca,2,51.0,1360.0,0.0,651.0,0.0,0.0,0.0,608.0,721.0,31.0,0.0,0.0,1.0,1.0,1.0,2024
Franca,2,16.0,259.0,0.0,214.0,0.0,0.0,0.0,198.0,60.0,1.0,0.0,1.0,1.0,1.0,0.0,2024
Franca,2,77.0,1247.0,0.0,0.0,0.0,0.0,0.0,2.0,766.0,479.0,1.0,1.0,1.0,1.0,1.0,2024
Franca,2,17.0,315.0,0.0,291.0,0.0,0.0,2.0,276.0,37.0,0.0,0.0,1.0,1.0,1.0,0.0,2024
Franca,2,22.0,402.0,402.0,0.0,0.0,0.0,376.0,26.0,0.0,0.0,0.0,1.0,1.0,1.0,0.0,2024
Franca,2,24.0,471.0,0.0,374.0,0.0,0.0,0.0,360.0,103.0,8.0,0.0,0.0,1.0,1.0,0.0,2024
Franca,2,18.0,383.0,383.0,0.0,0.0,0.0,360.0,23.0,0.0,0.0,0.0,1.0,1.0,1.0,0.0,2024
Franca,2,29.0,690.0,0.0,281.0,0.0,0.0,0.0,249.0,377.0,64.0,1.0,1.0,1.0,1.0,1.0,2024
Franca,2,17.0,281.0,281.0,0.0,0.0,0.0,262.0,19.0,0.0,0.0,0.0,0.0,1.0,0.0,0.0,2024
Franca,2,21.0,443.0,0.0,280.0,0.0,0.0,2.0,260.0,173.0,8.0,0.0,1.0,1.0,1.0,1.0,2024
Franca,2,77.0,2066.0,0.0,668.0,0.0,0.0,0.0,637.0,1301.0,128.0,0.0,1.0,1.0,1.0,1.0,2024
Franca,2,38.0,519.0,0.0,519.0,0.0,0.0,2.0,487.0,30.0,0.0,0.0,0.0,1.0,1.0,0.0,2024
Franca,2,30.0,720.0,0.0,720.0,0.0,0.0,2.0,678.0,40.0,0.0,0.0,1.0,1.0,1.0,0.0,2024
Franca,2,30.0,679.0,679.0,0.0,0.0,0.0,644.0,35.0,0.0,0.0,0.0,1.0,1.0,1.0,0.0,2024
Franca,2,41.0,781.0,0.0,213.0,0.0,0.0,0.0,199.0,549.0,33.0,0.0,1.0,1.0,1.0,1.0,2024
Franca,2,36.0,919.0,0.0,439.0,0.0,0.0,3.0,406.0,485.0,25.0,0.0,1.0,1.0,1.0,0.0,2024
Franca,2,,,,,,,,,,,,,,,,2024
Franca,2,32.0,550.0,0.0,0.0,0.0,0.0,0.0,0.0,455.0,95.0,1.0,1.0,1.0,1.0,1.0,2024
Franca,2,14.0,264.0,0.0,264.0,0.0,0.0,0.0,251.0,13.0,0.0,0.0,1.0,1.0,1.0,1.0,2024
Franca,2,15.0,251.0,0.0,200.0,0.0,0.0,0.0,186.0,65.0,0.0,0.0,1.0,1.0,1.0,0.0,2024
Franca,2,13.0,240.0,240.0,0.0,0.0,0.0,227.0,13.0,0.0,0.0,0.0,1.0,1.0,1.0,0.0,2024
Franca,2,17.0,297.0,0.0,244.0,0.0,0.0,1.0,227.0,67.0,2.0,0.0,1.0,1.0,1.0,0.0,2024
Franca,2,18.0,315.0,315.0,0.0,0.0,0.0,298.0,17.0,0.0,0.0,0.0,1.0,1.0,1.0,0.0,2024
Franca,2,18.0,257.0,0.0,200.0,0.0,0.0,0.0,191.0,64.0,2.0,0.0,1.0,1.0,1.0,1.0,2024
Franca,2,58.0,1188.0,0.0,402.0,0.0,0.0,0.0,367.0,762.0,59.0,0.0,1.0,1.0,1.0,0.0,2024
Franca,2,13.0,264.0,264.0,0.0,0.0,0.0,249.0,15.0,0.0,0.0,0.0,0.0,1.0,1.0,1.0,2024
Franca,2,20.0,281.0,29.0,236.0,0.0,0.0,24.0,230.0,27.0,0.0,0.0,1.0,1.0,1.0,0.0,2024
Franca,2,54.0,1307.0,0.0,505.0,0.0,0.0,1.0,459.0,753.0,94.0,0.0,1.0,1.0,1.0,1.0,2024
Franca,2,18.0,262.0,0.0,223.0,0.0,0.0,0.0,209.0,51.0,2.0,0.0,1.0,1.0,1.0,1.0,2024
Franca,2,36.0,965.0,0.0,319.0,0.0,0.0,1.0,291.0,590.0,83.0,0.0,1.0,1.0,1.0,1.0,2024
Franca,2,14.0,211.0,0.0,197.0,0.0,0.0,1.0,188.0,22.0,0.0,0.0,1.0,1.0,1.0,1.0,2024
Franca,2,3.0,11.0,0.0,0.0,11.0,0.0,0.0,0.0,0.0,0.0,0.0,0.0,1.0,0.0,1.0,2024
Franca,2,13.0,52.0,0.0,20.0,0.0,0.0,0.0,1.0,37.0,14.0,0.0,0.0,1.0,0.0,0.0,2024
Franca,2,47.0,1050.0,0.0,455.0,0.0,0.0,0.0,428.0,578.0,44.0,0.0,1.0,1.0,1.0,1.0,2024
Franca,2,41.0,660.0,0.0,298.0,0.0,0.0,0.0,269.0,364.0,27.0,0.0,1.0,1.0,1.0,1.0,2024
Franca,2,37.0,586.0,0.0,340.0,0.0,0.0,0.0,291.0,275.0,20.0,0.0,1.0,1.0,1.0,1.0,2024
Franca,2,,,,,,,,,,,0.0,0.0,1.0,0.0,1.0,2024
Franca,2,,,,,,,,,,,,,,,,2024
Franca,2,10.0,146.0,0.0,0.0,0.0,0.0,0.0,0.0,0.0,146.0,0.0,0.0,1.0,0.0,0.0,2024
Franca,2,34.0,710.0,0.0,358.0,0.0,0.0,1.0,339.0,337.0,33.0,0.0,1.0,1.0,1.0,0.0,2024
Franca,2,23.0,468.0,0.0,423.0,0.0,0.0,0.0,392.0,74.0,2.0,0.0,0.0,1.0,1.0,1.0,2024
Franca,2,42.0,639.0,0.0,312.0,0.0,0.0,0.0,283.0,342.0,14.0,0.0,1.0,1.0,1.0,1.0,2024
Franca,2,46.0,1012.0,0.0,461.0,0.0,0.0,0.0,430.0,529.0,53.0,0.0,1.0,1.0,1.0,1.0,2024
Franca,2,,,,,,,,,,,0.0,1.0,1.0,0.0,0.0,2024
Franca,2,,,,,,,,,,,,,,,,2024
Franca,2,,,,,,,,,,,0.0,0.0,1.0,0.0,0.0,2024
Franca,2,27.0,526.0,0.0,244.0,0.0,0.0,0.0,220.0,286.0,20.0,0.0,1.0,1.0,1.0,0.0,2024
Franca,2,20.0,348.0,0.0,264.0,0.0,0.0,0.0,244.0,97.0,7.0,0.0,1.0,1.0,1.0,1.0,2024
Franca,2,40.0,980.0,0.0,236.0,0.0,0.0,0.0,214.0,665.0,101.0,0.0,1.0,1.0,1.0,0.0,2024
Franca,2,28.0,488.0,488.0,0.0,0.0,0.0,470.0,18.0,0.0,0.0,0.0,1.0,1.0,1.0,1.0,2024
Franca,2,21.0,329.0,329.0,0.0,0.0,0.0,306.0,23.0,0.0,0.0,0.0,1.0,1.0,1.0,0.0,2024
Franca,2,39.0,900.0,0.0,359.0,0.0,0.0,0.0,324.0,523.0,53.0,0.0,1.0,1.0,1.0,1.0,2024
Franca,2,32.0,549.0,0.0,549.0,0.0,0.0,0.0,513.0,36.0,0.0,0.0,1.0,1.0,1.0,1.0,2024
Franca,2,16.0,269.0,269.0,0.0,0.0,0.0,251.0,18.0,0.0,0.0,0.0,0.0,1.0,1.0,1.0,2024
Franca,2,12.0,221.0,221.0,0.0,0.0,0.0,214.0,7.0,0.0,0.0,0.0,1.0,1.0,1.0,0.0,2024
Franca,2,38.0,907.0,0.0,522.0,0.0,0.0,0.0,485.0,382.0,40.0,0.0,1.0,1.0,1.0,0.0,2024
Franca,2,21.0,338.0,0.0,313.0,0.0,0.0,3.0,289.0,46.0,0.0,0.0,1.0,1.0,1.0,1.0,2024
Franca,2,17.0,218.0,0.0,187.0,0.0,0.0,1.0,174.0,42.0,1.0,0.0,1.0,1.0,1.0,1.0,2024
Franca,2,21.0,320.0,320.0,0.0,0.0,0.0,308.0,12.0,0.0,0.0,0.0,1.0,1.0,1.0,1.0,2024
Franca,2,18.0,220.0,0.0,170.0,0.0,0.0,1.0,149.0,68.0,2.0,0.0,1.0,1.0,1.0,0.0,2024
Franca,2,21.0,423.0,0.0,354.0,0.0,0.0,1.0,325.0,93.0,4.0,0.0,1.0,1.0,1.0,1.0,2024
Franca,2,50.0,1022.0,0.0,395.0,0.0,0.0,1.0,346.0,626.0,49.0,0.0,1.0,1.0,1.0,0.0,2024
Franca,2,10.0,159.0,159.0,0.0,0.0,0.0,153.0,6.0,0.0,0.0,0.0,1.0,1.0,1.0,0.0,2024
Franca,2,13.0,192.0,192.0,0.0,0.0,0.0,180.0,12.0,0.0,0.0,0.0,1.0,1.0,1.0,1.0,2024
Franca,2,31.0,580.0,0.0,201.0,0.0,0.0,0.0,178.0,365.0,37.0,0.0,1.0,1.0,1.0,1.0,2024
Franca,2,,,,,,,,,,,0.0,1.0,1.0,1.0,1.0,2024
Francisco Morato,2,39.0,893.0,0.0,504.0,0.0,0.0,8.0,488.0,384.0,13.0,0.0,0.0,1.0,1.0,0.0,2024
Francisco Morato,2,35.0,823.0,0.0,615.0,0.0,0.0,7.0,598.0,10.0,208.0,0.0,1.0,1.0,1.0,1.0,2024
Francisco Morato,2,71.0,2160.0,0.0,1013.0,0.0,0.0,20.0,965.0,1090.0,85.0,0.0,1.0,1.0,1.0,0.0,2024
Francisco Morato,2,48.0,1446.0,0.0,711.0,0.0,0.0,9.0,680.0,696.0,61.0,0.0,0.0,1.0,1.0,0.0,2024
Francisco Morato,2,23.0,575.0,0.0,290.0,0.0,0.0,3.0,283.0,279.0,10.0,0.0,1.0,1.0,1.0,0.0,2024
Francisco Morato,2,,,,,,,,,,,,,,,,2024
Francisco Morato,2,36.0,886.0,301.0,254.0,0.0,0.0,303.0,253.0,317.0,13.0,0.0,1.0,1.0,0.0,0.0,2024
Francisco Morato,2,47.0,1419.0,0.0,715.0,0.0,0.0,13.0,685.0,677.0,44.0,0.0,1.0,1.0,1.0,1.0,2024
Francisco Morato,2,49.0,1199.0,0.0,664.0,0.0,0.0,13.0,629.0,513.0,44.0,0.0,1.0,1.0,1.0,1.0,2024
Francisco Morato,2,35.0,797.0,0.0,0.0,0.0,0.0,0.0,18.0,660.0,119.0,1.0,1.0,1.0,1.0,0.0,2024
Francisco Morato,2,33.0,607.0,188.0,169.0,0.0,0.0,188.0,178.0,232.0,9.0,0.0,0.0,1.0,1.0,0.0,2024
Francisco Morato,2,47.0,1191.0,0.0,652.0,0.0,0.0,13.0,625.0,533.0,20.0,0.0,1.0,1.0,1.0,1.0,2024
Francisco Morato,2,44.0,1222.0,0.0,510.0,0.0,0.0,8.0,487.0,685.0,42.0,0.0,0.0,1.0,1.0,1.0,2024
Francisco Morato,2,34.0,893.0,0.0,504.0,0.0,0.0,11.0,498.0,381.0,3.0,0.0,1.0,1.0,1.0,1.0,2024
Francisco Morato,2,68.0,1792.0,0.0,906.0,0.0,0.0,13.0,858.0,812.0,109.0,0.0,1.0,1.0,1.0,1.0,2024
Francisco Morato,2,40.0,1179.0,0.0,636.0,0.0,0.0,15.0,599.0,524.0,41.0,0.0,1.0,1.0,1.0,0.0,2024
Francisco Morato,2,43.0,1156.0,0.0,590.0,0.0,0.0,9.0,559.0,553.0,35.0,0.0,0.0,1.0,1.0,1.0,2024
Francisco Morato,2,60.0,1766.0,0.0,833.0,0.0,0.0,15.0,814.0,889.0,48.0,0.0,1.0,1.0,1.0,0.0,2024
Francisco Morato,2,64.0,2157.0,0.0,980.0,0.0,0.0,17.0,957.0,1111.0,72.0,0.0,1.0,1.0,1.0,0.0,2024
Francisco Morato,2,,,,,,,,,,,,,,,,2024
Francisco Morato,2,,,,,,,,,,,0.0,0.0,1.0,1.0,1.0,2024
Franco da Rocha,2,,,,,,,,,,,,,,,,2024
Franco da Rocha,2,29.0,535.0,0.0,321.0,0.0,0.0,6.0,317.0,207.0,5.0,0.0,1.0,1.0,1.0,1.0,2024
Franco da Rocha,2,29.0,634.0,0.0,457.0,0.0,0.0,7.0,447.0,176.0,4.0,0.0,1.0,1.0,1.0,0.0,2024
Franco da Rocha,2,38.0,1054.0,0.0,538.0,0.0,0.0,9.0,533.0,486.0,26.0,0.0,0.0,1.0,1.0,0.0,2024
Franco da Rocha,2,35.0,701.0,0.0,504.0,0.0,0.0,11.0,491.0,2.0,197.0,0.0,0.0,1.0,1.0,0.0,2024
Franco da Rocha,2,33.0,1006.0,0.0,0.0,0.0,0.0,0.0,16.0,958.0,32.0,0.0,1.0,1.0,1.0,0.0,2024
Franco da Rocha,2,34.0,769.0,0.0,522.0,0.0,0.0,7.0,506.0,251.0,5.0,0.0,0.0,1.0,1.0,1.0,2024
Franco da Rocha,2,,,,,,,,,,,,,,,,2024
Franco da Rocha,2,,,,,,,,,,,,,,,,2024
Franco da Rocha,2,,,,,,,,,,,,,,,,2024
Franco da Rocha,2,48.0,1229.0,321.0,373.0,0.0,0.0,325.0,373.0,516.0,15.0,0.0,0.0,1.0,1.0,0.0,2024
Franco da Rocha,2,20.0,363.0,0.0,244.0,0.0,0.0,11.0,229.0,119.0,4.0,0.0,0.0,1.0,1.0,1.0,2024
Franco da Rocha,2,51.0,1471.0,0.0,732.0,0.0,0.0,16.0,709.0,691.0,55.0,0.0,1.0,1.0,1.0,1.0,2024
Franco da Rocha,2,53.0,1310.0,423.0,415.0,0.0,0.0,421.0,411.0,459.0,19.0,0.0,1.0,1.0,1.0,1.0,2024
Franco da Rocha,2,11.0,22.0,0.0,0.0,0.0,0.0,0.0,0.0,0.0,22.0,0.0,1.0,1.0,0.0,0.0,2024
Franco da Rocha,2,33.0,795.0,0.0,581.0,0.0,0.0,11.0,567.0,210.0,7.0,0.0,1.0,1.0,1.0,1.0,2024
Franco da Rocha,2,52.0,1123.0,0.0,0.0,0.0,0.0,0.0,14.0,789.0,320.0,1.0,1.0,1.0,1.0,1.0,2024
Franco da Rocha,2,,,,,,,,,,,,,,,,2024
Franco da Rocha,2,28.0,520.0,0.0,321.0,0.0,0.0,7.0,300.0,209.0,4.0,0.0,1.0,1.0,1.0,1.0,2024
Franco da Rocha,2,10.0,37.0,0.0,29.0,0.0,0.0,0.0,9.0,28.0,0.0,0.0,1.0,0.0,0.0,0.0,2024
Franco da Rocha,2,10.0,187.0,0.0,0.0,0.0,0.0,0.0,0.0,0.0,187.0,0.0,0.0,0.0,0.0,0.0,2024
Franco da Rocha,2,7.0,64.0,0.0,0.0,0.0,0.0,0.0,0.0,0.0,64.0,0.0,0.0,0.0,0.0,0.0,2024
Franco da Rocha,2,9.0,180.0,0.0,0.0,0.0,0.0,0.0,0.0,0.0,180.0,0.0,0.0,0.0,0.0,0.0,2024
Franco da Rocha,2,9.0,61.0,0.0,0.0,0.0,0.0,0.0,0.0,0.0,61.0,1.0,0.0,1.0,0.0,0.0,2024
Franco da Rocha,2,7.0,98.0,0.0,0.0,0.0,0.0,0.0,0.0,0.0,98.0,0.0,0.0,1.0,0.0,0.0,2024
Franco da Rocha,2,4.0,27.0,0.0,0.0,0.0,0.0,0.0,0.0,0.0,27.0,0.0,0.0,1.0,0.0,0.0,2024
Franco da Rocha,2,6.0,31.0,0.0,0.0,0.0,0.0,0.0,0.0,0.0,31.0,0.0,0.0,1.0,0.0,0.0,2024
Franco da Rocha,2,,,,,,,,,,,0.0,1.0,1.0,1.0,0.0,2024
Franco da Rocha,2,,,,,,,,,,,,,,,,2024
Franco da Rocha,2,,,,,,,,,,,,,,,,2024
Franco da Rocha,2,12.0,62.0,0.0,27.0,0.0,0.0,0.0,1.0,48.0,13.0,0.0,0.0,0.0,0.0,0.0,2024
Franco da Rocha,2,8.0,24.0,0.0,4.0,0.0,0.0,0.0,0.0,14.0,10.0,0.0,1.0,0.0,0.0,0.0,2024
Franco da Rocha,2,,,,,,,,,,,,,,,,2024
Franco da Rocha,2,37.0,1063.0,0.0,530.0,0.0,0.0,10.0,516.0,519.0,18.0,0.0,1.0,1.0,1.0,1.0,2024
Franco da Rocha,2,,,,,,,,,,,,,,,,2024
Franco da Rocha,2,,,,,,,,,,,,,,,,2024
Franco da Rocha,2,,,,,,,,,,,,,,,,2024
Franco da Rocha,2,30.0,634.0,0.0,439.0,0.0,0.0,5.0,423.0,201.0,5.0,0.0,0.0,1.0,1.0,0.0,2024
Franco da Rocha,2,,,,,,,,,,,,,,,,2024
Franco da Rocha,2,,,,,,,,,,,,,,,,2024
Franco da Rocha,2,34.0,810.0,0.0,420.0,0.0,0.0,8.0,415.0,355.0,32.0,0.0,1.0,1.0,1.0,1.0,2024
Franco da Rocha,2,54.0,1481.0,0.0,657.0,0.0,0.0,15.0,633.0,784.0,49.0,0.0,1.0,1.0,1.0,1.0,2024
Franco da Rocha,2,44.0,1138.0,0.0,570.0,0.0,0.0,16.0,549.0,542.0,31.0,0.0,1.0,1.0,1.0,1.0,2024
Gabriel Monteiro,2,14.0,206.0,0.0,129.0,0.0,0.0,0.0,122.0,80.0,4.0,0.0,1.0,1.0,1.0,1.0,2024
Gália,2,7.0,114.0,0.0,0.0,0.0,0.0,0.0,0.0,0.0,114.0,0.0,0.0,0.0,0.0,0.0,2024
Gália,2,9.0,121.0,0.0,0.0,0.0,0.0,0.0,0.0,0.0,121.0,0.0,0.0,0.0,0.0,0.0,2024
Gália,2,33.0,472.0,0.0,236.0,0.0,0.0,2.0,231.0,188.0,51.0,0.0,1.0,1.0,1.0,1.0,2024
Garça,2,25.0,290.0,0.0,162.0,0.0,0.0,5.0,152.0,130.0,3.0,0.0,1.0,1.0,1.0,0.0,2024
Garça,2,,,,,,,,,,,,,,,,2024
Garça,2,38.0,672.0,0.0,344.0,0.0,0.0,4.0,317.0,296.0,55.0,0.0,1.0,1.0,1.0,0.0,2024
Garça,2,,,,,,,,,,,,,,,,2024
Garça,2,21.0,390.0,0.0,296.0,0.0,0.0,12.0,288.0,87.0,3.0,0.0,1.0,1.0,1.0,1.0,2024
Garça,2,64.0,974.0,0.0,0.0,0.0,0.0,0.0,7.0,576.0,391.0,0.0,1.0,1.0,1.0,1.0,2024
Garça,2,35.0,526.0,0.0,242.0,0.0,0.0,6.0,225.0,203.0,92.0,0.0,1.0,1.0,1.0,1.0,2024
Garça,2,31.0,253.0,0.0,0.0,0.0,0.0,0.0,4.0,194.0,55.0,1.0,1.0,1.0,1.0,1.0,2024
Garça,2,22.0,502.0,0.0,502.0,0.0,0.0,9.0,470.0,23.0,0.0,0.0,1.0,1.0,1.0,0.0,2024
Garça,2,,,,,,,,,,,,,,,,2024
Garça,2,,,,,,,,,,,,,,,,2024
Garça,2,,,,,,,,,,,,,,,,2024
Garça,2,,,,,,,,,,,,,,,,2024
Garça,2,24.0,175.0,0.0,102.0,0.0,0.0,0.0,97.0,63.0,15.0,0.0,1.0,1.0,1.0,1.0,2024
Gastão Vidigal,2,33.0,379.0,113.0,165.0,0.0,0.0,114.0,157.0,101.0,7.0,0.0,0.0,1.0,1.0,0.0,2024
Gavião Peixoto,2,11.0,148.0,0.0,0.0,0.0,0.0,0.0,1.0,141.0,6.0,0.0,1.0,1.0,0.0,1.0,2024
General Salgado,2,16.0,305.0,0.0,0.0,0.0,0.0,0.0,7.0,283.0,15.0,0.0,1.0,1.0,1.0,1.0,2024
General Salgado,2,17.0,54.0,21.0,33.0,0.0,0.0,21.0,32.0,1.0,0.0,0.0,1.0,1.0,1.0,1.0,2024
Getulina,2,17.0,317.0,0.0,317.0,0.0,0.0,4.0,279.0,34.0,0.0,0.0,0.0,1.0,1.0,0.0,2024
Getulina,2,11.0,161.0,0.0,0.0,0.0,0.0,0.0,6.0,154.0,1.0,0.0,1.0,1.0,1.0,0.0,2024
Getulina,2,,,,,,,,,,,,,,,,2024
Getulina,2,4.0,59.0,0.0,0.0,0.0,0.0,0.0,0.0,0.0,59.0,0.0,0.0,1.0,0.0,0.0,2024
Getulina,2,12.0,74.0,0.0,38.0,0.0,0.0,0.0,36.0,36.0,2.0,0.0,1.0,1.0,1.0,0.0,2024
Glicério,2,17.0,276.0,0.0,192.0,0.0,0.0,2.0,178.0,96.0,0.0,0.0,0.0,1.0,1.0,1.0,2024
Guaiçara,2,53.0,811.0,0.0,385.0,0.0,0.0,3.0,365.0,369.0,74.0,0.0,1.0,1.0,1.0,1.0,2024
Guaiçara,2,,,,,,,,,,,,,,,,2024
Guaiçara,2,14.0,256.0,0.0,256.0,0.0,0.0,5.0,241.0,10.0,0.0,0.0,0.0,1.0,1.0,1.0,2024
Guaiçara,2,,,,,,,,,,,,,,,,2024
Guaimbê,2,21.0,471.0,0.0,295.0,0.0,0.0,7.0,283.0,175.0,6.0,0.0,1.0,1.0,1.0,0.0,2024
Guaíra,2,13.0,173.0,0.0,0.0,0.0,0.0,0.0,1.0,136.0,36.0,1.0,1.0,1.0,1.0,0.0,2024
Guaíra,2,49.0,1095.0,0.0,597.0,0.0,0.0,7.0,551.0,500.0,37.0,0.0,0.0,1.0,1.0,1.0,2024
Guaíra,2,20.0,317.0,0.0,251.0,0.0,0.0,6.0,226.0,83.0,2.0,0.0,0.0,1.0,1.0,1.0,2024
Guaíra,2,43.0,1249.0,0.0,641.0,0.0,0.0,7.0,578.0,620.0,44.0,0.0,1.0,1.0,1.0,1.0,2024
Guaíra,2,,,,,,,,,,,0.0,0.0,1.0,1.0,1.0,2024
Guapiaçu,2,32.0,871.0,0.0,0.0,0.0,0.0,0.0,15.0,757.0,99.0,0.0,1.0,1.0,1.0,0.0,2024
Guapiara,2,17.0,268.0,0.0,0.0,0.0,0.0,0.0,6.0,259.0,3.0,0.0,1.0,1.0,1.0,0.0,2024
Guapiara,2,14.0,204.0,0.0,204.0,0.0,0.0,8.0,195.0,1.0,0.0,0.0,0.0,1.0,1.0,0.0,2024
Guapiara,2,14.0,127.0,0.0,79.0,0.0,0.0,0.0,80.0,47.0,0.0,0.0,0.0,1.0,0.0,0.0,2024
Guapiara,2,21.0,394.0,0.0,176.0,0.0,0.0,1.0,179.0,210.0,4.0,0.0,1.0,1.0,1.0,0.0,2024
Guapiara,2,,,,,,,,,,,,,,,,2024
Guapiara,2,,,,,,,,,,,,,,,,2024
Guapiara,2,8.0,62.0,0.0,0.0,0.0,0.0,0.0,2.0,59.0,1.0,0.0,1.0,1.0,1.0,0.0,2024
Guapiara,2,12.0,150.0,0.0,87.0,0.0,0.0,1.0,87.0,60.0,2.0,0.0,1.0,1.0,1.0,1.0,2024
Guapiara,2,10.0,177.0,0.0,43.0,0.0,0.0,0.0,44.0,125.0,8.0,0.0,1.0,1.0,1.0,1.0,2024
Guará,2,40.0,633.0,0.0,0.0,0.0,0.0,0.0,11.0,554.0,68.0,0.0,1.0,1.0,1.0,1.0,2024
Guaraçaí,2,26.0,510.0,0.0,296.0,0.0,0.0,4.0,279.0,209.0,18.0,0.0,1.0,1.0,1.0,0.0,2024
Guaraçaí,2,,,,,,,,,,,,,,,,2024
Guaraci,2,20.0,384.0,0.0,0.0,0.0,0.0,0.0,6.0,299.0,79.0,0.0,1.0,1.0,1.0,1.0,2024
Guarani d'Oeste,2,13.0,123.0,0.0,91.0,0.0,0.0,6.0,86.0,30.0,1.0,0.0,1.0,1.0,1.0,1.0,2024
Guarantã,2,29.0,479.0,0.0,361.0,0.0,0.0,3.0,339.0,128.0,9.0,0.0,0.0,1.0,1.0,0.0,2024
Guarantã,2,,,,,,,,,,,,,,,,2024
Guararapes,2,,,,,,,,,,,,,,,,2024
Guararapes,2,25.0,553.0,0.0,358.0,0.0,0.0,0.0,341.0,209.0,3.0,0.0,1.0,1.0,1.0,1.0,2024
Guararapes,2,,,,,,,,,,,,,,,,2024
Guararapes,2,,,,,,,,,,,,,,,,2024
Guararapes,2,36.0,578.0,0.0,335.0,0.0,0.0,1.0,316.0,206.0,55.0,0.0,1.0,1.0,1.0,1.0,2024
Guararapes,2,26.0,617.0,0.0,398.0,0.0,0.0,0.0,373.0,238.0,6.0,0.0,1.0,1.0,1.0,1.0,2024
Guararema,2,42.0,842.0,0.0,411.0,0.0,0.0,1.0,391.0,375.0,75.0,0.0,1.0,1.0,1.0,0.0,2024
Guararema,2,22.0,409.0,0.0,239.0,0.0,0.0,1.0,231.0,168.0,9.0,0.0,1.0,1.0,1.0,1.0,2024
Guararema,2,,,,,,,,,,,,,,,,2024
Guararema,2,25.0,615.0,0.0,391.0,0.0,0.0,1.0,380.0,224.0,10.0,0.0,1.0,1.0,1.0,1.0,2024
Guararema,2,,,,,,,,,,,,,,,,2024
Guararema,2,19.0,338.0,0.0,213.0,0.0,0.0,0.0,202.0,131.0,5.0,0.0,0.0,1.0,1.0,1.0,2024
Guararema,2,,,,,,,,,,,,,,,,2024
Guararema,2,,,,,,,,,,,,,,,,2024
Guararema,2,,,,,,,,,,,,,,,,2024
Guararema,2,11.0,206.0,0.0,110.0,0.0,0.0,0.0,111.0,92.0,3.0,0.0,1.0,1.0,1.0,1.0,2024
Guararema,2,18.0,304.0,0.0,216.0,0.0,0.0,1.0,212.0,89.0,2.0,0.0,1.0,1.0,1.0,1.0,2024
Guararema,2,,,,,,,,,,,,,,,,2024
Guararema,2,,,,,,,,,,,,,,,,2024
Guaratinguetá,2,24.0,338.0,0.0,171.0,0.0,0.0,0.0,163.0,157.0,18.0,0.0,1.0,1.0,1.0,0.0,2024
Guaratinguetá,2,78.0,1320.0,0.0,0.0,0.0,0.0,0.0,23.0,855.0,442.0,1.0,1.0,1.0,1.0,0.0,2024
Guaratinguetá,2,54.0,1246.0,0.0,174.0,0.0,0.0,7.0,159.0,830.0,250.0,0.0,1.0,1.0,1.0,1.0,2024
Guaratinguetá,2,20.0,313.0,0.0,154.0,0.0,0.0,0.0,148.0,163.0,2.0,0.0,1.0,1.0,1.0,0.0,2024
Guaratinguetá,2,20.0,384.0,0.0,247.0,0.0,0.0,15.0,221.0,135.0,13.0,0.0,0.0,1.0,1.0,1.0,2024
Guaratinguetá,2,18.0,313.0,0.0,232.0,0.0,0.0,5.0,204.0,96.0,8.0,0.0,0.0,1.0,1.0,1.0,2024
Guaratinguetá,2,17.0,269.0,0.0,146.0,0.0,0.0,3.0,141.0,111.0,14.0,0.0,0.0,1.0,1.0,1.0,2024
Guaratinguetá,2,,,,,,,,,,,,,,,,2024
Guaratinguetá,2,16.0,257.0,0.0,257.0,0.0,0.0,5.0,246.0,6.0,0.0,0.0,1.0,1.0,1.0,0.0,2024
Guaratinguetá,2,43.0,963.0,0.0,0.0,0.0,0.0,0.0,19.0,795.0,149.0,1.0,1.0,1.0,1.0,1.0,2024
Guaratinguetá,2,,,,,,,,,,,,,,,,2024
Guaratinguetá,2,13.0,177.0,0.0,119.0,0.0,0.0,3.0,106.0,64.0,4.0,0.0,0.0,1.0,1.0,0.0,2024
Guaratinguetá,2,18.0,357.0,0.0,262.0,0.0,0.0,7.0,242.0,102.0,6.0,0.0,1.0,1.0,1.0,1.0,2024
Guaratinguetá,2,43.0,349.0,0.0,0.0,0.0,0.0,0.0,14.0,312.0,23.0,0.0,1.0,1.0,1.0,0.0,2024
Guaratinguetá,2,,,,,,,,,,,,,,,,2024
Guaratinguetá,2,5.0,18.0,0.0,0.0,18.0,0.0,0.0,0.0,0.0,0.0,1.0,0.0,1.0,0.0,1.0,2024
Guaratinguetá,2,,,,,,,,,,,,,,,,2024
Guaratinguetá,2,23.0,457.0,0.0,219.0,0.0,0.0,4.0,209.0,225.0,19.0,0.0,0.0,1.0,1.0,0.0,2024
Guaratinguetá,2,,,,,,,,,,,,,,,,2024
Guaratinguetá,2,35.0,400.0,0.0,193.0,0.0,0.0,3.0,181.0,186.0,30.0,0.0,0.0,1.0,1.0,1.0,2024
Guaratinguetá,2,,,,,,,,,,,0.0,1.0,1.0,1.0,1.0,2024
Guareí,2,33.0,632.0,0.0,336.0,0.0,0.0,0.0,318.0,291.0,23.0,0.0,1.0,1.0,1.0,1.0,2024
Guareí,2,25.0,381.0,0.0,253.0,0.0,0.0,4.0,234.0,84.0,59.0,0.0,0.0,1.0,1.0,0.0,2024
Guareí,2,7.0,164.0,0.0,0.0,0.0,0.0,0.0,0.0,0.0,164.0,0.0,0.0,0.0,0.0,0.0,2024
Guareí,2,8.0,90.0,0.0,0.0,0.0,0.0,0.0,0.0,0.0,90.0,0.0,0.0,0.0,0.0,0.0,2024
Guariba,2,,,,,,,,,,,,,,,,2024
Guariba,2,42.0,789.0,0.0,0.0,0.0,0.0,0.0,11.0,611.0,167.0,0.0,1.0,1.0,1.0,1.0,2024
Guariba,2,24.0,478.0,0.0,0.0,0.0,0.0,0.0,10.0,431.0,37.0,0.0,1.0,1.0,1.0,1.0,2024
Guariba,2,,,,,,,,,,,,,,,,2024
Guariba,2,32.0,731.0,0.0,0.0,0.0,0.0,0.0,13.0,577.0,141.0,1.0,1.0,1.0,1.0,0.0,2024
Guarujá,2,41.0,932.0,539.0,393.0,0.0,0.0,516.0,389.0,26.0,1.0,0.0,1.0,1.0,1.0,1.0,2024
Guarujá,2,,,,,,,,,,,,,,,,2024
Guarujá,2,42.0,765.0,315.0,219.0,0.0,0.0,301.0,202.0,222.0,40.0,0.0,1.0,1.0,1.0,0.0,2024
Guarujá,2,38.0,678.0,0.0,0.0,0.0,0.0,0.0,4.0,607.0,67.0,0.0,1.0,1.0,1.0,0.0,2024
Guarujá,2,30.0,604.0,604.0,0.0,0.0,0.0,583.0,21.0,0.0,0.0,0.0,0.0,1.0,1.0,1.0,2024
Guarujá,2,23.0,365.0,0.0,365.0,0.0,0.0,0.0,332.0,33.0,0.0,0.0,1.0,1.0,1.0,1.0,2024
Guarujá,2,44.0,1146.0,0.0,0.0,0.0,0.0,0.0,2.0,928.0,216.0,0.0,1.0,1.0,0.0,0.0,2024
Guarujá,2,32.0,753.0,753.0,0.0,0.0,0.0,713.0,40.0,0.0,0.0,0.0,1.0,1.0,0.0,0.0,2024
Guarujá,2,22.0,418.0,0.0,217.0,0.0,0.0,0.0,202.0,206.0,10.0,0.0,0.0,1.0,1.0,0.0,2024
Guarujá,2,37.0,637.0,327.0,310.0,0.0,0.0,318.0,307.0,12.0,0.0,0.0,1.0,1.0,1.0,0.0,2024
Guarujá,2,71.0,2353.0,0.0,509.0,0.0,0.0,6.0,481.0,1694.0,172.0,0.0,1.0,1.0,1.0,0.0,2024
Guarujá,2,53.0,1560.0,0.0,691.0,0.0,0.0,2.0,625.0,837.0,96.0,0.0,1.0,1.0,1.0,0.0,2024
Guarujá,2,34.0,822.0,0.0,263.0,0.0,0.0,0.0,212.0,476.0,134.0,0.0,1.0,1.0,1.0,1.0,2024
Guarujá,2,75.0,1642.0,0.0,414.0,0.0,0.0,0.0,372.0,995.0,275.0,0.0,1.0,1.0,1.0,1.0,2024
Guarujá,2,41.0,821.0,493.0,328.0,0.0,0.0,467.0,331.0,23.0,0.0,0.0,1.0,1.0,1.0,1.0,2024
Guarujá,2,,,,,,,,,,,,,,,,2024
Guarujá,2,54.0,984.0,0.0,0.0,0.0,0.0,0.0,9.0,729.0,246.0,1.0,1.0,1.0,0.0,0.0,2024
Guarujá,2,,,,,,,,,,,0.0,1.0,1.0,1.0,0.0,2024
Guarujá,2,11.0,963.0,0.0,0.0,0.0,0.0,0.0,0.0,0.0,963.0,0.0,1.0,1.0,1.0,1.0,2024
Guarujá,2,,,,,,,,,,,,,,,,2024
Guarujá,2,3.0,16.0,16.0,0.0,0.0,0.0,16.0,0.0,0.0,0.0,0.0,0.0,1.0,0.0,0.0,2024
Guarujá,2,6.0,51.0,5.0,34.0,0.0,0.0,0.0,14.0,37.0,0.0,0.0,0.0,1.0,0.0,0.0,2024
Guarujá,2,39.0,882.0,0.0,227.0,0.0,0.0,0.0,207.0,602.0,73.0,0.0,1.0,1.0,0.0,0.0,2024
Guarujá,2,14.0,272.0,272.0,0.0,0.0,0.0,258.0,14.0,0.0,0.0,0.0,0.0,1.0,0.0,0.0,2024
Guarujá,2,69.0,1674.0,0.0,495.0,0.0,0.0,0.0,444.0,1099.0,131.0,0.0,1.0,1.0,1.0,1.0,2024
Guarujá,2,24.0,480.0,0.0,318.0,0.0,0.0,0.0,301.0,171.0,8.0,0.0,1.0,1.0,1.0,0.0,2024
Guarujá,2,14.0,257.0,0.0,257.0,0.0,0.0,0.0,247.0,10.0,0.0,0.0,1.0,1.0,1.0,1.0,2024
Guarujá,2,57.0,1547.0,0.0,519.0,0.0,0.0,0.0,491.0,966.0,90.0,0.0,1.0,1.0,1.0,1.0,2024
Guarujá,2,44.0,1223.0,0.0,194.0,0.0,0.0,1.0,187.0,913.0,122.0,0.0,1.0,1.0,1.0,0.0,2024
Guarujá,2,24.0,451.0,451.0,0.0,0.0,0.0,423.0,28.0,0.0,0.0,1.0,1.0,1.0,1.0,1.0,2024
Guarujá,2,51.0,944.0,0.0,178.0,0.0,0.0,0.0,166.0,580.0,198.0,0.0,1.0,1.0,1.0,1.0,2024
Guarujá,2,64.0,1916.0,392.0,482.0,0.0,0.0,376.0,486.0,993.0,61.0,0.0,1.0,1.0,1.0,1.0,2024
Guarujá,2,45.0,1722.0,0.0,471.0,0.0,0.0,1.0,430.0,1142.0,149.0,0.0,1.0,1.0,1.0,0.0,2024
Guarujá,2,,,,,,,,,,,,,,,,2024
Guarujá,2,21.0,511.0,511.0,0.0,0.0,0.0,481.0,30.0,0.0,0.0,0.0,1.0,1.0,1.0,0.0,2024
Guarujá,2,25.0,421.0,421.0,0.0,0.0,0.0,406.0,15.0,0.0,0.0,0.0,1.0,1.0,1.0,0.0,2024
Guarujá,2,20.0,269.0,0.0,202.0,0.0,0.0,0.0,189.0,77.0,3.0,0.0,1.0,1.0,1.0,1.0,2024
Guarujá,2,,,,,,,,,,,,,,,,2024
Guarujá,2,30.0,745.0,745.0,0.0,0.0,0.0,693.0,51.0,1.0,0.0,0.0,1.0,1.0,1.0,0.0,2024
Guarujá,2,21.0,392.0,392.0,0.0,0.0,0.0,369.0,23.0,0.0,0.0,0.0,0.0,1.0,0.0,1.0,2024
Guarulhos,2,21.0,291.0,0.0,176.0,0.0,0.0,2.0,168.0,114.0,7.0,0.0,1.0,1.0,1.0,0.0,2024
Guarulhos,2,20.0,469.0,469.0,0.0,0.0,0.0,455.0,14.0,0.0,0.0,0.0,0.0,1.0,0.0,1.0,2024
Guarulhos,2,21.0,344.0,344.0,0.0,0.0,0.0,321.0,23.0,0.0,0.0,0.0,1.0,1.0,1.0,0.0,2024
Guarulhos,2,22.0,477.0,477.0,0.0,0.0,0.0,458.0,19.0,0.0,0.0,0.0,0.0,1.0,0.0,0.0,2024
Guarulhos,2,48.0,1189.0,0.0,710.0,0.0,0.0,3.0,678.0,482.0,26.0,0.0,1.0,1.0,1.0,1.0,2024
Guarulhos,2,36.0,806.0,0.0,496.0,0.0,0.0,0.0,468.0,326.0,12.0,0.0,0.0,1.0,1.0,1.0,2024
Guarulhos,2,31.0,552.0,0.0,0.0,0.0,0.0,0.0,3.0,404.0,145.0,1.0,1.0,1.0,0.0,1.0,2024
Guarulhos,2,17.0,244.0,244.0,0.0,0.0,0.0,231.0,13.0,0.0,0.0,0.0,1.0,1.0,1.0,0.0,2024
Guarulhos,2,65.0,1820.0,0.0,503.0,0.0,0.0,0.0,472.0,1207.0,141.0,0.0,1.0,1.0,1.0,1.0,2024
Guarulhos,2,23.0,436.0,0.0,236.0,0.0,0.0,0.0,216.0,208.0,12.0,0.0,1.0,1.0,1.0,0.0,2024
Guarulhos,2,64.0,1351.0,0.0,324.0,0.0,0.0,0.0,289.0,851.0,211.0,0.0,1.0,1.0,1.0,1.0,2024
Guarulhos,2,35.0,735.0,0.0,141.0,0.0,0.0,2.0,131.0,479.0,123.0,0.0,1.0,1.0,1.0,1.0,2024
Guarulhos,2,17.0,262.0,0.0,262.0,0.0,0.0,1.0,252.0,8.0,1.0,0.0,0.0,1.0,1.0,1.0,2024
Guarulhos,2,37.0,933.0,0.0,628.0,0.0,0.0,0.0,589.0,332.0,12.0,0.0,1.0,1.0,1.0,0.0,2024
Guarulhos,2,45.0,959.0,0.0,527.0,0.0,0.0,1.0,504.0,429.0,25.0,0.0,1.0,1.0,1.0,1.0,2024
Guarulhos,2,30.0,544.0,0.0,478.0,0.0,0.0,0.0,450.0,28.0,66.0,0.0,1.0,1.0,1.0,1.0,2024
Guarulhos,2,16.0,326.0,0.0,326.0,0.0,0.0,2.0,306.0,18.0,0.0,0.0,0.0,1.0,1.0,1.0,2024
Guarulhos,2,13.0,209.0,209.0,0.0,0.0,0.0,198.0,11.0,0.0,0.0,0.0,0.0,1.0,0.0,1.0,2024
Guarulhos,2,,,,,,,,,,,,,,,,2024
Guarulhos,2,21.0,393.0,393.0,0.0,0.0,0.0,376.0,17.0,0.0,0.0,0.0,0.0,1.0,0.0,0.0,2024
Guarulhos,2,41.0,841.0,0.0,590.0,0.0,0.0,2.0,540.0,280.0,19.0,0.0,1.0,1.0,1.0,1.0,2024
Guarulhos,2,57.0,1122.0,0.0,395.0,0.0,0.0,0.0,367.0,548.0,207.0,0.0,1.0,1.0,1.0,0.0,2024
Guarulhos,2,13.0,208.0,0.0,0.0,0.0,0.0,0.0,0.0,199.0,9.0,0.0,1.0,1.0,1.0,0.0,2024
Guarulhos,2,22.0,397.0,397.0,0.0,0.0,0.0,381.0,16.0,0.0,0.0,0.0,0.0,1.0,1.0,0.0,2024
Guarulhos,2,27.0,477.0,425.0,52.0,0.0,0.0,409.0,68.0,0.0,0.0,0.0,1.0,1.0,1.0,0.0,2024
Guarulhos,2,43.0,949.0,0.0,382.0,0.0,0.0,1.0,365.0,546.0,37.0,0.0,1.0,1.0,1.0,1.0,2024
Guarulhos,2,22.0,363.0,0.0,216.0,0.0,0.0,0.0,198.0,155.0,10.0,0.0,1.0,1.0,1.0,1.0,2024
Guarulhos,2,27.0,526.0,0.0,332.0,0.0,0.0,1.0,313.0,203.0,9.0,0.0,1.0,1.0,1.0,1.0,2024
Guarulhos,2,73.0,1767.0,0.0,620.0,0.0,0.0,1.0,583.0,1038.0,145.0,0.0,1.0,1.0,1.0,1.0,2024
Guarulhos,2,26.0,587.0,0.0,400.0,0.0,0.0,0.0,371.0,207.0,9.0,0.0,1.0,1.0,1.0,0.0,2024
Guarulhos,2,36.0,761.0,0.0,527.0,0.0,0.0,0.0,499.0,247.0,15.0,0.0,1.0,1.0,1.0,1.0,2024
Guarulhos,2,28.0,454.0,0.0,320.0,0.0,0.0,1.0,286.0,161.0,6.0,0.0,1.0,1.0,1.0,1.0,2024
Guarulhos,2,17.0,293.0,0.0,293.0,0.0,0.0,2.0,276.0,15.0,0.0,0.0,1.0,1.0,1.0,0.0,2024
Guarulhos,2,39.0,869.0,0.0,378.0,0.0,0.0,1.0,368.0,468.0,32.0,0.0,1.0,1.0,1.0,1.0,2024
Guarulhos,2,20.0,388.0,388.0,0.0,0.0,0.0,373.0,15.0,0.0,0.0,0.0,1.0,1.0,0.0,0.0,2024
Guarulhos,2,25.0,532.0,532.0,0.0,0.0,0.0,505.0,26.0,1.0,0.0,0.0,1.0,1.0,1.0,1.0,2024
Guarulhos,2,26.0,374.0,0.0,0.0,0.0,0.0,0.0,1.0,361.0,12.0,0.0,1.0,1.0,1.0,1.0,2024
Guarulhos,2,50.0,818.0,0.0,399.0,0.0,0.0,1.0,364.0,422.0,31.0,0.0,1.0,1.0,1.0,1.0,2024
Guarulhos,2,27.0,580.0,0.0,357.0,0.0,0.0,3.0,341.0,225.0,11.0,0.0,1.0,1.0,1.0,1.0,2024
Guarulhos,2,38.0,920.0,0.0,369.0,0.0,0.0,3.0,345.0,396.0,176.0,0.0,1.0,1.0,1.0,1.0,2024
Guarulhos,2,23.0,426.0,0.0,254.0,0.0,0.0,0.0,243.0,183.0,0.0,1.0,1.0,1.0,1.0,1.0,2024
Guarulhos,2,38.0,855.0,0.0,580.0,0.0,0.0,2.0,543.0,293.0,17.0,0.0,0.0,1.0,1.0,1.0,2024
Guarulhos,2,24.0,460.0,460.0,0.0,0.0,0.0,449.0,11.0,0.0,0.0,0.0,1.0,1.0,1.0,1.0,2024
Guarulhos,2,56.0,1226.0,0.0,565.0,0.0,0.0,1.0,523.0,533.0,169.0,1.0,0.0,1.0,1.0,0.0,2024
Guarulhos,2,20.0,400.0,400.0,0.0,0.0,0.0,381.0,19.0,0.0,0.0,0.0,1.0,1.0,1.0,1.0,2024
Guarulhos,2,29.0,315.0,315.0,0.0,0.0,0.0,298.0,17.0,0.0,0.0,0.0,1.0,1.0,0.0,1.0,2024
Guarulhos,2,40.0,816.0,0.0,510.0,0.0,0.0,2.0,471.0,314.0,29.0,0.0,1.0,1.0,1.0,1.0,2024
Guarulhos,2,18.0,427.0,0.0,0.0,0.0,0.0,0.0,2.0,404.0,21.0,0.0,1.0,1.0,1.0,0.0,2024
Guarulhos,2,97.0,2363.0,0.0,1039.0,0.0,0.0,1.0,948.0,1083.0,331.0,0.0,1.0,1.0,1.0,1.0,2024
Guarulhos,2,27.0,468.0,0.0,320.0,0.0,0.0,2.0,301.0,163.0,2.0,0.0,1.0,1.0,1.0,1.0,2024
Guarulhos,2,37.0,697.0,0.0,361.0,0.0,0.0,1.0,348.0,315.0,33.0,0.0,0.0,1.0,1.0,0.0,2024
Guarulhos,2,35.0,746.0,310.0,436.0,0.0,0.0,302.0,443.0,1.0,0.0,0.0,0.0,1.0,1.0,1.0,2024
Guarulhos,2,72.0,2259.0,0.0,946.0,0.0,0.0,1.0,890.0,1253.0,115.0,0.0,1.0,1.0,1.0,0.0,2024
Guarulhos,2,34.0,851.0,851.0,0.0,0.0,0.0,816.0,35.0,0.0,0.0,0.0,1.0,1.0,1.0,1.0,2024
Guarulhos,2,32.0,699.0,699.0,0.0,0.0,0.0,668.0,31.0,0.0,0.0,0.0,1.0,1.0,1.0,1.0,2024
Guarulhos,2,24.0,452.0,0.0,333.0,0.0,0.0,0.0,330.0,113.0,9.0,0.0,1.0,1.0,1.0,1.0,2024
Guarulhos,2,28.0,511.0,452.0,0.0,0.0,0.0,397.0,53.0,1.0,60.0,0.0,1.0,1.0,1.0,1.0,2024
Guarulhos,2,18.0,258.0,258.0,0.0,0.0,0.0,237.0,21.0,0.0,0.0,0.0,1.0,1.0,1.0,0.0,2024
Guarulhos,2,42.0,946.0,0.0,514.0,0.0,0.0,1.0,471.0,441.0,33.0,0.0,1.0,1.0,1.0,1.0,2024
Guarulhos,2,40.0,1176.0,0.0,548.0,0.0,0.0,1.0,509.0,601.0,65.0,0.0,0.0,1.0,1.0,0.0,2024
Guarulhos,2,83.0,1814.0,0.0,749.0,0.0,0.0,3.0,710.0,990.0,111.0,0.0,1.0,1.0,1.0,0.0,2024
Guarulhos,2,26.0,512.0,0.0,322.0,0.0,0.0,1.0,299.0,198.0,14.0,0.0,1.0,1.0,1.0,1.0,2024
Guarulhos,2,20.0,369.0,0.0,259.0,0.0,0.0,0.0,243.0,118.0,8.0,0.0,1.0,1.0,1.0,0.0,2024
Guarulhos,2,26.0,425.0,0.0,307.0,0.0,0.0,1.0,299.0,116.0,9.0,0.0,0.0,1.0,1.0,0.0,2024
Guarulhos,2,43.0,914.0,0.0,490.0,0.0,0.0,2.0,455.0,316.0,141.0,0.0,1.0,1.0,1.0,1.0,2024
Guarulhos,2,26.0,568.0,568.0,0.0,0.0,0.0,546.0,22.0,0.0,0.0,0.0,1.0,1.0,0.0,0.0,2024
Guarulhos,2,21.0,334.0,334.0,0.0,0.0,0.0,305.0,29.0,0.0,0.0,1.0,0.0,1.0,1.0,1.0,2024
Guarulhos,2,30.0,453.0,0.0,267.0,0.0,0.0,1.0,232.0,199.0,21.0,0.0,1.0,1.0,1.0,1.0,2024
Guarulhos,2,,,,,,,,,,,,,,,,2024
Guarulhos,2,23.0,464.0,0.0,320.0,0.0,0.0,2.0,299.0,151.0,12.0,0.0,0.0,1.0,1.0,0.0,2024
Guarulhos,2,66.0,1759.0,0.0,803.0,0.0,0.0,0.0,727.0,982.0,50.0,0.0,1.0,1.0,1.0,0.0,2024
Guarulhos,2,24.0,365.0,0.0,243.0,0.0,0.0,0.0,226.0,131.0,8.0,0.0,1.0,1.0,1.0,1.0,2024
Guarulhos,2,44.0,925.0,0.0,479.0,0.0,0.0,0.0,450.0,435.0,40.0,0.0,1.0,1.0,1.0,0.0,2024
Guarulhos,2,22.0,418.0,0.0,0.0,0.0,0.0,0.0,2.0,404.0,12.0,0.0,1.0,1.0,1.0,1.0,2024
Guarulhos,2,32.0,666.0,666.0,0.0,0.0,0.0,637.0,29.0,0.0,0.0,0.0,1.0,1.0,1.0,0.0,2024
Guarulhos,2,33.0,671.0,0.0,671.0,0.0,0.0,1.0,643.0,27.0,0.0,0.0,1.0,1.0,1.0,0.0,2024
Guarulhos,2,51.0,1053.0,0.0,782.0,0.0,0.0,1.0,735.0,45.0,272.0,0.0,1.0,1.0,1.0,1.0,2024
Guarulhos,2,24.0,375.0,375.0,0.0,0.0,0.0,361.0,14.0,0.0,0.0,0.0,1.0,1.0,1.0,0.0,2024
Guarulhos,2,31.0,554.0,554.0,0.0,0.0,0.0,520.0,34.0,0.0,0.0,0.0,1.0,1.0,1.0,0.0,2024
Guarulhos,2,34.0,746.0,0.0,502.0,0.0,0.0,1.0,473.0,258.0,14.0,0.0,0.0,1.0,1.0,0.0,2024
Guarulhos,2,40.0,876.0,0.0,549.0,0.0,0.0,3.0,506.0,354.0,13.0,1.0,1.0,1.0,1.0,1.0,2024
Guarulhos,2,41.0,747.0,0.0,747.0,0.0,0.0,1.0,705.0,41.0,0.0,0.0,1.0,1.0,1.0,0.0,2024
Guarulhos,2,12.0,187.0,187.0,0.0,0.0,0.0,179.0,8.0,0.0,0.0,0.0,0.0,1.0,1.0,0.0,2024
Guarulhos,2,40.0,846.0,0.0,532.0,0.0,0.0,1.0,512.0,323.0,10.0,0.0,1.0,1.0,1.0,1.0,2024
Guarulhos,2,36.0,661.0,661.0,0.0,0.0,0.0,630.0,31.0,0.0,0.0,1.0,1.0,1.0,1.0,0.0,2024
Guarulhos,2,55.0,1209.0,1209.0,0.0,0.0,0.0,1161.0,48.0,0.0,0.0,0.0,1.0,1.0,1.0,1.0,2024
Guarulhos,2,54.0,1277.0,0.0,628.0,0.0,0.0,1.0,572.0,623.0,81.0,0.0,1.0,1.0,1.0,0.0,2024
Guarulhos,2,61.0,2172.0,0.0,632.0,0.0,0.0,0.0,597.0,1399.0,176.0,0.0,1.0,1.0,1.0,0.0,2024
Guarulhos,2,53.0,1615.0,0.0,704.0,0.0,0.0,2.0,675.0,864.0,74.0,0.0,1.0,1.0,1.0,1.0,2024
Guarulhos,2,28.0,443.0,283.0,160.0,0.0,0.0,281.0,157.0,5.0,0.0,0.0,0.0,1.0,0.0,1.0,2024
Guarulhos,2,21.0,378.0,378.0,0.0,0.0,0.0,360.0,18.0,0.0,0.0,0.0,1.0,1.0,1.0,0.0,2024
Guarulhos,2,52.0,1407.0,0.0,490.0,0.0,0.0,0.0,453.0,843.0,111.0,0.0,1.0,1.0,1.0,1.0,2024
Guarulhos,2,44.0,1505.0,0.0,600.0,0.0,0.0,0.0,544.0,876.0,85.0,0.0,0.0,1.0,1.0,0.0,2024
Guarulhos,2,71.0,1701.0,0.0,704.0,0.0,0.0,0.0,663.0,964.0,74.0,0.0,1.0,1.0,1.0,1.0,2024
Guarulhos,2,,,,,,,,,,,,,,,,2024
Guarulhos,2,30.0,636.0,636.0,0.0,0.0,0.0,597.0,39.0,0.0,0.0,0.0,0.0,1.0,0.0,1.0,2024
Guarulhos,2,31.0,512.0,270.0,242.0,0.0,0.0,262.0,240.0,10.0,0.0,0.0,1.0,1.0,1.0,1.0,2024
Guarulhos,2,30.0,607.0,0.0,457.0,0.0,0.0,0.0,420.0,175.0,12.0,0.0,1.0,1.0,1.0,1.0,2024
Guarulhos,2,51.0,1054.0,0.0,1054.0,0.0,0.0,0.0,991.0,63.0,0.0,0.0,1.0,1.0,0.0,0.0,2024
Guarulhos,2,32.0,522.0,0.0,352.0,0.0,0.0,1.0,328.0,189.0,4.0,0.0,1.0,1.0,1.0,0.0,2024
Guarulhos,2,20.0,324.0,0.0,0.0,0.0,0.0,0.0,0.0,303.0,21.0,0.0,1.0,1.0,1.0,1.0,2024
Guarulhos,2,79.0,1978.0,0.0,488.0,0.0,0.0,0.0,460.0,1242.0,276.0,0.0,1.0,1.0,1.0,1.0,2024
Guarulhos,2,40.0,774.0,33.0,741.0,0.0,0.0,29.0,715.0,30.0,0.0,0.0,0.0,1.0,1.0,0.0,2024
Guarulhos,2,16.0,243.0,243.0,0.0,0.0,0.0,226.0,17.0,0.0,0.0,0.0,1.0,1.0,0.0,1.0,2024
Guarulhos,2,20.0,374.0,0.0,288.0,0.0,0.0,1.0,273.0,99.0,1.0,0.0,0.0,1.0,1.0,0.0,2024
Guarulhos,2,45.0,908.0,584.0,324.0,0.0,0.0,557.0,351.0,0.0,0.0,1.0,1.0,1.0,1.0,1.0,2024
Guarulhos,2,58.0,1245.0,0.0,646.0,0.0,0.0,1.0,597.0,586.0,61.0,0.0,1.0,1.0,1.0,1.0,2024
Guarulhos,2,39.0,811.0,0.0,519.0,0.0,0.0,0.0,498.0,294.0,19.0,0.0,1.0,1.0,1.0,1.0,2024
Guarulhos,2,56.0,1635.0,0.0,731.0,0.0,0.0,2.0,688.0,857.0,88.0,0.0,1.0,1.0,1.0,1.0,2024
Guarulhos,2,9.0,29.0,0.0,10.0,0.0,0.0,0.0,0.0,20.0,9.0,0.0,0.0,1.0,0.0,0.0,2024
Guarulhos,2,,,,,,,,,,,,,,,,2024
Guarulhos,2,,,,,,,,,,,0.0,0.0,1.0,0.0,0.0,2024
Guarulhos,2,35.0,957.0,0.0,199.0,0.0,0.0,0.0,198.0,686.0,73.0,0.0,1.0,1.0,1.0,1.0,2024
Guarulhos,2,10.0,40.0,3.0,17.0,0.0,0.0,0.0,4.0,30.0,6.0,0.0,0.0,1.0,0.0,0.0,2024
Guarulhos,2,27.0,526.0,0.0,323.0,0.0,0.0,0.0,310.0,206.0,10.0,0.0,0.0,1.0,1.0,0.0,2024
Guarulhos,2,15.0,226.0,0.0,0.0,0.0,0.0,0.0,0.0,0.0,226.0,0.0,0.0,0.0,0.0,0.0,2024
Guarulhos,2,14.0,214.0,0.0,0.0,0.0,0.0,0.0,1.0,208.0,5.0,0.0,1.0,1.0,1.0,1.0,2024
Guarulhos,2,6.0,58.0,0.0,0.0,0.0,0.0,0.0,0.0,0.0,58.0,0.0,0.0,0.0,0.0,0.0,2024
Guarulhos,2,4.0,59.0,0.0,0.0,0.0,0.0,0.0,0.0,0.0,59.0,0.0,0.0,0.0,0.0,0.0,2024
Guarulhos,2,32.0,673.0,0.0,673.0,0.0,0.0,1.0,644.0,28.0,0.0,0.0,1.0,1.0,1.0,1.0,2024
Guarulhos,2,56.0,1592.0,0.0,0.0,0.0,0.0,0.0,3.0,1453.0,136.0,0.0,1.0,1.0,1.0,1.0,2024
Guarulhos,2,21.0,326.0,0.0,237.0,0.0,0.0,0.0,218.0,103.0,5.0,0.0,1.0,1.0,1.0,1.0,2024
Guarulhos,2,41.0,942.0,0.0,942.0,0.0,0.0,1.0,884.0,57.0,0.0,0.0,1.0,1.0,1.0,0.0,2024
Guarulhos,2,25.0,517.0,0.0,308.0,0.0,0.0,0.0,281.0,222.0,14.0,0.0,1.0,1.0,1.0,0.0,2024
Guarulhos,2,54.0,1353.0,0.0,530.0,0.0,0.0,1.0,498.0,781.0,73.0,0.0,1.0,1.0,1.0,0.0,2024
Guarulhos,2,84.0,1627.0,0.0,839.0,0.0,0.0,1.0,756.0,730.0,140.0,0.0,1.0,1.0,1.0,1.0,2024
Guarulhos,2,33.0,662.0,0.0,377.0,0.0,0.0,1.0,337.0,296.0,28.0,0.0,1.0,1.0,1.0,1.0,2024
Guarulhos,2,29.0,581.0,581.0,0.0,0.0,0.0,556.0,25.0,0.0,0.0,0.0,0.0,1.0,1.0,0.0,2024
Guarulhos,2,63.0,1737.0,0.0,727.0,0.0,0.0,2.0,697.0,945.0,93.0,0.0,1.0,1.0,1.0,0.0,2024
Guarulhos,2,29.0,633.0,0.0,633.0,0.0,0.0,0.0,581.0,52.0,0.0,0.0,1.0,1.0,1.0,1.0,2024
Guarulhos,2,20.0,300.0,300.0,0.0,0.0,0.0,271.0,29.0,0.0,0.0,0.0,1.0,1.0,1.0,1.0,2024
Guarulhos,2,32.0,604.0,604.0,0.0,0.0,0.0,582.0,22.0,0.0,0.0,0.0,1.0,1.0,1.0,1.0,2024
Guarulhos,2,22.0,512.0,512.0,0.0,0.0,0.0,493.0,19.0,0.0,0.0,0.0,1.0,1.0,1.0,0.0,2024
Guarulhos,2,37.0,550.0,0.0,325.0,0.0,0.0,1.0,307.0,222.0,20.0,0.0,1.0,1.0,1.0,1.0,2024
Guarulhos,2,39.0,742.0,0.0,742.0,0.0,0.0,1.0,698.0,43.0,0.0,0.0,1.0,1.0,1.0,1.0,2024
Guarulhos,2,64.0,1444.0,154.0,1056.0,0.0,0.0,123.0,1026.0,104.0,191.0,0.0,1.0,1.0,1.0,1.0,2024
Guarulhos,2,42.0,863.0,460.0,403.0,0.0,0.0,437.0,422.0,4.0,0.0,0.0,1.0,1.0,1.0,1.0,2024
Guarulhos,2,96.0,2112.0,0.0,858.0,0.0,0.0,2.0,820.0,1173.0,117.0,0.0,1.0,1.0,1.0,1.0,2024
Guarulhos,2,37.0,694.0,0.0,578.0,0.0,0.0,0.0,552.0,26.0,116.0,0.0,1.0,1.0,1.0,1.0,2024
Guarulhos,2,62.0,1220.0,0.0,283.0,0.0,0.0,0.0,260.0,730.0,230.0,0.0,1.0,1.0,1.0,0.0,2024
Guarulhos,2,23.0,391.0,391.0,0.0,0.0,0.0,363.0,28.0,0.0,0.0,0.0,0.0,1.0,1.0,1.0,2024
Guarulhos,2,68.0,1943.0,0.0,823.0,0.0,0.0,2.0,779.0,1078.0,84.0,0.0,0.0,1.0,1.0,1.0,2024
Guarulhos,2,31.0,539.0,0.0,352.0,0.0,0.0,2.0,336.0,194.0,7.0,0.0,0.0,1.0,1.0,1.0,2024
Guarulhos,2,20.0,345.0,0.0,212.0,0.0,0.0,0.0,205.0,133.0,7.0,0.0,0.0,1.0,1.0,0.0,2024
Guarulhos,2,73.0,1726.0,0.0,733.0,0.0,0.0,1.0,696.0,948.0,81.0,0.0,1.0,1.0,1.0,1.0,2024
Guarulhos,2,33.0,760.0,0.0,493.0,0.0,0.0,1.0,451.0,289.0,19.0,0.0,1.0,1.0,1.0,1.0,2024
Guarulhos,2,19.0,249.0,249.0,0.0,0.0,0.0,234.0,15.0,0.0,0.0,0.0,0.0,1.0,0.0,0.0,2024
Guarulhos,2,45.0,964.0,0.0,964.0,0.0,0.0,1.0,904.0,59.0,0.0,0.0,1.0,1.0,1.0,1.0,2024
Guarulhos,2,46.0,836.0,0.0,836.0,0.0,0.0,2.0,775.0,59.0,0.0,0.0,1.0,1.0,1.0,1.0,2024
Guarulhos,2,50.0,1240.0,304.0,539.0,0.0,0.0,287.0,513.0,361.0,79.0,0.0,1.0,1.0,1.0,1.0,2024
Guarulhos,2,32.0,656.0,0.0,475.0,0.0,0.0,0.0,446.0,195.0,15.0,0.0,1.0,1.0,1.0,1.0,2024
Guarulhos,2,24.0,407.0,0.0,323.0,0.0,0.0,1.0,312.0,85.0,9.0,0.0,0.0,1.0,1.0,1.0,2024
Guarulhos,2,32.0,802.0,0.0,524.0,0.0,0.0,0.0,489.0,300.0,13.0,0.0,1.0,1.0,1.0,1.0,2024
Guarulhos,2,18.0,228.0,228.0,0.0,0.0,0.0,223.0,5.0,0.0,0.0,0.0,1.0,1.0,1.0,1.0,2024
Guarulhos,2,34.0,805.0,0.0,548.0,0.0,0.0,2.0,523.0,269.0,11.0,0.0,1.0,1.0,1.0,1.0,2024
Guarulhos,2,26.0,567.0,0.0,374.0,0.0,0.0,2.0,344.0,211.0,10.0,0.0,1.0,1.0,0.0,1.0,2024
Guarulhos,2,16.0,306.0,0.0,306.0,0.0,0.0,2.0,299.0,5.0,0.0,0.0,0.0,1.0,0.0,0.0,2024
Guarulhos,2,74.0,2308.0,0.0,914.0,0.0,0.0,0.0,878.0,1300.0,130.0,0.0,1.0,1.0,1.0,1.0,2024
Guarulhos,2,30.0,590.0,0.0,113.0,0.0,0.0,1.0,112.0,432.0,45.0,0.0,1.0,1.0,1.0,1.0,2024
Guarulhos,2,65.0,1668.0,0.0,647.0,0.0,0.0,0.0,591.0,989.0,88.0,0.0,1.0,1.0,1.0,1.0,2024
Guarulhos,2,64.0,1568.0,0.0,625.0,0.0,0.0,0.0,584.0,912.0,72.0,0.0,1.0,1.0,1.0,0.0,2024
Guarulhos,2,55.0,895.0,0.0,405.0,0.0,0.0,0.0,374.0,344.0,177.0,0.0,1.0,1.0,1.0,1.0,2024
Guarulhos,2,17.0,396.0,0.0,0.0,0.0,0.0,0.0,1.0,385.0,10.0,0.0,1.0,1.0,1.0,1.0,2024
Guarulhos,2,53.0,1845.0,0.0,516.0,0.0,0.0,2.0,500.0,1209.0,134.0,0.0,1.0,1.0,1.0,1.0,2024
Guarulhos,2,51.0,1313.0,0.0,558.0,0.0,0.0,1.0,528.0,712.0,72.0,0.0,1.0,1.0,1.0,1.0,2024
Guarulhos,2,47.0,1041.0,0.0,689.0,0.0,0.0,0.0,639.0,378.0,24.0,0.0,0.0,1.0,1.0,1.0,2024
Guarulhos,2,33.0,704.0,0.0,704.0,0.0,0.0,0.0,667.0,37.0,0.0,0.0,1.0,1.0,1.0,0.0,2024
Guarulhos,2,44.0,1302.0,0.0,615.0,0.0,0.0,2.0,576.0,666.0,58.0,0.0,0.0,1.0,1.0,1.0,2024
Guarulhos,2,24.0,519.0,0.0,401.0,0.0,0.0,1.0,372.0,143.0,3.0,0.0,1.0,1.0,1.0,0.0,2024
Guarulhos,2,25.0,348.0,0.0,266.0,0.0,0.0,0.0,249.0,98.0,1.0,0.0,1.0,1.0,1.0,1.0,2024
Guarulhos,2,69.0,1564.0,717.0,847.0,0.0,0.0,673.0,841.0,50.0,0.0,0.0,1.0,1.0,1.0,1.0,2024
Guarulhos,2,33.0,677.0,677.0,0.0,0.0,0.0,648.0,29.0,0.0,0.0,0.0,1.0,1.0,1.0,1.0,2024
Guarulhos,2,36.0,819.0,0.0,819.0,0.0,0.0,0.0,755.0,64.0,0.0,0.0,1.0,1.0,1.0,1.0,2024
Guarulhos,2,40.0,651.0,0.0,391.0,0.0,0.0,2.0,377.0,253.0,19.0,0.0,1.0,1.0,1.0,1.0,2024
Guarulhos,2,25.0,459.0,0.0,289.0,0.0,0.0,1.0,267.0,184.0,7.0,0.0,1.0,1.0,1.0,1.0,2024
Guarulhos,2,25.0,456.0,456.0,0.0,0.0,0.0,422.0,34.0,0.0,0.0,0.0,1.0,1.0,1.0,1.0,2024
Guarulhos,2,70.0,1614.0,0.0,625.0,0.0,0.0,0.0,587.0,795.0,232.0,0.0,1.0,1.0,1.0,1.0,2024
Guarulhos,2,49.0,1083.0,0.0,0.0,0.0,0.0,0.0,2.0,983.0,98.0,0.0,1.0,1.0,1.0,1.0,2024
Guarulhos,2,,,,,,,,,,,,,,,,2024
Guarulhos,2,,,,,,,,,,,,,,,,2024
Guarulhos,2,64.0,1214.0,0.0,555.0,0.0,0.0,2.0,503.0,537.0,172.0,0.0,1.0,1.0,1.0,0.0,2024
Guarulhos,2,,,,,,,,,,,0.0,0.0,1.0,0.0,0.0,2024
Guatapará,2,24.0,387.0,0.0,0.0,0.0,0.0,0.0,8.0,321.0,58.0,0.0,1.0,1.0,1.0,1.0,2024
Guzolândia,2,19.0,355.0,0.0,234.0,0.0,0.0,4.0,219.0,126.0,6.0,0.0,1.0,1.0,1.0,0.0,2024
Guzolândia,2,,,,,,,,,,,,,,,,2024
Herculândia,2,27.0,483.0,0.0,347.0,0.0,0.0,7.0,328.0,144.0,4.0,0.0,0.0,1.0,1.0,1.0,2024
Holambra,2,26.0,505.0,0.0,0.0,0.0,0.0,0.0,12.0,437.0,56.0,0.0,1.0,1.0,1.0,0.0,2024
Hortolândia,2,22.0,458.0,0.0,294.0,0.0,0.0,1.0,268.0,177.0,12.0,0.0,1.0,1.0,1.0,0.0,2024
Hortolândia,2,39.0,732.0,0.0,421.0,0.0,0.0,0.0,396.0,318.0,18.0,0.0,1.0,1.0,1.0,0.0,2024
Hortolândia,2,57.0,1582.0,0.0,667.0,0.0,0.0,3.0,622.0,799.0,158.0,1.0,1.0,1.0,1.0,1.0,2024
Hortolândia,2,,,,,,,,,,,,,,,,2024
Hortolândia,2,15.0,314.0,0.0,0.0,0.0,0.0,0.0,6.0,290.0,18.0,0.0,1.0,1.0,1.0,0.0,2024
Hortolândia,2,18.0,276.0,0.0,197.0,0.0,0.0,0.0,187.0,85.0,4.0,0.0,0.0,1.0,1.0,0.0,2024
Hortolândia,2,27.0,590.0,0.0,415.0,0.0,0.0,2.0,383.0,196.0,9.0,0.0,0.0,1.0,1.0,1.0,2024
Hortolândia,2,28.0,568.0,0.0,568.0,0.0,0.0,2.0,537.0,29.0,0.0,0.0,1.0,1.0,1.0,0.0,2024
Hortolândia,2,,,,,,,,,,,,,,,,2024
Hortolândia,2,42.0,1275.0,0.0,550.0,0.0,0.0,1.0,494.0,721.0,59.0,0.0,0.0,1.0,1.0,0.0,2024
Hortolândia,2,30.0,648.0,0.0,415.0,0.0,0.0,1.0,398.0,231.0,18.0,0.0,0.0,1.0,1.0,1.0,2024
Hortolândia,2,54.0,1645.0,0.0,716.0,0.0,0.0,3.0,670.0,889.0,83.0,0.0,1.0,1.0,1.0,0.0,2024
Hortolândia,2,37.0,701.0,0.0,455.0,0.0,0.0,2.0,429.0,250.0,20.0,0.0,0.0,1.0,1.0,0.0,2024
Hortolândia,2,36.0,1087.0,0.0,472.0,0.0,0.0,0.0,427.0,594.0,66.0,0.0,1.0,1.0,1.0,1.0,2024
Hortolândia,2,12.0,208.0,0.0,0.0,0.0,0.0,0.0,0.0,0.0,208.0,0.0,1.0,0.0,0.0,0.0,2024
Hortolândia,2,,,,,,,,,,,0.0,0.0,1.0,0.0,0.0,2024
Hortolândia,2,,,,,,,,,,,,,,,,2024
Hortolândia,2,10.0,169.0,0.0,0.0,0.0,0.0,0.0,0.0,0.0,169.0,0.0,1.0,0.0,0.0,0.0,2024
Hortolândia,2,20.0,399.0,0.0,271.0,0.0,0.0,2.0,259.0,134.0,4.0,0.0,1.0,1.0,1.0,1.0,2024
Hortolândia,2,25.0,490.0,0.0,0.0,0.0,0.0,0.0,1.0,464.0,25.0,0.0,1.0,1.0,1.0,1.0,2024
Hortolândia,2,22.0,360.0,0.0,290.0,0.0,0.0,1.0,278.0,73.0,8.0,0.0,1.0,1.0,1.0,1.0,2024
Hortolândia,2,,,,,,,,,,,,,,,,2024
Hortolândia,2,19.0,405.0,0.0,246.0,0.0,0.0,1.0,237.0,155.0,12.0,0.0,1.0,1.0,1.0,1.0,2024
Hortolândia,2,20.0,324.0,0.0,228.0,0.0,0.0,1.0,213.0,104.0,6.0,0.0,1.0,1.0,1.0,0.0,2024
Hortolândia,2,,,,,,,,,,,,,,,,2024
Hortolândia,2,,,,,,,,,,,,,,,,2024
Hortolândia,2,14.0,301.0,0.0,301.0,0.0,0.0,1.0,291.0,9.0,0.0,0.0,1.0,1.0,1.0,1.0,2024
Hortolândia,2,53.0,1586.0,0.0,718.0,0.0,0.0,1.0,661.0,854.0,70.0,0.0,1.0,1.0,1.0,0.0,2024
Hortolândia,2,23.0,528.0,0.0,528.0,0.0,0.0,2.0,499.0,27.0,0.0,0.0,1.0,1.0,1.0,0.0,2024
Hortolândia,2,57.0,1391.0,0.0,494.0,0.0,0.0,1.0,458.0,815.0,117.0,0.0,1.0,1.0,1.0,0.0,2024
Hortolândia,2,65.0,1451.0,0.0,693.0,0.0,0.0,2.0,651.0,632.0,166.0,0.0,1.0,1.0,1.0,0.0,2024
Hortolândia,2,24.0,433.0,52.0,235.0,0.0,0.0,45.0,222.0,157.0,9.0,0.0,1.0,1.0,1.0,0.0,2024
Hortolândia,2,50.0,1008.0,0.0,653.0,0.0,0.0,2.0,610.0,270.0,126.0,0.0,1.0,1.0,1.0,1.0,2024
Hortolândia,2,25.0,580.0,0.0,409.0,0.0,0.0,1.0,379.0,186.0,14.0,0.0,0.0,1.0,1.0,1.0,2024
Hortolândia,2,40.0,899.0,0.0,0.0,0.0,0.0,0.0,9.0,633.0,257.0,1.0,1.0,1.0,1.0,1.0,2024
Iacanga,2,22.0,405.0,0.0,0.0,0.0,0.0,0.0,9.0,337.0,59.0,0.0,1.0,1.0,1.0,1.0,2024
Iacri,2,22.0,388.0,0.0,275.0,0.0,0.0,6.0,260.0,115.0,7.0,0.0,1.0,1.0,1.0,1.0,2024
Iacri,2,19.0,257.0,257.0,0.0,0.0,0.0,253.0,4.0,0.0,0.0,0.0,1.0,1.0,1.0,1.0,2024
Iaras,2,15.0,251.0,0.0,0.0,0.0,0.0,0.0,2.0,227.0,22.0,0.0,0.0,1.0,0.0,0.0,2024
Iaras,2,,,,,,,,,,,,,,,,2024
Iaras,2,,,,,,,,,,,,,,,,2024
Iaras,2,,,,,,,,,,,,,,,,2024
Iaras,2,16.0,211.0,0.0,0.0,0.0,0.0,0.0,0.0,0.0,211.0,0.0,0.0,1.0,0.0,0.0,2024
Iaras,2,,,,,,,,,,,,,,,,2024
Iaras,2,18.0,71.0,0.0,17.0,0.0,0.0,0.0,2.0,36.0,33.0,0.0,1.0,1.0,0.0,0.0,2024
Iaras,2,13.0,55.0,0.0,0.0,0.0,0.0,0.0,0.0,52.0,3.0,0.0,1.0,1.0,1.0,0.0,2024
Ibaté,2,20.0,352.0,0.0,232.0,0.0,0.0,3.0,228.0,118.0,3.0,1.0,1.0,1.0,1.0,1.0,2024
Ibaté,2,16.0,287.0,0.0,287.0,0.0,0.0,3.0,281.0,3.0,0.0,0.0,1.0,1.0,1.0,1.0,2024
Ibaté,2,27.0,514.0,0.0,352.0,0.0,0.0,2.0,325.0,179.0,8.0,0.0,1.0,1.0,1.0,1.0,2024
Ibaté,2,,,,,,,,,,,,,,,,2024
Ibaté,2,23.0,294.0,0.0,0.0,0.0,0.0,0.0,6.0,212.0,76.0,1.0,1.0,1.0,1.0,0.0,2024
Ibaté,2,51.0,1248.0,0.0,465.0,0.0,0.0,5.0,445.0,633.0,165.0,0.0,1.0,1.0,1.0,1.0,2024
Ibaté,2,20.0,409.0,0.0,300.0,0.0,0.0,4.0,293.0,108.0,4.0,0.0,1.0,1.0,1.0,1.0,2024
Ibaté,2,20.0,297.0,0.0,243.0,0.0,0.0,8.0,223.0,61.0,5.0,0.0,0.0,1.0,1.0,1.0,2024
Ibirá,2,19.0,392.0,0.0,0.0,0.0,0.0,0.0,0.0,332.0,60.0,0.0,1.0,1.0,1.0,0.0,2024
Ibirarema,2,30.0,547.0,0.0,313.0,0.0,0.0,6.0,307.0,180.0,54.0,0.0,1.0,1.0,1.0,1.0,2024
Ibitinga,2,23.0,340.0,0.0,299.0,0.0,0.0,5.0,288.0,45.0,2.0,0.0,1.0,1.0,1.0,1.0,2024
Ibitinga,2,39.0,930.0,0.0,260.0,0.0,0.0,0.0,244.0,660.0,26.0,0.0,1.0,1.0,1.0,0.0,2024
Ibitinga,2,25.0,382.0,170.0,212.0,0.0,0.0,167.0,207.0,7.0,1.0,0.0,0.0,1.0,1.0,0.0,2024
Ibitinga,2,18.0,304.0,0.0,304.0,0.0,0.0,7.0,295.0,2.0,0.0,0.0,1.0,1.0,1.0,0.0,2024
Ibitinga,2,33.0,563.0,0.0,296.0,0.0,0.0,7.0,287.0,263.0,6.0,0.0,0.0,1.0,1.0,1.0,2024
Ibitinga,2,40.0,783.0,0.0,416.0,0.0,0.0,6.0,409.0,294.0,74.0,0.0,1.0,1.0,1.0,0.0,2024
Ibitinga,2,26.0,412.0,0.0,0.0,0.0,0.0,0.0,3.0,291.0,118.0,1.0,1.0,1.0,0.0,0.0,2024
Ibitinga,2,,,,,,,,,,,0.0,1.0,1.0,0.0,1.0,2024
Ibitinga,2,34.0,695.0,113.0,398.0,0.0,0.0,108.0,383.0,195.0,9.0,0.0,1.0,1.0,1.0,1.0,2024
Ibitinga,2,17.0,270.0,0.0,254.0,0.0,0.0,8.0,241.0,21.0,0.0,0.0,1.0,1.0,1.0,0.0,2024
Ibiúna,2,23.0,393.0,0.0,262.0,0.0,0.0,6.0,245.0,133.0,9.0,0.0,1.0,1.0,1.0,0.0,2024
Ibiúna,2,20.0,353.0,0.0,353.0,0.0,0.0,7.0,316.0,29.0,1.0,0.0,1.0,1.0,1.0,1.0,2024
Ibiúna,2,26.0,554.0,0.0,359.0,0.0,0.0,9.0,341.0,199.0,5.0,1.0,0.0,1.0,1.0,1.0,2024
Ibiúna,2,38.0,851.0,0.0,395.0,0.0,0.0,5.0,378.0,459.0,9.0,0.0,1.0,1.0,1.0,0.0,2024
Ibiúna,2,24.0,480.0,0.0,330.0,0.0,0.0,5.0,312.0,160.0,3.0,0.0,1.0,1.0,1.0,1.0,2024
Ibiúna,2,64.0,1526.0,0.0,520.0,0.0,0.0,10.0,500.0,892.0,124.0,0.0,1.0,1.0,1.0,1.0,2024
Ibiúna,2,17.0,313.0,0.0,313.0,0.0,0.0,6.0,293.0,14.0,0.0,0.0,0.0,1.0,0.0,0.0,2024
Ibiúna,2,15.0,260.0,0.0,260.0,0.0,0.0,5.0,247.0,8.0,0.0,0.0,1.0,1.0,1.0,0.0,2024
Ibiúna,2,,,,,,,,,,,0.0,0.0,1.0,0.0,0.0,2024
Ibiúna,2,26.0,495.0,0.0,344.0,0.0,0.0,7.0,317.0,156.0,15.0,0.0,0.0,1.0,1.0,1.0,2024
Ibiúna,2,21.0,342.0,0.0,214.0,0.0,0.0,2.0,200.0,129.0,11.0,1.0,0.0,1.0,1.0,0.0,2024
Ibiúna,2,20.0,467.0,0.0,285.0,0.0,0.0,6.0,262.0,190.0,9.0,0.0,0.0,1.0,1.0,1.0,2024
Ibiúna,2,27.0,639.0,0.0,344.0,0.0,0.0,7.0,323.0,291.0,18.0,0.0,0.0,1.0,0.0,0.0,2024
Ibiúna,2,22.0,384.0,0.0,257.0,0.0,0.0,2.0,246.0,134.0,2.0,0.0,1.0,1.0,1.0,1.0,2024
Icém,2,7.0,50.0,0.0,0.0,0.0,0.0,0.0,0.0,0.0,50.0,1.0,0.0,0.0,0.0,0.0,2024
Icém,2,23.0,261.0,0.0,0.0,0.0,0.0,0.0,1.0,217.0,43.0,0.0,1.0,1.0,1.0,1.0,2024
Iepê,2,39.0,671.0,0.0,400.0,0.0,0.0,6.0,379.0,254.0,32.0,0.0,1.0,1.0,1.0,0.0,2024
Igaraçu do Tietê,2,13.0,178.0,0.0,144.0,0.0,0.0,0.0,141.0,37.0,0.0,0.0,0.0,1.0,1.0,1.0,2024
Igaraçu do Tietê,2,27.0,577.0,0.0,354.0,0.0,0.0,0.0,314.0,254.0,9.0,0.0,1.0,1.0,1.0,1.0,2024
Igaraçu do Tietê,2,,,,,,,,,,,,,,,,2024
Igaraçu do Tietê,2,31.0,677.0,0.0,353.0,0.0,0.0,0.0,320.0,336.0,21.0,0.0,1.0,1.0,1.0,0.0,2024
Igaraçu do Tietê,2,,,,,,,,,,,,,,,,2024
Igaraçu do Tietê,2,,,,,,,,,,,,,,,,2024
Igaraçu do Tietê,2,,,,,,,,,,,0.0,1.0,1.0,0.0,0.0,2024
Igarapava,2,20.0,270.0,0.0,0.0,0.0,0.0,0.0,2.0,197.0,71.0,0.0,1.0,1.0,1.0,1.0,2024
Igarapava,2,33.0,690.0,0.0,0.0,0.0,0.0,0.0,9.0,541.0,140.0,1.0,1.0,1.0,1.0,1.0,2024
Igaratá,2,38.0,690.0,0.0,238.0,0.0,0.0,0.0,234.0,388.0,68.0,0.0,1.0,1.0,1.0,0.0,2024
Igaratá,2,,,,,,,,,,,,,,,,2024
Igaratá,2,,,,,,,,,,,,,,,,2024
Iguape,2,12.0,198.0,0.0,198.0,0.0,0.0,7.0,190.0,1.0,0.0,0.0,1.0,1.0,1.0,1.0,2024
Iguape,2,27.0,510.0,0.0,0.0,0.0,0.0,0.0,10.0,392.0,108.0,0.0,1.0,1.0,1.0,1.0,2024
Iguape,2,12.0,242.0,0.0,242.0,0.0,0.0,4.0,237.0,1.0,0.0,0.0,1.0,1.0,1.0,0.0,2024
Iguape,2,18.0,256.0,0.0,0.0,0.0,0.0,0.0,7.0,198.0,51.0,1.0,1.0,1.0,1.0,1.0,2024
Iguape,2,23.0,406.0,0.0,340.0,0.0,0.0,3.0,333.0,14.0,56.0,0.0,1.0,1.0,1.0,1.0,2024
Iguape,2,22.0,221.0,93.0,80.0,0.0,0.0,93.0,83.0,44.0,1.0,0.0,0.0,1.0,1.0,0.0,2024
Iguape,2,36.0,668.0,0.0,363.0,0.0,0.0,5.0,357.0,297.0,9.0,0.0,0.0,1.0,1.0,0.0,2024
Iguape,2,13.0,105.0,0.0,68.0,0.0,0.0,1.0,67.0,35.0,2.0,0.0,1.0,1.0,1.0,0.0,2024
Iguape,2,4.0,24.0,10.0,8.0,0.0,4.0,12.0,7.0,1.0,0.0,0.0,0.0,1.0,0.0,1.0,2024
Iguape,2,,,,,,,,,,,,,,,,2024
Iguape,2,,,,,,,,,,,,,,,,2024
Iguape,2,,,,,,,,,,,,,,,,2024
Iguape,2,,,,,,,,,,,,,,,,2024
Iguape,2,,,,,,,,,,,,,,,,2024
Iguape,2,,,,,,,,,,,,,,,,2024
Iguape,2,,,,,,,,,,,,,,,,2024
Iguape,2,,,,,,,,,,,,,,,,2024
Iguape,2,,,,,,,,,,,,,,,,2024
Iguape,2,,,,,,,,,,,,,,,,2024
Iguape,2,7.0,25.0,19.0,2.0,0.0,3.0,19.0,2.0,1.0,0.0,0.0,0.0,1.0,0.0,1.0,2024
Iguape,2,,,,,,,,,,,,,,,,2024
Iguape,2,,,,,,,,,,,,,,,,2024
Iguape,2,7.0,31.0,13.0,12.0,0.0,1.0,13.0,10.0,2.0,5.0,0.0,0.0,1.0,0.0,1.0,2024
Iguape,2,13.0,201.0,0.0,106.0,0.0,0.0,1.0,103.0,95.0,2.0,0.0,0.0,1.0,1.0,0.0,2024
Iguape,2,8.0,44.0,0.0,44.0,0.0,0.0,1.0,41.0,2.0,0.0,0.0,1.0,1.0,0.0,0.0,2024
Iguape,2,10.0,47.0,0.0,47.0,0.0,0.0,1.0,46.0,0.0,0.0,0.0,1.0,1.0,0.0,0.0,2024
Iguape,2,,,,,,,,,,,,,,,,2024
Ilhabela,2,35.0,498.0,0.0,0.0,0.0,0.0,0.0,4.0,399.0,95.0,0.0,1.0,1.0,1.0,1.0,2024
Ilhabela,2,14.0,254.0,0.0,0.0,0.0,0.0,0.0,1.0,248.0,5.0,0.0,1.0,1.0,1.0,1.0,2024
Ilhabela,2,,,,,,,,,,,,,,,,2024
Ilhabela,2,29.0,491.0,0.0,0.0,0.0,0.0,0.0,5.0,456.0,30.0,0.0,1.0,1.0,1.0,0.0,2024
Ilhabela,2,,,,,,,,,,,,,,,,2024
Ilhabela,2,,,,,,,,,,,,,,,,2024
Ilha Comprida,2,29.0,486.0,0.0,0.0,0.0,0.0,0.0,5.0,406.0,75.0,0.0,1.0,1.0,1.0,1.0,2024
Ilha Solteira,2,22.0,380.0,0.0,380.0,0.0,0.0,3.0,364.0,13.0,0.0,0.0,1.0,1.0,1.0,1.0,2024
Ilha Solteira,2,25.0,498.0,0.0,370.0,0.0,0.0,9.0,333.0,146.0,10.0,0.0,1.0,1.0,1.0,0.0,2024
Ilha Solteira,2,37.0,533.0,0.0,206.0,0.0,0.0,4.0,193.0,240.0,96.0,0.0,1.0,1.0,1.0,0.0,2024
Ilha Solteira,2,3.0,20.0,0.0,0.0,19.0,1.0,0.0,0.0,0.0,0.0,1.0,0.0,1.0,0.0,0.0,2024
Ilha Solteira,2,,,,,,,,,,,,,,,,2024
Ilha Solteira,2,52.0,822.0,0.0,0.0,0.0,0.0,0.0,6.0,337.0,479.0,1.0,1.0,1.0,0.0,1.0,2024
Indaiatuba,2,30.0,607.0,0.0,364.0,0.0,0.0,2.0,337.0,249.0,19.0,0.0,1.0,1.0,1.0,0.0,2024
Indaiatuba,2,,,,,,,,,,,,,,,,2024
Indaiatuba,2,,,,,,,,,,,,,,,,2024
Indaiatuba,2,20.0,511.0,0.0,511.0,0.0,0.0,4.0,467.0,40.0,0.0,0.0,1.0,1.0,1.0,1.0,2024
Indaiatuba,2,43.0,1172.0,0.0,561.0,0.0,0.0,1.0,533.0,477.0,161.0,0.0,1.0,1.0,1.0,0.0,2024
Indaiatuba,2,61.0,1754.0,0.0,712.0,0.0,0.0,1.0,647.0,1003.0,103.0,1.0,1.0,1.0,1.0,1.0,2024
Indaiatuba,2,18.0,420.0,0.0,227.0,0.0,0.0,0.0,221.0,195.0,4.0,0.0,1.0,1.0,1.0,0.0,2024
Indaiatuba,2,56.0,1268.0,0.0,556.0,0.0,0.0,1.0,504.0,677.0,86.0,0.0,1.0,1.0,1.0,1.0,2024
Indaiatuba,2,24.0,606.0,0.0,382.0,0.0,0.0,0.0,353.0,235.0,18.0,0.0,1.0,1.0,1.0,0.0,2024
Indaiatuba,2,61.0,2056.0,0.0,861.0,0.0,0.0,0.0,758.0,1135.0,163.0,1.0,1.0,1.0,1.0,1.0,2024
Indaiatuba,2,20.0,353.0,0.0,258.0,0.0,0.0,1.0,246.0,100.0,6.0,0.0,1.0,1.0,1.0,0.0,2024
Indaiatuba,2,44.0,1247.0,0.0,455.0,0.0,0.0,0.0,424.0,749.0,74.0,0.0,1.0,1.0,1.0,0.0,2024
Indaiatuba,2,33.0,654.0,0.0,533.0,0.0,0.0,1.0,472.0,168.0,13.0,0.0,1.0,1.0,0.0,1.0,2024
Indaiatuba,2,19.0,387.0,0.0,0.0,0.0,0.0,0.0,3.0,367.0,17.0,0.0,1.0,1.0,1.0,1.0,2024
Indaiatuba,2,32.0,735.0,0.0,482.0,0.0,0.0,1.0,471.0,244.0,19.0,0.0,1.0,1.0,1.0,1.0,2024
Indaiatuba,2,,,,,,,,,,,,,,,,2024
Indaiatuba,2,25.0,585.0,0.0,419.0,0.0,0.0,0.0,384.0,184.0,17.0,0.0,0.0,1.0,1.0,0.0,2024
Indaiatuba,2,20.0,382.0,0.0,244.0,0.0,0.0,2.0,220.0,155.0,5.0,0.0,1.0,1.0,1.0,0.0,2024
Indaiatuba,2,19.0,465.0,0.0,348.0,0.0,0.0,1.0,331.0,124.0,9.0,0.0,1.0,1.0,1.0,1.0,2024
Indaiatuba,2,23.0,483.0,0.0,248.0,0.0,0.0,0.0,230.0,231.0,22.0,0.0,1.0,1.0,1.0,0.0,2024
Indaiatuba,2,53.0,1595.0,0.0,688.0,0.0,0.0,2.0,638.0,841.0,114.0,0.0,1.0,1.0,1.0,0.0,2024
Indaiatuba,2,,,,,,,,,,,,,,,,2024
Indaiatuba,2,19.0,452.0,0.0,277.0,0.0,0.0,1.0,243.0,197.0,11.0,0.0,1.0,1.0,1.0,0.0,2024
Indaiatuba,2,58.0,2019.0,0.0,864.0,0.0,0.0,1.0,789.0,1094.0,135.0,0.0,1.0,1.0,1.0,0.0,2024
Indaiatuba,2,38.0,841.0,0.0,661.0,0.0,0.0,0.0,639.0,57.0,145.0,0.0,1.0,1.0,1.0,0.0,2024
Indiana,2,26.0,324.0,0.0,213.0,0.0,0.0,0.0,201.0,119.0,4.0,0.0,1.0,1.0,1.0,0.0,2024
Indiaporã,2,,,,,,,,,,,,,,,,2024
Indiaporã,2,18.0,276.0,0.0,186.0,0.0,0.0,1.0,170.0,103.0,2.0,0.0,1.0,1.0,1.0,1.0,2024
Inúbia Paulista,2,32.0,224.0,0.0,151.0,0.0,0.0,1.0,146.0,62.0,15.0,0.0,1.0,1.0,1.0,0.0,2024
Ipaussu,2,27.0,416.0,0.0,0.0,0.0,0.0,0.0,8.0,337.0,71.0,1.0,1.0,1.0,1.0,0.0,2024
Ipaussu,2,29.0,447.0,0.0,0.0,0.0,0.0,0.0,3.0,337.0,107.0,0.0,1.0,1.0,1.0,1.0,2024
Iperó,2,32.0,711.0,0.0,0.0,0.0,0.0,0.0,8.0,579.0,124.0,0.0,1.0,1.0,1.0,0.0,2024
Iperó,2,15.0,241.0,0.0,0.0,0.0,0.0,0.0,0.0,0.0,241.0,1.0,0.0,0.0,0.0,0.0,2024
Iperó,2,22.0,533.0,0.0,0.0,0.0,0.0,0.0,4.0,480.0,49.0,0.0,1.0,1.0,1.0,1.0,2024
Ipeúna,2,13.0,247.0,0.0,152.0,0.0,0.0,3.0,146.0,94.0,4.0,0.0,1.0,1.0,1.0,1.0,2024
Ipeúna,2,23.0,529.0,0.0,211.0,0.0,0.0,5.0,200.0,285.0,39.0,0.0,1.0,1.0,1.0,1.0,2024
Ipiguá,2,24.0,599.0,0.0,367.0,0.0,0.0,0.0,358.0,225.0,16.0,0.0,1.0,1.0,1.0,0.0,2024
Iporanga,2,6.0,10.0,0.0,1.0,0.0,0.0,1.0,0.0,1.0,8.0,0.0,0.0,0.0,0.0,0.0,2024
Iporanga,2,4.0,13.0,0.0,5.0,0.0,0.0,1.0,4.0,4.0,4.0,0.0,0.0,0.0,0.0,0.0,2024
Iporanga,2,18.0,292.0,0.0,146.0,0.0,0.0,3.0,141.0,143.0,5.0,0.0,1.0,1.0,1.0,0.0,2024
Ipuã,2,27.0,447.0,0.0,0.0,0.0,0.0,0.0,11.0,341.0,95.0,0.0,1.0,1.0,1.0,0.0,2024
Iracemápolis,2,37.0,750.0,0.0,279.0,0.0,0.0,0.0,262.0,329.0,159.0,0.0,0.0,1.0,1.0,0.0,2024
Iracemápolis,2,37.0,900.0,0.0,347.0,0.0,0.0,2.0,321.0,521.0,56.0,0.0,0.0,1.0,1.0,0.0,2024
Iracemápolis,2,19.0,429.0,0.0,343.0,0.0,0.0,1.0,319.0,108.0,1.0,0.0,1.0,1.0,1.0,1.0,2024
Irapuã,2,38.0,676.0,0.0,351.0,0.0,0.0,5.0,335.0,295.0,41.0,0.0,1.0,1.0,1.0,1.0,2024
Irapuru,2,33.0,454.0,0.0,257.0,0.0,0.0,7.0,254.0,164.0,29.0,0.0,1.0,1.0,1.0,1.0,2024
Irapuru,2,,,,,,,,,,,,,,,,2024
Irapuru,2,9.0,32.0,0.0,11.0,0.0,0.0,0.0,0.0,20.0,12.0,0.0,0.0,0.0,1.0,1.0,2024
Irapuru,2,9.0,28.0,0.0,15.0,0.0,0.0,0.0,3.0,23.0,2.0,0.0,0.0,0.0,1.0,1.0,2024
Irapuru,2,7.0,101.0,0.0,0.0,0.0,0.0,0.0,0.0,0.0,101.0,0.0,0.0,0.0,0.0,0.0,2024
Itaberá,2,18.0,194.0,194.0,0.0,0.0,0.0,193.0,1.0,0.0,0.0,0.0,0.0,1.0,1.0,0.0,2024
Itaberá,2,35.0,509.0,0.0,228.0,0.0,0.0,6.0,222.0,234.0,47.0,0.0,0.0,1.0,1.0,0.0,2024
Itaberá,2,19.0,335.0,0.0,221.0,0.0,0.0,5.0,220.0,107.0,3.0,0.0,1.0,1.0,1.0,0.0,2024
Itaberá,2,,,,,,,,,,,,,,,,2024
Itaberá,2,,,,,,,,,,,,,,,,2024
Itaberá,2,,,,,,,,,,,,,,,,2024
Itaberá,2,19.0,268.0,0.0,172.0,0.0,0.0,6.0,166.0,94.0,2.0,0.0,1.0,1.0,1.0,0.0,2024
Itaberá,2,18.0,217.0,217.0,0.0,0.0,0.0,215.0,2.0,0.0,0.0,0.0,1.0,1.0,1.0,1.0,2024
Itaberá,2,10.0,116.0,116.0,0.0,0.0,0.0,116.0,0.0,0.0,0.0,0.0,1.0,1.0,1.0,1.0,2024
Itaberá,2,10.0,92.0,92.0,0.0,0.0,0.0,92.0,0.0,0.0,0.0,0.0,1.0,1.0,1.0,0.0,2024
Itaberá,2,21.0,297.0,297.0,0.0,0.0,0.0,294.0,3.0,0.0,0.0,0.0,0.0,1.0,0.0,1.0,2024
Itaberá,2,10.0,84.0,84.0,0.0,0.0,0.0,83.0,1.0,0.0,0.0,0.0,0.0,1.0,0.0,1.0,2024
Itaberá,2,13.0,176.0,0.0,101.0,0.0,0.0,2.0,100.0,72.0,2.0,0.0,1.0,1.0,1.0,0.0,2024
Itaberá,2,19.0,245.0,0.0,128.0,0.0,0.0,2.0,125.0,103.0,15.0,0.0,1.0,1.0,1.0,1.0,2024
Itaí,2,36.0,789.0,0.0,488.0,0.0,0.0,9.0,463.0,311.0,6.0,0.0,1.0,1.0,1.0,0.0,2024
Itaí,2,14.0,275.0,0.0,0.0,0.0,0.0,0.0,0.0,0.0,275.0,0.0,0.0,0.0,0.0,0.0,2024
Itaí,2,32.0,662.0,0.0,425.0,0.0,0.0,5.0,412.0,233.0,12.0,0.0,0.0,1.0,1.0,1.0,2024
Itaí,2,,,,,,,,,,,,,,,,2024
Itaí,2,34.0,604.0,0.0,399.0,0.0,0.0,5.0,379.0,214.0,6.0,0.0,0.0,1.0,1.0,1.0,2024
Itajobi,2,34.0,462.0,0.0,0.0,0.0,0.0,0.0,4.0,421.0,37.0,0.0,1.0,1.0,1.0,0.0,2024
Itaju,2,26.0,355.0,0.0,195.0,0.0,0.0,6.0,186.0,156.0,7.0,1.0,1.0,1.0,1.0,1.0,2024
Itanhaém,2,70.0,1187.0,0.0,246.0,0.0,0.0,3.0,228.0,884.0,72.0,0.0,1.0,1.0,1.0,0.0,2024
Itanhaém,2,,,,,,,,,,,,,,,,2024
Itanhaém,2,37.0,998.0,0.0,0.0,0.0,0.0,0.0,5.0,890.0,103.0,0.0,1.0,1.0,1.0,0.0,2024
Itanhaém,2,38.0,548.0,0.0,205.0,0.0,0.0,1.0,180.0,332.0,35.0,0.0,0.0,1.0,1.0,1.0,2024
Itanhaém,2,61.0,937.0,0.0,0.0,0.0,0.0,0.0,1.0,688.0,248.0,0.0,1.0,1.0,1.0,0.0,2024
Itanhaém,2,,,,,,,,,,,,,,,,2024
Itanhaém,2,56.0,851.0,0.0,366.0,0.0,0.0,0.0,327.0,478.0,46.0,0.0,1.0,1.0,1.0,0.0,2024
Itanhaém,2,,,,,,,,,,,,,,,,2024
Itanhaém,2,49.0,694.0,0.0,98.0,0.0,0.0,1.0,88.0,532.0,73.0,0.0,1.0,1.0,1.0,0.0,2024
Itanhaém,2,,,,,,,,,,,,,,,,2024
Itanhaém,2,10.0,31.0,17.0,9.0,0.0,1.0,16.0,9.0,3.0,2.0,0.0,0.0,1.0,0.0,0.0,2024
Itanhaém,2,40.0,628.0,0.0,0.0,0.0,0.0,0.0,2.0,385.0,241.0,1.0,1.0,1.0,1.0,1.0,2024
Itanhaém,2,,,,,,,,,,,,,,,,2024
Itanhaém,2,7.0,31.0,17.0,11.0,0.0,3.0,12.0,15.0,1.0,0.0,0.0,0.0,0.0,0.0,0.0,2024
Itanhaém,2,25.0,368.0,0.0,121.0,0.0,0.0,2.0,115.0,229.0,22.0,0.0,0.0,1.0,1.0,1.0,2024
Itanhaém,2,,,,,,,,,,,,,,,,2024
Itanhaém,2,,,,,,,,,,,,,,,,2024
Itanhaém,2,,,,,,,,,,,,,,,,2024
Itanhaém,2,,,,,,,,,,,,,,,,2024
Itanhaém,2,,,,,,,,,,,,,,,,2024
Itanhaém,2,,,,,,,,,,,,,,,,2024
Itanhaém,2,45.0,712.0,0.0,0.0,0.0,0.0,0.0,0.0,620.0,92.0,0.0,1.0,1.0,1.0,0.0,2024
Itanhaém,2,,,,,,,,,,,0.0,1.0,1.0,0.0,0.0,2024
Itaoca,2,13.0,149.0,0.0,92.0,0.0,0.0,4.0,87.0,55.0,3.0,0.0,1.0,1.0,1.0,0.0,2024
Itaoca,2,19.0,121.0,32.0,54.0,0.0,0.0,35.0,50.0,33.0,3.0,0.0,0.0,1.0,1.0,0.0,2024
Itaoca,2,19.0,111.0,30.0,53.0,0.0,0.0,31.0,52.0,28.0,0.0,0.0,0.0,1.0,1.0,0.0,2024
Itaoca,2,,,,,,,,,,,,,,,,2024
Itapecerica da Serra,2,11.0,169.0,0.0,169.0,0.0,0.0,0.0,164.0,5.0,0.0,0.0,0.0,1.0,1.0,1.0,2024
Itapecerica da Serra,2,35.0,778.0,0.0,475.0,0.0,0.0,12.0,455.0,300.0,11.0,1.0,1.0,1.0,1.0,1.0,2024
Itapecerica da Serra,2,31.0,565.0,0.0,358.0,0.0,0.0,7.0,342.0,202.0,14.0,0.0,0.0,1.0,1.0,1.0,2024
Itapecerica da Serra,2,22.0,328.0,0.0,216.0,0.0,0.0,1.0,198.0,123.0,6.0,0.0,1.0,1.0,1.0,0.0,2024
Itapecerica da Serra,2,56.0,976.0,0.0,437.0,0.0,0.0,7.0,413.0,364.0,192.0,0.0,1.0,1.0,1.0,0.0,2024
Itapecerica da Serra,2,78.0,1349.0,0.0,404.0,0.0,0.0,6.0,384.0,727.0,232.0,0.0,1.0,1.0,1.0,1.0,2024
Itapecerica da Serra,2,18.0,393.0,0.0,253.0,0.0,0.0,4.0,239.0,140.0,10.0,0.0,1.0,1.0,1.0,0.0,2024
Itapecerica da Serra,2,7.0,439.0,0.0,0.0,0.0,0.0,0.0,0.0,0.0,439.0,0.0,0.0,1.0,0.0,1.0,2024
Itapecerica da Serra,2,47.0,970.0,0.0,627.0,0.0,0.0,16.0,579.0,343.0,32.0,0.0,1.0,1.0,1.0,1.0,2024
Itapecerica da Serra,2,28.0,412.0,235.0,159.0,0.0,1.0,232.0,156.0,21.0,2.0,0.0,1.0,1.0,1.0,1.0,2024
Itapecerica da Serra,2,24.0,576.0,0.0,400.0,0.0,0.0,8.0,374.0,175.0,19.0,0.0,0.0,1.0,1.0,0.0,2024
Itapecerica da Serra,2,58.0,996.0,0.0,443.0,0.0,0.0,6.0,426.0,385.0,179.0,0.0,1.0,1.0,1.0,0.0,2024
Itapecerica da Serra,2,63.0,1788.0,0.0,749.0,0.0,0.0,7.0,705.0,1000.0,76.0,0.0,1.0,1.0,1.0,0.0,2024
Itapecerica da Serra,2,22.0,470.0,0.0,250.0,0.0,0.0,9.0,233.0,220.0,8.0,0.0,1.0,1.0,1.0,1.0,2024
Itapecerica da Serra,2,18.0,248.0,0.0,135.0,0.0,0.0,0.0,135.0,102.0,11.0,0.0,0.0,1.0,1.0,0.0,2024
Itapecerica da Serra,2,21.0,294.0,0.0,169.0,0.0,0.0,3.0,158.0,126.0,7.0,0.0,0.0,1.0,1.0,0.0,2024
Itapecerica da Serra,2,20.0,388.0,0.0,248.0,0.0,0.0,1.0,242.0,138.0,7.0,0.0,0.0,1.0,1.0,0.0,2024
Itapecerica da Serra,2,40.0,1016.0,0.0,456.0,0.0,0.0,6.0,444.0,509.0,57.0,0.0,0.0,1.0,1.0,1.0,2024
Itapecerica da Serra,2,10.0,144.0,144.0,0.0,0.0,0.0,143.0,1.0,0.0,0.0,0.0,0.0,1.0,1.0,0.0,2024
Itapecerica da Serra,2,20.0,477.0,0.0,290.0,0.0,0.0,8.0,277.0,187.0,5.0,0.0,0.0,1.0,1.0,0.0,2024
Itapecerica da Serra,2,22.0,390.0,0.0,230.0,0.0,0.0,3.0,217.0,165.0,5.0,0.0,1.0,1.0,1.0,1.0,2024
Itapecerica da Serra,2,17.0,285.0,0.0,285.0,0.0,0.0,1.0,270.0,14.0,0.0,1.0,1.0,1.0,1.0,1.0,2024
Itapecerica da Serra,2,,,,,,,,,,,1.0,1.0,1.0,1.0,1.0,2024
Itapecerica da Serra,2,21.0,313.0,0.0,206.0,0.0,0.0,5.0,199.0,106.0,3.0,0.0,1.0,1.0,1.0,0.0,2024
Itapecerica da Serra,2,30.0,636.0,0.0,435.0,0.0,0.0,6.0,386.0,230.0,14.0,0.0,0.0,1.0,1.0,1.0,2024
Itapecerica da Serra,2,27.0,560.0,0.0,376.0,0.0,0.0,7.0,354.0,195.0,4.0,0.0,1.0,1.0,1.0,0.0,2024
Itapecerica da Serra,2,14.0,258.0,258.0,0.0,0.0,0.0,250.0,8.0,0.0,0.0,0.0,0.0,1.0,1.0,0.0,2024
Itapecerica da Serra,2,34.0,652.0,0.0,403.0,0.0,0.0,8.0,382.0,254.0,8.0,0.0,0.0,1.0,1.0,1.0,2024
Itapecerica da Serra,2,27.0,437.0,0.0,268.0,0.0,0.0,3.0,250.0,174.0,10.0,0.0,1.0,1.0,1.0,1.0,2024
Itapecerica da Serra,2,27.0,523.0,0.0,293.0,0.0,0.0,8.0,284.0,220.0,11.0,0.0,1.0,1.0,1.0,0.0,2024
Itapecerica da Serra,2,33.0,631.0,0.0,402.0,0.0,0.0,8.0,384.0,236.0,3.0,0.0,1.0,1.0,1.0,1.0,2024
Itapecerica da Serra,2,18.0,241.0,0.0,162.0,0.0,0.0,1.0,157.0,75.0,8.0,0.0,1.0,1.0,1.0,1.0,2024
Itapecerica da Serra,2,,,,,,,,,,,0.0,0.0,1.0,1.0,1.0,2024
Itapetininga,2,22.0,465.0,0.0,330.0,0.0,0.0,2.0,312.0,145.0,6.0,0.0,1.0,1.0,1.0,1.0,2024
Itapetininga,2,35.0,565.0,0.0,298.0,0.0,0.0,3.0,288.0,240.0,34.0,0.0,1.0,1.0,1.0,1.0,2024
Itapetininga,2,42.0,710.0,0.0,395.0,0.0,0.0,6.0,376.0,317.0,11.0,0.0,1.0,1.0,1.0,1.0,2024
Itapetininga,2,27.0,570.0,0.0,351.0,0.0,0.0,6.0,333.0,223.0,8.0,0.0,1.0,1.0,1.0,1.0,2024
Itapetininga,2,24.0,582.0,0.0,337.0,0.0,0.0,1.0,337.0,233.0,11.0,0.0,1.0,1.0,1.0,0.0,2024
Itapetininga,2,14.0,267.0,0.0,267.0,0.0,0.0,5.0,258.0,4.0,0.0,0.0,0.0,1.0,1.0,1.0,2024
Itapetininga,2,34.0,994.0,0.0,310.0,0.0,0.0,7.0,296.0,611.0,80.0,0.0,0.0,1.0,1.0,0.0,2024
Itapetininga,2,30.0,525.0,0.0,306.0,0.0,0.0,6.0,294.0,223.0,2.0,0.0,0.0,1.0,1.0,1.0,2024
Itapetininga,2,39.0,744.0,0.0,0.0,0.0,0.0,0.0,23.0,538.0,183.0,1.0,1.0,1.0,1.0,1.0,2024
Itapetininga,2,25.0,600.0,0.0,440.0,0.0,0.0,9.0,421.0,167.0,3.0,0.0,0.0,1.0,0.0,0.0,2024
Itapetininga,2,16.0,293.0,293.0,0.0,0.0,3.0,289.0,1.0,0.0,0.0,0.0,1.0,1.0,0.0,0.0,2024
Itapetininga,2,18.0,374.0,0.0,243.0,0.0,0.0,4.0,232.0,137.0,1.0,0.0,1.0,1.0,1.0,1.0,2024
Itapetininga,2,61.0,1035.0,0.0,275.0,0.0,0.0,8.0,255.0,588.0,184.0,0.0,0.0,1.0,1.0,1.0,2024
Itapetininga,2,23.0,473.0,0.0,473.0,0.0,0.0,4.0,454.0,15.0,0.0,0.0,0.0,1.0,1.0,0.0,2024
Itapetininga,2,24.0,604.0,0.0,421.0,0.0,0.0,11.0,398.0,186.0,9.0,0.0,1.0,1.0,1.0,1.0,2024
Itapetininga,2,18.0,284.0,0.0,182.0,0.0,0.0,4.0,170.0,104.0,6.0,0.0,1.0,1.0,1.0,0.0,2024
Itapetininga,2,17.0,300.0,300.0,0.0,0.0,1.0,297.0,2.0,0.0,0.0,0.0,1.0,1.0,1.0,1.0,2024
Itapetininga,2,19.0,434.0,0.0,297.0,0.0,0.0,7.0,281.0,141.0,5.0,0.0,0.0,1.0,1.0,0.0,2024
Itapetininga,2,11.0,253.0,0.0,253.0,0.0,0.0,10.0,231.0,12.0,0.0,0.0,1.0,1.0,1.0,1.0,2024
Itapetininga,2,6.0,40.0,0.0,18.0,0.0,0.0,0.0,7.0,28.0,5.0,0.0,0.0,1.0,1.0,1.0,2024
Itapetininga,2,,,,,,,,,,,,,,,,2024
Itapetininga,2,,,,,,,,,,,0.0,1.0,1.0,1.0,1.0,2024
Itapetininga,2,12.0,54.0,0.0,0.0,0.0,0.0,0.0,0.0,0.0,54.0,0.0,0.0,0.0,0.0,0.0,2024
Itapetininga,2,23.0,221.0,0.0,0.0,0.0,0.0,0.0,0.0,0.0,221.0,0.0,0.0,0.0,0.0,0.0,2024
Itapetininga,2,23.0,238.0,0.0,0.0,0.0,0.0,0.0,0.0,1.0,237.0,0.0,0.0,0.0,0.0,0.0,2024
Itapetininga,2,46.0,817.0,0.0,0.0,0.0,0.0,0.0,18.0,585.0,214.0,1.0,1.0,1.0,0.0,0.0,2024
Itapetininga,2,40.0,603.0,0.0,345.0,0.0,0.0,7.0,323.0,261.0,12.0,0.0,0.0,1.0,1.0,0.0,2024
Itapetininga,2,18.0,351.0,0.0,235.0,0.0,0.0,6.0,219.0,124.0,2.0,0.0,0.0,1.0,1.0,1.0,2024
Itapetininga,2,12.0,196.0,196.0,0.0,0.0,3.0,191.0,2.0,0.0,0.0,0.0,0.0,1.0,1.0,1.0,2024
Itapetininga,2,19.0,304.0,0.0,179.0,0.0,0.0,1.0,176.0,123.0,4.0,0.0,1.0,1.0,1.0,0.0,2024
Itapetininga,2,22.0,326.0,0.0,287.0,0.0,0.0,8.0,271.0,8.0,39.0,0.0,1.0,1.0,0.0,1.0,2024
Itapetininga,2,22.0,367.0,0.0,235.0,0.0,0.0,8.0,220.0,127.0,12.0,0.0,1.0,1.0,1.0,1.0,2024
Itapetininga,2,24.0,389.0,0.0,198.0,0.0,0.0,7.0,188.0,170.0,24.0,0.0,0.0,1.0,1.0,1.0,2024
Itapetininga,2,35.0,561.0,0.0,266.0,0.0,0.0,8.0,250.0,289.0,14.0,0.0,0.0,1.0,1.0,1.0,2024
Itapeva,2,48.0,666.0,0.0,0.0,0.0,0.0,0.0,1.0,528.0,137.0,0.0,1.0,1.0,1.0,1.0,2024
Itapeva,2,62.0,1250.0,0.0,0.0,0.0,0.0,0.0,10.0,823.0,417.0,1.0,1.0,1.0,1.0,0.0,2024
Itapeva,2,31.0,562.0,0.0,0.0,0.0,0.0,0.0,0.0,508.0,54.0,0.0,1.0,1.0,1.0,1.0,2024
Itapeva,2,24.0,383.0,0.0,0.0,0.0,0.0,0.0,4.0,348.0,31.0,0.0,1.0,1.0,1.0,1.0,2024
Itapeva,2,20.0,293.0,0.0,0.0,0.0,0.0,0.0,2.0,275.0,16.0,0.0,1.0,1.0,1.0,1.0,2024
Itapeva,2,24.0,448.0,0.0,0.0,0.0,0.0,0.0,1.0,412.0,35.0,0.0,1.0,1.0,1.0,0.0,2024
Itapeva,2,12.0,149.0,0.0,0.0,0.0,0.0,0.0,1.0,136.0,12.0,0.0,1.0,1.0,1.0,1.0,2024
Itapeva,2,21.0,272.0,0.0,143.0,0.0,0.0,0.0,135.0,127.0,10.0,0.0,1.0,1.0,1.0,0.0,2024
Itapeva,2,15.0,122.0,0.0,0.0,0.0,0.0,0.0,1.0,101.0,20.0,0.0,1.0,1.0,1.0,1.0,2024
Itapeva,2,,,,,,,,,,,0.0,1.0,1.0,1.0,0.0,2024
Itapeva,2,12.0,99.0,0.0,67.0,0.0,0.0,0.0,66.0,32.0,1.0,0.0,1.0,1.0,1.0,1.0,2024
Itapeva,2,12.0,154.0,0.0,0.0,0.0,0.0,0.0,1.0,143.0,10.0,0.0,0.0,1.0,1.0,1.0,2024
Itapevi,2,36.0,547.0,0.0,0.0,0.0,0.0,0.0,7.0,310.0,230.0,1.0,1.0,1.0,1.0,1.0,2024
Itapevi,2,42.0,1164.0,0.0,599.0,0.0,0.0,13.0,576.0,559.0,16.0,0.0,1.0,1.0,1.0,0.0,2024
Itapevi,2,81.0,2163.0,0.0,1051.0,0.0,0.0,21.0,997.0,1109.0,36.0,0.0,1.0,1.0,1.0,0.0,2024
Itapevi,2,35.0,887.0,0.0,558.0,0.0,0.0,9.0,551.0,321.0,6.0,0.0,1.0,1.0,1.0,1.0,2024
Itapevi,2,22.0,479.0,0.0,334.0,0.0,0.0,8.0,314.0,153.0,4.0,0.0,1.0,1.0,1.0,1.0,2024
Itapevi,2,59.0,1049.0,0.0,420.0,0.0,0.0,12.0,395.0,397.0,245.0,0.0,0.0,1.0,1.0,1.0,2024
Itapevi,2,41.0,1054.0,0.0,483.0,0.0,0.0,10.0,465.0,557.0,22.0,0.0,0.0,1.0,1.0,1.0,2024
Itapevi,2,34.0,818.0,0.0,494.0,0.0,0.0,9.0,481.0,317.0,11.0,0.0,1.0,1.0,1.0,1.0,2024
Itapevi,2,49.0,1381.0,0.0,626.0,0.0,0.0,11.0,596.0,721.0,53.0,0.0,0.0,1.0,1.0,0.0,2024
Itapevi,2,76.0,2079.0,0.0,879.0,0.0,0.0,20.0,830.0,992.0,237.0,0.0,1.0,1.0,1.0,1.0,2024
Itapevi,2,28.0,563.0,0.0,273.0,0.0,0.0,9.0,263.0,279.0,12.0,0.0,0.0,1.0,0.0,0.0,2024
Itapevi,2,46.0,1289.0,0.0,648.0,0.0,0.0,11.0,630.0,606.0,42.0,0.0,1.0,1.0,1.0,1.0,2024
Itapevi,2,39.0,1219.0,0.0,647.0,0.0,0.0,13.0,604.0,567.0,35.0,0.0,1.0,1.0,1.0,1.0,2024
Itapevi,2,54.0,1406.0,0.0,681.0,0.0,0.0,13.0,654.0,696.0,43.0,0.0,1.0,1.0,1.0,0.0,2024
Itapevi,2,34.0,895.0,0.0,568.0,0.0,0.0,6.0,567.0,315.0,7.0,0.0,1.0,1.0,1.0,1.0,2024
Itapevi,2,75.0,2133.0,0.0,1199.0,0.0,0.0,28.0,1122.0,932.0,51.0,0.0,1.0,1.0,1.0,1.0,2024
Itapevi,2,72.0,2153.0,0.0,908.0,0.0,0.0,11.0,861.0,1220.0,61.0,0.0,1.0,1.0,1.0,1.0,2024
Itapevi,2,,,,,,,,,,,,,,,,2024
Itapevi,2,22.0,504.0,0.0,314.0,0.0,0.0,4.0,312.0,182.0,6.0,0.0,1.0,1.0,1.0,1.0,2024
Itapevi,2,62.0,1855.0,0.0,895.0,0.0,0.0,15.0,863.0,927.0,50.0,0.0,1.0,1.0,1.0,0.0,2024
Itapevi,2,55.0,1302.0,0.0,708.0,0.0,0.0,13.0,681.0,575.0,33.0,0.0,1.0,1.0,1.0,0.0,2024
Itapevi,2,46.0,983.0,0.0,563.0,0.0,0.0,15.0,530.0,401.0,37.0,0.0,1.0,1.0,1.0,1.0,2024
Itapevi,2,53.0,1436.0,0.0,702.0,0.0,0.0,8.0,653.0,712.0,63.0,0.0,1.0,1.0,1.0,1.0,2024
Itapevi,2,16.0,355.0,0.0,210.0,0.0,0.0,3.0,209.0,140.0,3.0,0.0,1.0,1.0,1.0,1.0,2024
Itapira,2,18.0,289.0,0.0,243.0,0.0,0.0,1.0,205.0,81.0,2.0,0.0,1.0,1.0,1.0,1.0,2024
Itapira,2,45.0,669.0,0.0,382.0,0.0,0.0,4.0,328.0,270.0,67.0,0.0,1.0,1.0,1.0,0.0,2024
Itapira,2,38.0,667.0,0.0,416.0,0.0,0.0,3.0,376.0,259.0,29.0,0.0,1.0,1.0,1.0,1.0,2024
Itapira,2,19.0,359.0,359.0,0.0,0.0,0.0,344.0,15.0,0.0,0.0,0.0,1.0,1.0,1.0,1.0,2024
Itapira,2,45.0,783.0,0.0,382.0,0.0,0.0,0.0,346.0,372.0,65.0,0.0,0.0,1.0,1.0,1.0,2024
Itapira,2,49.0,834.0,0.0,423.0,0.0,0.0,4.0,375.0,373.0,82.0,1.0,1.0,1.0,1.0,0.0,2024
Itapira,2,33.0,413.0,0.0,221.0,0.0,0.0,1.0,192.0,111.0,109.0,0.0,0.0,1.0,1.0,0.0,2024
Itapira,2,40.0,567.0,0.0,0.0,0.0,0.0,0.0,2.0,362.0,203.0,1.0,1.0,1.0,1.0,1.0,2024
Itapira,2,,,,,,,,,,,,,,,,2024
Itapira,2,20.0,342.0,0.0,274.0,0.0,0.0,1.0,248.0,88.0,5.0,0.0,0.0,1.0,1.0,0.0,2024
Itapira,2,23.0,234.0,0.0,166.0,0.0,0.0,3.0,142.0,82.0,7.0,0.0,1.0,1.0,1.0,0.0,2024
Itapirapuã Paulista,2,18.0,298.0,0.0,175.0,0.0,0.0,3.0,174.0,118.0,3.0,0.0,0.0,1.0,1.0,0.0,2024
Itapirapuã Paulista,2,14.0,111.0,0.0,63.0,0.0,0.0,1.0,60.0,50.0,0.0,0.0,1.0,1.0,1.0,0.0,2024
Itápolis,2,45.0,773.0,0.0,120.0,0.0,0.0,1.0,109.0,536.0,127.0,0.0,1.0,1.0,1.0,0.0,2024
Itápolis,2,14.0,225.0,0.0,225.0,0.0,0.0,0.0,223.0,2.0,0.0,0.0,1.0,1.0,1.0,0.0,2024
Itápolis,2,22.0,319.0,0.0,167.0,0.0,0.0,0.0,160.0,155.0,4.0,0.0,1.0,1.0,1.0,1.0,2024
Itápolis,2,32.0,555.0,198.0,357.0,0.0,0.0,178.0,349.0,28.0,0.0,0.0,1.0,1.0,1.0,1.0,2024
Itápolis,2,17.0,218.0,0.0,190.0,0.0,0.0,1.0,181.0,34.0,2.0,0.0,1.0,1.0,1.0,0.0,2024
Itápolis,2,10.0,151.0,151.0,0.0,0.0,0.0,145.0,6.0,0.0,0.0,0.0,1.0,1.0,0.0,1.0,2024
Itápolis,2,15.0,231.0,231.0,0.0,0.0,0.0,207.0,24.0,0.0,0.0,0.0,1.0,1.0,1.0,0.0,2024
Itápolis,2,24.0,360.0,0.0,226.0,0.0,0.0,1.0,215.0,138.0,6.0,0.0,1.0,1.0,0.0,0.0,2024
Itápolis,2,,,,,,,,,,,0.0,1.0,1.0,1.0,0.0,2024
Itápolis,2,14.0,108.0,51.0,57.0,0.0,0.0,48.0,58.0,2.0,0.0,0.0,0.0,1.0,1.0,1.0,2024
Itápolis,2,23.0,318.0,104.0,108.0,0.0,0.0,98.0,110.0,103.0,7.0,0.0,1.0,1.0,1.0,1.0,2024
Itaporanga,2,42.0,927.0,0.0,475.0,0.0,0.0,2.0,464.0,445.0,16.0,0.0,1.0,1.0,1.0,0.0,2024
Itaporanga,2,12.0,102.0,0.0,63.0,0.0,0.0,1.0,62.0,36.0,3.0,0.0,1.0,1.0,1.0,0.0,2024
Itaporanga,2,10.0,18.0,5.0,6.0,0.0,0.0,5.0,6.0,1.0,6.0,0.0,0.0,0.0,0.0,1.0,2024
Itaporanga,2,,,,,,,,,,,,,,,,2024
Itaporanga,2,,,,,,,,,,,,,,,,2024
Itaporanga,2,,,,,,,,,,,,,,,,2024
Itaporanga,2,14.0,215.0,0.0,150.0,0.0,0.0,0.0,148.0,63.0,4.0,0.0,1.0,1.0,1.0,0.0,2024
Itapuí,2,,,,,,,,,,,,,,,,2024
Itapuí,2,43.0,1106.0,0.0,628.0,0.0,0.0,10.0,575.0,468.0,53.0,0.0,1.0,1.0,1.0,0.0,2024
Itapura,2,18.0,316.0,0.0,221.0,0.0,0.0,2.0,212.0,101.0,1.0,0.0,0.0,1.0,1.0,0.0,2024
Itaquaquecetuba,2,,,,,,,,,,,,,,,,2024
Itaquaquecetuba,2,54.0,751.0,0.0,359.0,0.0,0.0,2.0,326.0,304.0,119.0,0.0,1.0,1.0,1.0,1.0,2024
Itaquaquecetuba,2,70.0,1381.0,0.0,687.0,0.0,0.0,10.0,649.0,676.0,46.0,0.0,1.0,1.0,1.0,0.0,2024
Itaquaquecetuba,2,,,,,,,,,,,,,,,,2024
Itaquaquecetuba,2,49.0,848.0,0.0,561.0,0.0,0.0,12.0,531.0,291.0,14.0,0.0,1.0,1.0,1.0,0.0,2024
Itaquaquecetuba,2,,,,,,,,,,,,,,,,2024
Itaquaquecetuba,2,91.0,1409.0,0.0,653.0,0.0,0.0,11.0,609.0,557.0,232.0,0.0,1.0,1.0,1.0,0.0,2024
Itaquaquecetuba,2,27.0,510.0,0.0,271.0,0.0,0.0,6.0,265.0,231.0,8.0,0.0,1.0,1.0,1.0,0.0,2024
Itaquaquecetuba,2,43.0,1086.0,0.0,356.0,0.0,0.0,5.0,343.0,363.0,375.0,0.0,1.0,1.0,1.0,0.0,2024
Itaquaquecetuba,2,29.0,484.0,0.0,0.0,0.0,0.0,0.0,8.0,436.0,40.0,0.0,1.0,1.0,0.0,0.0,2024
Itaquaquecetuba,2,,,,,,,,,,,,,,,,2024
Itaquaquecetuba,2,40.0,842.0,164.0,323.0,0.0,0.0,165.0,318.0,341.0,18.0,0.0,1.0,1.0,1.0,0.0,2024
Itaquaquecetuba,2,14.0,94.0,0.0,35.0,0.0,0.0,0.0,30.0,59.0,5.0,0.0,1.0,1.0,1.0,0.0,2024
Itaquaquecetuba,2,30.0,589.0,0.0,486.0,0.0,0.0,11.0,455.0,20.0,103.0,0.0,1.0,1.0,0.0,0.0,2024
Itaquaquecetuba,2,,,,,,,,,,,,,,,,2024
Itaquaquecetuba,2,27.0,497.0,0.0,353.0,0.0,0.0,8.0,334.0,152.0,3.0,0.0,1.0,1.0,1.0,1.0,2024
Itaquaquecetuba,2,32.0,645.0,0.0,411.0,0.0,0.0,8.0,382.0,244.0,11.0,0.0,0.0,1.0,1.0,1.0,2024
Itaquaquecetuba,2,58.0,1113.0,0.0,759.0,0.0,0.0,10.0,689.0,388.0,26.0,0.0,1.0,1.0,1.0,0.0,2024
Itaquaquecetuba,2,,,,,,,,,,,,,,,,2024
Itaquaquecetuba,2,8.0,47.0,1.0,18.0,0.0,0.0,0.0,0.0,41.0,6.0,0.0,0.0,1.0,1.0,1.0,2024
Itaquaquecetuba,2,45.0,766.0,0.0,740.0,0.0,0.0,11.0,674.0,55.0,26.0,0.0,1.0,1.0,1.0,0.0,2024
Itaquaquecetuba,2,36.0,691.0,0.0,0.0,0.0,0.0,0.0,9.0,511.0,171.0,1.0,1.0,1.0,1.0,1.0,2024
Itaquaquecetuba,2,,,,,,,,,,,0.0,0.0,1.0,0.0,0.0,2024
Itaquaquecetuba,2,,,,,,,,,,,,,,,,2024
Itaquaquecetuba,2,30.0,697.0,0.0,471.0,0.0,0.0,2.0,458.0,229.0,8.0,0.0,0.0,1.0,1.0,1.0,2024
Itaquaquecetuba,2,7.0,29.0,0.0,15.0,0.0,0.0,0.0,3.0,23.0,3.0,0.0,1.0,1.0,1.0,1.0,2024
Itaquaquecetuba,2,51.0,1242.0,0.0,631.0,0.0,0.0,10.0,579.0,614.0,39.0,0.0,0.0,1.0,1.0,1.0,2024
Itaquaquecetuba,2,33.0,667.0,0.0,436.0,0.0,0.0,14.0,402.0,244.0,7.0,0.0,0.0,1.0,1.0,0.0,2024
Itaquaquecetuba,2,55.0,1478.0,425.0,451.0,0.0,0.0,418.0,440.0,573.0,47.0,0.0,1.0,1.0,0.0,0.0,2024
Itaquaquecetuba,2,30.0,666.0,0.0,422.0,0.0,0.0,7.0,399.0,250.0,10.0,0.0,1.0,1.0,1.0,1.0,2024
Itaquaquecetuba,2,,,,,,,,,,,,,,,,2024
Itaquaquecetuba,2,40.0,716.0,0.0,413.0,0.0,0.0,4.0,377.0,322.0,13.0,0.0,0.0,1.0,1.0,1.0,2024
Itaquaquecetuba,2,75.0,1951.0,0.0,889.0,0.0,0.0,19.0,836.0,1023.0,73.0,0.0,1.0,1.0,1.0,0.0,2024
Itaquaquecetuba,2,65.0,1387.0,0.0,641.0,0.0,0.0,10.0,606.0,731.0,40.0,0.0,1.0,1.0,1.0,1.0,2024
Itaquaquecetuba,2,48.0,1158.0,0.0,514.0,0.0,0.0,9.0,487.0,586.0,76.0,0.0,0.0,1.0,1.0,0.0,2024
Itaquaquecetuba,2,62.0,1465.0,296.0,532.0,0.0,0.0,295.0,510.0,630.0,30.0,0.0,1.0,1.0,1.0,0.0,2024
Itaquaquecetuba,2,14.0,186.0,0.0,126.0,0.0,0.0,2.0,118.0,64.0,2.0,0.0,1.0,1.0,1.0,0.0,2024
Itaquaquecetuba,2,22.0,518.0,0.0,325.0,0.0,0.0,12.0,313.0,188.0,5.0,0.0,0.0,1.0,1.0,0.0,2024
Itaquaquecetuba,2,49.0,1364.0,0.0,601.0,0.0,0.0,7.0,587.0,712.0,58.0,0.0,0.0,1.0,1.0,1.0,2024
Itaquaquecetuba,2,32.0,538.0,0.0,312.0,0.0,0.0,8.0,286.0,227.0,17.0,0.0,1.0,1.0,0.0,0.0,2024
Itaquaquecetuba,2,54.0,1687.0,0.0,714.0,0.0,0.0,14.0,665.0,962.0,46.0,0.0,1.0,1.0,1.0,0.0,2024
Itaquaquecetuba,2,39.0,539.0,0.0,379.0,0.0,0.0,6.0,329.0,198.0,6.0,0.0,1.0,1.0,1.0,0.0,2024
Itaquaquecetuba,2,63.0,1263.0,0.0,675.0,0.0,0.0,10.0,609.0,568.0,76.0,0.0,1.0,1.0,1.0,1.0,2024
Itaquaquecetuba,2,,,,,,,,,,,,,,,,2024
Itaquaquecetuba,2,60.0,960.0,0.0,576.0,0.0,0.0,10.0,531.0,377.0,42.0,0.0,1.0,1.0,1.0,0.0,2024
Itaquaquecetuba,2,38.0,786.0,0.0,515.0,0.0,0.0,5.0,480.0,290.0,11.0,0.0,1.0,1.0,1.0,1.0,2024
Itaquaquecetuba,2,26.0,544.0,0.0,365.0,0.0,0.0,6.0,333.0,195.0,10.0,0.0,1.0,1.0,1.0,0.0,2024
Itaquaquecetuba,2,33.0,604.0,0.0,416.0,0.0,0.0,8.0,390.0,200.0,6.0,0.0,1.0,1.0,1.0,0.0,2024
Itaquaquecetuba,2,43.0,809.0,0.0,507.0,0.0,0.0,11.0,469.0,315.0,14.0,0.0,1.0,1.0,1.0,1.0,2024
Itaquaquecetuba,2,60.0,1576.0,0.0,711.0,0.0,0.0,10.0,675.0,825.0,66.0,0.0,1.0,1.0,1.0,0.0,2024
Itaquaquecetuba,2,50.0,1324.0,0.0,545.0,0.0,0.0,9.0,517.0,760.0,38.0,0.0,1.0,1.0,1.0,0.0,2024
Itaquaquecetuba,2,59.0,1484.0,0.0,769.0,0.0,0.0,8.0,714.0,715.0,47.0,0.0,0.0,1.0,1.0,0.0,2024
Itaquaquecetuba,2,28.0,466.0,0.0,217.0,0.0,0.0,2.0,201.0,233.0,30.0,0.0,1.0,1.0,1.0,1.0,2024
Itaquaquecetuba,2,68.0,1669.0,0.0,856.0,0.0,0.0,9.0,777.0,831.0,52.0,0.0,1.0,1.0,1.0,0.0,2024
Itaquaquecetuba,2,39.0,1195.0,0.0,623.0,0.0,0.0,9.0,564.0,548.0,74.0,0.0,1.0,1.0,1.0,1.0,2024
Itararé,2,43.0,957.0,0.0,274.0,0.0,0.0,0.0,260.0,599.0,98.0,0.0,0.0,1.0,1.0,1.0,2024
Itararé,2,28.0,572.0,0.0,332.0,0.0,0.0,1.0,301.0,247.0,23.0,0.0,0.0,1.0,1.0,0.0,2024
Itararé,2,18.0,287.0,0.0,193.0,0.0,0.0,0.0,178.0,100.0,9.0,0.0,0.0,1.0,1.0,1.0,2024
Itararé,2,35.0,419.0,0.0,156.0,0.0,0.0,0.0,143.0,107.0,169.0,0.0,1.0,1.0,1.0,0.0,2024
Itararé,2,20.0,304.0,0.0,187.0,0.0,0.0,1.0,179.0,115.0,9.0,0.0,0.0,1.0,1.0,0.0,2024
Itararé,2,29.0,550.0,0.0,390.0,0.0,0.0,0.0,359.0,182.0,9.0,0.0,1.0,1.0,1.0,1.0,2024
Itararé,2,18.0,200.0,0.0,67.0,0.0,0.0,0.0,62.0,113.0,25.0,0.0,1.0,1.0,0.0,0.0,2024
Itararé,2,,,,,,,,,,,0.0,1.0,1.0,1.0,1.0,2024
Itararé,2,20.0,332.0,0.0,0.0,0.0,0.0,0.0,1.0,263.0,68.0,1.0,1.0,1.0,0.0,1.0,2024
Itariri,2,30.0,562.0,0.0,358.0,0.0,0.0,1.0,344.0,209.0,8.0,0.0,1.0,1.0,1.0,0.0,2024
Itariri,2,20.0,260.0,77.0,118.0,0.0,0.0,75.0,110.0,74.0,1.0,0.0,1.0,1.0,1.0,0.0,2024
Itariri,2,7.0,17.0,2.0,6.0,0.0,1.0,2.0,3.0,3.0,8.0,0.0,0.0,0.0,0.0,1.0,2024
Itariri,2,1.0,2.0,2.0,0.0,0.0,0.0,2.0,0.0,0.0,0.0,0.0,0.0,0.0,0.0,0.0,2024
Itariri,2,,,,,,,,,,,,,,,,2024
Itariri,2,,,,,,,,,,,,,,,,2024
Itariri,2,,,,,,,,,,,,,,,,2024
Itariri,2,,,,,,,,,,,,,,,,2024
Itariri,2,,,,,,,,,,,,,,,,2024
Itariri,2,22.0,327.0,0.0,227.0,0.0,0.0,1.0,216.0,107.0,3.0,0.0,0.0,1.0,0.0,0.0,2024
Itariri,2,20.0,296.0,97.0,127.0,0.0,0.0,96.0,124.0,75.0,1.0,0.0,0.0,1.0,1.0,0.0,2024
Itatiba,2,39.0,985.0,0.0,0.0,0.0,0.0,0.0,16.0,871.0,98.0,0.0,0.0,1.0,1.0,0.0,2024
Itatiba,2,18.0,272.0,0.0,0.0,0.0,0.0,0.0,8.0,249.0,15.0,0.0,0.0,1.0,1.0,1.0,2024
Itatiba,2,56.0,984.0,0.0,0.0,0.0,0.0,0.0,6.0,510.0,468.0,1.0,1.0,1.0,1.0,0.0,2024
Itatiba,2,26.0,369.0,0.0,0.0,0.0,0.0,0.0,9.0,259.0,101.0,0.0,1.0,1.0,1.0,0.0,2024
Itatiba,2,42.0,1172.0,0.0,0.0,0.0,0.0,0.0,29.0,1031.0,112.0,0.0,1.0,1.0,1.0,1.0,2024
Itatinga,2,24.0,457.0,0.0,292.0,0.0,0.0,3.0,275.0,169.0,10.0,0.0,1.0,1.0,1.0,1.0,2024
Itatinga,2,38.0,881.0,0.0,266.0,0.0,0.0,2.0,254.0,535.0,90.0,0.0,0.0,1.0,1.0,0.0,2024
Itatinga,2,9.0,112.0,0.0,0.0,0.0,0.0,0.0,0.0,0.0,112.0,0.0,0.0,1.0,0.0,1.0,2024
Itirapina,2,43.0,897.0,0.0,313.0,0.0,0.0,2.0,308.0,536.0,51.0,0.0,1.0,1.0,1.0,1.0,2024
Itirapina,2,13.0,77.0,0.0,0.0,0.0,0.0,0.0,0.0,0.0,77.0,0.0,0.0,0.0,0.0,0.0,2024
Itirapina,2,14.0,291.0,0.0,0.0,0.0,0.0,0.0,0.0,0.0,291.0,0.0,0.0,0.0,0.0,0.0,2024
Itirapina,2,,,,,,,,,,,,,,,,2024
Itirapuã,2,28.0,553.0,0.0,328.0,0.0,0.0,7.0,299.0,232.0,15.0,0.0,1.0,1.0,1.0,0.0,2024
Itirapuã,2,,,,,,,,,,,0.0,0.0,1.0,0.0,0.0,2024
Itobi,2,29.0,495.0,0.0,249.0,0.0,0.0,0.0,237.0,234.0,24.0,0.0,1.0,1.0,1.0,1.0,2024
Itobi,2,13.0,194.0,194.0,0.0,0.0,0.0,185.0,9.0,0.0,0.0,0.0,1.0,1.0,1.0,0.0,2024
Itobi,2,7.0,97.0,97.0,0.0,0.0,0.0,94.0,3.0,0.0,0.0,1.0,0.0,1.0,1.0,0.0,2024
Itu,2,35.0,689.0,0.0,0.0,0.0,0.0,0.0,14.0,619.0,56.0,1.0,1.0,1.0,1.0,1.0,2024
Itu,2,34.0,943.0,0.0,447.0,0.0,0.0,9.0,419.0,478.0,37.0,1.0,1.0,1.0,1.0,1.0,2024
Itu,2,38.0,772.0,0.0,616.0,0.0,0.0,9.0,588.0,169.0,6.0,0.0,1.0,1.0,1.0,1.0,2024
Itu,2,28.0,485.0,0.0,299.0,0.0,0.0,4.0,268.0,203.0,10.0,0.0,1.0,1.0,1.0,0.0,2024
Itu,2,17.0,305.0,0.0,0.0,0.0,0.0,0.0,7.0,288.0,10.0,0.0,1.0,1.0,1.0,1.0,2024
Itu,2,58.0,1048.0,0.0,552.0,0.0,0.0,7.0,509.0,392.0,140.0,0.0,1.0,1.0,1.0,1.0,2024
Itu,2,37.0,878.0,0.0,365.0,0.0,0.0,8.0,352.0,477.0,41.0,0.0,1.0,1.0,1.0,0.0,2024
Itu,2,14.0,247.0,0.0,247.0,0.0,0.0,5.0,234.0,8.0,0.0,0.0,1.0,1.0,1.0,0.0,2024
Itu,2,39.0,872.0,0.0,441.0,0.0,0.0,10.0,421.0,410.0,31.0,0.0,1.0,1.0,1.0,0.0,2024
Itu,2,30.0,716.0,0.0,538.0,0.0,0.0,5.0,531.0,177.0,3.0,0.0,1.0,1.0,0.0,0.0,2024
Itu,2,,,,,,,,,,,,,,,,2024
Itu,2,33.0,764.0,0.0,538.0,0.0,0.0,6.0,526.0,223.0,9.0,0.0,0.0,1.0,1.0,1.0,2024
Itu,2,,,,,,,,,,,,,,,,2024
Itu,2,25.0,472.0,0.0,389.0,0.0,0.0,10.0,368.0,92.0,2.0,0.0,1.0,1.0,1.0,1.0,2024
Itu,2,18.0,354.0,0.0,297.0,0.0,0.0,3.0,281.0,70.0,0.0,1.0,1.0,1.0,1.0,1.0,2024
Itu,2,37.0,1149.0,0.0,469.0,0.0,0.0,14.0,430.0,658.0,47.0,0.0,1.0,1.0,1.0,1.0,2024
Itu,2,50.0,959.0,0.0,665.0,0.0,0.0,13.0,629.0,270.0,47.0,0.0,1.0,1.0,1.0,1.0,2024
Itu,2,52.0,1533.0,0.0,762.0,0.0,0.0,15.0,730.0,738.0,50.0,0.0,1.0,1.0,1.0,0.0,2024
Itu,2,29.0,665.0,0.0,447.0,0.0,0.0,11.0,421.0,223.0,10.0,0.0,1.0,1.0,1.0,1.0,2024
Itu,2,18.0,330.0,0.0,241.0,0.0,0.0,2.0,224.0,100.0,4.0,0.0,1.0,1.0,1.0,1.0,2024
Itu,2,,,,,,,,,,,0.0,0.0,1.0,0.0,0.0,2024
Itupeva,2,,,,,,,,,,,,,,,,2024
Itupeva,2,43.0,1581.0,0.0,672.0,0.0,0.0,15.0,632.0,859.0,75.0,0.0,1.0,1.0,1.0,0.0,2024
Itupeva,2,45.0,1459.0,0.0,749.0,0.0,0.0,14.0,715.0,684.0,46.0,0.0,1.0,1.0,1.0,0.0,2024
Itupeva,2,37.0,1053.0,0.0,515.0,0.0,0.0,9.0,498.0,490.0,56.0,0.0,1.0,1.0,1.0,0.0,2024
Itupeva,2,48.0,1346.0,0.0,597.0,0.0,0.0,8.0,579.0,613.0,146.0,0.0,0.0,1.0,0.0,0.0,2024
Itupeva,2,46.0,1515.0,0.0,780.0,0.0,0.0,16.0,733.0,703.0,63.0,0.0,1.0,1.0,1.0,0.0,2024
Ituverava,2,,,,,,,,,,,,,,,,2024
Ituverava,2,31.0,668.0,0.0,0.0,0.0,0.0,0.0,11.0,452.0,205.0,0.0,1.0,1.0,1.0,1.0,2024
Ituverava,2,,,,,,,,,,,,,,,,2024
Ituverava,2,45.0,657.0,0.0,0.0,0.0,0.0,0.0,12.0,451.0,194.0,1.0,1.0,1.0,1.0,0.0,2024
Jaborandi,2,12.0,201.0,0.0,0.0,0.0,0.0,0.0,0.0,176.0,25.0,0.0,1.0,1.0,1.0,1.0,2024
Jaboticabal,2,27.0,505.0,0.0,348.0,0.0,0.0,4.0,339.0,156.0,6.0,0.0,1.0,1.0,1.0,1.0,2024
Jaboticabal,2,53.0,1265.0,0.0,239.0,0.0,0.0,8.0,223.0,761.0,273.0,0.0,1.0,1.0,1.0,1.0,2024
Jaboticabal,2,14.0,192.0,0.0,131.0,0.0,0.0,3.0,125.0,60.0,4.0,0.0,1.0,1.0,1.0,0.0,2024
Jaboticabal,2,44.0,606.0,0.0,287.0,0.0,0.0,7.0,271.0,245.0,83.0,0.0,1.0,1.0,1.0,0.0,2024
Jaboticabal,2,17.0,331.0,0.0,245.0,0.0,0.0,2.0,234.0,94.0,1.0,0.0,1.0,1.0,1.0,1.0,2024
Jaboticabal,2,32.0,250.0,0.0,0.0,0.0,0.0,0.0,9.0,208.0,33.0,0.0,1.0,1.0,0.0,0.0,2024
Jaboticabal,2,45.0,624.0,0.0,316.0,0.0,0.0,10.0,294.0,291.0,29.0,0.0,1.0,1.0,1.0,0.0,2024
Jaboticabal,2,4.0,24.0,0.0,0.0,24.0,0.0,0.0,0.0,0.0,0.0,0.0,0.0,1.0,0.0,1.0,2024
Jaboticabal,2,,,,,,,,,,,0.0,0.0,1.0,0.0,0.0,2024
Jacareí,2,29.0,373.0,0.0,107.0,0.0,0.0,1.0,106.0,139.0,127.0,0.0,1.0,1.0,1.0,1.0,2024
Jacareí,2,27.0,630.0,0.0,456.0,0.0,0.0,0.0,429.0,194.0,7.0,0.0,0.0,1.0,1.0,0.0,2024
Jacareí,2,25.0,537.0,0.0,0.0,0.0,0.0,0.0,6.0,518.0,13.0,0.0,1.0,1.0,1.0,1.0,2024
Jacareí,2,53.0,1063.0,0.0,336.0,0.0,0.0,0.0,304.0,629.0,130.0,0.0,1.0,1.0,1.0,0.0,2024
Jacareí,2,35.0,728.0,0.0,528.0,0.0,0.0,0.0,481.0,234.0,13.0,0.0,1.0,1.0,1.0,0.0,2024
Jacareí,2,52.0,1138.0,0.0,516.0,0.0,0.0,0.0,493.0,522.0,123.0,0.0,1.0,1.0,1.0,0.0,2024
Jacareí,2,44.0,600.0,0.0,0.0,0.0,0.0,0.0,3.0,421.0,176.0,1.0,1.0,1.0,1.0,1.0,2024
Jacareí,2,33.0,616.0,0.0,363.0,0.0,0.0,2.0,320.0,288.0,6.0,0.0,0.0,1.0,1.0,0.0,2024
Jacareí,2,55.0,1113.0,0.0,284.0,0.0,0.0,0.0,243.0,822.0,48.0,0.0,1.0,1.0,1.0,0.0,2024
Jacareí,2,19.0,327.0,0.0,246.0,0.0,0.0,0.0,233.0,87.0,7.0,0.0,0.0,1.0,1.0,0.0,2024
Jacareí,2,,,,,,,,,,,,,,,,2024
Jacareí,2,,,,,,,,,,,,,,,,2024
Jacareí,2,,,,,,,,,,,,,,,,2024
Jacareí,2,35.0,473.0,0.0,266.0,0.0,0.0,0.0,249.0,198.0,26.0,0.0,1.0,1.0,1.0,1.0,2024
Jacareí,2,17.0,229.0,0.0,160.0,0.0,0.0,1.0,145.0,82.0,1.0,0.0,1.0,1.0,0.0,0.0,2024
Jacareí,2,53.0,964.0,0.0,477.0,0.0,0.0,1.0,434.0,457.0,72.0,0.0,0.0,1.0,1.0,1.0,2024
Jacareí,2,27.0,534.0,0.0,382.0,0.0,0.0,0.0,354.0,175.0,5.0,0.0,0.0,1.0,1.0,0.0,2024
Jacareí,2,21.0,269.0,0.0,188.0,0.0,0.0,1.0,171.0,96.0,1.0,0.0,1.0,1.0,1.0,0.0,2024
Jacareí,2,27.0,514.0,0.0,392.0,0.0,0.0,1.0,365.0,144.0,4.0,0.0,1.0,1.0,1.0,0.0,2024
Jacareí,2,14.0,103.0,0.0,63.0,0.0,0.0,0.0,61.0,41.0,1.0,0.0,0.0,1.0,1.0,0.0,2024
Jacareí,2,14.0,272.0,0.0,272.0,0.0,0.0,0.0,256.0,16.0,0.0,0.0,1.0,1.0,1.0,0.0,2024
Jacareí,2,24.0,409.0,0.0,322.0,0.0,0.0,0.0,295.0,110.0,4.0,0.0,1.0,1.0,1.0,0.0,2024
Jacareí,2,52.0,1074.0,0.0,610.0,0.0,0.0,0.0,564.0,488.0,22.0,0.0,1.0,1.0,1.0,1.0,2024
Jacareí,2,26.0,525.0,0.0,394.0,0.0,0.0,1.0,383.0,138.0,3.0,0.0,1.0,1.0,1.0,0.0,2024
Jacareí,2,7.0,33.0,0.0,9.0,0.0,0.0,0.0,3.0,27.0,3.0,0.0,0.0,1.0,0.0,0.0,2024
Jacareí,2,,,,,,,,,,,0.0,1.0,1.0,0.0,0.0,2024
Jacareí,2,27.0,558.0,0.0,558.0,0.0,0.0,2.0,504.0,52.0,0.0,0.0,1.0,1.0,1.0,0.0,2024
Jacareí,2,,,,,,,,,,,,,,,,2024
Jacareí,2,18.0,294.0,0.0,230.0,0.0,0.0,0.0,208.0,84.0,2.0,0.0,0.0,1.0,1.0,0.0,2024
Jacareí,2,32.0,537.0,0.0,312.0,0.0,0.0,0.0,278.0,217.0,42.0,0.0,1.0,1.0,1.0,0.0,2024
Jacareí,2,,,,,,,,,,,,,,,,2024
Jacareí,2,28.0,632.0,0.0,443.0,0.0,0.0,0.0,418.0,201.0,13.0,0.0,1.0,1.0,1.0,1.0,2024
Jacareí,2,25.0,426.0,0.0,317.0,0.0,0.0,0.0,291.0,132.0,3.0,0.0,0.0,1.0,1.0,0.0,2024
Jacareí,2,14.0,139.0,0.0,103.0,0.0,0.0,0.0,98.0,40.0,1.0,0.0,0.0,1.0,1.0,1.0,2024
Jacareí,2,,,,,,,,,,,,,,,,2024
Jacareí,2,17.0,306.0,0.0,223.0,0.0,0.0,0.0,207.0,96.0,3.0,0.0,1.0,1.0,1.0,0.0,2024
Jacareí,2,33.0,739.0,0.0,549.0,0.0,0.0,0.0,510.0,220.0,9.0,0.0,1.0,1.0,1.0,0.0,2024
Jacareí,2,30.0,529.0,0.0,352.0,0.0,0.0,1.0,327.0,194.0,7.0,0.0,1.0,1.0,1.0,1.0,2024
Jaci,2,38.0,695.0,0.0,386.0,0.0,0.0,10.0,349.0,324.0,12.0,0.0,0.0,1.0,1.0,0.0,2024
Jacupiranga,2,35.0,647.0,0.0,0.0,0.0,0.0,0.0,10.0,562.0,75.0,0.0,0.0,1.0,1.0,0.0,2024
Jacupiranga,2,22.0,390.0,0.0,390.0,0.0,0.0,3.0,370.0,17.0,0.0,0.0,1.0,1.0,1.0,0.0,2024
Jacupiranga,2,19.0,435.0,0.0,435.0,0.0,0.0,10.0,397.0,28.0,0.0,0.0,1.0,1.0,1.0,0.0,2024
Jaguariúna,2,22.0,456.0,0.0,0.0,0.0,0.0,0.0,13.0,432.0,11.0,0.0,1.0,1.0,1.0,1.0,2024
Jaguariúna,2,36.0,897.0,0.0,0.0,0.0,0.0,0.0,18.0,759.0,120.0,0.0,1.0,1.0,1.0,1.0,2024
Jaguariúna,2,,,,,,,,,,,,,,,,2024
Jaguariúna,2,29.0,649.0,0.0,0.0,0.0,0.0,0.0,5.0,586.0,58.0,0.0,1.0,1.0,1.0,0.0,2024
Jales,2,,,,,,,,,,,,,,,,2024
Jales,2,41.0,801.0,0.0,367.0,0.0,0.0,6.0,344.0,347.0,104.0,0.0,1.0,1.0,1.0,1.0,2024
Jales,2,,,,,,,,,,,,,,,,2024
Jales,2,25.0,544.0,0.0,314.0,0.0,0.0,7.0,284.0,245.0,8.0,0.0,0.0,1.0,1.0,1.0,2024
Jales,2,18.0,231.0,0.0,140.0,0.0,0.0,1.0,126.0,99.0,5.0,0.0,1.0,1.0,1.0,1.0,2024
Jales,2,,,,,,,,,,,,,,,,2024
Jales,2,22.0,458.0,0.0,316.0,0.0,0.0,6.0,302.0,141.0,9.0,0.0,1.0,1.0,1.0,1.0,2024
Jales,2,22.0,390.0,0.0,307.0,0.0,0.0,1.0,291.0,88.0,10.0,0.0,1.0,1.0,1.0,0.0,2024
Jales,2,,,,,,,,,,,,,,,,2024
Jales,2,19.0,370.0,0.0,297.0,0.0,0.0,4.0,277.0,86.0,3.0,0.0,1.0,1.0,1.0,1.0,2024
Jales,2,59.0,1023.0,0.0,0.0,0.0,0.0,0.0,4.0,710.0,309.0,1.0,1.0,1.0,0.0,1.0,2024
Jales,2,,,,,,,,,,,,,,,,2024
Jales,2,,,,,,,,,,,,,,,,2024
Jales,2,,,,,,,,,,,0.0,0.0,1.0,0.0,0.0,2024
Jambeiro,2,23.0,304.0,0.0,0.0,0.0,0.0,0.0,0.0,220.0,84.0,0.0,0.0,1.0,1.0,0.0,2024
Jandira,2,28.0,694.0,0.0,469.0,0.0,0.0,7.0,461.0,222.0,4.0,0.0,1.0,1.0,1.0,1.0,2024
Jandira,2,36.0,575.0,0.0,333.0,0.0,0.0,5.0,315.0,253.0,2.0,0.0,1.0,1.0,1.0,1.0,2024
Jandira,2,20.0,449.0,0.0,260.0,0.0,0.0,6.0,260.0,177.0,6.0,0.0,1.0,1.0,1.0,1.0,2024
Jandira,2,35.0,788.0,0.0,386.0,0.0,0.0,6.0,360.0,393.0,29.0,0.0,1.0,1.0,1.0,0.0,2024
Jandira,2,20.0,340.0,0.0,247.0,0.0,0.0,4.0,234.0,98.0,4.0,0.0,1.0,1.0,1.0,1.0,2024
Jandira,2,27.0,425.0,0.0,244.0,0.0,0.0,6.0,227.0,181.0,11.0,0.0,1.0,1.0,1.0,1.0,2024
Jandira,2,33.0,744.0,0.0,506.0,0.0,0.0,8.0,491.0,239.0,6.0,0.0,1.0,1.0,1.0,1.0,2024
Jandira,2,19.0,366.0,0.0,265.0,0.0,0.0,2.0,256.0,103.0,5.0,0.0,1.0,1.0,1.0,1.0,2024
Jandira,2,18.0,438.0,0.0,332.0,0.0,0.0,7.0,314.0,111.0,6.0,0.0,1.0,1.0,1.0,0.0,2024
Jandira,2,,,,,,,,,,,,,,,,2024
Jandira,2,29.0,618.0,0.0,0.0,0.0,0.0,0.0,6.0,480.0,132.0,1.0,1.0,1.0,1.0,1.0,2024
Jandira,2,20.0,395.0,0.0,303.0,0.0,0.0,0.0,304.0,86.0,5.0,0.0,1.0,1.0,1.0,1.0,2024
Jandira,2,,,,,,,,,,,,,,,,2024
Jandira,2,24.0,545.0,0.0,393.0,0.0,0.0,9.0,367.0,163.0,6.0,0.0,1.0,1.0,1.0,1.0,2024
Jandira,2,20.0,403.0,0.0,187.0,0.0,0.0,2.0,182.0,214.0,5.0,0.0,1.0,1.0,1.0,1.0,2024
Jandira,2,75.0,2136.0,0.0,821.0,0.0,0.0,19.0,776.0,1260.0,81.0,0.0,1.0,1.0,1.0,1.0,2024
Jandira,2,50.0,1000.0,0.0,373.0,0.0,0.0,7.0,362.0,431.0,200.0,0.0,1.0,1.0,1.0,1.0,2024
Jardinópolis,2,50.0,1233.0,0.0,0.0,0.0,0.0,0.0,16.0,1061.0,156.0,0.0,1.0,1.0,1.0,0.0,2024
Jardinópolis,2,15.0,133.0,0.0,0.0,0.0,0.0,0.0,1.0,125.0,7.0,0.0,0.0,1.0,1.0,1.0,2024
Jardinópolis,2,16.0,364.0,0.0,0.0,0.0,0.0,0.0,0.0,0.0,364.0,0.0,1.0,0.0,0.0,0.0,2024
Jarinu,2,33.0,730.0,0.0,531.0,0.0,0.0,8.0,489.0,217.0,16.0,0.0,0.0,1.0,1.0,1.0,2024
Jarinu,2,30.0,926.0,0.0,471.0,0.0,0.0,10.0,438.0,427.0,51.0,0.0,0.0,1.0,1.0,1.0,2024
Jarinu,2,55.0,1668.0,0.0,759.0,0.0,0.0,7.0,703.0,862.0,96.0,0.0,0.0,1.0,1.0,0.0,2024
Jarinu,2,41.0,1208.0,0.0,536.0,0.0,0.0,7.0,495.0,646.0,60.0,0.0,0.0,1.0,1.0,1.0,2024
Jaú,2,20.0,337.0,0.0,249.0,0.0,0.0,0.0,227.0,108.0,2.0,0.0,1.0,1.0,1.0,1.0,2024
Jaú,2,57.0,1157.0,0.0,425.0,0.0,0.0,2.0,372.0,697.0,86.0,0.0,1.0,1.0,1.0,1.0,2024
Jaú,2,23.0,380.0,0.0,259.0,0.0,0.0,0.0,232.0,137.0,11.0,0.0,1.0,1.0,1.0,1.0,2024
Jaú,2,78.0,1252.0,0.0,0.0,0.0,0.0,0.0,5.0,498.0,749.0,1.0,1.0,1.0,1.0,1.0,2024
Jaú,2,10.0,38.0,0.0,38.0,0.0,0.0,0.0,32.0,6.0,0.0,0.0,1.0,1.0,1.0,1.0,2024
Jaú,2,40.0,885.0,0.0,334.0,0.0,0.0,0.0,317.0,535.0,33.0,0.0,1.0,1.0,1.0,1.0,2024
Jaú,2,,,,,,,,,,,,,,,,2024
Jaú,2,30.0,534.0,0.0,265.0,0.0,0.0,2.0,248.0,165.0,119.0,0.0,1.0,1.0,1.0,1.0,2024
Jaú,2,22.0,466.0,0.0,353.0,0.0,0.0,1.0,314.0,142.0,9.0,0.0,1.0,1.0,1.0,1.0,2024
Jaú,2,17.0,260.0,0.0,0.0,0.0,0.0,0.0,2.0,151.0,107.0,1.0,1.0,1.0,1.0,1.0,2024
Jaú,2,42.0,584.0,0.0,321.0,0.0,0.0,0.0,284.0,273.0,27.0,0.0,1.0,1.0,1.0,0.0,2024
Jaú,2,7.0,86.0,0.0,0.0,0.0,0.0,0.0,0.0,0.0,86.0,1.0,0.0,1.0,1.0,1.0,2024
Jaú,2,43.0,809.0,0.0,459.0,0.0,0.0,1.0,397.0,382.0,29.0,0.0,1.0,1.0,1.0,1.0,2024
Jaú,2,5.0,1558.0,0.0,0.0,0.0,0.0,0.0,0.0,0.0,1558.0,0.0,0.0,1.0,0.0,0.0,2024
Jaú,2,17.0,399.0,0.0,0.0,0.0,0.0,0.0,2.0,377.0,20.0,0.0,1.0,1.0,1.0,1.0,2024
Jaú,2,38.0,639.0,0.0,407.0,0.0,0.0,1.0,367.0,252.0,19.0,0.0,1.0,1.0,1.0,1.0,2024
Jaú,2,27.0,538.0,0.0,205.0,0.0,0.0,1.0,194.0,307.0,36.0,0.0,1.0,1.0,0.0,0.0,2024
Jaú,2,,,,,,,,,,,,,,,,2024
Jaú,2,19.0,346.0,0.0,255.0,0.0,0.0,0.0,220.0,116.0,10.0,0.0,1.0,1.0,1.0,0.0,2024
Jaú,2,,,,,,,,,,,,,,,,2024
Jaú,2,,,,,,,,,,,0.0,0.0,1.0,1.0,1.0,2024
Jaú,2,44.0,728.0,0.0,410.0,0.0,0.0,0.0,376.0,305.0,47.0,0.0,1.0,1.0,1.0,0.0,2024
Jeriquara,2,11.0,194.0,0.0,0.0,0.0,0.0,0.0,0.0,164.0,30.0,0.0,1.0,1.0,1.0,1.0,2024
Joanópolis,2,24.0,440.0,0.0,0.0,0.0,0.0,0.0,10.0,412.0,18.0,0.0,0.0,1.0,1.0,1.0,2024
João Ramalho,2,29.0,384.0,0.0,243.0,0.0,0.0,5.0,236.0,125.0,18.0,0.0,1.0,1.0,1.0,0.0,2024
José Bonifácio,2,22.0,319.0,84.0,117.0,0.0,0.0,83.0,104.0,124.0,8.0,0.0,1.0,1.0,1.0,0.0,2024
José Bonifácio,2,24.0,443.0,0.0,443.0,0.0,0.0,9.0,419.0,15.0,0.0,0.0,1.0,1.0,1.0,1.0,2024
José Bonifácio,2,25.0,494.0,494.0,0.0,0.0,0.0,488.0,6.0,0.0,0.0,0.0,0.0,1.0,1.0,1.0,2024
José Bonifácio,2,35.0,860.0,0.0,0.0,0.0,0.0,0.0,19.0,791.0,50.0,0.0,1.0,1.0,1.0,1.0,2024
José Bonifácio,2,,,,,,,,,,,,,,,,2024
José Bonifácio,2,35.0,790.0,212.0,266.0,0.0,0.0,209.0,257.0,310.0,14.0,0.0,1.0,1.0,1.0,0.0,2024
José Bonifácio,2,,,,,,,,,,,,,,,,2024
Júlio Mesquita,2,25.0,381.0,0.0,234.0,0.0,0.0,4.0,223.0,140.0,14.0,0.0,1.0,1.0,1.0,0.0,2024
Jumirim,2,18.0,105.0,0.0,0.0,0.0,0.0,0.0,1.0,88.0,16.0,0.0,1.0,1.0,0.0,0.0,2024
Jundiaí,2,37.0,1113.0,0.0,478.0,0.0,0.0,2.0,468.0,631.0,12.0,0.0,1.0,1.0,1.0,0.0,2024
Jundiaí,2,36.0,789.0,0.0,459.0,0.0,0.0,4.0,442.0,329.0,14.0,0.0,1.0,1.0,1.0,0.0,2024
Jundiaí,2,27.0,626.0,0.0,468.0,0.0,0.0,3.0,444.0,167.0,12.0,0.0,1.0,1.0,1.0,0.0,2024
Jundiaí,2,49.0,1486.0,0.0,562.0,0.0,0.0,0.0,524.0,924.0,38.0,0.0,1.0,1.0,1.0,1.0,2024
Jundiaí,2,38.0,922.0,0.0,425.0,0.0,0.0,1.0,392.0,502.0,27.0,0.0,1.0,1.0,1.0,0.0,2024
Jundiaí,2,32.0,669.0,0.0,456.0,0.0,0.0,0.0,430.0,233.0,6.0,1.0,1.0,1.0,1.0,1.0,2024
Jundiaí,2,34.0,859.0,0.0,323.0,0.0,0.0,0.0,311.0,537.0,11.0,1.0,1.0,1.0,1.0,1.0,2024
Jundiaí,2,41.0,1116.0,0.0,0.0,0.0,0.0,0.0,2.0,1064.0,50.0,1.0,1.0,1.0,1.0,1.0,2024
Jundiaí,2,21.0,438.0,0.0,279.0,0.0,0.0,1.0,266.0,168.0,3.0,0.0,1.0,1.0,1.0,1.0,2024
Jundiaí,2,34.0,731.0,0.0,472.0,0.0,0.0,0.0,448.0,276.0,7.0,0.0,1.0,1.0,1.0,0.0,2024
Jundiaí,2,38.0,819.0,0.0,398.0,0.0,0.0,1.0,372.0,434.0,12.0,0.0,1.0,1.0,1.0,0.0,2024
Jundiaí,2,19.0,451.0,0.0,0.0,0.0,0.0,0.0,6.0,437.0,8.0,0.0,1.0,1.0,1.0,0.0,2024
Jundiaí,2,28.0,656.0,0.0,448.0,0.0,0.0,2.0,423.0,228.0,3.0,0.0,1.0,1.0,1.0,0.0,2024
Jundiaí,2,37.0,906.0,0.0,463.0,0.0,0.0,2.0,434.0,440.0,30.0,0.0,1.0,1.0,1.0,0.0,2024
Jundiaí,2,27.0,628.0,0.0,434.0,0.0,0.0,3.0,413.0,205.0,7.0,1.0,1.0,1.0,1.0,0.0,2024
Jundiaí,2,11.0,193.0,0.0,193.0,0.0,0.0,0.0,180.0,13.0,0.0,0.0,1.0,1.0,1.0,0.0,2024
Jundiaí,2,14.0,238.0,0.0,238.0,0.0,0.0,0.0,228.0,10.0,0.0,0.0,1.0,1.0,1.0,1.0,2024
Jundiaí,2,40.0,1161.0,0.0,472.0,0.0,0.0,2.0,453.0,665.0,41.0,1.0,1.0,1.0,1.0,1.0,2024
Jundiaí,2,68.0,1104.0,0.0,0.0,0.0,0.0,0.0,2.0,624.0,478.0,1.0,1.0,1.0,1.0,1.0,2024
Jundiaí,2,47.0,1320.0,0.0,590.0,0.0,0.0,1.0,558.0,712.0,49.0,0.0,1.0,1.0,1.0,1.0,2024
Jundiaí,2,28.0,597.0,0.0,413.0,0.0,0.0,3.0,386.0,208.0,0.0,0.0,0.0,1.0,1.0,0.0,2024
Jundiaí,2,24.0,469.0,0.0,354.0,0.0,0.0,2.0,333.0,128.0,6.0,0.0,0.0,1.0,1.0,1.0,2024
Jundiaí,2,24.0,520.0,0.0,367.0,0.0,0.0,1.0,343.0,173.0,3.0,0.0,1.0,1.0,1.0,0.0,2024
Jundiaí,2,30.0,636.0,0.0,438.0,0.0,0.0,0.0,409.0,220.0,7.0,0.0,0.0,1.0,1.0,0.0,2024
Jundiaí,2,51.0,1393.0,0.0,671.0,0.0,0.0,0.0,630.0,701.0,62.0,0.0,1.0,1.0,1.0,0.0,2024
Jundiaí,2,14.0,257.0,0.0,257.0,0.0,0.0,0.0,247.0,10.0,0.0,0.0,1.0,1.0,1.0,1.0,2024
Jundiaí,2,18.0,344.0,0.0,186.0,0.0,0.0,0.0,180.0,161.0,3.0,0.0,1.0,1.0,1.0,0.0,2024
Jundiaí,2,20.0,324.0,0.0,208.0,0.0,0.0,0.0,198.0,122.0,4.0,1.0,1.0,1.0,1.0,1.0,2024
Jundiaí,2,26.0,568.0,0.0,395.0,0.0,0.0,1.0,375.0,189.0,3.0,0.0,1.0,1.0,1.0,0.0,2024
Jundiaí,2,17.0,347.0,0.0,347.0,0.0,0.0,0.0,324.0,23.0,0.0,0.0,1.0,1.0,1.0,0.0,2024
Jundiaí,2,87.0,1669.0,0.0,0.0,0.0,0.0,0.0,8.0,1003.0,658.0,1.0,1.0,1.0,0.0,1.0,2024
Jundiaí,2,23.0,453.0,0.0,307.0,0.0,0.0,0.0,286.0,157.0,10.0,0.0,1.0,1.0,1.0,0.0,2024
Jundiaí,2,33.0,785.0,0.0,578.0,0.0,0.0,2.0,545.0,234.0,4.0,0.0,1.0,1.0,1.0,1.0,2024
Jundiaí,2,,,,,,,,,,,,,,,,2024
Jundiaí,2,52.0,1784.0,0.0,876.0,0.0,0.0,1.0,822.0,911.0,50.0,0.0,1.0,1.0,1.0,1.0,2024
Jundiaí,2,1.0,12.0,0.0,0.0,0.0,0.0,0.0,0.0,0.0,12.0,0.0,0.0,0.0,0.0,0.0,2024
Jundiaí,2,23.0,483.0,0.0,309.0,0.0,0.0,0.0,275.0,203.0,5.0,0.0,0.0,1.0,1.0,0.0,2024
Jundiaí,2,50.0,1356.0,0.0,692.0,0.0,0.0,0.0,660.0,673.0,23.0,0.0,1.0,1.0,1.0,1.0,2024
Jundiaí,2,14.0,304.0,0.0,304.0,0.0,0.0,0.0,294.0,10.0,0.0,0.0,0.0,1.0,1.0,0.0,2024
Jundiaí,2,47.0,1304.0,0.0,627.0,0.0,0.0,2.0,586.0,684.0,32.0,0.0,1.0,1.0,1.0,1.0,2024
Jundiaí,2,,,,,,,,,,,0.0,0.0,1.0,0.0,0.0,2024
Junqueirópolis,2,14.0,261.0,0.0,261.0,0.0,0.0,8.0,244.0,9.0,0.0,0.0,1.0,1.0,1.0,1.0,2024
Junqueirópolis,2,69.0,1294.0,0.0,674.0,0.0,0.0,8.0,634.0,573.0,79.0,0.0,1.0,1.0,1.0,1.0,2024
Junqueirópolis,2,8.0,98.0,0.0,0.0,0.0,0.0,0.0,0.0,0.0,98.0,0.0,0.0,0.0,0.0,0.0,2024
Junqueirópolis,2,,,,,,,,,,,,,,,,2024
Juquiá,2,13.0,131.0,0.0,83.0,0.0,0.0,1.0,81.0,49.0,0.0,1.0,0.0,1.0,1.0,0.0,2024
Juquiá,2,21.0,306.0,0.0,192.0,0.0,0.0,3.0,189.0,110.0,4.0,0.0,1.0,1.0,1.0,1.0,2024
Juquiá,2,22.0,441.0,0.0,251.0,0.0,0.0,5.0,243.0,183.0,10.0,0.0,1.0,1.0,1.0,1.0,2024
Juquiá,2,,,,,,,,,,,,,,,,2024
Juquiá,2,35.0,729.0,0.0,369.0,0.0,0.0,10.0,358.0,307.0,54.0,0.0,1.0,1.0,1.0,0.0,2024
Juquiá,2,,,,,,,,,,,,,,,,2024
Juquiá,2,,,,,,,,,,,,,,,,2024
Juquiá,2,13.0,133.0,0.0,83.0,0.0,0.0,0.0,81.0,52.0,0.0,0.0,1.0,1.0,1.0,0.0,2024
Juquiá,2,,,,,,,,,,,,,,,,2024
Juquiá,2,,,,,,,,,,,,,,,,2024
Juquiá,2,,,,,,,,,,,,,,,,2024
Juquiá,2,,,,,,,,,,,,,,,,2024
Juquiá,2,,,,,,,,,,,,,,,,2024
Juquiá,2,,,,,,,,,,,,,,,,2024
Juquiá,2,,,,,,,,,,,,,,,,2024
Juquiá,2,,,,,,,,,,,,,,,,2024
Juquiá,2,,,,,,,,,,,,,,,,2024
Juquiá,2,,,,,,,,,,,,,,,,2024
Juquiá,2,,,,,,,,,,,,,,,,2024
Juquiá,2,,,,,,,,,,,,,,,,2024
Juquiá,2,,,,,,,,,,,,,,,,2024
Juquiá,2,,,,,,,,,,,,,,,,2024
Juquiá,2,,,,,,,,,,,,,,,,2024
Juquiá,2,,,,,,,,,,,,,,,,2024
Juquiá,2,,,,,,,,,,,,,,,,2024
Juquitiba,2,,,,,,,,,,,,,,,,2024
Juquitiba,2,49.0,1158.0,0.0,436.0,0.0,0.0,8.0,416.0,599.0,135.0,0.0,0.0,1.0,1.0,1.0,2024
Juquitiba,2,31.0,657.0,0.0,383.0,0.0,0.0,10.0,375.0,250.0,22.0,0.0,0.0,1.0,1.0,1.0,2024
Juquitiba,2,18.0,279.0,0.0,130.0,0.0,0.0,3.0,122.0,147.0,7.0,0.0,0.0,1.0,1.0,0.0,2024
Juquitiba,2,16.0,266.0,266.0,0.0,0.0,0.0,261.0,5.0,0.0,0.0,0.0,0.0,1.0,1.0,0.0,2024
Juquitiba,2,13.0,183.0,0.0,126.0,0.0,0.0,3.0,123.0,53.0,4.0,0.0,1.0,1.0,1.0,0.0,2024
Juquitiba,2,29.0,396.0,168.0,228.0,0.0,1.0,173.0,213.0,9.0,0.0,0.0,1.0,1.0,0.0,0.0,2024
Juquitiba,2,22.0,262.0,103.0,87.0,0.0,0.0,105.0,86.0,69.0,2.0,0.0,0.0,1.0,1.0,1.0,2024
Juquitiba,2,30.0,388.0,188.0,200.0,0.0,0.0,192.0,195.0,1.0,0.0,0.0,1.0,1.0,0.0,0.0,2024
Juquitiba,2,25.0,354.0,107.0,128.0,0.0,0.0,106.0,135.0,108.0,5.0,0.0,1.0,1.0,1.0,1.0,2024
Juquitiba,2,11.0,97.0,97.0,0.0,0.0,0.0,96.0,1.0,0.0,0.0,0.0,0.0,1.0,1.0,1.0,2024
Lagoinha,2,29.0,500.0,0.0,289.0,0.0,0.0,6.0,267.0,196.0,31.0,0.0,1.0,1.0,1.0,1.0,2024
Laranjal Paulista,2,36.0,655.0,0.0,144.0,0.0,0.0,2.0,128.0,502.0,23.0,0.0,1.0,1.0,1.0,1.0,2024
Laranjal Paulista,2,,,,,,,,,,,,,,,,2024
Laranjal Paulista,2,39.0,552.0,0.0,191.0,0.0,0.0,5.0,184.0,274.0,89.0,0.0,1.0,1.0,1.0,0.0,2024
Laranjal Paulista,2,,,,,,,,,,,0.0,0.0,1.0,1.0,0.0,2024
Lavínia,2,9.0,68.0,0.0,0.0,0.0,0.0,0.0,0.0,0.0,68.0,0.0,0.0,0.0,0.0,0.0,2024
Lavínia,2,11.0,166.0,0.0,0.0,0.0,0.0,0.0,1.0,151.0,14.0,0.0,1.0,1.0,1.0,0.0,2024
Lavínia,2,11.0,66.0,0.0,0.0,0.0,0.0,0.0,0.0,0.0,66.0,0.0,0.0,0.0,0.0,0.0,2024
Lavínia,2,9.0,81.0,0.0,0.0,0.0,0.0,0.0,0.0,0.0,81.0,1.0,0.0,0.0,0.0,0.0,2024
Lavínia,2,10.0,95.0,0.0,0.0,0.0,0.0,0.0,0.0,0.0,95.0,0.0,0.0,0.0,0.0,0.0,2024
Lavrinhas,2,27.0,160.0,0.0,73.0,0.0,0.0,3.0,69.0,47.0,41.0,0.0,0.0,1.0,1.0,1.0,2024
Lavrinhas,2,11.0,151.0,0.0,0.0,0.0,0.0,0.0,5.0,135.0,11.0,0.0,0.0,1.0,1.0,1.0,2024
Lavrinhas,2,,,,,,,,,,,,,,,,2024
Leme,2,26.0,542.0,0.0,542.0,0.0,0.0,1.0,521.0,20.0,0.0,1.0,0.0,1.0,1.0,0.0,2024
Leme,2,39.0,954.0,0.0,380.0,0.0,0.0,3.0,356.0,451.0,144.0,0.0,1.0,1.0,1.0,1.0,2024
Leme,2,22.0,416.0,0.0,0.0,0.0,0.0,0.0,1.0,370.0,45.0,0.0,1.0,1.0,1.0,0.0,2024
Leme,2,61.0,1612.0,0.0,381.0,0.0,0.0,0.0,360.0,1057.0,195.0,0.0,1.0,1.0,1.0,1.0,2024
Leme,2,34.0,737.0,0.0,737.0,0.0,0.0,1.0,685.0,51.0,0.0,0.0,1.0,1.0,0.0,1.0,2024
Leme,2,13.0,98.0,0.0,64.0,0.0,0.0,1.0,62.0,31.0,4.0,0.0,0.0,1.0,1.0,0.0,2024
Leme,2,18.0,325.0,0.0,311.0,0.0,0.0,0.0,297.0,28.0,0.0,0.0,0.0,1.0,1.0,1.0,2024
Leme,2,28.0,539.0,0.0,539.0,0.0,0.0,3.0,502.0,34.0,0.0,0.0,1.0,1.0,1.0,1.0,2024
Leme,2,30.0,537.0,0.0,381.0,0.0,0.0,1.0,373.0,144.0,19.0,0.0,1.0,1.0,1.0,1.0,2024
Leme,2,13.0,124.0,0.0,54.0,0.0,0.0,0.0,49.0,65.0,10.0,0.0,0.0,1.0,0.0,0.0,2024
Leme,2,53.0,847.0,0.0,0.0,0.0,0.0,0.0,0.0,517.0,330.0,1.0,1.0,1.0,1.0,1.0,2024
Leme,2,46.0,1276.0,0.0,406.0,0.0,0.0,1.0,371.0,553.0,351.0,0.0,1.0,1.0,1.0,0.0,2024
Leme,2,31.0,636.0,0.0,293.0,0.0,0.0,0.0,271.0,334.0,31.0,0.0,1.0,1.0,1.0,1.0,2024
Lençóis Paulista,2,55.0,1274.0,0.0,216.0,0.0,0.0,1.0,185.0,946.0,142.0,0.0,1.0,1.0,1.0,1.0,2024
Lençóis Paulista,2,20.0,323.0,0.0,253.0,0.0,0.0,1.0,216.0,101.0,5.0,0.0,0.0,1.0,1.0,0.0,2024
Lençóis Paulista,2,33.0,689.0,0.0,308.0,0.0,0.0,0.0,292.0,370.0,27.0,0.0,1.0,1.0,1.0,1.0,2024
Lençóis Paulista,2,26.0,301.0,0.0,183.0,0.0,0.0,0.0,158.0,73.0,70.0,0.0,1.0,1.0,1.0,1.0,2024
Lençóis Paulista,2,41.0,927.0,0.0,243.0,0.0,0.0,0.0,218.0,612.0,97.0,0.0,0.0,1.0,1.0,0.0,2024
Lençóis Paulista,2,24.0,493.0,0.0,281.0,0.0,0.0,1.0,254.0,225.0,13.0,0.0,1.0,1.0,1.0,0.0,2024
Lençóis Paulista,2,38.0,703.0,0.0,0.0,0.0,0.0,0.0,1.0,471.0,231.0,1.0,1.0,1.0,1.0,0.0,2024
Lençóis Paulista,2,,,,,,,,,,,0.0,0.0,1.0,0.0,0.0,2024
Limeira,2,10.0,191.0,0.0,0.0,0.0,0.0,0.0,0.0,0.0,191.0,0.0,0.0,0.0,0.0,0.0,2024
Limeira,2,38.0,751.0,0.0,452.0,0.0,0.0,1.0,431.0,189.0,130.0,0.0,1.0,1.0,1.0,1.0,2024
Limeira,2,67.0,1936.0,0.0,613.0,0.0,0.0,0.0,572.0,1326.0,38.0,0.0,1.0,1.0,1.0,0.0,2024
Limeira,2,39.0,864.0,217.0,340.0,0.0,0.0,210.0,332.0,307.0,15.0,0.0,1.0,1.0,1.0,1.0,2024
Limeira,2,45.0,947.0,186.0,380.0,0.0,0.0,177.0,363.0,388.0,19.0,0.0,1.0,1.0,1.0,1.0,2024
Limeira,2,42.0,1111.0,0.0,487.0,0.0,0.0,0.0,456.0,630.0,25.0,0.0,1.0,1.0,1.0,1.0,2024
Limeira,2,16.0,271.0,0.0,271.0,0.0,0.0,0.0,252.0,19.0,0.0,0.0,1.0,1.0,1.0,1.0,2024
Limeira,2,39.0,965.0,0.0,280.0,0.0,0.0,0.0,244.0,635.0,86.0,0.0,1.0,1.0,1.0,1.0,2024
Limeira,2,12.0,203.0,0.0,0.0,0.0,0.0,0.0,1.0,194.0,8.0,0.0,1.0,1.0,1.0,1.0,2024
Limeira,2,52.0,907.0,0.0,0.0,0.0,0.0,0.0,8.0,574.0,325.0,1.0,1.0,1.0,1.0,1.0,2024
Limeira,2,30.0,529.0,0.0,367.0,0.0,0.0,1.0,345.0,179.0,4.0,0.0,1.0,1.0,1.0,1.0,2024
Limeira,2,14.0,278.0,0.0,278.0,0.0,0.0,1.0,263.0,14.0,0.0,0.0,1.0,1.0,1.0,1.0,2024
Limeira,2,32.0,645.0,0.0,441.0,0.0,0.0,0.0,418.0,220.0,7.0,0.0,1.0,1.0,1.0,0.0,2024
Limeira,2,36.0,756.0,0.0,494.0,0.0,0.0,0.0,474.0,271.0,11.0,0.0,1.0,1.0,1.0,1.0,2024
Limeira,2,72.0,1417.0,0.0,0.0,0.0,0.0,0.0,11.0,1068.0,338.0,1.0,0.0,1.0,0.0,0.0,2024
Limeira,2,31.0,564.0,0.0,243.0,0.0,0.0,0.0,219.0,334.0,11.0,0.0,1.0,1.0,1.0,1.0,2024
Limeira,2,14.0,216.0,0.0,216.0,0.0,0.0,1.0,195.0,19.0,1.0,0.0,1.0,1.0,1.0,1.0,2024
Limeira,2,23.0,468.0,148.0,320.0,0.0,0.0,144.0,311.0,13.0,0.0,0.0,1.0,1.0,0.0,1.0,2024
Limeira,2,20.0,395.0,0.0,247.0,0.0,0.0,0.0,235.0,155.0,5.0,0.0,1.0,1.0,1.0,1.0,2024
Limeira,2,14.0,199.0,0.0,36.0,0.0,0.0,1.0,35.0,158.0,5.0,0.0,1.0,1.0,1.0,1.0,2024
Limeira,2,14.0,241.0,0.0,241.0,0.0,0.0,1.0,224.0,16.0,0.0,0.0,1.0,1.0,1.0,1.0,2024
Limeira,2,6.0,138.0,0.0,0.0,0.0,0.0,0.0,0.0,0.0,138.0,0.0,0.0,0.0,0.0,0.0,2024
Limeira,2,8.0,37.0,0.0,13.0,0.0,0.0,0.0,0.0,28.0,9.0,0.0,0.0,0.0,0.0,0.0,2024
Limeira,2,8.0,43.0,1.0,20.0,0.0,0.0,0.0,3.0,29.0,11.0,0.0,0.0,0.0,0.0,0.0,2024
Limeira,2,52.0,1384.0,0.0,678.0,0.0,0.0,0.0,618.0,737.0,29.0,0.0,1.0,1.0,1.0,1.0,2024
Limeira,2,26.0,471.0,149.0,322.0,0.0,0.0,141.0,302.0,28.0,0.0,0.0,1.0,1.0,1.0,0.0,2024
Limeira,2,41.0,981.0,0.0,260.0,0.0,0.0,0.0,221.0,701.0,59.0,1.0,1.0,1.0,1.0,0.0,2024
Limeira,2,25.0,397.0,80.0,272.0,0.0,0.0,74.0,245.0,33.0,45.0,1.0,1.0,1.0,1.0,1.0,2024
Limeira,2,60.0,1644.0,0.0,691.0,0.0,0.0,0.0,642.0,938.0,64.0,0.0,1.0,1.0,1.0,1.0,2024
Limeira,2,20.0,413.0,0.0,413.0,0.0,0.0,2.0,370.0,39.0,2.0,1.0,1.0,1.0,1.0,0.0,2024
Limeira,2,32.0,926.0,0.0,286.0,0.0,0.0,0.0,271.0,602.0,53.0,0.0,1.0,1.0,1.0,0.0,2024
Limeira,2,11.0,177.0,0.0,177.0,0.0,0.0,1.0,151.0,25.0,0.0,0.0,0.0,1.0,1.0,0.0,2024
Limeira,2,39.0,953.0,124.0,384.0,0.0,0.0,118.0,373.0,438.0,24.0,0.0,0.0,1.0,1.0,1.0,2024
Limeira,2,20.0,368.0,0.0,368.0,0.0,0.0,1.0,338.0,29.0,0.0,0.0,0.0,1.0,1.0,1.0,2024
Limeira,2,52.0,1472.0,0.0,592.0,0.0,0.0,1.0,555.0,839.0,77.0,0.0,1.0,1.0,1.0,0.0,2024
Limeira,2,29.0,608.0,0.0,500.0,0.0,0.0,0.0,466.0,141.0,1.0,0.0,1.0,1.0,1.0,1.0,2024
Limeira,2,,,,,,,,,,,0.0,1.0,1.0,0.0,0.0,2024
Lindóia,2,19.0,262.0,0.0,0.0,0.0,0.0,0.0,5.0,218.0,39.0,0.0,1.0,1.0,1.0,1.0,2024
Lins,2,,,,,,,,,,,,,,,,2024
Lins,2,,,,,,,,,,,,,,,,2024
Lins,2,40.0,821.0,821.0,0.0,0.0,1.0,787.0,33.0,0.0,0.0,0.0,1.0,1.0,1.0,1.0,2024
Lins,2,22.0,415.0,415.0,0.0,0.0,0.0,401.0,14.0,0.0,0.0,0.0,1.0,1.0,1.0,0.0,2024
Lins,2,28.0,533.0,0.0,331.0,0.0,0.0,0.0,308.0,209.0,16.0,0.0,1.0,1.0,1.0,1.0,2024
Lins,2,45.0,720.0,0.0,332.0,0.0,0.0,0.0,307.0,401.0,12.0,0.0,1.0,1.0,1.0,1.0,2024
Lins,2,18.0,351.0,351.0,0.0,0.0,0.0,339.0,12.0,0.0,0.0,0.0,0.0,1.0,1.0,0.0,2024
Lins,2,16.0,311.0,0.0,311.0,0.0,0.0,1.0,295.0,15.0,0.0,0.0,1.0,1.0,1.0,1.0,2024
Lins,2,54.0,1280.0,0.0,331.0,0.0,0.0,0.0,299.0,902.0,79.0,0.0,1.0,1.0,1.0,0.0,2024
Lins,2,21.0,387.0,0.0,293.0,0.0,0.0,2.0,271.0,110.0,4.0,0.0,1.0,1.0,1.0,0.0,2024
Lins,2,18.0,302.0,0.0,302.0,0.0,0.0,0.0,249.0,53.0,0.0,0.0,0.0,1.0,1.0,1.0,2024
Lins,2,23.0,458.0,458.0,0.0,0.0,0.0,438.0,20.0,0.0,0.0,0.0,1.0,1.0,1.0,0.0,2024
Lins,2,10.0,119.0,119.0,0.0,0.0,0.0,110.0,9.0,0.0,0.0,0.0,0.0,1.0,1.0,1.0,2024
Lins,2,,,,,,,,,,,,,,,,2024
Lins,2,,,,,,,,,,,,,,,,2024
Lins,2,80.0,1210.0,0.0,0.0,0.0,0.0,0.0,11.0,774.0,425.0,1.0,1.0,1.0,1.0,1.0,2024
Lins,2,15.0,69.0,3.0,14.0,0.0,0.0,0.0,1.0,35.0,33.0,0.0,0.0,0.0,1.0,0.0,2024
Lins,2,,,,,,,,,,,0.0,1.0,1.0,0.0,1.0,2024
Lins,2,5.0,65.0,0.0,0.0,0.0,0.0,0.0,0.0,0.0,65.0,0.0,0.0,1.0,0.0,0.0,2024
Lins,2,11.0,940.0,0.0,0.0,0.0,0.0,0.0,0.0,0.0,940.0,0.0,1.0,1.0,0.0,0.0,2024
Lins,2,11.0,44.0,0.0,22.0,0.0,0.0,0.0,2.0,39.0,3.0,0.0,1.0,0.0,1.0,1.0,2024
Lins,2,12.0,251.0,0.0,251.0,0.0,0.0,2.0,236.0,13.0,0.0,0.0,1.0,1.0,1.0,1.0,2024
Lins,2,11.0,172.0,172.0,0.0,0.0,0.0,166.0,6.0,0.0,0.0,0.0,0.0,1.0,1.0,0.0,2024
Lins,2,13.0,226.0,226.0,0.0,0.0,1.0,213.0,12.0,0.0,0.0,0.0,1.0,1.0,1.0,1.0,2024
Lins,2,26.0,328.0,0.0,328.0,0.0,0.0,0.0,275.0,53.0,0.0,0.0,0.0,1.0,1.0,0.0,2024
Lins,2,,,,,,,,,,,,,,,,2024
Lorena,2,38.0,899.0,0.0,0.0,0.0,0.0,0.0,12.0,610.0,277.0,0.0,1.0,1.0,1.0,1.0,2024
Lorena,2,,,,,,,,,,,,,,,,2024
Lorena,2,18.0,252.0,0.0,128.0,0.0,0.0,0.0,125.0,121.0,6.0,0.0,0.0,1.0,1.0,0.0,2024
Lorena,2,,,,,,,,,,,,,,,,2024
Lorena,2,,,,,,,,,,,,,,,,2024
Lorena,2,36.0,833.0,0.0,434.0,0.0,0.0,4.0,425.0,376.0,28.0,0.0,1.0,1.0,1.0,1.0,2024
Lorena,2,14.0,208.0,0.0,208.0,0.0,0.0,2.0,189.0,17.0,0.0,0.0,1.0,1.0,1.0,1.0,2024
Lorena,2,,,,,,,,,,,,,,,,2024
Lorena,2,19.0,355.0,0.0,251.0,0.0,0.0,4.0,224.0,117.0,10.0,0.0,1.0,1.0,1.0,0.0,2024
Lorena,2,7.0,41.0,0.0,23.0,0.0,0.0,0.0,2.0,29.0,10.0,0.0,0.0,1.0,0.0,0.0,2024
Lorena,2,50.0,861.0,0.0,0.0,0.0,0.0,0.0,18.0,590.0,253.0,1.0,1.0,1.0,1.0,1.0,2024
Lorena,2,18.0,277.0,0.0,192.0,0.0,0.0,4.0,179.0,90.0,4.0,0.0,1.0,1.0,1.0,1.0,2024
Lorena,2,23.0,414.0,0.0,262.0,0.0,0.0,3.0,244.0,158.0,9.0,0.0,1.0,1.0,1.0,1.0,2024
Lorena,2,14.0,200.0,0.0,200.0,0.0,0.0,6.0,174.0,20.0,0.0,0.0,1.0,1.0,1.0,0.0,2024
Lorena,2,,,,,,,,,,,,,,,,2024
Lorena,2,19.0,231.0,0.0,0.0,0.0,0.0,0.0,8.0,211.0,12.0,1.0,1.0,1.0,1.0,0.0,2024
Lourdes,2,13.0,160.0,0.0,106.0,0.0,0.0,0.0,96.0,61.0,3.0,0.0,1.0,1.0,1.0,0.0,2024
Louveira,2,63.0,1517.0,0.0,709.0,0.0,0.0,3.0,642.0,716.0,156.0,0.0,1.0,1.0,1.0,1.0,2024
Louveira,2,42.0,1423.0,0.0,659.0,0.0,0.0,0.0,634.0,739.0,50.0,0.0,1.0,1.0,1.0,0.0,2024
Louveira,2,63.0,2000.0,0.0,946.0,0.0,0.0,0.0,867.0,1086.0,47.0,0.0,0.0,1.0,1.0,1.0,2024
Louveira,2,9.0,140.0,0.0,140.0,0.0,0.0,0.0,130.0,10.0,0.0,0.0,0.0,1.0,1.0,0.0,2024
Lucélia,2,43.0,716.0,0.0,266.0,0.0,0.0,0.0,258.0,382.0,76.0,0.0,1.0,1.0,1.0,0.0,2024
Lucélia,2,11.0,152.0,0.0,0.0,0.0,0.0,0.0,0.0,0.0,152.0,0.0,0.0,0.0,0.0,0.0,2024
Lucélia,2,17.0,275.0,0.0,201.0,0.0,0.0,1.0,182.0,92.0,0.0,0.0,1.0,1.0,1.0,1.0,2024
Lucianópolis,2,20.0,224.0,0.0,103.0,0.0,0.0,0.0,98.0,122.0,4.0,0.0,0.0,1.0,1.0,0.0,2024
Luís Antônio,2,28.0,528.0,0.0,0.0,0.0,0.0,0.0,11.0,396.0,121.0,0.0,0.0,1.0,1.0,1.0,2024
Luiziânia,2,24.0,436.0,0.0,242.0,0.0,0.0,4.0,210.0,204.0,18.0,0.0,0.0,1.0,1.0,1.0,2024
Lupércio,2,26.0,275.0,0.0,141.0,0.0,0.0,2.0,131.0,116.0,26.0,0.0,1.0,1.0,1.0,0.0,2024
Lupércio,2,12.0,73.0,0.0,73.0,0.0,0.0,3.0,66.0,4.0,0.0,0.0,1.0,1.0,1.0,0.0,2024
Lutécia,2,24.0,323.0,0.0,152.0,0.0,0.0,4.0,139.0,164.0,16.0,0.0,1.0,1.0,1.0,0.0,2024
Macatuba,2,30.0,498.0,0.0,284.0,0.0,0.0,0.0,257.0,214.0,27.0,0.0,1.0,1.0,1.0,0.0,2024
Macatuba,2,18.0,261.0,0.0,182.0,0.0,0.0,1.0,160.0,96.0,4.0,0.0,1.0,1.0,1.0,0.0,2024
Macatuba,2,34.0,827.0,0.0,336.0,0.0,0.0,1.0,315.0,464.0,47.0,0.0,1.0,1.0,1.0,1.0,2024
Macaubal,2,20.0,461.0,0.0,252.0,0.0,0.0,6.0,240.0,210.0,5.0,0.0,1.0,1.0,1.0,0.0,2024
Macaubal,2,,,,,,,,,,,,,,,,2024
Macedônia,2,18.0,250.0,0.0,153.0,0.0,0.0,4.0,143.0,100.0,3.0,0.0,1.0,1.0,1.0,1.0,2024
Magda,2,18.0,233.0,0.0,137.0,0.0,0.0,2.0,132.0,95.0,4.0,0.0,0.0,1.0,1.0,1.0,2024
Magda,2,,,,,,,,,,,,,,,,2024
Mairinque,2,22.0,450.0,0.0,0.0,0.0,0.0,0.0,13.0,416.0,21.0,0.0,1.0,1.0,1.0,0.0,2024
Mairinque,2,27.0,709.0,0.0,0.0,0.0,0.0,0.0,5.0,602.0,102.0,0.0,1.0,1.0,1.0,1.0,2024
Mairinque,2,38.0,574.0,0.0,0.0,0.0,0.0,0.0,13.0,314.0,247.0,1.0,1.0,1.0,1.0,1.0,2024
Mairinque,2,,,,,,,,,,,,,,,,2024
Mairinque,2,7.0,122.0,0.0,0.0,0.0,0.0,0.0,0.0,0.0,122.0,0.0,0.0,0.0,0.0,0.0,2024
Mairinque,2,14.0,252.0,0.0,0.0,0.0,0.0,0.0,2.0,234.0,16.0,0.0,0.0,1.0,1.0,1.0,2024
Mairinque,2,16.0,282.0,0.0,0.0,0.0,0.0,0.0,3.0,249.0,30.0,1.0,1.0,1.0,1.0,1.0,2024
Mairiporã,2,35.0,842.0,0.0,390.0,0.0,0.0,7.0,373.0,444.0,18.0,0.0,1.0,1.0,1.0,1.0,2024
Mairiporã,2,49.0,1130.0,0.0,399.0,0.0,0.0,8.0,373.0,519.0,230.0,0.0,1.0,1.0,1.0,0.0,2024
Mairiporã,2,23.0,370.0,0.0,191.0,0.0,0.0,5.0,180.0,166.0,19.0,0.0,0.0,1.0,1.0,0.0,2024
Mairiporã,2,23.0,298.0,0.0,194.0,0.0,0.0,6.0,183.0,103.0,6.0,0.0,0.0,1.0,0.0,0.0,2024
Mairiporã,2,42.0,1197.0,0.0,494.0,0.0,0.0,5.0,442.0,691.0,59.0,0.0,0.0,1.0,1.0,0.0,2024
Mairiporã,2,31.0,623.0,0.0,308.0,0.0,0.0,2.0,300.0,306.0,15.0,0.0,1.0,1.0,1.0,0.0,2024
Mairiporã,2,17.0,329.0,0.0,329.0,0.0,0.0,7.0,317.0,5.0,0.0,0.0,1.0,1.0,1.0,0.0,2024
Mairiporã,2,21.0,337.0,0.0,0.0,0.0,0.0,0.0,3.0,223.0,111.0,1.0,0.0,1.0,0.0,1.0,2024
Mairiporã,2,22.0,260.0,0.0,170.0,0.0,0.0,3.0,165.0,90.0,2.0,0.0,0.0,1.0,1.0,0.0,2024
Mairiporã,2,25.0,612.0,0.0,437.0,0.0,0.0,5.0,430.0,172.0,5.0,0.0,1.0,1.0,1.0,0.0,2024
Mairiporã,2,23.0,369.0,0.0,245.0,0.0,0.0,2.0,230.0,128.0,9.0,0.0,1.0,1.0,1.0,0.0,2024
Mairiporã,2,25.0,568.0,0.0,279.0,0.0,0.0,7.0,261.0,278.0,22.0,0.0,1.0,1.0,0.0,0.0,2024
Mairiporã,2,22.0,312.0,0.0,223.0,0.0,0.0,2.0,211.0,97.0,2.0,0.0,0.0,1.0,1.0,0.0,2024
Mairiporã,2,19.0,441.0,0.0,279.0,0.0,0.0,11.0,269.0,156.0,5.0,0.0,0.0,1.0,1.0,1.0,2024
Mairiporã,2,19.0,356.0,0.0,356.0,0.0,0.0,6.0,341.0,9.0,0.0,0.0,1.0,1.0,0.0,1.0,2024
Manduri,2,37.0,838.0,0.0,466.0,0.0,0.0,5.0,457.0,362.0,14.0,0.0,0.0,1.0,1.0,0.0,2024
Marabá Paulista,2,26.0,247.0,0.0,163.0,0.0,0.0,1.0,163.0,65.0,18.0,0.0,1.0,1.0,1.0,0.0,2024
Marabá Paulista,2,10.0,43.0,0.0,0.0,0.0,0.0,0.0,0.0,0.0,43.0,0.0,0.0,0.0,0.0,0.0,2024
Marabá Paulista,2,,,,,,,,,,,,,,,,2024
Maracaí,2,24.0,361.0,0.0,281.0,0.0,0.0,8.0,274.0,78.0,1.0,0.0,1.0,1.0,1.0,0.0,2024
Maracaí,2,16.0,68.0,0.0,42.0,0.0,0.0,0.0,40.0,27.0,1.0,0.0,1.0,1.0,0.0,1.0,2024
Maracaí,2,36.0,522.0,0.0,235.0,0.0,0.0,2.0,231.0,255.0,34.0,0.0,1.0,1.0,0.0,1.0,2024
Maracaí,2,,,,,,,,,,,0.0,1.0,1.0,0.0,0.0,2024
Maracaí,2,15.0,54.0,0.0,30.0,0.0,0.0,0.0,29.0,25.0,0.0,0.0,1.0,1.0,1.0,1.0,2024
Marapoama,2,19.0,284.0,0.0,138.0,0.0,0.0,2.0,133.0,136.0,13.0,0.0,0.0,1.0,1.0,0.0,2024
Mariápolis,2,30.0,252.0,0.0,154.0,0.0,0.0,3.0,144.0,85.0,20.0,0.0,1.0,1.0,1.0,0.0,2024
Marília,2,40.0,429.0,0.0,271.0,0.0,0.0,3.0,258.0,157.0,11.0,0.0,1.0,1.0,1.0,1.0,2024
Marília,2,62.0,700.0,0.0,0.0,0.0,0.0,0.0,1.0,302.0,397.0,1.0,1.0,1.0,0.0,1.0,2024
Marília,2,20.0,310.0,310.0,0.0,0.0,0.0,308.0,2.0,0.0,0.0,0.0,1.0,1.0,1.0,1.0,2024
Marília,2,14.0,256.0,0.0,256.0,0.0,0.0,9.0,244.0,3.0,0.0,0.0,1.0,1.0,1.0,1.0,2024
Marília,2,28.0,314.0,0.0,214.0,0.0,0.0,7.0,203.0,101.0,3.0,0.0,1.0,1.0,1.0,0.0,2024
Marília,2,14.0,281.0,0.0,281.0,0.0,0.0,7.0,270.0,4.0,0.0,0.0,1.0,1.0,1.0,1.0,2024
Marília,2,18.0,281.0,281.0,0.0,0.0,0.0,277.0,4.0,0.0,0.0,0.0,0.0,1.0,1.0,1.0,2024
Marília,2,17.0,317.0,0.0,0.0,0.0,0.0,0.0,10.0,302.0,5.0,0.0,1.0,1.0,1.0,1.0,2024
Marília,2,19.0,360.0,360.0,0.0,0.0,0.0,355.0,5.0,0.0,0.0,0.0,1.0,1.0,1.0,0.0,2024
Marília,2,18.0,275.0,275.0,0.0,0.0,0.0,274.0,1.0,0.0,0.0,0.0,1.0,1.0,1.0,0.0,2024
Marília,2,36.0,581.0,0.0,440.0,0.0,0.0,6.0,432.0,142.0,1.0,0.0,1.0,1.0,1.0,1.0,2024
Marília,2,18.0,319.0,0.0,319.0,0.0,0.0,3.0,309.0,7.0,0.0,0.0,1.0,1.0,1.0,1.0,2024
Marília,2,8.0,40.0,16.0,0.0,0.0,0.0,15.0,1.0,0.0,24.0,0.0,1.0,1.0,0.0,0.0,2024
Marília,2,19.0,250.0,250.0,0.0,0.0,0.0,248.0,2.0,0.0,0.0,0.0,1.0,1.0,1.0,1.0,2024
Marília,2,51.0,956.0,0.0,235.0,0.0,0.0,4.0,239.0,684.0,29.0,0.0,1.0,1.0,1.0,1.0,2024
Marília,2,48.0,1001.0,0.0,325.0,0.0,0.0,5.0,324.0,638.0,34.0,0.0,1.0,1.0,1.0,1.0,2024
Marília,2,18.0,203.0,201.0,2.0,0.0,0.0,198.0,4.0,1.0,0.0,0.0,1.0,1.0,1.0,0.0,2024
Marília,2,50.0,1104.0,0.0,350.0,0.0,0.0,8.0,352.0,720.0,24.0,0.0,1.0,1.0,1.0,0.0,2024
Marília,2,37.0,482.0,0.0,181.0,0.0,0.0,1.0,182.0,293.0,6.0,0.0,1.0,1.0,1.0,1.0,2024
Marília,2,40.0,633.0,0.0,446.0,0.0,0.0,13.0,420.0,198.0,2.0,0.0,1.0,1.0,1.0,1.0,2024
Marília,2,14.0,232.0,0.0,232.0,0.0,0.0,3.0,221.0,8.0,0.0,0.0,1.0,1.0,1.0,1.0,2024
Marília,2,56.0,1086.0,0.0,522.0,0.0,0.0,12.0,493.0,546.0,35.0,0.0,1.0,1.0,1.0,0.0,2024
Marília,2,22.0,388.0,0.0,280.0,0.0,0.0,8.0,271.0,107.0,2.0,0.0,1.0,1.0,1.0,1.0,2024
Marília,2,33.0,744.0,0.0,371.0,0.0,0.0,6.0,364.0,359.0,15.0,0.0,1.0,1.0,1.0,0.0,2024
Marília,2,,,,,,,,,,,,,,,,2024
Marília,2,13.0,220.0,0.0,220.0,0.0,0.0,2.0,212.0,6.0,0.0,0.0,1.0,1.0,1.0,1.0,2024
Marília,2,11.0,163.0,0.0,0.0,0.0,0.0,0.0,0.0,0.0,163.0,0.0,0.0,0.0,0.0,0.0,2024
Marília,2,16.0,255.0,0.0,255.0,0.0,0.0,5.0,249.0,1.0,0.0,0.0,1.0,1.0,1.0,1.0,2024
Marília,2,33.0,487.0,0.0,328.0,0.0,0.0,6.0,315.0,158.0,8.0,0.0,1.0,1.0,1.0,1.0,2024
Marília,2,,,,,,,,,,,,,,,,2024
Marília,2,6.0,59.0,0.0,23.0,0.0,0.0,0.0,2.0,42.0,15.0,0.0,0.0,0.0,0.0,0.0,2024
Marília,2,40.0,549.0,0.0,358.0,0.0,0.0,6.0,327.0,208.0,8.0,0.0,0.0,1.0,1.0,0.0,2024
Marília,2,27.0,406.0,0.0,406.0,0.0,0.0,7.0,386.0,13.0,0.0,0.0,1.0,1.0,1.0,0.0,2024
Marília,2,36.0,464.0,0.0,292.0,0.0,0.0,3.0,283.0,175.0,3.0,0.0,0.0,1.0,1.0,1.0,2024
Marília,2,46.0,962.0,0.0,401.0,0.0,0.0,9.0,387.0,536.0,30.0,0.0,1.0,1.0,1.0,1.0,2024
Marília,2,12.0,203.0,0.0,203.0,0.0,0.0,6.0,195.0,2.0,0.0,0.0,1.0,1.0,1.0,1.0,2024
Marília,2,11.0,171.0,0.0,35.0,0.0,0.0,6.0,34.0,128.0,3.0,0.0,1.0,1.0,1.0,1.0,2024
Marília,2,12.0,767.0,0.0,0.0,0.0,0.0,0.0,0.0,0.0,767.0,0.0,0.0,1.0,1.0,1.0,2024
Marília,2,2.0,8.0,0.0,0.0,8.0,0.0,0.0,0.0,0.0,0.0,0.0,0.0,1.0,0.0,1.0,2024
Marília,2,,,,,,,,,,,,,,,,2024
Marília,2,14.0,123.0,61.0,62.0,0.0,0.0,61.0,61.0,1.0,0.0,0.0,1.0,1.0,0.0,0.0,2024
Marília,2,26.0,400.0,82.0,164.0,0.0,0.0,84.0,158.0,156.0,2.0,0.0,1.0,1.0,0.0,0.0,2024
Marília,2,48.0,757.0,121.0,346.0,0.0,0.0,122.0,336.0,289.0,10.0,0.0,0.0,1.0,1.0,0.0,2024
Marília,2,7.0,75.0,0.0,0.0,0.0,0.0,0.0,0.0,0.0,75.0,0.0,0.0,0.0,0.0,0.0,2024
Marília,2,19.0,198.0,69.0,74.0,0.0,0.0,71.0,71.0,56.0,0.0,0.0,1.0,1.0,1.0,0.0,2024
Marinópolis,2,13.0,120.0,0.0,78.0,0.0,0.0,0.0,75.0,39.0,6.0,0.0,1.0,1.0,1.0,1.0,2024
Martinópolis,2,43.0,842.0,0.0,450.0,0.0,0.0,2.0,415.0,388.0,37.0,0.0,1.0,1.0,1.0,0.0,2024
Martinópolis,2,39.0,731.0,0.0,452.0,0.0,0.0,2.0,419.0,293.0,17.0,0.0,1.0,1.0,1.0,1.0,2024
Martinópolis,2,,,,,,,,,,,,,,,,2024
Martinópolis,2,,,,,,,,,,,0.0,0.0,1.0,0.0,0.0,2024
Martinópolis,2,12.0,79.0,0.0,0.0,0.0,0.0,0.0,0.0,62.0,17.0,0.0,1.0,1.0,1.0,0.0,2024
Matão,2,20.0,409.0,0.0,352.0,0.0,0.0,6.0,337.0,66.0,0.0,0.0,1.0,1.0,1.0,1.0,2024
Matão,2,46.0,815.0,0.0,0.0,0.0,0.0,0.0,11.0,676.0,128.0,0.0,1.0,1.0,1.0,1.0,2024
Matão,2,41.0,478.0,0.0,297.0,0.0,0.0,9.0,281.0,185.0,3.0,0.0,1.0,1.0,1.0,0.0,2024
Matão,2,25.0,295.0,156.0,139.0,0.0,0.0,157.0,134.0,4.0,0.0,0.0,0.0,1.0,1.0,1.0,2024
Matão,2,28.0,532.0,532.0,0.0,0.0,0.0,531.0,1.0,0.0,0.0,0.0,0.0,1.0,1.0,1.0,2024
Matão,2,17.0,213.0,213.0,0.0,0.0,0.0,210.0,3.0,0.0,0.0,0.0,1.0,1.0,1.0,1.0,2024
Matão,2,17.0,218.0,218.0,0.0,0.0,0.0,213.0,5.0,0.0,0.0,0.0,1.0,1.0,1.0,1.0,2024
Matão,2,30.0,368.0,0.0,214.0,0.0,0.0,8.0,199.0,150.0,11.0,0.0,1.0,1.0,1.0,0.0,2024
Matão,2,17.0,349.0,0.0,349.0,0.0,0.0,3.0,343.0,3.0,0.0,0.0,1.0,1.0,1.0,1.0,2024
Matão,2,,,,,,,,,,,0.0,0.0,1.0,0.0,0.0,2024
Matão,2,14.0,228.0,0.0,0.0,0.0,0.0,0.0,10.0,214.0,4.0,0.0,0.0,1.0,1.0,1.0,2024
Matão,2,24.0,443.0,443.0,0.0,0.0,0.0,438.0,5.0,0.0,0.0,0.0,1.0,1.0,1.0,0.0,2024
Matão,2,19.0,302.0,302.0,0.0,0.0,0.0,301.0,1.0,0.0,0.0,0.0,1.0,1.0,1.0,0.0,2024
Matão,2,67.0,1184.0,0.0,0.0,0.0,0.0,0.0,19.0,665.0,500.0,1.0,1.0,1.0,1.0,1.0,2024
Matão,2,24.0,292.0,0.0,292.0,0.0,0.0,3.0,286.0,3.0,0.0,0.0,1.0,1.0,1.0,1.0,2024
Matão,2,19.0,384.0,384.0,0.0,0.0,0.0,382.0,2.0,0.0,0.0,0.0,1.0,1.0,1.0,1.0,2024
Matão,2,19.0,276.0,276.0,0.0,0.0,0.0,270.0,6.0,0.0,0.0,0.0,1.0,1.0,1.0,0.0,2024
Matão,2,17.0,294.0,0.0,294.0,0.0,0.0,3.0,286.0,5.0,0.0,0.0,1.0,1.0,1.0,1.0,2024
Matão,2,18.0,92.0,0.0,0.0,0.0,0.0,0.0,2.0,51.0,39.0,0.0,1.0,1.0,1.0,1.0,2024
Mauá,2,18.0,383.0,383.0,0.0,0.0,0.0,373.0,10.0,0.0,0.0,0.0,0.0,1.0,1.0,0.0,2024
Mauá,2,54.0,1802.0,0.0,635.0,0.0,0.0,5.0,644.0,1124.0,29.0,0.0,0.0,1.0,1.0,1.0,2024
Mauá,2,23.0,464.0,464.0,0.0,0.0,0.0,458.0,5.0,1.0,0.0,0.0,0.0,1.0,0.0,0.0,2024
Mauá,2,20.0,306.0,0.0,170.0,0.0,0.0,2.0,160.0,140.0,4.0,0.0,1.0,1.0,1.0,0.0,2024
Mauá,2,43.0,1010.0,0.0,625.0,0.0,0.0,11.0,609.0,380.0,10.0,0.0,0.0,1.0,1.0,1.0,2024
Mauá,2,38.0,808.0,97.0,304.0,0.0,0.0,94.0,286.0,394.0,34.0,0.0,1.0,1.0,1.0,0.0,2024
Mauá,2,43.0,952.0,952.0,0.0,0.0,0.0,936.0,16.0,0.0,0.0,0.0,0.0,1.0,1.0,1.0,2024
Mauá,2,27.0,336.0,156.0,110.0,0.0,0.0,156.0,109.0,67.0,4.0,0.0,1.0,1.0,1.0,1.0,2024
Mauá,2,37.0,747.0,747.0,0.0,0.0,0.0,742.0,5.0,0.0,0.0,0.0,1.0,1.0,0.0,0.0,2024
Mauá,2,26.0,508.0,253.0,255.0,0.0,0.0,253.0,248.0,7.0,0.0,0.0,1.0,1.0,1.0,0.0,2024
Mauá,2,46.0,870.0,331.0,402.0,0.0,1.0,330.0,396.0,17.0,126.0,0.0,1.0,1.0,1.0,0.0,2024
Mauá,2,31.0,653.0,653.0,0.0,0.0,0.0,637.0,16.0,0.0,0.0,0.0,0.0,1.0,0.0,1.0,2024
Mauá,2,33.0,702.0,702.0,0.0,0.0,0.0,695.0,7.0,0.0,0.0,0.0,0.0,1.0,1.0,1.0,2024
Mauá,2,34.0,928.0,928.0,0.0,0.0,0.0,926.0,2.0,0.0,0.0,0.0,1.0,1.0,1.0,1.0,2024
Mauá,2,59.0,1824.0,0.0,580.0,0.0,0.0,10.0,575.0,1180.0,59.0,0.0,1.0,1.0,1.0,1.0,2024
Mauá,2,28.0,541.0,541.0,0.0,0.0,0.0,538.0,3.0,0.0,0.0,0.0,1.0,1.0,1.0,1.0,2024
Mauá,2,22.0,534.0,0.0,403.0,0.0,0.0,5.0,385.0,136.0,8.0,0.0,1.0,1.0,1.0,0.0,2024
Mauá,2,22.0,455.0,455.0,0.0,0.0,0.0,451.0,4.0,0.0,0.0,0.0,0.0,1.0,1.0,0.0,2024
Mauá,2,43.0,718.0,0.0,389.0,0.0,0.0,8.0,369.0,331.0,10.0,0.0,1.0,1.0,1.0,0.0,2024
Mauá,2,36.0,846.0,846.0,0.0,0.0,0.0,832.0,14.0,0.0,0.0,0.0,1.0,1.0,1.0,1.0,2024
Mauá,2,35.0,849.0,849.0,0.0,0.0,0.0,841.0,8.0,0.0,0.0,0.0,1.0,1.0,1.0,1.0,2024
Mauá,2,52.0,1109.0,0.0,523.0,0.0,0.0,15.0,510.0,493.0,91.0,0.0,1.0,1.0,1.0,1.0,2024
Mauá,2,37.0,701.0,312.0,315.0,0.0,0.0,312.0,315.0,71.0,3.0,0.0,1.0,1.0,1.0,1.0,2024
Mauá,2,28.0,556.0,556.0,0.0,0.0,0.0,551.0,5.0,0.0,0.0,0.0,1.0,1.0,1.0,0.0,2024
Mauá,2,65.0,1797.0,0.0,592.0,0.0,0.0,14.0,548.0,1109.0,126.0,1.0,1.0,1.0,1.0,1.0,2024
Mauá,2,63.0,1686.0,0.0,982.0,0.0,0.0,15.0,950.0,704.0,17.0,0.0,1.0,1.0,1.0,1.0,2024
Mauá,2,23.0,553.0,0.0,403.0,0.0,0.0,2.0,389.0,158.0,4.0,0.0,1.0,1.0,1.0,0.0,2024
Mauá,2,30.0,535.0,282.0,253.0,0.0,0.0,280.0,246.0,9.0,0.0,0.0,1.0,1.0,1.0,0.0,2024
Mauá,2,28.0,508.0,508.0,0.0,0.0,0.0,502.0,5.0,1.0,0.0,0.0,0.0,1.0,0.0,0.0,2024
Mauá,2,69.0,2388.0,0.0,924.0,0.0,0.0,18.0,909.0,1399.0,62.0,0.0,1.0,1.0,1.0,1.0,2024
Mauá,2,47.0,1109.0,0.0,510.0,0.0,0.0,12.0,490.0,559.0,48.0,0.0,1.0,1.0,1.0,1.0,2024
Mauá,2,63.0,1362.0,0.0,591.0,0.0,0.0,11.0,583.0,754.0,14.0,0.0,1.0,1.0,1.0,1.0,2024
Mauá,2,27.0,640.0,640.0,0.0,0.0,0.0,632.0,8.0,0.0,0.0,0.0,0.0,1.0,1.0,0.0,2024
Mauá,2,28.0,688.0,307.0,381.0,0.0,0.0,306.0,377.0,5.0,0.0,0.0,0.0,1.0,1.0,0.0,2024
Mauá,2,49.0,1117.0,1117.0,0.0,0.0,0.0,1103.0,14.0,0.0,0.0,1.0,0.0,1.0,1.0,1.0,2024
Mauá,2,51.0,1343.0,0.0,535.0,0.0,0.0,10.0,516.0,765.0,52.0,1.0,1.0,1.0,1.0,1.0,2024
Mauá,2,31.0,603.0,224.0,252.0,0.0,0.0,225.0,237.0,134.0,7.0,0.0,1.0,1.0,1.0,1.0,2024
Mauá,2,19.0,464.0,464.0,0.0,0.0,0.0,460.0,4.0,0.0,0.0,0.0,1.0,1.0,1.0,0.0,2024
Mauá,2,38.0,718.0,718.0,0.0,0.0,0.0,708.0,10.0,0.0,0.0,0.0,0.0,1.0,0.0,1.0,2024
Mauá,2,24.0,500.0,500.0,0.0,0.0,0.0,494.0,6.0,0.0,0.0,0.0,1.0,1.0,1.0,0.0,2024
Mauá,2,55.0,1356.0,287.0,370.0,0.0,0.0,287.0,372.0,665.0,32.0,0.0,1.0,1.0,1.0,1.0,2024
Mauá,2,,,,,,,,,,,,,,,,2024
Mauá,2,10.0,174.0,174.0,0.0,0.0,0.0,173.0,1.0,0.0,0.0,0.0,0.0,1.0,1.0,0.0,2024
Mauá,2,55.0,1638.0,0.0,782.0,0.0,0.0,16.0,764.0,786.0,72.0,0.0,1.0,1.0,1.0,0.0,2024
Mauá,2,68.0,892.0,0.0,0.0,0.0,0.0,0.0,11.0,510.0,371.0,1.0,1.0,1.0,0.0,1.0,2024
Mauá,2,,,,,,,,,,,,,,,,2024
Mauá,2,,,,,,,,,,,,,,,,2024
Mauá,2,35.0,793.0,793.0,0.0,0.0,0.0,778.0,15.0,0.0,0.0,0.0,1.0,1.0,1.0,1.0,2024
Mauá,2,66.0,1365.0,0.0,685.0,0.0,0.0,9.0,642.0,433.0,281.0,0.0,1.0,1.0,1.0,1.0,2024
Mauá,2,58.0,1615.0,0.0,757.0,0.0,0.0,16.0,733.0,834.0,32.0,0.0,0.0,1.0,1.0,1.0,2024
Mauá,2,,,,,,,,,,,0.0,1.0,1.0,0.0,1.0,2024
Mauá,2,5.0,52.0,0.0,0.0,0.0,0.0,0.0,0.0,0.0,52.0,0.0,0.0,0.0,0.0,0.0,2024
Mauá,2,50.0,1320.0,0.0,597.0,0.0,0.0,9.0,565.0,691.0,55.0,0.0,1.0,1.0,1.0,1.0,2024
Mauá,2,35.0,807.0,0.0,518.0,0.0,0.0,7.0,498.0,288.0,14.0,0.0,1.0,1.0,1.0,1.0,2024
Mauá,2,21.0,484.0,484.0,0.0,0.0,0.0,481.0,3.0,0.0,0.0,0.0,1.0,1.0,1.0,0.0,2024
Mauá,2,22.0,463.0,0.0,339.0,0.0,0.0,5.0,330.0,126.0,2.0,0.0,1.0,1.0,1.0,1.0,2024
Mauá,2,26.0,521.0,0.0,428.0,0.0,0.0,9.0,403.0,16.0,93.0,0.0,1.0,1.0,1.0,1.0,2024
Mauá,2,22.0,420.0,420.0,0.0,0.0,0.0,417.0,3.0,0.0,0.0,0.0,1.0,1.0,1.0,0.0,2024
Mauá,2,19.0,440.0,440.0,0.0,0.0,0.0,437.0,3.0,0.0,0.0,0.0,1.0,1.0,1.0,0.0,2024
Mauá,2,57.0,1315.0,397.0,597.0,0.0,0.0,398.0,579.0,325.0,13.0,0.0,1.0,1.0,1.0,0.0,2024
Mauá,2,38.0,964.0,964.0,0.0,0.0,0.0,953.0,11.0,0.0,0.0,0.0,1.0,1.0,1.0,1.0,2024
Mauá,2,36.0,801.0,801.0,0.0,0.0,0.0,793.0,8.0,0.0,0.0,0.0,1.0,1.0,1.0,0.0,2024
Mauá,2,16.0,341.0,341.0,0.0,0.0,0.0,340.0,1.0,0.0,0.0,0.0,0.0,1.0,1.0,0.0,2024
Mauá,2,28.0,519.0,519.0,0.0,0.0,0.0,515.0,4.0,0.0,0.0,0.0,0.0,1.0,1.0,0.0,2024
Mauá,2,48.0,1229.0,0.0,595.0,0.0,0.0,11.0,549.0,611.0,58.0,0.0,1.0,1.0,0.0,1.0,2024
Mauá,2,52.0,1000.0,0.0,605.0,0.0,0.0,15.0,587.0,380.0,18.0,0.0,1.0,1.0,1.0,1.0,2024
Mauá,2,23.0,502.0,502.0,0.0,0.0,0.0,496.0,6.0,0.0,0.0,0.0,1.0,1.0,0.0,0.0,2024
Mauá,2,35.0,702.0,0.0,296.0,0.0,0.0,7.0,278.0,386.0,31.0,0.0,1.0,1.0,1.0,1.0,2024
Mauá,2,41.0,984.0,0.0,565.0,0.0,0.0,15.0,552.0,408.0,9.0,0.0,1.0,1.0,1.0,0.0,2024
Mauá,2,,,,,,,,,,,0.0,1.0,1.0,1.0,1.0,2024
Mendonça,2,30.0,554.0,0.0,306.0,0.0,0.0,2.0,305.0,220.0,27.0,0.0,0.0,1.0,1.0,1.0,2024
Meridiano,2,18.0,282.0,0.0,184.0,0.0,0.0,1.0,182.0,96.0,3.0,0.0,1.0,1.0,1.0,1.0,2024
Meridiano,2,,,,,,,,,,,,,,,,2024
Meridiano,2,,,,,,,,,,,,,,,,2024
Mesópolis,2,14.0,165.0,0.0,107.0,0.0,0.0,1.0,90.0,73.0,1.0,0.0,1.0,1.0,1.0,1.0,2024
Miguelópolis,2,22.0,309.0,0.0,0.0,0.0,0.0,0.0,3.0,215.0,91.0,0.0,1.0,1.0,1.0,1.0,2024
Miguelópolis,2,28.0,460.0,0.0,0.0,0.0,0.0,0.0,7.0,357.0,96.0,1.0,1.0,1.0,1.0,1.0,2024
Mineiros do Tietê,2,46.0,986.0,0.0,490.0,0.0,0.0,9.0,480.0,441.0,56.0,0.0,1.0,1.0,1.0,1.0,2024
Miracatu,2,30.0,456.0,0.0,285.0,0.0,0.0,2.0,266.0,185.0,3.0,0.0,0.0,1.0,1.0,0.0,2024
Miracatu,2,13.0,114.0,0.0,68.0,0.0,0.0,2.0,63.0,47.0,2.0,1.0,1.0,1.0,1.0,1.0,2024
Miracatu,2,12.0,134.0,0.0,78.0,0.0,0.0,3.0,78.0,51.0,2.0,0.0,1.0,1.0,1.0,0.0,2024
Miracatu,2,3.0,4.0,2.0,1.0,0.0,1.0,2.0,1.0,0.0,0.0,0.0,0.0,1.0,0.0,1.0,2024
Miracatu,2,4.0,7.0,2.0,4.0,0.0,1.0,2.0,4.0,0.0,0.0,0.0,0.0,1.0,0.0,1.0,2024
Miracatu,2,,,,,,,,,,,,,,,,2024
Miracatu,2,,,,,,,,,,,0.0,0.0,1.0,0.0,0.0,2024
Miracatu,2,2.0,240.0,0.0,0.0,0.0,0.0,0.0,0.0,0.0,240.0,0.0,0.0,1.0,0.0,0.0,2024
Miracatu,2,26.0,464.0,0.0,269.0,0.0,0.0,6.0,254.0,198.0,6.0,0.0,1.0,1.0,1.0,1.0,2024
Miracatu,2,13.0,139.0,0.0,94.0,0.0,0.0,0.0,93.0,46.0,0.0,0.0,0.0,1.0,1.0,0.0,2024
Miracatu,2,10.0,130.0,0.0,70.0,0.0,0.0,0.0,66.0,61.0,3.0,0.0,1.0,1.0,1.0,1.0,2024
Miracatu,2,13.0,161.0,0.0,92.0,0.0,0.0,2.0,91.0,65.0,3.0,0.0,1.0,1.0,1.0,1.0,2024
Miracatu,2,13.0,187.0,0.0,123.0,0.0,0.0,0.0,118.0,65.0,4.0,0.0,1.0,1.0,1.0,1.0,2024
Miracatu,2,6.0,52.0,24.0,17.0,0.0,7.0,25.0,16.0,2.0,2.0,0.0,0.0,0.0,0.0,0.0,2024
Mira Estrela,2,13.0,170.0,0.0,114.0,0.0,0.0,2.0,104.0,62.0,2.0,0.0,1.0,1.0,1.0,1.0,2024
Mirandópolis,2,33.0,810.0,0.0,626.0,0.0,0.0,11.0,595.0,168.0,36.0,0.0,1.0,1.0,1.0,0.0,2024
Mirandópolis,2,20.0,279.0,0.0,0.0,0.0,0.0,0.0,10.0,257.0,12.0,0.0,1.0,1.0,1.0,0.0,2024
Mirandópolis,2,8.0,155.0,0.0,0.0,0.0,0.0,0.0,0.0,0.0,155.0,0.0,0.0,0.0,0.0,0.0,2024
Mirandópolis,2,10.0,129.0,0.0,0.0,0.0,0.0,0.0,0.0,0.0,129.0,0.0,0.0,0.0,0.0,0.0,2024
Mirandópolis,2,21.0,303.0,0.0,181.0,0.0,0.0,5.0,170.0,115.0,13.0,0.0,1.0,1.0,1.0,0.0,2024
Mirante do Paranapanema,2,30.0,574.0,0.0,230.0,0.0,0.0,1.0,215.0,305.0,53.0,0.0,1.0,1.0,1.0,1.0,2024
Mirante do Paranapanema,2,15.0,189.0,0.0,145.0,0.0,0.0,0.0,136.0,48.0,5.0,0.0,1.0,1.0,1.0,0.0,2024
Mirante do Paranapanema,2,,,,,,,,,,,,,,,,2024
Mirante do Paranapanema,2,,,,,,,,,,,0.0,0.0,1.0,0.0,0.0,2024
Mirante do Paranapanema,2,,,,,,,,,,,,,,,,2024
Mirante do Paranapanema,2,24.0,264.0,90.0,104.0,0.0,0.0,83.0,104.0,66.0,11.0,0.0,1.0,1.0,1.0,1.0,2024
Mirante do Paranapanema,2,17.0,242.0,39.0,89.0,0.0,0.0,37.0,85.0,113.0,7.0,0.0,1.0,1.0,1.0,0.0,2024
Mirante do Paranapanema,2,25.0,258.0,102.0,85.0,0.0,0.0,97.0,86.0,68.0,7.0,0.0,1.0,1.0,1.0,0.0,2024
Mirante do Paranapanema,2,32.0,287.0,101.0,95.0,0.0,0.0,98.0,94.0,69.0,26.0,0.0,1.0,1.0,1.0,1.0,2024
Mirassol,2,,,,,,,,,,,,,,,,2024
Mirassol,2,40.0,943.0,0.0,619.0,0.0,0.0,13.0,594.0,321.0,15.0,0.0,1.0,1.0,1.0,1.0,2024
Mirassol,2,16.0,206.0,0.0,0.0,0.0,0.0,0.0,1.0,170.0,35.0,1.0,1.0,1.0,1.0,1.0,2024
Mirassol,2,24.0,553.0,0.0,344.0,0.0,0.0,6.0,336.0,209.0,2.0,0.0,1.0,1.0,1.0,1.0,2024
Mirassol,2,65.0,1391.0,0.0,598.0,0.0,0.0,10.0,576.0,752.0,53.0,0.0,1.0,1.0,1.0,1.0,2024
Mirassol,2,38.0,825.0,0.0,477.0,0.0,0.0,13.0,450.0,328.0,34.0,1.0,0.0,1.0,1.0,0.0,2024
Mirassol,2,,,,,,,,,,,,,,,,2024
Mirassol,2,35.0,624.0,0.0,347.0,0.0,0.0,6.0,315.0,252.0,51.0,0.0,1.0,1.0,1.0,1.0,2024
Mirassol,2,,,,,,,,,,,,,,,,2024
Mirassolândia,2,19.0,353.0,0.0,240.0,0.0,0.0,0.0,217.0,128.0,8.0,0.0,1.0,1.0,1.0,1.0,2024
Mirassolândia,2,,,,,,,,,,,,,,,,2024
Mococa,2,37.0,609.0,0.0,217.0,0.0,0.0,3.0,192.0,232.0,182.0,1.0,1.0,1.0,1.0,0.0,2024
Mococa,2,22.0,400.0,400.0,0.0,0.0,0.0,397.0,3.0,0.0,0.0,0.0,1.0,1.0,1.0,1.0,2024
Mococa,2,20.0,373.0,0.0,301.0,0.0,0.0,5.0,287.0,77.0,4.0,0.0,1.0,1.0,1.0,0.0,2024
Mococa,2,24.0,431.0,0.0,314.0,0.0,0.0,7.0,297.0,122.0,5.0,0.0,1.0,1.0,1.0,1.0,2024
Mococa,2,20.0,307.0,0.0,248.0,0.0,0.0,6.0,237.0,61.0,3.0,0.0,0.0,1.0,1.0,1.0,2024
Mococa,2,80.0,1381.0,0.0,0.0,0.0,0.0,0.0,8.0,711.0,662.0,1.0,1.0,1.0,1.0,1.0,2024
Mococa,2,23.0,370.0,0.0,288.0,0.0,0.0,8.0,264.0,96.0,2.0,0.0,0.0,1.0,1.0,0.0,2024
Mococa,2,35.0,777.0,0.0,0.0,0.0,0.0,0.0,12.0,585.0,180.0,1.0,1.0,1.0,1.0,1.0,2024
Mococa,2,,,,,,,,,,,0.0,0.0,1.0,0.0,0.0,2024
Mococa,2,7.0,108.0,0.0,0.0,0.0,0.0,0.0,0.0,0.0,108.0,0.0,0.0,0.0,1.0,1.0,2024
Mococa,2,24.0,390.0,0.0,262.0,0.0,0.0,5.0,239.0,135.0,11.0,0.0,1.0,1.0,1.0,0.0,2024
Mococa,2,27.0,596.0,596.0,0.0,0.0,0.0,590.0,6.0,0.0,0.0,0.0,1.0,1.0,1.0,1.0,2024
Mococa,2,23.0,291.0,111.0,71.0,0.0,0.0,110.0,72.0,73.0,36.0,0.0,1.0,1.0,1.0,0.0,2024
Mococa,2,20.0,180.0,98.0,67.0,0.0,0.0,97.0,64.0,19.0,0.0,0.0,1.0,1.0,1.0,1.0,2024
Mogi das Cruzes,2,30.0,475.0,0.0,475.0,0.0,0.0,0.0,436.0,38.0,1.0,0.0,1.0,1.0,1.0,0.0,2024
Mogi das Cruzes,2,91.0,1940.0,0.0,0.0,0.0,0.0,0.0,23.0,1273.0,644.0,1.0,1.0,1.0,1.0,1.0,2024
Mogi das Cruzes,2,22.0,432.0,0.0,237.0,0.0,0.0,0.0,223.0,195.0,14.0,0.0,1.0,1.0,1.0,1.0,2024
Mogi das Cruzes,2,,,,,,,,,,,,,,,,2024
Mogi das Cruzes,2,39.0,727.0,0.0,242.0,0.0,0.0,1.0,230.0,478.0,18.0,0.0,1.0,1.0,1.0,1.0,2024
Mogi das Cruzes,2,18.0,371.0,0.0,371.0,0.0,0.0,1.0,354.0,16.0,0.0,0.0,0.0,1.0,1.0,0.0,2024
Mogi das Cruzes,2,32.0,381.0,0.0,152.0,0.0,0.0,0.0,137.0,233.0,11.0,0.0,1.0,1.0,1.0,0.0,2024
Mogi das Cruzes,2,37.0,844.0,0.0,0.0,0.0,0.0,0.0,5.0,798.0,41.0,0.0,1.0,1.0,1.0,1.0,2024
Mogi das Cruzes,2,34.0,632.0,0.0,453.0,0.0,0.0,1.0,432.0,191.0,8.0,0.0,0.0,1.0,1.0,1.0,2024
Mogi das Cruzes,2,11.0,146.0,0.0,114.0,0.0,0.0,0.0,107.0,39.0,0.0,0.0,0.0,1.0,1.0,0.0,2024
Mogi das Cruzes,2,39.0,428.0,0.0,231.0,0.0,0.0,0.0,220.0,189.0,19.0,0.0,1.0,1.0,1.0,0.0,2024
Mogi das Cruzes,2,,,,,,,,,,,,,,,,2024
Mogi das Cruzes,2,40.0,637.0,0.0,364.0,0.0,0.0,2.0,336.0,284.0,15.0,0.0,1.0,1.0,1.0,0.0,2024
Mogi das Cruzes,2,,,,,,,,,,,,,,,,2024
Mogi das Cruzes,2,47.0,797.0,0.0,255.0,0.0,0.0,0.0,234.0,366.0,197.0,0.0,1.0,1.0,1.0,0.0,2024
Mogi das Cruzes,2,,,,,,,,,,,,,,,,2024
Mogi das Cruzes,2,27.0,552.0,0.0,203.0,0.0,0.0,0.0,187.0,351.0,14.0,0.0,1.0,1.0,1.0,1.0,2024
Mogi das Cruzes,2,41.0,783.0,0.0,329.0,0.0,0.0,0.0,322.0,420.0,41.0,0.0,1.0,1.0,1.0,0.0,2024
Mogi das Cruzes,2,25.0,517.0,0.0,211.0,0.0,0.0,0.0,213.0,286.0,18.0,0.0,1.0,1.0,1.0,1.0,2024
Mogi das Cruzes,2,14.0,190.0,0.0,125.0,0.0,0.0,0.0,113.0,70.0,7.0,0.0,1.0,1.0,1.0,1.0,2024
Mogi das Cruzes,2,20.0,357.0,0.0,262.0,0.0,0.0,1.0,246.0,107.0,3.0,0.0,1.0,1.0,1.0,1.0,2024
Mogi das Cruzes,2,23.0,396.0,0.0,396.0,0.0,0.0,1.0,379.0,16.0,0.0,0.0,1.0,1.0,1.0,0.0,2024
Mogi das Cruzes,2,23.0,424.0,0.0,424.0,0.0,0.0,0.0,409.0,15.0,0.0,0.0,1.0,1.0,1.0,0.0,2024
Mogi das Cruzes,2,22.0,391.0,0.0,240.0,0.0,0.0,0.0,218.0,162.0,11.0,0.0,0.0,1.0,1.0,0.0,2024
Mogi das Cruzes,2,37.0,595.0,0.0,181.0,0.0,0.0,0.0,172.0,401.0,22.0,0.0,1.0,1.0,1.0,0.0,2024
Mogi das Cruzes,2,31.0,501.0,0.0,302.0,0.0,0.0,1.0,280.0,207.0,13.0,0.0,1.0,1.0,1.0,1.0,2024
Mogi das Cruzes,2,43.0,947.0,0.0,632.0,0.0,0.0,0.0,592.0,330.0,25.0,0.0,0.0,1.0,1.0,1.0,2024
Mogi das Cruzes,2,16.0,226.0,0.0,0.0,0.0,0.0,0.0,1.0,212.0,13.0,0.0,1.0,1.0,1.0,1.0,2024
Mogi das Cruzes,2,,,,,,,,,,,0.0,0.0,1.0,0.0,0.0,2024
Mogi das Cruzes,2,11.0,1325.0,0.0,0.0,0.0,0.0,0.0,0.0,0.0,1325.0,0.0,0.0,1.0,0.0,0.0,2024
Mogi das Cruzes,2,41.0,436.0,0.0,222.0,0.0,0.0,0.0,206.0,212.0,18.0,0.0,1.0,1.0,1.0,0.0,2024
Mogi das Cruzes,2,24.0,385.0,0.0,385.0,0.0,0.0,2.0,366.0,17.0,0.0,0.0,1.0,1.0,1.0,0.0,2024
Mogi das Cruzes,2,9.0,134.0,0.0,134.0,0.0,0.0,0.0,130.0,4.0,0.0,0.0,1.0,1.0,1.0,1.0,2024
Mogi das Cruzes,2,48.0,1146.0,0.0,434.0,0.0,0.0,0.0,403.0,654.0,89.0,0.0,1.0,1.0,1.0,0.0,2024
Mogi das Cruzes,2,51.0,716.0,0.0,716.0,0.0,0.0,1.0,674.0,41.0,0.0,0.0,0.0,1.0,1.0,0.0,2024
Mogi das Cruzes,2,6.0,44.0,0.0,44.0,0.0,0.0,0.0,40.0,4.0,0.0,0.0,1.0,1.0,1.0,0.0,2024
Mogi das Cruzes,2,16.0,328.0,0.0,328.0,0.0,0.0,1.0,316.0,11.0,0.0,0.0,0.0,1.0,1.0,1.0,2024
Mogi das Cruzes,2,8.0,97.0,0.0,97.0,0.0,0.0,0.0,91.0,6.0,0.0,0.0,1.0,1.0,1.0,0.0,2024
Mogi das Cruzes,2,16.0,222.0,0.0,222.0,0.0,0.0,1.0,208.0,13.0,0.0,0.0,1.0,1.0,1.0,0.0,2024
Mogi das Cruzes,2,,,,,,,,,,,,,,,,2024
Mogi das Cruzes,2,34.0,704.0,0.0,704.0,0.0,0.0,2.0,651.0,51.0,0.0,0.0,0.0,1.0,0.0,0.0,2024
Mogi das Cruzes,2,20.0,199.0,0.0,0.0,0.0,0.0,0.0,2.0,186.0,11.0,0.0,1.0,1.0,1.0,1.0,2024
Mogi das Cruzes,2,34.0,507.0,0.0,507.0,0.0,0.0,0.0,471.0,36.0,0.0,0.0,1.0,1.0,0.0,0.0,2024
Mogi das Cruzes,2,17.0,331.0,0.0,211.0,0.0,0.0,0.0,203.0,122.0,6.0,0.0,0.0,1.0,1.0,0.0,2024
Mogi das Cruzes,2,,,,,,,,,,,,,,,,2024
Mogi das Cruzes,2,,,,,,,,,,,,,,,,2024
Mogi das Cruzes,2,14.0,179.0,0.0,119.0,0.0,0.0,0.0,112.0,66.0,1.0,0.0,1.0,1.0,1.0,1.0,2024
Mogi das Cruzes,2,86.0,1836.0,0.0,0.0,0.0,0.0,0.0,0.0,1688.0,148.0,0.0,1.0,1.0,1.0,0.0,2024
Mogi das Cruzes,2,39.0,750.0,0.0,480.0,0.0,0.0,0.0,447.0,287.0,16.0,0.0,1.0,1.0,1.0,1.0,2024
Mogi das Cruzes,2,45.0,700.0,0.0,0.0,0.0,0.0,0.0,1.0,646.0,53.0,0.0,1.0,1.0,1.0,1.0,2024
Mogi das Cruzes,2,,,,,,,,,,,,,,,,2024
Mogi das Cruzes,2,13.0,102.0,0.0,70.0,0.0,0.0,0.0,67.0,34.0,1.0,0.0,1.0,1.0,1.0,1.0,2024
Mogi das Cruzes,2,,,,,,,,,,,0.0,0.0,1.0,0.0,0.0,2024
Mogi das Cruzes,2,31.0,389.0,0.0,198.0,0.0,0.0,0.0,183.0,193.0,13.0,0.0,0.0,1.0,1.0,0.0,2024
Mogi das Cruzes,2,81.0,1841.0,0.0,448.0,0.0,0.0,0.0,421.0,1246.0,174.0,0.0,1.0,1.0,1.0,1.0,2024
Mogi das Cruzes,2,34.0,436.0,0.0,235.0,0.0,0.0,1.0,222.0,206.0,7.0,0.0,1.0,1.0,1.0,1.0,2024
Mogi das Cruzes,2,22.0,409.0,0.0,409.0,0.0,0.0,1.0,407.0,1.0,0.0,0.0,0.0,1.0,1.0,0.0,2024
Mogi das Cruzes,2,45.0,1026.0,0.0,699.0,0.0,0.0,0.0,667.0,356.0,3.0,0.0,1.0,1.0,1.0,1.0,2024
Mogi das Cruzes,2,57.0,766.0,0.0,420.0,0.0,0.0,1.0,390.0,356.0,19.0,1.0,1.0,1.0,1.0,1.0,2024
Mogi das Cruzes,2,27.0,526.0,0.0,317.0,0.0,0.0,0.0,278.0,238.0,10.0,1.0,1.0,1.0,0.0,1.0,2024
Mogi das Cruzes,2,31.0,564.0,0.0,564.0,0.0,0.0,1.0,530.0,32.0,1.0,0.0,1.0,1.0,1.0,0.0,2024
Mogi das Cruzes,2,,,,,,,,,,,,,,,,2024
Mogi das Cruzes,2,,,,,,,,,,,,,,,,2024
Mogi das Cruzes,2,32.0,630.0,0.0,0.0,0.0,0.0,0.0,4.0,588.0,38.0,0.0,1.0,1.0,1.0,0.0,2024
Mogi das Cruzes,2,12.0,132.0,0.0,85.0,0.0,0.0,0.0,80.0,47.0,5.0,0.0,1.0,1.0,1.0,1.0,2024
Mogi das Cruzes,2,14.0,245.0,0.0,245.0,0.0,0.0,0.0,234.0,11.0,0.0,0.0,1.0,1.0,1.0,1.0,2024
Mogi das Cruzes,2,21.0,333.0,0.0,281.0,0.0,0.0,0.0,266.0,65.0,2.0,0.0,1.0,1.0,1.0,1.0,2024
Mogi das Cruzes,2,38.0,638.0,0.0,576.0,0.0,0.0,0.0,557.0,19.0,62.0,0.0,1.0,1.0,1.0,0.0,2024
Mogi das Cruzes,2,35.0,816.0,0.0,545.0,0.0,0.0,3.0,506.0,287.0,20.0,0.0,0.0,1.0,1.0,0.0,2024
Mogi das Cruzes,2,33.0,751.0,0.0,751.0,0.0,0.0,0.0,701.0,50.0,0.0,0.0,1.0,1.0,1.0,1.0,2024
Mogi das Cruzes,2,54.0,1137.0,0.0,1137.0,0.0,0.0,3.0,1038.0,96.0,0.0,0.0,1.0,1.0,1.0,0.0,2024
Mogi das Cruzes,2,,,,,,,,,,,,,,,,2024
Mogi das Cruzes,2,,,,,,,,,,,,,,,,2024
Mogi das Cruzes,2,46.0,842.0,0.0,496.0,0.0,0.0,0.0,458.0,361.0,23.0,0.0,1.0,1.0,1.0,0.0,2024
Mogi das Cruzes,2,18.0,251.0,0.0,165.0,0.0,0.0,0.0,152.0,94.0,5.0,0.0,1.0,1.0,1.0,0.0,2024
Mogi das Cruzes,2,24.0,412.0,0.0,277.0,0.0,0.0,0.0,266.0,139.0,7.0,0.0,0.0,1.0,1.0,0.0,2024
Mogi Guaçu,2,14.0,244.0,0.0,0.0,0.0,0.0,0.0,5.0,220.0,19.0,0.0,1.0,1.0,1.0,0.0,2024
Mogi Guaçu,2,,,,,,,,,,,,,,,,2024
Mogi Guaçu,2,49.0,1052.0,0.0,0.0,0.0,0.0,0.0,5.0,854.0,193.0,0.0,1.0,1.0,1.0,0.0,2024
Mogi Guaçu,2,78.0,1442.0,0.0,476.0,0.0,0.0,12.0,448.0,793.0,189.0,0.0,1.0,1.0,1.0,1.0,2024
Mogi Guaçu,2,14.0,258.0,0.0,258.0,0.0,0.0,1.0,252.0,5.0,0.0,0.0,1.0,1.0,1.0,1.0,2024
Mogi Guaçu,2,12.0,96.0,0.0,0.0,0.0,0.0,0.0,0.0,92.0,4.0,0.0,1.0,1.0,1.0,0.0,2024
Mogi Guaçu,2,35.0,388.0,0.0,138.0,0.0,0.0,2.0,137.0,213.0,36.0,0.0,1.0,1.0,1.0,1.0,2024
Mogi Guaçu,2,50.0,1017.0,0.0,243.0,0.0,0.0,6.0,235.0,701.0,75.0,0.0,1.0,1.0,1.0,0.0,2024
Mogi Guaçu,2,14.0,220.0,0.0,0.0,0.0,0.0,0.0,4.0,199.0,17.0,0.0,1.0,1.0,1.0,1.0,2024
Mogi Guaçu,2,18.0,329.0,0.0,221.0,0.0,0.0,4.0,212.0,108.0,5.0,0.0,1.0,1.0,1.0,0.0,2024
Mogi Guaçu,2,36.0,480.0,0.0,129.0,0.0,0.0,3.0,123.0,277.0,77.0,0.0,1.0,1.0,1.0,0.0,2024
Mogi Guaçu,2,20.0,306.0,0.0,237.0,0.0,0.0,5.0,229.0,69.0,3.0,0.0,1.0,1.0,1.0,0.0,2024
Mogi Guaçu,2,26.0,564.0,0.0,0.0,0.0,0.0,0.0,11.0,420.0,133.0,1.0,1.0,1.0,1.0,1.0,2024
Mogi Guaçu,2,,,,,,,,,,,,,,,,2024
Mogi Guaçu,2,16.0,157.0,0.0,0.0,0.0,0.0,0.0,0.0,0.0,157.0,0.0,1.0,1.0,0.0,0.0,2024
Mogi Guaçu,2,24.0,471.0,0.0,365.0,0.0,0.0,8.0,349.0,107.0,7.0,0.0,1.0,1.0,1.0,1.0,2024
Mogi Guaçu,2,42.0,459.0,0.0,61.0,0.0,0.0,0.0,61.0,342.0,56.0,0.0,1.0,1.0,1.0,1.0,2024
Mogi Guaçu,2,,,,,,,,,,,,,,,,2024
Mogi Guaçu,2,,,,,,,,,,,,,,,,2024
Mogi Guaçu,2,,,,,,,,,,,,,,,,2024
Mogi Guaçu,2,24.0,507.0,0.0,392.0,0.0,0.0,7.0,369.0,121.0,10.0,0.0,0.0,1.0,1.0,1.0,2024
Mogi Guaçu,2,,,,,,,,,,,,,,,,2024
Mogi Guaçu,2,16.0,244.0,0.0,244.0,0.0,0.0,7.0,229.0,8.0,0.0,0.0,1.0,1.0,1.0,1.0,2024
Mogi Guaçu,2,18.0,375.0,0.0,267.0,0.0,0.0,4.0,255.0,111.0,5.0,0.0,1.0,1.0,1.0,1.0,2024
Mogi Guaçu,2,22.0,330.0,0.0,0.0,0.0,0.0,0.0,10.0,260.0,60.0,0.0,1.0,1.0,1.0,1.0,2024
Mogi Mirim,2,45.0,778.0,0.0,180.0,0.0,0.0,1.0,183.0,550.0,44.0,0.0,1.0,1.0,1.0,0.0,2024
Mogi Mirim,2,,,,,,,,,,,,,,,,2024
Mogi Mirim,2,16.0,220.0,0.0,0.0,0.0,0.0,0.0,6.0,205.0,9.0,0.0,1.0,1.0,1.0,1.0,2024
Mogi Mirim,2,,,,,,,,,,,,,,,,2024
Mogi Mirim,2,48.0,554.0,0.0,141.0,0.0,0.0,0.0,140.0,384.0,30.0,0.0,1.0,1.0,1.0,0.0,2024
Mogi Mirim,2,49.0,667.0,0.0,293.0,0.0,0.0,2.0,268.0,314.0,83.0,0.0,1.0,1.0,1.0,1.0,2024
Mogi Mirim,2,34.0,485.0,0.0,241.0,0.0,0.0,0.0,233.0,164.0,88.0,0.0,1.0,1.0,1.0,1.0,2024
Mogi Mirim,2,91.0,1460.0,0.0,0.0,0.0,0.0,0.0,10.0,966.0,484.0,1.0,1.0,1.0,1.0,1.0,2024
Mogi Mirim,2,14.0,271.0,0.0,271.0,0.0,0.0,0.0,254.0,17.0,0.0,0.0,1.0,1.0,1.0,1.0,2024
Mogi Mirim,2,,,,,,,,,,,,,,,,2024
Mogi Mirim,2,,,,,,,,,,,,,,,,2024
Mogi Mirim,2,10.0,45.0,0.0,16.0,0.0,0.0,0.0,0.0,26.0,19.0,0.0,0.0,1.0,0.0,1.0,2024
Mogi Mirim,2,11.0,45.0,0.0,25.0,0.0,0.0,0.0,2.0,37.0,6.0,0.0,0.0,1.0,0.0,1.0,2024
Mogi Mirim,2,7.0,89.0,0.0,0.0,0.0,0.0,0.0,0.0,0.0,89.0,0.0,0.0,1.0,0.0,0.0,2024
Mogi Mirim,2,14.0,176.0,0.0,130.0,0.0,0.0,1.0,119.0,55.0,1.0,0.0,0.0,1.0,1.0,1.0,2024
Mogi Mirim,2,47.0,861.0,0.0,472.0,0.0,0.0,0.0,440.0,405.0,16.0,0.0,1.0,1.0,1.0,1.0,2024
Mogi Mirim,2,,,,,,,,,,,,,,,,2024
Mogi Mirim,2,34.0,459.0,0.0,313.0,0.0,0.0,1.0,295.0,155.0,8.0,0.0,0.0,1.0,1.0,1.0,2024
Mogi Mirim,2,,,,,,,,,,,,,,,,2024
Mogi Mirim,2,33.0,400.0,0.0,205.0,0.0,0.0,2.0,192.0,176.0,30.0,0.0,1.0,1.0,1.0,0.0,2024
Mombuca,2,13.0,126.0,0.0,0.0,0.0,0.0,0.0,3.0,109.0,14.0,0.0,1.0,1.0,1.0,0.0,2024
Monções,2,13.0,145.0,0.0,86.0,0.0,0.0,2.0,84.0,57.0,2.0,0.0,1.0,1.0,1.0,1.0,2024
Mongaguá,2,,,,,,,,,,,,,,,,2024
Mongaguá,2,35.0,590.0,0.0,0.0,0.0,0.0,0.0,5.0,437.0,148.0,0.0,0.0,1.0,0.0,0.0,2024
Mongaguá,2,64.0,1566.0,0.0,0.0,0.0,0.0,0.0,16.0,1338.0,212.0,0.0,1.0,1.0,0.0,0.0,2024
Mongaguá,2,,,,,,,,,,,,,,,,2024
Mongaguá,2,42.0,652.0,0.0,0.0,0.0,0.0,0.0,7.0,583.0,62.0,0.0,1.0,1.0,1.0,0.0,2024
Mongaguá,2,,,,,,,,,,,,,,,,2024
Mongaguá,2,11.0,34.0,0.0,13.0,0.0,0.0,0.0,0.0,28.0,6.0,0.0,0.0,1.0,0.0,0.0,2024
Mongaguá,2,11.0,161.0,0.0,0.0,0.0,0.0,0.0,0.0,0.0,161.0,0.0,0.0,0.0,0.0,0.0,2024
Mongaguá,2,,,,,,,,,,,0.0,0.0,1.0,0.0,0.0,2024
Mongaguá,2,9.0,51.0,27.0,14.0,0.0,4.0,25.0,14.0,5.0,3.0,0.0,0.0,1.0,0.0,0.0,2024
Mongaguá,2,14.0,69.0,22.0,36.0,0.0,4.0,26.0,27.0,9.0,3.0,0.0,0.0,1.0,0.0,0.0,2024
Mongaguá,2,,,,,,,,,,,,,,,,2024
Mongaguá,2,69.0,888.0,0.0,0.0,0.0,0.0,0.0,7.0,538.0,343.0,1.0,1.0,1.0,1.0,0.0,2024
Mongaguá,2,,,,,,,,,,,,,,,,2024
Monte Alegre do Sul,2,24.0,548.0,0.0,0.0,0.0,0.0,0.0,7.0,469.0,72.0,0.0,1.0,1.0,1.0,1.0,2024
Monte Alto,2,33.0,697.0,0.0,188.0,0.0,0.0,3.0,189.0,474.0,31.0,0.0,1.0,1.0,1.0,1.0,2024
Monte Alto,2,39.0,701.0,0.0,347.0,0.0,0.0,3.0,350.0,249.0,99.0,0.0,1.0,1.0,1.0,1.0,2024
Monte Alto,2,20.0,305.0,0.0,171.0,0.0,0.0,2.0,168.0,129.0,6.0,0.0,1.0,1.0,1.0,1.0,2024
Monte Alto,2,,,,,,,,,,,,,,,,2024
Monte Alto,2,24.0,449.0,0.0,0.0,0.0,0.0,0.0,5.0,337.0,107.0,1.0,1.0,1.0,1.0,1.0,2024
Monte Aprazível,2,35.0,761.0,0.0,175.0,0.0,0.0,2.0,171.0,522.0,66.0,0.0,1.0,1.0,1.0,1.0,2024
Monte Aprazível,2,,,,,,,,,,,,,,,,2024
Monte Aprazível,2,31.0,480.0,0.0,0.0,0.0,0.0,0.0,9.0,257.0,214.0,1.0,1.0,1.0,1.0,1.0,2024
Monte Azul Paulista,2,33.0,558.0,0.0,197.0,0.0,0.0,0.0,189.0,314.0,55.0,0.0,1.0,1.0,1.0,0.0,2024
Monte Azul Paulista,2,15.0,228.0,0.0,84.0,0.0,0.0,0.0,74.0,144.0,10.0,0.0,1.0,1.0,1.0,1.0,2024
Monte Castelo,2,,,,,,,,,,,,,,,,2024
Monte Castelo,2,32.0,342.0,0.0,165.0,0.0,0.0,2.0,160.0,148.0,32.0,0.0,1.0,1.0,1.0,0.0,2024
Monteiro Lobato,2,23.0,429.0,0.0,248.0,0.0,0.0,1.0,224.0,183.0,21.0,1.0,1.0,1.0,1.0,1.0,2024
Monte Mor,2,,,,,,,,,,,,,,,,2024
Monte Mor,2,13.0,233.0,0.0,144.0,0.0,0.0,6.0,127.0,93.0,7.0,0.0,1.0,1.0,1.0,0.0,2024
Monte Mor,2,,,,,,,,,,,,,,,,2024
Monte Mor,2,,,,,,,,,,,,,,,,2024
Monte Mor,2,17.0,338.0,0.0,221.0,0.0,0.0,2.0,207.0,126.0,3.0,0.0,1.0,1.0,1.0,1.0,2024
Monte Mor,2,42.0,538.0,0.0,0.0,0.0,0.0,0.0,7.0,430.0,101.0,1.0,1.0,1.0,0.0,0.0,2024
Monte Mor,2,21.0,664.0,0.0,0.0,0.0,0.0,0.0,13.0,411.0,240.0,0.0,0.0,1.0,1.0,1.0,2024
Monte Mor,2,,,,,,,,,,,,,,,,2024
Monte Mor,2,,,,,,,,,,,,,,,,2024
Monte Mor,2,12.0,174.0,0.0,0.0,0.0,0.0,0.0,5.0,164.0,5.0,0.0,0.0,1.0,1.0,0.0,2024
Monte Mor,2,,,,,,,,,,,,,,,,2024
Monte Mor,2,31.0,1114.0,0.0,331.0,0.0,0.0,8.0,302.0,704.0,100.0,0.0,1.0,1.0,1.0,0.0,2024
Monte Mor,2,20.0,914.0,0.0,0.0,0.0,0.0,0.0,4.0,792.0,118.0,0.0,1.0,1.0,1.0,1.0,2024
Monte Mor,2,50.0,1152.0,0.0,634.0,0.0,0.0,10.0,555.0,531.0,56.0,0.0,1.0,1.0,1.0,0.0,2024
Morro Agudo,2,,,,,,,,,,,,,,,,2024
Morro Agudo,2,26.0,655.0,0.0,155.0,0.0,0.0,0.0,158.0,475.0,22.0,0.0,1.0,1.0,1.0,1.0,2024
Morro Agudo,2,37.0,715.0,0.0,431.0,0.0,0.0,2.0,394.0,222.0,97.0,0.0,1.0,1.0,1.0,1.0,2024
Morro Agudo,2,,,,,,,,,,,,,,,,2024
Morungaba,2,20.0,433.0,0.0,60.0,0.0,0.0,0.0,63.0,346.0,24.0,0.0,0.0,1.0,1.0,0.0,2024
Motuca,2,12.0,143.0,0.0,0.0,0.0,0.0,0.0,4.0,127.0,12.0,0.0,1.0,1.0,1.0,0.0,2024
Murutinga do Sul,2,17.0,248.0,0.0,167.0,0.0,0.0,5.0,156.0,78.0,9.0,0.0,1.0,1.0,1.0,0.0,2024
Nantes,2,20.0,260.0,0.0,173.0,0.0,0.0,1.0,173.0,86.0,0.0,0.0,0.0,1.0,1.0,0.0,2024
Narandiba,2,16.0,207.0,0.0,0.0,0.0,0.0,0.0,1.0,169.0,37.0,0.0,0.0,1.0,1.0,0.0,2024
Narandiba,2,,,,,,,,,,,,,,,,2024
Natividade da Serra,2,12.0,149.0,0.0,68.0,0.0,0.0,2.0,64.0,79.0,4.0,0.0,0.0,0.0,0.0,1.0,2024
Natividade da Serra,2,23.0,350.0,0.0,226.0,0.0,0.0,5.0,216.0,117.0,12.0,0.0,1.0,1.0,1.0,0.0,2024
Natividade da Serra,2,,,,,,,,,,,,,,,,2024
Natividade da Serra,2,13.0,63.0,0.0,40.0,0.0,0.0,0.0,38.0,24.0,1.0,0.0,0.0,1.0,1.0,1.0,2024
Nazaré Paulista,2,34.0,656.0,0.0,263.0,0.0,0.0,0.0,240.0,371.0,45.0,0.0,0.0,1.0,1.0,0.0,2024
Nazaré Paulista,2,13.0,199.0,0.0,124.0,0.0,0.0,1.0,116.0,80.0,2.0,0.0,1.0,1.0,1.0,1.0,2024
Nazaré Paulista,2,12.0,247.0,0.0,149.0,0.0,0.0,1.0,144.0,90.0,12.0,0.0,1.0,1.0,1.0,1.0,2024
Nazaré Paulista,2,15.0,282.0,0.0,282.0,0.0,0.0,0.0,270.0,12.0,0.0,0.0,1.0,1.0,1.0,1.0,2024
Nazaré Paulista,2,23.0,426.0,144.0,160.0,0.0,0.0,136.0,158.0,121.0,11.0,0.0,0.0,1.0,1.0,0.0,2024
Nazaré Paulista,2,9.0,165.0,165.0,0.0,0.0,0.0,160.0,5.0,0.0,0.0,0.0,0.0,1.0,0.0,1.0,2024
Neves Paulista,2,32.0,680.0,0.0,350.0,0.0,0.0,4.0,333.0,308.0,35.0,0.0,1.0,1.0,1.0,0.0,2024
Nhandeara,2,28.0,560.0,0.0,334.0,0.0,0.0,4.0,320.0,222.0,14.0,1.0,1.0,1.0,1.0,1.0,2024
Nhandeara,2,19.0,80.0,45.0,35.0,0.0,0.0,44.0,36.0,0.0,0.0,0.0,0.0,1.0,1.0,0.0,2024
Nipoã,2,20.0,393.0,0.0,247.0,0.0,0.0,5.0,228.0,153.0,7.0,0.0,1.0,1.0,1.0,0.0,2024
Nova Aliança,2,31.0,535.0,0.0,272.0,0.0,0.0,4.0,259.0,247.0,25.0,0.0,1.0,1.0,1.0,1.0,2024
Nova Campina,2,25.0,276.0,0.0,0.0,0.0,0.0,0.0,4.0,236.0,36.0,0.0,1.0,1.0,1.0,1.0,2024
Nova Campina,2,19.0,161.0,0.0,68.0,0.0,0.0,0.0,68.0,81.0,12.0,0.0,1.0,1.0,0.0,1.0,2024
Nova Canaã Paulista,2,16.0,140.0,0.0,77.0,0.0,0.0,0.0,75.0,56.0,9.0,0.0,1.0,1.0,1.0,1.0,2024
Nova Castilho,2,13.0,90.0,0.0,62.0,0.0,0.0,0.0,62.0,28.0,0.0,0.0,1.0,1.0,1.0,0.0,2024
Nova Europa,2,22.0,383.0,0.0,0.0,0.0,0.0,0.0,10.0,303.0,70.0,0.0,1.0,1.0,1.0,1.0,2024
Nova Granada,2,53.0,1183.0,0.0,466.0,0.0,0.0,3.0,453.0,644.0,83.0,0.0,1.0,1.0,1.0,1.0,2024
Nova Granada,2,24.0,416.0,0.0,416.0,0.0,0.0,15.0,384.0,17.0,0.0,0.0,1.0,1.0,1.0,0.0,2024
Nova Granada,2,,,,,,,,,,,0.0,0.0,1.0,0.0,0.0,2024
Nova Guataporanga,2,27.0,195.0,0.0,99.0,0.0,0.0,1.0,92.0,81.0,21.0,0.0,1.0,1.0,1.0,0.0,2024
Nova Independência,2,7.0,89.0,0.0,0.0,0.0,0.0,0.0,0.0,0.0,89.0,0.0,0.0,0.0,0.0,0.0,2024
Nova Independência,2,10.0,164.0,0.0,0.0,0.0,0.0,0.0,5.0,153.0,6.0,0.0,1.0,1.0,1.0,1.0,2024
Novais,2,13.0,151.0,0.0,0.0,0.0,0.0,0.0,5.0,144.0,2.0,0.0,1.0,1.0,1.0,0.0,2024
Nova Luzitânia,2,14.0,226.0,0.0,131.0,0.0,0.0,1.0,126.0,91.0,8.0,0.0,1.0,1.0,1.0,1.0,2024
Nova Odessa,2,35.0,731.0,0.0,463.0,0.0,0.0,4.0,441.0,279.0,7.0,0.0,1.0,1.0,1.0,0.0,2024
Nova Odessa,2,20.0,487.0,0.0,427.0,0.0,0.0,7.0,404.0,73.0,3.0,0.0,0.0,1.0,1.0,0.0,2024
Nova Odessa,2,23.0,523.0,0.0,381.0,0.0,0.0,6.0,360.0,151.0,6.0,0.0,1.0,1.0,1.0,0.0,2024
Nova Odessa,2,52.0,828.0,0.0,0.0,0.0,0.0,0.0,15.0,630.0,183.0,1.0,1.0,1.0,1.0,1.0,2024
Nova Odessa,2,38.0,792.0,0.0,333.0,0.0,0.0,3.0,313.0,443.0,33.0,0.0,1.0,1.0,1.0,1.0,2024
Nova Odessa,2,44.0,614.0,0.0,245.0,0.0,0.0,2.0,240.0,324.0,48.0,0.0,1.0,1.0,1.0,0.0,2024
Nova Odessa,2,40.0,710.0,0.0,427.0,0.0,0.0,10.0,396.0,295.0,9.0,0.0,1.0,1.0,1.0,1.0,2024
Novo Horizonte,2,15.0,279.0,0.0,0.0,0.0,0.0,0.0,5.0,271.0,3.0,0.0,1.0,1.0,1.0,1.0,2024
Novo Horizonte,2,35.0,678.0,0.0,0.0,0.0,0.0,0.0,8.0,602.0,68.0,0.0,1.0,1.0,1.0,1.0,2024
Novo Horizonte,2,16.0,225.0,0.0,144.0,0.0,0.0,4.0,130.0,90.0,1.0,0.0,1.0,1.0,1.0,1.0,2024
Novo Horizonte,2,45.0,582.0,0.0,0.0,0.0,0.0,0.0,6.0,398.0,178.0,1.0,1.0,1.0,0.0,0.0,2024
Novo Horizonte,2,,,,,,,,,,,0.0,0.0,1.0,1.0,1.0,2024
Nuporanga,2,11.0,180.0,0.0,0.0,0.0,0.0,0.0,3.0,166.0,11.0,0.0,1.0,1.0,1.0,0.0,2024
Ocauçu,2,21.0,415.0,0.0,239.0,0.0,0.0,4.0,213.0,184.0,14.0,0.0,1.0,1.0,1.0,0.0,2024
Óleo,2,17.0,230.0,0.0,159.0,0.0,0.0,3.0,147.0,78.0,2.0,0.0,0.0,1.0,1.0,1.0,2024
Olímpia,2,20.0,423.0,0.0,423.0,0.0,0.0,5.0,413.0,5.0,0.0,0.0,1.0,1.0,1.0,1.0,2024
Olímpia,2,35.0,725.0,0.0,496.0,0.0,0.0,5.0,475.0,237.0,8.0,0.0,1.0,1.0,1.0,1.0,2024
Olímpia,2,23.0,464.0,0.0,305.0,0.0,0.0,8.0,288.0,163.0,5.0,0.0,1.0,1.0,1.0,1.0,2024
Olímpia,2,46.0,1174.0,0.0,402.0,0.0,0.0,6.0,379.0,692.0,97.0,0.0,0.0,1.0,1.0,0.0,2024
Olímpia,2,31.0,574.0,0.0,302.0,0.0,0.0,3.0,289.0,267.0,15.0,0.0,0.0,1.0,1.0,1.0,2024
Olímpia,2,21.0,459.0,0.0,316.0,0.0,0.0,5.0,312.0,141.0,1.0,0.0,0.0,1.0,1.0,1.0,2024
Olímpia,2,,,,,,,,,,,0.0,0.0,1.0,1.0,1.0,2024
Olímpia,2,30.0,617.0,0.0,0.0,0.0,0.0,0.0,10.0,489.0,118.0,1.0,1.0,1.0,0.0,0.0,2024
Olímpia,2,11.0,168.0,0.0,168.0,0.0,0.0,1.0,160.0,7.0,0.0,0.0,1.0,1.0,1.0,1.0,2024
Olímpia,2,13.0,124.0,0.0,79.0,0.0,0.0,0.0,77.0,47.0,0.0,0.0,1.0,1.0,1.0,0.0,2024
Olímpia,2,14.0,213.0,0.0,144.0,0.0,0.0,2.0,142.0,66.0,3.0,0.0,0.0,1.0,1.0,0.0,2024
Onda Verde,2,26.0,454.0,0.0,281.0,0.0,0.0,2.0,267.0,179.0,6.0,0.0,1.0,1.0,1.0,1.0,2024
Oriente,2,29.0,381.0,0.0,225.0,0.0,0.0,5.0,219.0,144.0,13.0,0.0,1.0,1.0,1.0,0.0,2024
Orindiúva,2,12.0,208.0,0.0,0.0,0.0,0.0,0.0,2.0,194.0,12.0,0.0,1.0,1.0,1.0,0.0,2024
Orlândia,2,32.0,653.0,0.0,0.0,0.0,0.0,0.0,12.0,531.0,110.0,0.0,1.0,1.0,1.0,1.0,2024
Orlândia,2,52.0,956.0,0.0,0.0,0.0,0.0,0.0,10.0,727.0,219.0,1.0,1.0,1.0,1.0,0.0,2024
Orlândia,2,,,,,,,,,,,,,,,,2024
Osasco,2,3.0,2424.0,0.0,0.0,0.0,0.0,0.0,0.0,0.0,2424.0,0.0,1.0,1.0,1.0,1.0,2024
Osasco,2,,,,,,,,,,,0.0,0.0,1.0,0.0,0.0,2024
Osasco,2,,,,,,,,,,,,,,,,2024
Osasco,2,47.0,904.0,0.0,391.0,0.0,0.0,2.0,347.0,369.0,186.0,0.0,1.0,1.0,1.0,0.0,2024
Osasco,2,66.0,1765.0,0.0,732.0,0.0,0.0,2.0,680.0,983.0,100.0,0.0,1.0,1.0,1.0,1.0,2024
Osasco,2,36.0,762.0,0.0,541.0,0.0,0.0,0.0,515.0,242.0,5.0,0.0,1.0,1.0,1.0,0.0,2024
Osasco,2,34.0,663.0,0.0,471.0,0.0,0.0,1.0,432.0,220.0,10.0,0.0,1.0,1.0,1.0,0.0,2024
Osasco,2,36.0,717.0,0.0,537.0,0.0,0.0,0.0,510.0,198.0,9.0,0.0,1.0,1.0,1.0,1.0,2024
Osasco,2,63.0,1715.0,0.0,557.0,0.0,0.0,1.0,530.0,1071.0,113.0,0.0,0.0,1.0,1.0,1.0,2024
Osasco,2,26.0,527.0,0.0,527.0,0.0,0.0,1.0,508.0,18.0,0.0,0.0,1.0,1.0,1.0,0.0,2024
Osasco,2,22.0,408.0,0.0,297.0,0.0,0.0,3.0,285.0,111.0,9.0,0.0,1.0,1.0,1.0,0.0,2024
Osasco,2,42.0,808.0,0.0,449.0,0.0,0.0,0.0,411.0,378.0,19.0,0.0,0.0,1.0,1.0,1.0,2024
Osasco,2,25.0,385.0,0.0,0.0,0.0,0.0,0.0,3.0,365.0,17.0,0.0,1.0,1.0,1.0,1.0,2024
Osasco,2,78.0,2436.0,0.0,1165.0,0.0,0.0,2.0,1061.0,1176.0,197.0,0.0,1.0,1.0,1.0,0.0,2024
Osasco,2,20.0,432.0,0.0,432.0,0.0,0.0,0.0,410.0,22.0,0.0,0.0,1.0,1.0,1.0,1.0,2024
Osasco,2,64.0,1430.0,0.0,548.0,0.0,0.0,0.0,514.0,817.0,99.0,0.0,1.0,1.0,1.0,0.0,2024
Osasco,2,67.0,2234.0,0.0,689.0,0.0,0.0,3.0,629.0,1324.0,278.0,0.0,1.0,1.0,1.0,0.0,2024
Osasco,2,30.0,694.0,0.0,423.0,0.0,0.0,0.0,396.0,280.0,18.0,0.0,1.0,1.0,1.0,0.0,2024
Osasco,2,42.0,858.0,0.0,492.0,0.0,0.0,2.0,446.0,385.0,25.0,0.0,1.0,1.0,1.0,1.0,2024
Osasco,2,25.0,482.0,0.0,345.0,0.0,0.0,0.0,325.0,148.0,9.0,0.0,1.0,1.0,1.0,1.0,2024
Osasco,2,75.0,2243.0,0.0,971.0,0.0,0.0,1.0,901.0,1239.0,102.0,0.0,0.0,1.0,1.0,1.0,2024
Osasco,2,29.0,436.0,0.0,287.0,0.0,0.0,1.0,266.0,158.0,11.0,0.0,1.0,1.0,1.0,1.0,2024
Osasco,2,31.0,612.0,0.0,405.0,0.0,0.0,2.0,382.0,219.0,9.0,0.0,1.0,1.0,1.0,0.0,2024
Osasco,2,62.0,1306.0,0.0,604.0,0.0,0.0,1.0,541.0,680.0,84.0,0.0,0.0,1.0,1.0,1.0,2024
Osasco,2,,,,,,,,,,,,,,,,2024
Osasco,2,74.0,2436.0,0.0,805.0,0.0,0.0,2.0,772.0,1535.0,127.0,0.0,1.0,1.0,1.0,1.0,2024
Osasco,2,25.0,337.0,0.0,75.0,0.0,0.0,1.0,74.0,253.0,9.0,0.0,1.0,1.0,1.0,0.0,2024
Osasco,2,45.0,897.0,0.0,558.0,0.0,0.0,2.0,539.0,329.0,27.0,0.0,1.0,1.0,1.0,1.0,2024
Osasco,2,24.0,538.0,0.0,408.0,0.0,0.0,0.0,390.0,140.0,8.0,0.0,0.0,1.0,1.0,0.0,2024
Osasco,2,81.0,1743.0,0.0,506.0,0.0,0.0,0.0,470.0,1145.0,128.0,0.0,1.0,1.0,1.0,1.0,2024
Osasco,2,32.0,496.0,0.0,354.0,0.0,0.0,1.0,333.0,150.0,12.0,0.0,0.0,1.0,1.0,1.0,2024
Osasco,2,71.0,2177.0,0.0,806.0,0.0,0.0,1.0,756.0,1296.0,124.0,0.0,0.0,1.0,1.0,0.0,2024
Osasco,2,20.0,428.0,0.0,428.0,0.0,0.0,3.0,411.0,14.0,0.0,0.0,1.0,1.0,1.0,1.0,2024
Osasco,2,20.0,441.0,0.0,0.0,0.0,0.0,0.0,3.0,423.0,15.0,0.0,1.0,1.0,1.0,1.0,2024
Osasco,2,34.0,809.0,0.0,521.0,0.0,0.0,0.0,498.0,289.0,22.0,0.0,1.0,1.0,1.0,1.0,2024
Osasco,2,20.0,290.0,0.0,290.0,0.0,0.0,0.0,276.0,14.0,0.0,0.0,1.0,1.0,1.0,0.0,2024
Osasco,2,66.0,1627.0,0.0,654.0,0.0,0.0,2.0,587.0,825.0,213.0,0.0,1.0,1.0,1.0,1.0,2024
Osasco,2,27.0,491.0,0.0,491.0,0.0,0.0,0.0,469.0,22.0,0.0,0.0,1.0,1.0,1.0,0.0,2024
Osasco,2,49.0,846.0,0.0,280.0,0.0,0.0,1.0,260.0,295.0,290.0,0.0,0.0,1.0,1.0,1.0,2024
Osasco,2,67.0,2096.0,0.0,828.0,0.0,0.0,2.0,779.0,1205.0,110.0,0.0,1.0,1.0,1.0,1.0,2024
Osasco,2,54.0,1587.0,0.0,769.0,0.0,0.0,3.0,710.0,812.0,62.0,0.0,1.0,1.0,1.0,0.0,2024
Osasco,2,25.0,592.0,0.0,439.0,0.0,0.0,0.0,416.0,165.0,11.0,0.0,1.0,1.0,1.0,0.0,2024
Osasco,2,30.0,669.0,0.0,489.0,0.0,0.0,1.0,457.0,199.0,12.0,0.0,1.0,1.0,1.0,1.0,2024
Osasco,2,53.0,1579.0,0.0,785.0,0.0,0.0,2.0,720.0,730.0,127.0,0.0,1.0,1.0,1.0,1.0,2024
Osasco,2,52.0,1120.0,0.0,0.0,0.0,0.0,0.0,5.0,692.0,423.0,1.0,1.0,1.0,1.0,1.0,2024
Osasco,2,6.0,47.0,0.0,17.0,0.0,0.0,0.0,0.0,33.0,14.0,0.0,0.0,0.0,0.0,0.0,2024
Osasco,2,,,,,,,,,,,,,,,,2024
Osasco,2,,,,,,,,,,,,,,,,2024
Osasco,2,,,,,,,,,,,,,,,,2024
Osasco,2,9.0,52.0,0.0,30.0,0.0,0.0,0.0,5.0,41.0,6.0,0.0,0.0,0.0,0.0,0.0,2024
Osasco,2,61.0,901.0,0.0,0.0,0.0,0.0,0.0,12.0,617.0,272.0,1.0,1.0,1.0,0.0,1.0,2024
Osasco,2,,,,,,,,,,,,,,,,2024
Osasco,2,,,,,,,,,,,,,,,,2024
Osasco,2,,,,,,,,,,,,,,,,2024
Osasco,2,,,,,,,,,,,,,,,,2024
Osasco,2,,,,,,,,,,,,,,,,2024
Osasco,2,49.0,1275.0,0.0,625.0,0.0,0.0,2.0,559.0,620.0,94.0,0.0,1.0,1.0,1.0,0.0,2024
Osasco,2,47.0,1002.0,0.0,631.0,0.0,0.0,0.0,569.0,411.0,22.0,0.0,1.0,1.0,1.0,1.0,2024
Osasco,2,69.0,1961.0,0.0,941.0,0.0,0.0,0.0,876.0,990.0,95.0,0.0,1.0,1.0,1.0,1.0,2024
Osasco,2,70.0,2192.0,0.0,732.0,0.0,0.0,1.0,699.0,1297.0,195.0,0.0,1.0,1.0,1.0,1.0,2024
Osasco,2,50.0,867.0,0.0,867.0,0.0,0.0,3.0,813.0,51.0,0.0,0.0,0.0,1.0,1.0,1.0,2024
Osasco,2,24.0,501.0,0.0,379.0,0.0,0.0,1.0,351.0,142.0,7.0,0.0,1.0,1.0,1.0,1.0,2024
Osasco,2,36.0,810.0,0.0,640.0,0.0,0.0,0.0,610.0,186.0,14.0,0.0,1.0,1.0,1.0,1.0,2024
Osasco,2,25.0,514.0,0.0,391.0,0.0,0.0,0.0,358.0,145.0,11.0,0.0,1.0,1.0,1.0,1.0,2024
Osasco,2,24.0,341.0,0.0,275.0,0.0,0.0,1.0,262.0,73.0,5.0,0.0,1.0,1.0,1.0,1.0,2024
Osasco,2,59.0,1874.0,0.0,597.0,0.0,0.0,0.0,542.0,1192.0,140.0,0.0,1.0,1.0,1.0,1.0,2024
Osasco,2,37.0,859.0,0.0,599.0,0.0,0.0,5.0,547.0,288.0,19.0,0.0,1.0,1.0,1.0,1.0,2024
Osasco,2,,,,,,,,,,,0.0,0.0,1.0,0.0,0.0,2024
Oscar Bressane,2,9.0,62.0,0.0,0.0,0.0,0.0,0.0,1.0,60.0,1.0,0.0,1.0,1.0,1.0,0.0,2024
Osvaldo Cruz,2,18.0,312.0,0.0,223.0,0.0,0.0,5.0,208.0,96.0,3.0,0.0,1.0,1.0,1.0,0.0,2024
Osvaldo Cruz,2,18.0,289.0,0.0,217.0,0.0,0.0,3.0,218.0,65.0,3.0,0.0,1.0,1.0,1.0,1.0,2024
Osvaldo Cruz,2,31.0,563.0,0.0,270.0,0.0,0.0,6.0,265.0,253.0,39.0,0.0,1.0,1.0,1.0,0.0,2024
Osvaldo Cruz,2,12.0,73.0,0.0,0.0,0.0,0.0,0.0,0.0,0.0,73.0,0.0,0.0,0.0,0.0,0.0,2024
Osvaldo Cruz,2,7.0,46.0,0.0,0.0,0.0,0.0,0.0,0.0,0.0,46.0,0.0,0.0,0.0,0.0,0.0,2024
Osvaldo Cruz,2,63.0,1035.0,0.0,0.0,0.0,0.0,0.0,15.0,694.0,326.0,0.0,1.0,1.0,1.0,0.0,2024
Osvaldo Cruz,2,22.0,366.0,0.0,256.0,0.0,0.0,5.0,255.0,106.0,0.0,0.0,1.0,1.0,1.0,1.0,2024
Osvaldo Cruz,2,,,,,,,,,,,0.0,1.0,1.0,1.0,1.0,2024
Ourinhos,2,33.0,829.0,0.0,342.0,0.0,0.0,5.0,324.0,474.0,26.0,0.0,1.0,1.0,1.0,1.0,2024
Ourinhos,2,29.0,524.0,0.0,0.0,0.0,0.0,0.0,7.0,420.0,97.0,0.0,1.0,1.0,1.0,1.0,2024
Ourinhos,2,84.0,1361.0,0.0,0.0,0.0,0.0,0.0,17.0,798.0,546.0,1.0,1.0,1.0,1.0,0.0,2024
Ourinhos,2,20.0,287.0,0.0,221.0,0.0,0.0,6.0,207.0,70.0,4.0,0.0,1.0,1.0,1.0,0.0,2024
Ourinhos,2,19.0,277.0,0.0,230.0,0.0,0.0,4.0,218.0,54.0,1.0,0.0,1.0,1.0,1.0,0.0,2024
Ourinhos,2,33.0,441.0,0.0,164.0,0.0,0.0,5.0,150.0,230.0,56.0,0.0,1.0,1.0,1.0,0.0,2024
Ourinhos,2,20.0,304.0,0.0,241.0,0.0,0.0,3.0,233.0,65.0,3.0,0.0,1.0,1.0,1.0,0.0,2024
Ourinhos,2,29.0,67.0,20.0,18.0,0.0,0.0,20.0,18.0,29.0,0.0,0.0,1.0,1.0,1.0,0.0,2024
Ourinhos,2,20.0,246.0,98.0,148.0,0.0,0.0,97.0,144.0,5.0,0.0,0.0,1.0,1.0,1.0,0.0,2024
Ourinhos,2,36.0,624.0,167.0,457.0,0.0,0.0,168.0,436.0,20.0,0.0,0.0,1.0,1.0,1.0,1.0,2024
Ourinhos,2,21.0,401.0,0.0,280.0,0.0,0.0,6.0,269.0,120.0,6.0,1.0,1.0,1.0,1.0,1.0,2024
Ourinhos,2,,,,,,,,,,,0.0,1.0,1.0,1.0,1.0,2024
Ourinhos,2,5.0,54.0,0.0,0.0,0.0,0.0,0.0,0.0,0.0,54.0,0.0,0.0,0.0,0.0,0.0,2024
Ourinhos,2,29.0,370.0,0.0,0.0,0.0,0.0,0.0,9.0,311.0,50.0,0.0,1.0,1.0,1.0,1.0,2024
Ourinhos,2,17.0,217.0,0.0,174.0,0.0,0.0,2.0,164.0,46.0,5.0,0.0,1.0,1.0,1.0,1.0,2024
Ourinhos,2,43.0,882.0,0.0,256.0,0.0,0.0,5.0,253.0,587.0,37.0,0.0,1.0,1.0,1.0,0.0,2024
Ourinhos,2,42.0,718.0,108.0,311.0,0.0,0.0,114.0,307.0,273.0,24.0,0.0,1.0,1.0,1.0,1.0,2024
Ouroeste,2,,,,,,,,,,,,,,,,2024
Ouroeste,2,40.0,703.0,0.0,430.0,0.0,0.0,11.0,409.0,246.0,37.0,0.0,0.0,1.0,1.0,1.0,2024
Ouroeste,2,,,,,,,,,,,,,,,,2024
Ouro Verde,2,22.0,329.0,0.0,0.0,0.0,0.0,0.0,0.0,284.0,45.0,1.0,1.0,1.0,1.0,0.0,2024
Pacaembu,2,8.0,77.0,0.0,0.0,0.0,0.0,0.0,0.0,0.0,77.0,0.0,0.0,1.0,0.0,0.0,2024
Pacaembu,2,9.0,51.0,0.0,0.0,0.0,0.0,0.0,0.0,0.0,51.0,0.0,0.0,1.0,0.0,0.0,2024
Pacaembu,2,40.0,653.0,0.0,350.0,0.0,0.0,4.0,347.0,258.0,44.0,0.0,1.0,1.0,1.0,1.0,2024
Pacaembu,2,11.0,133.0,0.0,0.0,0.0,0.0,0.0,0.0,0.0,133.0,0.0,0.0,1.0,0.0,0.0,2024
Pacaembu,2,9.0,50.0,0.0,0.0,0.0,0.0,0.0,0.0,0.0,50.0,1.0,0.0,1.0,0.0,0.0,2024
Palestina,2,20.0,318.0,0.0,0.0,0.0,0.0,0.0,6.0,296.0,16.0,0.0,0.0,1.0,1.0,0.0,2024
Palmares Paulista,2,38.0,559.0,0.0,210.0,0.0,0.0,4.0,199.0,310.0,46.0,0.0,1.0,1.0,1.0,1.0,2024
Palmares Paulista,2,15.0,280.0,0.0,280.0,0.0,0.0,2.0,273.0,5.0,0.0,0.0,1.0,1.0,1.0,1.0,2024
Palmeira d'Oeste,2,27.0,460.0,0.0,274.0,0.0,0.0,5.0,263.0,187.0,5.0,0.0,1.0,1.0,1.0,0.0,2024
Palmeira d'Oeste,2,,,,,,,,,,,,,,,,2024
Palmital,2,22.0,362.0,0.0,280.0,0.0,0.0,5.0,262.0,93.0,2.0,0.0,1.0,1.0,1.0,1.0,2024
Palmital,2,24.0,398.0,0.0,234.0,0.0,0.0,3.0,226.0,163.0,6.0,0.0,1.0,1.0,1.0,1.0,2024
Palmital,2,32.0,571.0,0.0,293.0,0.0,0.0,2.0,284.0,169.0,116.0,0.0,1.0,1.0,1.0,1.0,2024
Palmital,2,29.0,412.0,0.0,0.0,0.0,0.0,0.0,11.0,287.0,114.0,1.0,1.0,1.0,1.0,1.0,2024
Palmital,2,,,,,,,,,,,0.0,0.0,1.0,0.0,1.0,2024
Panorama,2,31.0,617.0,0.0,368.0,0.0,0.0,4.0,337.0,205.0,71.0,0.0,1.0,1.0,1.0,0.0,2024
Panorama,2,23.0,496.0,0.0,336.0,0.0,0.0,7.0,313.0,168.0,8.0,0.0,1.0,1.0,1.0,1.0,2024
Paraguaçu Paulista,2,34.0,570.0,0.0,0.0,0.0,0.0,0.0,3.0,371.0,196.0,1.0,1.0,1.0,1.0,1.0,2024
Paraguaçu Paulista,2,46.0,747.0,0.0,185.0,0.0,0.0,0.0,178.0,508.0,61.0,0.0,0.0,1.0,1.0,1.0,2024
Paraguaçu Paulista,2,30.0,443.0,0.0,190.0,0.0,0.0,0.0,186.0,239.0,18.0,0.0,0.0,1.0,1.0,0.0,2024
Paraguaçu Paulista,2,26.0,281.0,0.0,102.0,0.0,0.0,0.0,99.0,171.0,11.0,0.0,1.0,1.0,1.0,0.0,2024
Paraguaçu Paulista,2,7.0,78.0,0.0,0.0,0.0,0.0,0.0,0.0,0.0,78.0,0.0,0.0,0.0,0.0,0.0,2024
Paraguaçu Paulista,2,,,,,,,,,,,0.0,1.0,1.0,0.0,1.0,2024
Paraibuna,2,33.0,725.0,0.0,355.0,0.0,0.0,2.0,321.0,304.0,98.0,0.0,1.0,1.0,1.0,0.0,2024
Paraibuna,2,32.0,625.0,0.0,401.0,0.0,0.0,11.0,372.0,227.0,15.0,0.0,0.0,1.0,1.0,1.0,2024
Paraibuna,2,12.0,139.0,0.0,86.0,0.0,0.0,2.0,79.0,54.0,4.0,0.0,1.0,1.0,0.0,0.0,2024
Paraibuna,2,,,,,,,,,,,,,,,,2024
Paraibuna,2,,,,,,,,,,,,,,,,2024
Paraibuna,2,,,,,,,,,,,,,,,,2024
Paraibuna,2,,,,,,,,,,,,,,,,2024
Paraibuna,2,,,,,,,,,,,,,,,,2024
Paraibuna,2,,,,,,,,,,,,,,,,2024
Paraibuna,2,13.0,135.0,0.0,103.0,0.0,0.0,5.0,87.0,43.0,0.0,0.0,0.0,1.0,1.0,0.0,2024
Paraíso,2,11.0,129.0,0.0,0.0,0.0,0.0,0.0,1.0,124.0,4.0,0.0,1.0,1.0,1.0,0.0,2024
Paranapanema,2,21.0,382.0,0.0,0.0,0.0,0.0,0.0,7.0,321.0,54.0,0.0,1.0,1.0,1.0,1.0,2024
Paranapanema,2,22.0,364.0,0.0,0.0,0.0,0.0,0.0,6.0,318.0,40.0,0.0,1.0,1.0,1.0,1.0,2024
Paranapuã,2,18.0,269.0,0.0,188.0,0.0,0.0,2.0,179.0,86.0,2.0,1.0,1.0,1.0,1.0,1.0,2024
Parapuã,2,25.0,463.0,0.0,151.0,0.0,0.0,1.0,144.0,286.0,32.0,0.0,0.0,1.0,1.0,0.0,2024
Parapuã,2,15.0,246.0,0.0,246.0,0.0,0.0,4.0,237.0,5.0,0.0,0.0,1.0,1.0,1.0,1.0,2024
Pardinho,2,20.0,286.0,0.0,0.0,0.0,0.0,0.0,3.0,259.0,24.0,0.0,1.0,1.0,1.0,0.0,2024
Pardinho,2,,,,,,,,,,,,,,,,2024
Pariquera-Açu,2,19.0,297.0,0.0,141.0,0.0,0.0,0.0,136.0,155.0,6.0,0.0,0.0,1.0,1.0,0.0,2024
Pariquera-Açu,2,17.0,226.0,0.0,0.0,0.0,0.0,0.0,8.0,212.0,6.0,0.0,1.0,1.0,1.0,0.0,2024
Pariquera-Açu,2,23.0,502.0,0.0,239.0,0.0,0.0,4.0,221.0,257.0,20.0,0.0,1.0,1.0,1.0,0.0,2024
Pariquera-Açu,2,,,,,,,,,,,,,,,,2024
Pariquera-Açu,2,6.0,40.0,12.0,9.0,0.0,3.0,13.0,9.0,8.0,7.0,0.0,0.0,0.0,0.0,0.0,2024
Pariquera-Açu,2,4.0,21.0,6.0,6.0,0.0,0.0,6.0,5.0,1.0,9.0,0.0,0.0,0.0,0.0,0.0,2024
Pariquera-Açu,2,25.0,617.0,0.0,579.0,0.0,0.0,8.0,548.0,55.0,6.0,0.0,1.0,1.0,1.0,0.0,2024
Parisi,2,13.0,196.0,0.0,129.0,0.0,0.0,1.0,123.0,69.0,3.0,0.0,0.0,1.0,1.0,1.0,2024
Patrocínio Paulista,2,53.0,1259.0,0.0,742.0,0.0,0.0,17.0,662.0,518.0,62.0,0.0,1.0,1.0,1.0,1.0,2024
Paulicéia,2,42.0,782.0,0.0,442.0,0.0,0.0,6.0,424.0,277.0,75.0,0.0,0.0,1.0,1.0,1.0,2024
Paulínia,2,25.0,546.0,0.0,546.0,0.0,0.0,0.0,501.0,45.0,0.0,0.0,1.0,1.0,1.0,1.0,2024
Paulínia,2,38.0,1148.0,0.0,0.0,0.0,0.0,0.0,3.0,1004.0,141.0,0.0,1.0,1.0,1.0,0.0,2024
Paulínia,2,32.0,785.0,0.0,523.0,0.0,0.0,4.0,483.0,283.0,15.0,0.0,1.0,1.0,1.0,1.0,2024
Paulínia,2,56.0,1886.0,0.0,563.0,0.0,0.0,1.0,499.0,1172.0,214.0,0.0,1.0,1.0,1.0,0.0,2024
Paulínia,2,22.0,403.0,0.0,0.0,0.0,0.0,0.0,5.0,368.0,30.0,0.0,1.0,1.0,1.0,1.0,2024
Paulínia,2,32.0,797.0,0.0,447.0,0.0,0.0,2.0,418.0,349.0,28.0,0.0,1.0,1.0,1.0,1.0,2024
Paulistânia,2,12.0,138.0,0.0,102.0,0.0,0.0,2.0,98.0,37.0,1.0,0.0,0.0,1.0,1.0,1.0,2024
Paulo de Faria,2,10.0,87.0,0.0,0.0,0.0,0.0,0.0,0.0,0.0,87.0,0.0,0.0,0.0,0.0,0.0,2024
Paulo de Faria,2,13.0,207.0,0.0,0.0,0.0,0.0,0.0,0.0,181.0,26.0,0.0,1.0,1.0,1.0,1.0,2024
Pederneiras,2,28.0,520.0,0.0,219.0,0.0,0.0,2.0,212.0,277.0,29.0,0.0,1.0,1.0,1.0,1.0,2024
Pederneiras,2,37.0,851.0,0.0,301.0,0.0,0.0,5.0,273.0,532.0,41.0,0.0,1.0,1.0,1.0,0.0,2024
Pederneiras,2,15.0,274.0,0.0,179.0,0.0,0.0,3.0,176.0,93.0,2.0,0.0,1.0,1.0,1.0,0.0,2024
Pederneiras,2,14.0,238.0,0.0,238.0,0.0,0.0,5.0,222.0,11.0,0.0,0.0,1.0,1.0,1.0,0.0,2024
Pederneiras,2,,,,,,,,,,,,,,,,2024
Pederneiras,2,18.0,310.0,0.0,255.0,0.0,0.0,9.0,242.0,57.0,2.0,0.0,1.0,1.0,1.0,1.0,2024
Pederneiras,2,44.0,1040.0,0.0,372.0,0.0,0.0,5.0,317.0,607.0,111.0,0.0,1.0,1.0,1.0,0.0,2024
Pederneiras,2,15.0,179.0,0.0,136.0,0.0,0.0,2.0,122.0,55.0,0.0,0.0,1.0,1.0,1.0,1.0,2024
Pederneiras,2,14.0,130.0,0.0,89.0,0.0,0.0,0.0,81.0,47.0,2.0,0.0,1.0,1.0,1.0,0.0,2024
Pederneiras,2,7.0,96.0,0.0,96.0,0.0,0.0,3.0,89.0,4.0,0.0,0.0,1.0,1.0,1.0,0.0,2024
Pedra Bela,2,11.0,165.0,0.0,0.0,0.0,0.0,0.0,3.0,144.0,18.0,0.0,1.0,1.0,1.0,0.0,2024
Pedranópolis,2,13.0,175.0,0.0,108.0,0.0,0.0,1.0,107.0,66.0,1.0,0.0,1.0,1.0,1.0,1.0,2024
Pedregulho,2,21.0,405.0,0.0,405.0,0.0,0.0,0.0,376.0,29.0,0.0,0.0,1.0,1.0,1.0,0.0,2024
Pedregulho,2,28.0,632.0,0.0,109.0,0.0,0.0,1.0,80.0,489.0,62.0,0.0,1.0,1.0,1.0,0.0,2024
Pedregulho,2,13.0,100.0,0.0,79.0,0.0,0.0,0.0,73.0,22.0,5.0,0.0,1.0,1.0,0.0,1.0,2024
Pedregulho,2,,,,,,,,,,,,,,,,2024
Pedregulho,2,,,,,,,,,,,,,,,,2024
Pedregulho,2,,,,,,,,,,,,,,,,2024
Pedregulho,2,18.0,284.0,0.0,209.0,0.0,0.0,0.0,188.0,91.0,5.0,0.0,0.0,1.0,1.0,1.0,2024
Pedreira,2,37.0,411.0,0.0,226.0,0.0,0.0,10.0,210.0,135.0,56.0,0.0,0.0,1.0,1.0,1.0,2024
Pedreira,2,59.0,1333.0,0.0,517.0,0.0,0.0,5.0,509.0,799.0,20.0,0.0,0.0,1.0,1.0,0.0,2024
Pedreira,2,51.0,1048.0,0.0,478.0,0.0,0.0,11.0,470.0,545.0,22.0,0.0,1.0,1.0,1.0,0.0,2024
Pedreira,2,14.0,271.0,0.0,271.0,0.0,0.0,6.0,260.0,5.0,0.0,0.0,1.0,1.0,1.0,1.0,2024
Pedreira,2,17.0,214.0,0.0,167.0,0.0,0.0,3.0,159.0,51.0,1.0,0.0,1.0,1.0,1.0,1.0,2024
Pedrinhas Paulista,2,17.0,200.0,0.0,135.0,0.0,0.0,4.0,133.0,63.0,0.0,0.0,0.0,1.0,1.0,1.0,2024
Pedro de Toledo,2,30.0,570.0,0.0,396.0,0.0,0.0,9.0,388.0,163.0,10.0,0.0,0.0,1.0,1.0,0.0,2024
Pedro de Toledo,2,21.0,310.0,0.0,166.0,0.0,0.0,0.0,162.0,139.0,9.0,0.0,1.0,1.0,1.0,1.0,2024
Penápolis,2,21.0,310.0,310.0,0.0,0.0,0.0,300.0,10.0,0.0,0.0,0.0,1.0,1.0,1.0,1.0,2024
Penápolis,2,25.0,433.0,0.0,331.0,0.0,0.0,1.0,318.0,106.0,8.0,0.0,1.0,1.0,1.0,1.0,2024
Penápolis,2,45.0,599.0,0.0,319.0,0.0,0.0,0.0,283.0,299.0,17.0,0.0,1.0,1.0,1.0,1.0,2024
Penápolis,2,26.0,414.0,0.0,0.0,0.0,0.0,0.0,1.0,328.0,85.0,1.0,1.0,1.0,1.0,1.0,2024
Penápolis,2,33.0,511.0,0.0,346.0,0.0,0.0,1.0,317.0,187.0,6.0,0.0,1.0,1.0,1.0,1.0,2024
Penápolis,2,21.0,324.0,324.0,0.0,0.0,0.0,313.0,11.0,0.0,0.0,0.0,1.0,1.0,1.0,1.0,2024
Penápolis,2,31.0,563.0,0.0,324.0,0.0,0.0,0.0,293.0,260.0,10.0,0.0,1.0,1.0,1.0,0.0,2024
Penápolis,2,,,,,,,,,,,0.0,0.0,1.0,0.0,0.0,2024
Penápolis,2,2.0,562.0,0.0,0.0,0.0,0.0,0.0,0.0,0.0,562.0,0.0,0.0,1.0,0.0,0.0,2024
Penápolis,2,23.0,387.0,0.0,258.0,0.0,0.0,1.0,234.0,127.0,25.0,0.0,1.0,1.0,1.0,1.0,2024
Penápolis,2,36.0,641.0,0.0,377.0,0.0,0.0,0.0,335.0,293.0,13.0,0.0,1.0,1.0,1.0,0.0,2024
Penápolis,2,24.0,544.0,0.0,156.0,0.0,0.0,0.0,133.0,380.0,31.0,0.0,0.0,1.0,1.0,1.0,2024
Pereira Barreto,2,33.0,662.0,0.0,364.0,0.0,0.0,12.0,335.0,299.0,16.0,0.0,1.0,1.0,1.0,1.0,2024
Pereira Barreto,2,33.0,659.0,0.0,419.0,0.0,0.0,6.0,391.0,190.0,72.0,0.0,0.0,1.0,1.0,1.0,2024
Pereira Barreto,2,27.0,605.0,0.0,346.0,0.0,0.0,7.0,321.0,255.0,22.0,0.0,1.0,1.0,1.0,1.0,2024
Pereiras,2,29.0,789.0,0.0,396.0,0.0,0.0,6.0,371.0,388.0,24.0,0.0,1.0,1.0,1.0,0.0,2024
Peruíbe,2,2.0,550.0,0.0,0.0,0.0,0.0,0.0,0.0,0.0,550.0,0.0,0.0,1.0,0.0,0.0,2024
Peruíbe,2,46.0,819.0,0.0,546.0,0.0,0.0,2.0,488.0,314.0,15.0,0.0,1.0,1.0,0.0,0.0,2024
Peruíbe,2,27.0,475.0,0.0,273.0,0.0,0.0,1.0,244.0,214.0,16.0,0.0,1.0,1.0,1.0,1.0,2024
Peruíbe,2,57.0,957.0,0.0,273.0,0.0,0.0,0.0,238.0,557.0,162.0,0.0,1.0,1.0,1.0,1.0,2024
Peruíbe,2,15.0,308.0,0.0,0.0,0.0,0.0,0.0,1.0,291.0,16.0,0.0,1.0,1.0,1.0,1.0,2024
Peruíbe,2,50.0,1216.0,0.0,629.0,0.0,0.0,2.0,536.0,576.0,102.0,0.0,1.0,1.0,0.0,1.0,2024
Peruíbe,2,33.0,706.0,0.0,450.0,0.0,0.0,0.0,401.0,289.0,16.0,0.0,1.0,1.0,1.0,1.0,2024
Peruíbe,2,6.0,26.0,0.0,8.0,0.0,0.0,0.0,1.0,15.0,10.0,0.0,0.0,0.0,0.0,0.0,2024
Peruíbe,2,,,,,,,,,,,,,,,,2024
Peruíbe,2,,,,,,,,,,,,,,,,2024
Peruíbe,2,13.0,38.0,17.0,14.0,0.0,6.0,18.0,12.0,2.0,0.0,0.0,0.0,0.0,0.0,0.0,2024
Peruíbe,2,30.0,606.0,0.0,0.0,0.0,0.0,0.0,6.0,368.0,232.0,1.0,1.0,1.0,1.0,1.0,2024
Peruíbe,2,4.0,7.0,5.0,1.0,0.0,0.0,6.0,1.0,0.0,0.0,0.0,0.0,1.0,0.0,0.0,2024
Peruíbe,2,12.0,40.0,20.0,11.0,0.0,7.0,22.0,9.0,2.0,0.0,0.0,0.0,0.0,0.0,0.0,2024
Peruíbe,2,41.0,702.0,0.0,433.0,0.0,0.0,1.0,394.0,285.0,22.0,0.0,1.0,1.0,1.0,1.0,2024
Peruíbe,2,26.0,590.0,0.0,379.0,0.0,0.0,0.0,350.0,229.0,11.0,0.0,0.0,1.0,1.0,0.0,2024
Peruíbe,2,26.0,485.0,0.0,485.0,0.0,0.0,2.0,439.0,44.0,0.0,0.0,1.0,1.0,1.0,0.0,2024
Piacatu,2,29.0,510.0,0.0,250.0,0.0,0.0,0.0,233.0,243.0,34.0,0.0,1.0,1.0,1.0,1.0,2024
Piedade,2,21.0,394.0,0.0,369.0,0.0,0.0,5.0,363.0,26.0,0.0,0.0,1.0,1.0,1.0,1.0,2024
Piedade,2,47.0,1038.0,0.0,374.0,0.0,0.0,9.0,354.0,626.0,49.0,0.0,0.0,1.0,1.0,0.0,2024
Piedade,2,20.0,388.0,0.0,273.0,0.0,0.0,4.0,268.0,113.0,3.0,0.0,1.0,1.0,1.0,1.0,2024
Piedade,2,26.0,572.0,0.0,377.0,0.0,0.0,7.0,364.0,198.0,3.0,0.0,0.0,1.0,1.0,0.0,2024
Piedade,2,14.0,204.0,0.0,123.0,0.0,0.0,3.0,115.0,84.0,2.0,0.0,0.0,1.0,1.0,0.0,2024
Piedade,2,20.0,475.0,0.0,296.0,0.0,0.0,5.0,292.0,174.0,4.0,0.0,0.0,1.0,1.0,0.0,2024
Piedade,2,23.0,435.0,0.0,0.0,0.0,0.0,0.0,9.0,365.0,61.0,1.0,1.0,1.0,0.0,1.0,2024
Piedade,2,,,,,,,,,,,0.0,0.0,1.0,0.0,0.0,2024
Piedade,2,12.0,165.0,0.0,100.0,0.0,0.0,1.0,99.0,63.0,2.0,0.0,1.0,1.0,1.0,0.0,2024
Piedade,2,17.0,363.0,0.0,256.0,0.0,0.0,5.0,246.0,111.0,1.0,0.0,1.0,1.0,1.0,0.0,2024
Piedade,2,14.0,238.0,0.0,153.0,0.0,0.0,3.0,146.0,87.0,2.0,0.0,0.0,1.0,1.0,0.0,2024
Piedade,2,19.0,332.0,0.0,221.0,0.0,0.0,8.0,212.0,108.0,4.0,0.0,1.0,1.0,1.0,0.0,2024
Pilar do Sul,2,24.0,529.0,0.0,300.0,0.0,0.0,0.0,287.0,234.0,8.0,0.0,0.0,1.0,0.0,1.0,2024
Pilar do Sul,2,49.0,1126.0,0.0,490.0,0.0,0.0,1.0,461.0,642.0,22.0,0.0,1.0,1.0,1.0,0.0,2024
Pilar do Sul,2,,,,,,,,,,,,,,,,2024
Pilar do Sul,2,20.0,343.0,0.0,343.0,0.0,0.0,1.0,320.0,22.0,0.0,0.0,0.0,1.0,1.0,0.0,2024
Pilar do Sul,2,29.0,495.0,0.0,295.0,0.0,0.0,0.0,274.0,182.0,39.0,0.0,0.0,1.0,1.0,1.0,2024
Pindamonhangaba,2,35.0,403.0,0.0,322.0,0.0,0.0,4.0,304.0,16.0,79.0,0.0,0.0,1.0,0.0,0.0,2024
Pindamonhangaba,2,15.0,321.0,0.0,0.0,0.0,0.0,0.0,14.0,293.0,14.0,0.0,1.0,1.0,1.0,1.0,2024
Pindamonhangaba,2,17.0,352.0,0.0,352.0,0.0,0.0,2.0,342.0,8.0,0.0,0.0,1.0,1.0,1.0,0.0,2024
Pindamonhangaba,2,21.0,291.0,0.0,207.0,0.0,0.0,3.0,197.0,89.0,2.0,0.0,1.0,1.0,1.0,0.0,2024
Pindamonhangaba,2,35.0,426.0,0.0,145.0,0.0,0.0,2.0,135.0,276.0,13.0,0.0,1.0,1.0,1.0,1.0,2024
Pindamonhangaba,2,27.0,311.0,0.0,311.0,0.0,0.0,4.0,295.0,12.0,0.0,0.0,1.0,1.0,1.0,1.0,2024
Pindamonhangaba,2,14.0,274.0,0.0,0.0,0.0,0.0,0.0,10.0,258.0,6.0,0.0,1.0,1.0,1.0,1.0,2024
Pindamonhangaba,2,14.0,274.0,0.0,274.0,0.0,0.0,6.0,261.0,6.0,1.0,0.0,1.0,1.0,1.0,1.0,2024
Pindamonhangaba,2,42.0,748.0,0.0,0.0,0.0,0.0,0.0,10.0,610.0,128.0,0.0,1.0,1.0,1.0,1.0,2024
Pindamonhangaba,2,73.0,1090.0,0.0,0.0,0.0,0.0,0.0,18.0,681.0,391.0,1.0,1.0,1.0,1.0,1.0,2024
Pindamonhangaba,2,,,,,,,,,,,,,,,,2024
Pindamonhangaba,2,20.0,135.0,0.0,89.0,0.0,0.0,2.0,85.0,46.0,2.0,0.0,1.0,1.0,0.0,1.0,2024
Pindamonhangaba,2,19.0,208.0,0.0,126.0,0.0,0.0,2.0,120.0,85.0,1.0,0.0,1.0,1.0,1.0,0.0,2024
Pindamonhangaba,2,11.0,151.0,0.0,151.0,0.0,0.0,3.0,147.0,1.0,0.0,0.0,1.0,1.0,1.0,1.0,2024
Pindamonhangaba,2,30.0,337.0,0.0,0.0,0.0,0.0,0.0,4.0,282.0,51.0,0.0,1.0,1.0,1.0,0.0,2024
Pindamonhangaba,2,22.0,215.0,0.0,0.0,0.0,0.0,0.0,4.0,196.0,15.0,0.0,1.0,1.0,1.0,1.0,2024
Pindamonhangaba,2,12.0,200.0,0.0,200.0,0.0,0.0,4.0,193.0,3.0,0.0,1.0,1.0,1.0,1.0,0.0,2024
Pindamonhangaba,2,14.0,265.0,0.0,265.0,0.0,0.0,1.0,260.0,4.0,0.0,0.0,1.0,1.0,1.0,1.0,2024
Pindamonhangaba,2,35.0,530.0,0.0,297.0,0.0,0.0,4.0,296.0,220.0,10.0,0.0,1.0,1.0,1.0,1.0,2024
Pindamonhangaba,2,8.0,110.0,0.0,110.0,0.0,0.0,1.0,106.0,3.0,0.0,0.0,1.0,1.0,1.0,0.0,2024
Pindamonhangaba,2,,,,,,,,,,,,,,,,2024
Pindamonhangaba,2,,,,,,,,,,,0.0,0.0,1.0,0.0,0.0,2024
Pindamonhangaba,2,,,,,,,,,,,0.0,0.0,1.0,0.0,0.0,2024
Pindamonhangaba,2,29.0,449.0,0.0,449.0,0.0,0.0,10.0,430.0,9.0,0.0,0.0,1.0,1.0,0.0,0.0,2024
Pindamonhangaba,2,20.0,403.0,0.0,292.0,0.0,0.0,2.0,286.0,111.0,4.0,0.0,1.0,1.0,1.0,0.0,2024
Pindamonhangaba,2,24.0,346.0,0.0,346.0,0.0,0.0,4.0,336.0,6.0,0.0,0.0,1.0,1.0,1.0,0.0,2024
Pindamonhangaba,2,9.0,118.0,0.0,118.0,0.0,0.0,4.0,111.0,3.0,0.0,0.0,1.0,1.0,1.0,1.0,2024
Pindamonhangaba,2,38.0,388.0,0.0,194.0,0.0,0.0,2.0,187.0,182.0,17.0,0.0,1.0,1.0,1.0,0.0,2024
Pindamonhangaba,2,28.0,265.0,0.0,176.0,0.0,0.0,5.0,169.0,85.0,6.0,0.0,1.0,1.0,1.0,1.0,2024
Pindamonhangaba,2,13.0,244.0,0.0,143.0,0.0,0.0,2.0,142.0,99.0,1.0,0.0,1.0,1.0,1.0,1.0,2024
Pindamonhangaba,2,35.0,643.0,0.0,317.0,0.0,0.0,3.0,309.0,308.0,23.0,0.0,1.0,1.0,1.0,1.0,2024
Pindamonhangaba,2,22.0,406.0,0.0,299.0,0.0,0.0,3.0,297.0,100.0,6.0,0.0,1.0,1.0,1.0,1.0,2024
Pindamonhangaba,2,34.0,698.0,0.0,364.0,0.0,0.0,4.0,361.0,315.0,18.0,0.0,1.0,1.0,1.0,0.0,2024
Pindamonhangaba,2,26.0,445.0,0.0,308.0,0.0,0.0,5.0,292.0,145.0,3.0,0.0,1.0,1.0,1.0,0.0,2024
Pindamonhangaba,2,41.0,610.0,0.0,285.0,0.0,0.0,4.0,281.0,315.0,10.0,0.0,1.0,1.0,1.0,0.0,2024
Pindamonhangaba,2,16.0,313.0,0.0,313.0,0.0,0.0,3.0,307.0,3.0,0.0,0.0,1.0,1.0,1.0,1.0,2024
Pindamonhangaba,2,30.0,593.0,0.0,404.0,0.0,0.0,13.0,387.0,191.0,2.0,0.0,1.0,1.0,1.0,1.0,2024
Pindamonhangaba,2,14.0,229.0,0.0,229.0,0.0,0.0,6.0,219.0,4.0,0.0,0.0,0.0,1.0,1.0,0.0,2024
Pindamonhangaba,2,,,,,,,,,,,,,,,,2024
Pindamonhangaba,2,41.0,638.0,0.0,206.0,0.0,0.0,6.0,194.0,340.0,98.0,0.0,1.0,1.0,1.0,0.0,2024
Pindorama,2,20.0,338.0,0.0,58.0,0.0,0.0,0.0,55.0,258.0,25.0,0.0,1.0,1.0,1.0,1.0,2024
Pinhalzinho,2,25.0,402.0,0.0,0.0,0.0,0.0,0.0,5.0,360.0,37.0,0.0,1.0,1.0,1.0,1.0,2024
Piquerobi,2,23.0,239.0,0.0,148.0,0.0,0.0,2.0,135.0,89.0,13.0,0.0,1.0,1.0,1.0,0.0,2024
Piquete,2,22.0,370.0,0.0,211.0,0.0,0.0,2.0,186.0,166.0,16.0,0.0,1.0,1.0,1.0,1.0,2024
Piquete,2,20.0,373.0,0.0,250.0,0.0,0.0,3.0,243.0,120.0,7.0,0.0,0.0,1.0,1.0,0.0,2024
Piquete,2,,,,,,,,,,,,,,,,2024
Piracaia,2,19.0,391.0,0.0,280.0,0.0,0.0,2.0,262.0,121.0,6.0,0.0,0.0,1.0,1.0,0.0,2024
Piracaia,2,18.0,383.0,0.0,247.0,0.0,0.0,2.0,228.0,140.0,13.0,0.0,1.0,1.0,0.0,0.0,2024
Piracaia,2,31.0,552.0,0.0,285.0,0.0,0.0,3.0,262.0,269.0,18.0,0.0,1.0,1.0,1.0,1.0,2024
Piracaia,2,,,,,,,,,,,,,,,,2024
Piracaia,2,35.0,710.0,0.0,270.0,0.0,0.0,5.0,246.0,394.0,65.0,0.0,0.0,1.0,1.0,0.0,2024
Piracicaba,2,3.0,5.0,0.0,0.0,3.0,2.0,0.0,0.0,0.0,0.0,0.0,0.0,1.0,0.0,1.0,2024
Piracicaba,2,23.0,421.0,421.0,0.0,0.0,0.0,409.0,12.0,0.0,0.0,0.0,0.0,1.0,1.0,1.0,2024
Piracicaba,2,19.0,351.0,351.0,0.0,0.0,0.0,335.0,16.0,0.0,0.0,0.0,1.0,1.0,1.0,1.0,2024
Piracicaba,2,20.0,399.0,0.0,399.0,0.0,0.0,1.0,372.0,26.0,0.0,0.0,1.0,1.0,1.0,0.0,2024
Piracicaba,2,31.0,771.0,0.0,278.0,0.0,0.0,1.0,251.0,475.0,44.0,0.0,0.0,1.0,1.0,1.0,2024
Piracicaba,2,38.0,838.0,0.0,387.0,0.0,0.0,1.0,360.0,453.0,24.0,0.0,0.0,1.0,1.0,1.0,2024
Piracicaba,2,20.0,407.0,0.0,263.0,0.0,0.0,1.0,240.0,159.0,7.0,0.0,1.0,1.0,1.0,0.0,2024
Piracicaba,2,14.0,286.0,0.0,286.0,0.0,0.0,3.0,265.0,18.0,0.0,0.0,1.0,1.0,1.0,1.0,2024
Piracicaba,2,14.0,253.0,0.0,253.0,0.0,0.0,1.0,237.0,15.0,0.0,0.0,0.0,1.0,1.0,0.0,2024
Piracicaba,2,21.0,389.0,389.0,0.0,0.0,0.0,381.0,8.0,0.0,0.0,0.0,0.0,1.0,1.0,0.0,2024
Piracicaba,2,18.0,361.0,361.0,0.0,0.0,0.0,343.0,18.0,0.0,0.0,0.0,1.0,1.0,0.0,1.0,2024
Piracicaba,2,30.0,725.0,0.0,0.0,0.0,0.0,0.0,1.0,662.0,62.0,0.0,0.0,1.0,1.0,0.0,2024
Piracicaba,2,30.0,715.0,0.0,21.0,0.0,0.0,0.0,17.0,647.0,51.0,0.0,1.0,1.0,1.0,0.0,2024
Piracicaba,2,32.0,775.0,0.0,430.0,0.0,0.0,1.0,406.0,347.0,21.0,0.0,0.0,1.0,1.0,0.0,2024
Piracicaba,2,17.0,351.0,0.0,351.0,0.0,0.0,1.0,337.0,13.0,0.0,0.0,1.0,1.0,1.0,0.0,2024
Piracicaba,2,13.0,171.0,0.0,113.0,0.0,0.0,1.0,106.0,62.0,2.0,0.0,1.0,1.0,1.0,1.0,2024
Piracicaba,2,38.0,772.0,0.0,493.0,0.0,0.0,0.0,462.0,291.0,19.0,0.0,1.0,1.0,1.0,1.0,2024
Piracicaba,2,25.0,420.0,0.0,193.0,0.0,0.0,0.0,184.0,226.0,10.0,0.0,1.0,1.0,1.0,1.0,2024
Piracicaba,2,27.0,636.0,0.0,263.0,0.0,0.0,1.0,247.0,379.0,9.0,0.0,1.0,1.0,1.0,1.0,2024
Piracicaba,2,18.0,297.0,297.0,0.0,0.0,0.0,293.0,4.0,0.0,0.0,0.0,0.0,1.0,1.0,0.0,2024
Piracicaba,2,26.0,510.0,0.0,293.0,0.0,0.0,0.0,276.0,229.0,5.0,0.0,1.0,1.0,1.0,1.0,2024
Piracicaba,2,82.0,1297.0,0.0,0.0,0.0,0.0,0.0,7.0,789.0,501.0,1.0,1.0,1.0,1.0,0.0,2024
Piracicaba,2,24.0,558.0,0.0,265.0,0.0,0.0,0.0,253.0,294.0,11.0,0.0,0.0,1.0,1.0,1.0,2024
Piracicaba,2,16.0,284.0,0.0,170.0,0.0,0.0,0.0,164.0,113.0,7.0,0.0,0.0,1.0,1.0,1.0,2024
Piracicaba,2,20.0,330.0,0.0,218.0,0.0,0.0,0.0,195.0,128.0,7.0,0.0,1.0,1.0,1.0,0.0,2024
Piracicaba,2,21.0,460.0,0.0,298.0,0.0,0.0,0.0,275.0,174.0,11.0,0.0,0.0,1.0,1.0,0.0,2024
Piracicaba,2,27.0,635.0,0.0,335.0,0.0,0.0,0.0,314.0,310.0,11.0,0.0,1.0,1.0,1.0,0.0,2024
Piracicaba,2,25.0,532.0,0.0,365.0,0.0,0.0,1.0,341.0,182.0,8.0,0.0,0.0,1.0,1.0,0.0,2024
Piracicaba,2,32.0,862.0,0.0,432.0,0.0,0.0,1.0,407.0,401.0,53.0,0.0,1.0,1.0,1.0,1.0,2024
Piracicaba,2,29.0,589.0,0.0,340.0,0.0,0.0,0.0,299.0,281.0,9.0,0.0,1.0,1.0,1.0,0.0,2024
Piracicaba,2,37.0,878.0,0.0,528.0,0.0,0.0,0.0,491.0,357.0,30.0,0.0,1.0,1.0,1.0,0.0,2024
Piracicaba,2,48.0,1333.0,0.0,564.0,0.0,0.0,2.0,523.0,754.0,54.0,0.0,0.0,1.0,1.0,1.0,2024
Piracicaba,2,19.0,504.0,0.0,214.0,0.0,0.0,0.0,203.0,283.0,18.0,0.0,1.0,1.0,0.0,1.0,2024
Piracicaba,2,19.0,398.0,0.0,398.0,0.0,0.0,0.0,382.0,16.0,0.0,0.0,1.0,1.0,1.0,1.0,2024
Piracicaba,2,20.0,369.0,0.0,369.0,0.0,0.0,0.0,344.0,25.0,0.0,0.0,0.0,1.0,1.0,1.0,2024
Piracicaba,2,16.0,362.0,0.0,362.0,0.0,0.0,1.0,349.0,12.0,0.0,0.0,1.0,1.0,1.0,1.0,2024
Piracicaba,2,21.0,380.0,380.0,0.0,0.0,0.0,354.0,26.0,0.0,0.0,0.0,1.0,1.0,1.0,1.0,2024
Piracicaba,2,24.0,524.0,0.0,290.0,0.0,0.0,1.0,260.0,255.0,8.0,0.0,1.0,1.0,1.0,1.0,2024
Piracicaba,2,17.0,302.0,0.0,302.0,0.0,0.0,0.0,278.0,24.0,0.0,0.0,0.0,1.0,1.0,1.0,2024
Piracicaba,2,2.0,16.0,0.0,0.0,0.0,0.0,0.0,0.0,0.0,16.0,0.0,0.0,1.0,0.0,0.0,2024
Piracicaba,2,7.0,41.0,0.0,23.0,0.0,0.0,0.0,3.0,30.0,8.0,0.0,1.0,1.0,1.0,1.0,2024
Piracicaba,2,,,,,,,,,,,,,,,,2024
Piracicaba,2,31.0,636.0,0.0,397.0,0.0,0.0,0.0,366.0,257.0,13.0,0.0,0.0,1.0,1.0,1.0,2024
Piracicaba,2,20.0,447.0,0.0,269.0,0.0,0.0,1.0,261.0,177.0,8.0,0.0,1.0,1.0,1.0,1.0,2024
Piracicaba,2,51.0,757.0,0.0,0.0,0.0,0.0,0.0,1.0,423.0,333.0,1.0,1.0,1.0,1.0,0.0,2024
Piracicaba,2,32.0,651.0,0.0,256.0,0.0,0.0,0.0,226.0,385.0,40.0,0.0,0.0,1.0,1.0,1.0,2024
Piracicaba,2,20.0,296.0,0.0,197.0,0.0,0.0,1.0,172.0,117.0,6.0,0.0,1.0,1.0,1.0,1.0,2024
Piracicaba,2,,,,,,,,,,,,,,,,2024
Piracicaba,2,23.0,520.0,0.0,343.0,0.0,0.0,0.0,295.0,213.0,12.0,0.0,0.0,1.0,1.0,1.0,2024
Piracicaba,2,18.0,347.0,0.0,274.0,0.0,0.0,0.0,252.0,88.0,7.0,0.0,0.0,1.0,1.0,1.0,2024
Piracicaba,2,7.0,42.0,0.0,0.0,0.0,0.0,0.0,0.0,0.0,42.0,0.0,0.0,0.0,0.0,0.0,2024
Piracicaba,2,6.0,26.0,0.0,0.0,0.0,0.0,0.0,0.0,0.0,26.0,0.0,0.0,0.0,0.0,0.0,2024
Piracicaba,2,,,,,,,,,,,,,,,,2024
Piracicaba,2,,,,,,,,,,,0.0,0.0,1.0,0.0,0.0,2024
Piracicaba,2,23.0,457.0,0.0,261.0,0.0,0.0,1.0,244.0,206.0,6.0,0.0,0.0,1.0,1.0,1.0,2024
Piracicaba,2,9.0,236.0,0.0,0.0,0.0,0.0,0.0,0.0,0.0,236.0,0.0,0.0,1.0,0.0,0.0,2024
Piracicaba,2,18.0,413.0,0.0,278.0,0.0,0.0,2.0,260.0,146.0,5.0,0.0,0.0,1.0,1.0,0.0,2024
Piracicaba,2,14.0,167.0,0.0,101.0,0.0,0.0,0.0,86.0,69.0,12.0,0.0,1.0,1.0,1.0,0.0,2024
Piracicaba,2,13.0,253.0,253.0,0.0,0.0,0.0,236.0,17.0,0.0,0.0,0.0,0.0,1.0,1.0,0.0,2024
Piracicaba,2,13.0,195.0,0.0,133.0,0.0,0.0,1.0,125.0,67.0,2.0,0.0,1.0,1.0,1.0,0.0,2024
Piracicaba,2,18.0,365.0,0.0,242.0,0.0,0.0,2.0,221.0,136.0,6.0,0.0,1.0,1.0,1.0,0.0,2024
Piracicaba,2,37.0,605.0,0.0,286.0,0.0,0.0,1.0,261.0,317.0,26.0,0.0,1.0,1.0,1.0,1.0,2024
Piracicaba,2,14.0,290.0,0.0,290.0,0.0,0.0,0.0,267.0,23.0,0.0,0.0,1.0,1.0,1.0,1.0,2024
Piracicaba,2,40.0,1128.0,0.0,615.0,0.0,0.0,1.0,584.0,477.0,66.0,0.0,0.0,1.0,1.0,0.0,2024
Piracicaba,2,28.0,628.0,0.0,272.0,0.0,0.0,1.0,248.0,335.0,44.0,0.0,0.0,1.0,1.0,0.0,2024
Piracicaba,2,30.0,453.0,0.0,193.0,0.0,0.0,2.0,178.0,257.0,16.0,0.0,0.0,1.0,0.0,1.0,2024
Piracicaba,2,16.0,281.0,0.0,281.0,0.0,0.0,0.0,259.0,22.0,0.0,0.0,1.0,1.0,1.0,1.0,2024
Piracicaba,2,6.0,2155.0,0.0,0.0,0.0,0.0,0.0,0.0,0.0,2155.0,0.0,0.0,1.0,0.0,0.0,2024
Piracicaba,2,31.0,636.0,0.0,339.0,0.0,0.0,1.0,314.0,295.0,26.0,0.0,1.0,1.0,1.0,1.0,2024
Piracicaba,2,20.0,384.0,0.0,249.0,0.0,0.0,0.0,230.0,145.0,9.0,0.0,0.0,1.0,1.0,0.0,2024
Piracicaba,2,44.0,1412.0,0.0,540.0,0.0,0.0,1.0,502.0,839.0,70.0,0.0,0.0,1.0,1.0,0.0,2024
Piraju,2,17.0,283.0,0.0,204.0,0.0,0.0,1.0,189.0,90.0,3.0,0.0,1.0,1.0,1.0,0.0,2024
Piraju,2,33.0,543.0,0.0,198.0,0.0,0.0,0.0,176.0,346.0,21.0,0.0,0.0,1.0,1.0,0.0,2024
Piraju,2,22.0,477.0,0.0,279.0,0.0,0.0,1.0,270.0,201.0,5.0,0.0,1.0,1.0,1.0,1.0,2024
Piraju,2,18.0,289.0,0.0,221.0,0.0,0.0,0.0,216.0,71.0,2.0,0.0,1.0,1.0,1.0,1.0,2024
Piraju,2,24.0,381.0,0.0,238.0,0.0,0.0,0.0,217.0,158.0,6.0,0.0,0.0,1.0,1.0,1.0,2024
Piraju,2,24.0,337.0,0.0,0.0,0.0,0.0,0.0,1.0,200.0,136.0,1.0,1.0,1.0,0.0,0.0,2024
Piraju,2,,,,,,,,,,,0.0,0.0,1.0,0.0,0.0,2024
Piraju,2,2.0,870.0,0.0,0.0,0.0,0.0,0.0,0.0,0.0,870.0,0.0,1.0,1.0,0.0,0.0,2024
Piraju,2,17.0,276.0,0.0,198.0,0.0,0.0,1.0,187.0,84.0,4.0,0.0,1.0,1.0,1.0,1.0,2024
Pirajuí,2,43.0,988.0,0.0,486.0,0.0,0.0,9.0,476.0,492.0,11.0,0.0,1.0,1.0,1.0,1.0,2024
Pirajuí,2,25.0,387.0,0.0,293.0,0.0,0.0,10.0,286.0,89.0,2.0,0.0,1.0,1.0,1.0,1.0,2024
Pirajuí,2,,,,,,,,,,,,,,,,2024
Pirajuí,2,11.0,279.0,0.0,0.0,0.0,0.0,0.0,0.0,0.0,279.0,1.0,0.0,0.0,0.0,0.0,2024
Pirajuí,2,11.0,250.0,0.0,0.0,0.0,0.0,0.0,0.0,0.0,250.0,0.0,0.0,0.0,0.0,0.0,2024
Pirajuí,2,15.0,153.0,0.0,0.0,0.0,0.0,0.0,0.0,0.0,153.0,0.0,0.0,0.0,0.0,0.0,2024
Pirangi,2,27.0,807.0,0.0,436.0,0.0,0.0,5.0,415.0,371.0,16.0,0.0,1.0,1.0,1.0,0.0,2024
Pirangi,2,,,,,,,,,,,,,,,,2024
Pirapora do Bom Jesus,2,21.0,343.0,0.0,0.0,0.0,0.0,0.0,6.0,306.0,31.0,0.0,1.0,1.0,1.0,1.0,2024
Pirapora do Bom Jesus,2,,,,,,,,,,,,,,,,2024
Pirapora do Bom Jesus,2,17.0,431.0,0.0,0.0,0.0,0.0,0.0,7.0,372.0,52.0,0.0,1.0,1.0,1.0,1.0,2024
Pirapozinho,2,34.0,529.0,0.0,350.0,0.0,0.0,2.0,325.0,196.0,6.0,0.0,1.0,1.0,1.0,1.0,2024
Pirapozinho,2,46.0,964.0,0.0,532.0,0.0,0.0,1.0,483.0,448.0,32.0,0.0,1.0,1.0,1.0,1.0,2024
Pirapozinho,2,17.0,248.0,0.0,174.0,0.0,0.0,1.0,164.0,81.0,2.0,0.0,1.0,1.0,1.0,0.0,2024
Pirapozinho,2,12.0,53.0,0.0,36.0,0.0,0.0,0.0,30.0,22.0,1.0,0.0,1.0,1.0,1.0,1.0,2024
Pirassununga,2,2.0,493.0,0.0,0.0,0.0,0.0,0.0,0.0,0.0,493.0,0.0,0.0,1.0,0.0,0.0,2024
Pirassununga,2,23.0,370.0,0.0,207.0,0.0,0.0,5.0,199.0,160.0,6.0,0.0,0.0,1.0,1.0,1.0,2024
Pirassununga,2,30.0,680.0,0.0,231.0,0.0,0.0,2.0,223.0,442.0,13.0,0.0,1.0,1.0,1.0,1.0,2024
Pirassununga,2,14.0,226.0,0.0,226.0,0.0,0.0,4.0,213.0,9.0,0.0,0.0,0.0,1.0,1.0,1.0,2024
Pirassununga,2,13.0,189.0,0.0,168.0,0.0,0.0,4.0,156.0,28.0,1.0,0.0,0.0,1.0,1.0,1.0,2024
Pirassununga,2,20.0,366.0,0.0,260.0,0.0,0.0,2.0,240.0,117.0,7.0,0.0,1.0,1.0,1.0,0.0,2024
Pirassununga,2,24.0,470.0,0.0,315.0,0.0,0.0,6.0,305.0,149.0,10.0,0.0,1.0,1.0,1.0,0.0,2024
Pirassununga,2,52.0,792.0,0.0,0.0,0.0,0.0,0.0,13.0,554.0,225.0,1.0,1.0,1.0,1.0,1.0,2024
Pirassununga,2,17.0,332.0,0.0,236.0,0.0,0.0,9.0,217.0,101.0,5.0,0.0,0.0,1.0,1.0,1.0,2024
Pirassununga,2,25.0,359.0,0.0,227.0,0.0,0.0,3.0,221.0,127.0,8.0,0.0,0.0,1.0,1.0,1.0,2024
Pirassununga,2,27.0,464.0,0.0,349.0,0.0,0.0,8.0,332.0,33.0,91.0,0.0,1.0,1.0,1.0,1.0,2024
Pirassununga,2,9.0,109.0,0.0,109.0,0.0,0.0,2.0,105.0,2.0,0.0,1.0,1.0,1.0,1.0,1.0,2024
Piratininga,2,39.0,810.0,0.0,467.0,0.0,0.0,11.0,444.0,340.0,15.0,0.0,1.0,1.0,1.0,0.0,2024
Pitangueiras,2,25.0,423.0,0.0,263.0,0.0,0.0,2.0,243.0,172.0,6.0,0.0,1.0,1.0,1.0,1.0,2024
Pitangueiras,2,46.0,806.0,0.0,390.0,0.0,0.0,3.0,358.0,434.0,11.0,0.0,1.0,1.0,1.0,0.0,2024
Pitangueiras,2,38.0,1005.0,0.0,421.0,0.0,0.0,5.0,392.0,483.0,125.0,0.0,1.0,1.0,1.0,1.0,2024
Pitangueiras,2,,,,,,,,,,,,,,,,2024
Pitangueiras,2,25.0,287.0,0.0,156.0,0.0,0.0,3.0,146.0,122.0,16.0,0.0,0.0,1.0,1.0,0.0,2024
Planalto,2,22.0,372.0,0.0,223.0,0.0,0.0,6.0,204.0,155.0,7.0,0.0,1.0,1.0,1.0,0.0,2024
Platina,2,20.0,235.0,0.0,164.0,0.0,0.0,1.0,151.0,82.0,1.0,0.0,0.0,1.0,1.0,1.0,2024
Poá,2,31.0,599.0,0.0,375.0,0.0,0.0,2.0,364.0,225.0,8.0,0.0,1.0,1.0,1.0,1.0,2024
Poá,2,55.0,880.0,0.0,363.0,0.0,0.0,9.0,347.0,481.0,43.0,0.0,1.0,1.0,1.0,1.0,2024
Poá,2,15.0,274.0,0.0,155.0,0.0,0.0,0.0,158.0,113.0,3.0,0.0,0.0,1.0,1.0,1.0,2024
Poá,2,58.0,1276.0,0.0,525.0,0.0,0.0,6.0,526.0,718.0,26.0,0.0,1.0,1.0,1.0,1.0,2024
Poá,2,20.0,426.0,0.0,280.0,0.0,0.0,9.0,264.0,147.0,6.0,0.0,1.0,1.0,1.0,0.0,2024
Poá,2,43.0,643.0,0.0,166.0,0.0,0.0,3.0,156.0,354.0,130.0,0.0,1.0,1.0,1.0,1.0,2024
Poá,2,18.0,378.0,0.0,226.0,0.0,0.0,2.0,195.0,175.0,6.0,0.0,1.0,1.0,1.0,0.0,2024
Poá,2,13.0,135.0,0.0,90.0,0.0,0.0,0.0,83.0,50.0,2.0,0.0,1.0,1.0,1.0,0.0,2024
Poá,2,17.0,274.0,0.0,125.0,0.0,0.0,0.0,115.0,158.0,1.0,0.0,1.0,1.0,1.0,0.0,2024
Poá,2,15.0,244.0,0.0,140.0,0.0,0.0,1.0,128.0,113.0,2.0,0.0,1.0,1.0,1.0,0.0,2024
Poá,2,41.0,674.0,0.0,0.0,0.0,0.0,0.0,10.0,547.0,117.0,1.0,1.0,1.0,1.0,0.0,2024
Poá,2,,,,,,,,,,,0.0,1.0,1.0,0.0,0.0,2024
Poá,2,13.0,1014.0,0.0,0.0,0.0,0.0,0.0,0.0,0.0,1014.0,0.0,0.0,1.0,0.0,0.0,2024
Poá,2,24.0,462.0,0.0,298.0,0.0,0.0,5.0,287.0,155.0,15.0,0.0,0.0,1.0,1.0,1.0,2024
Poá,2,28.0,452.0,0.0,291.0,0.0,0.0,7.0,271.0,168.0,6.0,0.0,0.0,1.0,1.0,1.0,2024
Poá,2,32.0,608.0,0.0,122.0,0.0,0.0,1.0,113.0,434.0,60.0,0.0,1.0,1.0,1.0,0.0,2024
Poá,2,22.0,486.0,0.0,294.0,0.0,0.0,6.0,283.0,187.0,10.0,0.0,1.0,1.0,1.0,0.0,2024
Poá,2,20.0,319.0,0.0,193.0,0.0,0.0,1.0,187.0,127.0,4.0,0.0,1.0,1.0,1.0,1.0,2024
Poá,2,26.0,597.0,0.0,416.0,0.0,0.0,7.0,396.0,190.0,4.0,0.0,0.0,1.0,1.0,0.0,2024
Poá,2,57.0,1001.0,0.0,384.0,0.0,0.0,3.0,368.0,555.0,75.0,0.0,1.0,1.0,1.0,1.0,2024
Poloni,2,17.0,226.0,226.0,0.0,0.0,0.0,225.0,1.0,0.0,0.0,0.0,0.0,1.0,1.0,1.0,2024
Poloni,2,23.0,454.0,0.0,299.0,0.0,0.0,3.0,284.0,159.0,8.0,0.0,1.0,1.0,1.0,1.0,2024
Pompéia,2,58.0,1201.0,0.0,537.0,0.0,0.0,3.0,504.0,605.0,89.0,0.0,1.0,1.0,1.0,1.0,2024
Pompéia,2,16.0,264.0,0.0,264.0,0.0,0.0,2.0,255.0,7.0,0.0,0.0,1.0,1.0,1.0,0.0,2024
Pompéia,2,,,,,,,,,,,0.0,0.0,1.0,0.0,0.0,2024
Pongaí,2,24.0,340.0,0.0,152.0,0.0,0.0,4.0,144.0,155.0,37.0,0.0,0.0,1.0,1.0,1.0,2024
Pontal,2,28.0,595.0,0.0,595.0,0.0,0.0,14.0,544.0,37.0,0.0,0.0,1.0,1.0,1.0,0.0,2024
Pontal,2,12.0,45.0,0.0,29.0,0.0,0.0,1.0,26.0,18.0,0.0,0.0,1.0,1.0,0.0,0.0,2024
Pontal,2,25.0,524.0,0.0,294.0,0.0,0.0,8.0,283.0,226.0,7.0,0.0,1.0,1.0,1.0,0.0,2024
Pontal,2,44.0,897.0,0.0,0.0,0.0,0.0,0.0,22.0,741.0,134.0,0.0,1.0,1.0,1.0,1.0,2024
Pontal,2,,,,,,,,,,,0.0,1.0,1.0,0.0,0.0,2024
Pontal,2,9.0,61.0,0.0,0.0,0.0,0.0,0.0,0.0,0.0,61.0,0.0,0.0,0.0,0.0,0.0,2024
Pontal,2,27.0,594.0,0.0,236.0,0.0,0.0,4.0,226.0,294.0,70.0,0.0,1.0,1.0,1.0,1.0,2024
Pontal,2,14.0,143.0,0.0,96.0,0.0,0.0,1.0,95.0,46.0,1.0,0.0,1.0,1.0,1.0,0.0,2024
Pontalinda,2,22.0,320.0,0.0,200.0,0.0,0.0,3.0,177.0,131.0,9.0,0.0,1.0,1.0,1.0,1.0,2024
Pontes Gestal,2,13.0,160.0,0.0,105.0,0.0,0.0,0.0,97.0,62.0,1.0,0.0,1.0,1.0,1.0,0.0,2024
Populina,2,20.0,341.0,0.0,224.0,0.0,0.0,0.0,220.0,116.0,5.0,0.0,1.0,1.0,1.0,1.0,2024
Porangaba,2,30.0,881.0,0.0,428.0,0.0,0.0,4.0,397.0,438.0,42.0,0.0,1.0,1.0,1.0,1.0,2024
Porto Feliz,2,25.0,381.0,0.0,0.0,0.0,0.0,0.0,6.0,252.0,123.0,1.0,1.0,1.0,1.0,0.0,2024
Porto Feliz,2,34.0,547.0,0.0,343.0,0.0,0.0,5.0,334.0,193.0,15.0,0.0,1.0,1.0,1.0,1.0,2024
Porto Feliz,2,38.0,844.0,0.0,0.0,0.0,0.0,0.0,20.0,709.0,115.0,0.0,1.0,1.0,1.0,1.0,2024
Porto Feliz,2,25.0,494.0,0.0,0.0,0.0,0.0,0.0,6.0,439.0,49.0,1.0,1.0,1.0,1.0,1.0,2024
Porto Feliz,2,,,,,,,,,,,,,,,,2024
Porto Feliz,2,19.0,293.0,0.0,0.0,0.0,0.0,0.0,0.0,0.0,293.0,0.0,0.0,0.0,0.0,0.0,2024
Porto Feliz,2,12.0,142.0,0.0,0.0,0.0,0.0,0.0,2.0,130.0,10.0,0.0,1.0,1.0,1.0,0.0,2024
Porto Feliz,2,18.0,221.0,0.0,0.0,0.0,0.0,0.0,7.0,190.0,24.0,0.0,1.0,1.0,1.0,1.0,2024
Porto Ferreira,2,7.0,208.0,0.0,208.0,0.0,0.0,0.0,196.0,12.0,0.0,0.0,1.0,1.0,1.0,1.0,2024
Porto Ferreira,2,24.0,523.0,0.0,371.0,0.0,0.0,1.0,333.0,178.0,11.0,0.0,1.0,1.0,1.0,1.0,2024
Porto Ferreira,2,59.0,1542.0,0.0,350.0,0.0,0.0,0.0,290.0,1042.0,210.0,0.0,1.0,1.0,1.0,1.0,2024
Porto Ferreira,2,39.0,607.0,0.0,546.0,0.0,0.0,3.0,506.0,88.0,10.0,0.0,1.0,1.0,1.0,1.0,2024
Porto Ferreira,2,34.0,347.0,0.0,0.0,0.0,0.0,0.0,0.0,195.0,152.0,1.0,1.0,1.0,1.0,1.0,2024
Potim,2,42.0,601.0,0.0,0.0,0.0,0.0,0.0,3.0,494.0,104.0,0.0,1.0,1.0,1.0,1.0,2024
Potim,2,,,,,,,,,,,,,,,,2024
Potim,2,11.0,156.0,0.0,0.0,0.0,0.0,0.0,0.0,0.0,156.0,0.0,0.0,0.0,0.0,0.0,2024
Potim,2,14.0,184.0,0.0,0.0,0.0,0.0,0.0,0.0,0.0,184.0,0.0,0.0,0.0,0.0,0.0,2024
Potirendaba,2,30.0,712.0,0.0,0.0,0.0,0.0,0.0,17.0,618.0,77.0,0.0,1.0,1.0,1.0,0.0,2024
Pracinha,2,28.0,134.0,0.0,63.0,0.0,0.0,2.0,66.0,66.0,0.0,0.0,1.0,1.0,1.0,0.0,2024
Pracinha,2,10.0,133.0,0.0,0.0,0.0,0.0,0.0,0.0,0.0,133.0,0.0,0.0,0.0,0.0,0.0,2024
Pradópolis,2,35.0,962.0,0.0,0.0,0.0,0.0,0.0,11.0,803.0,148.0,0.0,1.0,1.0,1.0,0.0,2024
Praia Grande,2,,,,,,,,,,,,,,,,2024
Praia Grande,2,53.0,974.0,0.0,404.0,0.0,0.0,3.0,363.0,524.0,84.0,0.0,1.0,1.0,1.0,0.0,2024
Praia Grande,2,21.0,351.0,0.0,0.0,0.0,0.0,0.0,3.0,331.0,17.0,0.0,1.0,1.0,1.0,1.0,2024
Praia Grande,2,14.0,291.0,0.0,0.0,0.0,0.0,0.0,0.0,276.0,15.0,0.0,1.0,1.0,1.0,1.0,2024
Praia Grande,2,24.0,509.0,0.0,0.0,0.0,0.0,0.0,4.0,464.0,41.0,0.0,1.0,1.0,1.0,1.0,2024
Praia Grande,2,16.0,327.0,0.0,0.0,0.0,0.0,0.0,1.0,300.0,26.0,0.0,1.0,1.0,1.0,0.0,2024
Praia Grande,2,22.0,506.0,0.0,0.0,0.0,0.0,0.0,3.0,457.0,46.0,0.0,1.0,1.0,1.0,1.0,2024
Praia Grande,2,47.0,1027.0,0.0,148.0,0.0,0.0,0.0,122.0,821.0,84.0,0.0,1.0,1.0,1.0,1.0,2024
Praia Grande,2,23.0,542.0,0.0,0.0,0.0,0.0,0.0,1.0,492.0,49.0,0.0,0.0,1.0,1.0,0.0,2024
Praia Grande,2,81.0,1367.0,0.0,338.0,0.0,0.0,0.0,291.0,890.0,186.0,0.0,1.0,1.0,1.0,0.0,2024
Praia Grande,2,16.0,231.0,0.0,0.0,0.0,0.0,0.0,2.0,208.0,21.0,0.0,1.0,1.0,1.0,0.0,2024
Praia Grande,2,45.0,786.0,0.0,113.0,0.0,0.0,0.0,97.0,610.0,79.0,0.0,1.0,1.0,1.0,0.0,2024
Praia Grande,2,58.0,1147.0,0.0,363.0,0.0,0.0,0.0,291.0,746.0,110.0,0.0,1.0,1.0,0.0,1.0,2024
Praia Grande,2,37.0,787.0,0.0,0.0,0.0,0.0,0.0,1.0,699.0,87.0,0.0,1.0,1.0,1.0,1.0,2024
Praia Grande,2,54.0,1434.0,0.0,537.0,0.0,0.0,2.0,473.0,787.0,172.0,0.0,1.0,1.0,1.0,0.0,2024
Praia Grande,2,14.0,221.0,0.0,143.0,0.0,0.0,0.0,128.0,86.0,7.0,0.0,1.0,1.0,1.0,0.0,2024
Praia Grande,2,32.0,493.0,0.0,231.0,0.0,0.0,0.0,193.0,278.0,22.0,0.0,1.0,1.0,1.0,1.0,2024
Praia Grande,2,79.0,1585.0,0.0,0.0,0.0,0.0,0.0,8.0,1052.0,525.0,1.0,1.0,1.0,0.0,1.0,2024
Praia Grande,2,,,,,,,,,,,0.0,1.0,1.0,1.0,0.0,2024
Praia Grande,2,13.0,37.0,0.0,24.0,0.0,0.0,0.0,3.0,28.0,6.0,0.0,0.0,1.0,0.0,0.0,2024
Praia Grande,2,,,,,,,,,,,,,,,,2024
Praia Grande,2,4.0,18.0,8.0,6.0,0.0,3.0,10.0,5.0,0.0,0.0,0.0,0.0,0.0,0.0,0.0,2024
Praia Grande,2,40.0,1009.0,0.0,0.0,0.0,0.0,0.0,1.0,851.0,157.0,0.0,0.0,1.0,1.0,0.0,2024
Praia Grande,2,50.0,1026.0,0.0,232.0,0.0,0.0,0.0,196.0,710.0,120.0,0.0,1.0,1.0,1.0,0.0,2024
Praia Grande,2,50.0,912.0,0.0,345.0,0.0,0.0,0.0,304.0,552.0,56.0,0.0,1.0,1.0,1.0,1.0,2024
Praia Grande,2,77.0,1358.0,0.0,174.0,0.0,0.0,0.0,122.0,1080.0,156.0,0.0,1.0,1.0,1.0,0.0,2024
Praia Grande,2,23.0,414.0,0.0,291.0,0.0,0.0,0.0,270.0,128.0,16.0,0.0,0.0,1.0,1.0,1.0,2024
Praia Grande,2,63.0,1068.0,0.0,411.0,0.0,0.0,0.0,385.0,620.0,63.0,0.0,1.0,1.0,1.0,0.0,2024
Praia Grande,2,,,,,,,,,,,,,,,,2024
Praia Grande,2,16.0,2004.0,0.0,0.0,0.0,0.0,0.0,0.0,0.0,2004.0,0.0,0.0,1.0,0.0,1.0,2024
Praia Grande,2,26.0,283.0,0.0,39.0,0.0,0.0,0.0,33.0,240.0,10.0,0.0,0.0,1.0,1.0,0.0,2024
Pratânia,2,32.0,651.0,0.0,342.0,0.0,0.0,10.0,328.0,300.0,13.0,0.0,0.0,1.0,1.0,0.0,2024
Presidente Alves,2,30.0,438.0,170.0,135.0,0.0,0.0,167.0,139.0,117.0,15.0,0.0,0.0,1.0,1.0,0.0,2024
Presidente Alves,2,13.0,96.0,48.0,48.0,0.0,0.0,48.0,45.0,3.0,0.0,0.0,1.0,1.0,1.0,0.0,2024
Presidente Bernardes,2,28.0,283.0,0.0,0.0,0.0,0.0,0.0,6.0,232.0,45.0,0.0,0.0,1.0,1.0,0.0,2024
Presidente Bernardes,2,,,,,,,,,,,,,,,,2024
Presidente Bernardes,2,,,,,,,,,,,,,,,,2024
Presidente Bernardes,2,10.0,176.0,0.0,0.0,0.0,0.0,0.0,0.0,0.0,176.0,0.0,0.0,0.0,0.0,0.0,2024
Presidente Bernardes,2,,,,,,,,,,,,,,,,2024
Presidente Epitácio,2,20.0,288.0,0.0,208.0,0.0,0.0,0.0,186.0,22.0,80.0,0.0,0.0,1.0,1.0,0.0,2024
Presidente Epitácio,2,39.0,950.0,0.0,238.0,0.0,0.0,0.0,225.0,663.0,62.0,0.0,0.0,1.0,1.0,1.0,2024
Presidente Epitácio,2,24.0,458.0,0.0,240.0,0.0,0.0,2.0,222.0,230.0,4.0,1.0,1.0,1.0,1.0,1.0,2024
Presidente Epitácio,2,21.0,189.0,51.0,93.0,0.0,0.0,48.0,87.0,53.0,1.0,0.0,0.0,1.0,1.0,1.0,2024
Presidente Epitácio,2,18.0,298.0,298.0,0.0,0.0,0.0,289.0,9.0,0.0,0.0,0.0,1.0,1.0,1.0,1.0,2024
Presidente Epitácio,2,20.0,371.0,0.0,371.0,0.0,0.0,1.0,349.0,20.0,1.0,0.0,1.0,1.0,1.0,1.0,2024
Presidente Epitácio,2,20.0,411.0,0.0,279.0,0.0,0.0,1.0,262.0,135.0,13.0,0.0,1.0,1.0,1.0,0.0,2024
Presidente Epitácio,2,19.0,298.0,298.0,0.0,0.0,0.0,277.0,21.0,0.0,0.0,0.0,0.0,1.0,1.0,0.0,2024
Presidente Epitácio,2,12.0,187.0,187.0,0.0,0.0,0.0,177.0,10.0,0.0,0.0,0.0,0.0,1.0,1.0,0.0,2024
Presidente Epitácio,2,13.0,205.0,205.0,0.0,0.0,0.0,190.0,15.0,0.0,0.0,0.0,0.0,1.0,1.0,1.0,2024
Presidente Prudente,2,17.0,228.0,0.0,173.0,0.0,0.0,0.0,163.0,65.0,0.0,0.0,1.0,1.0,1.0,1.0,2024
Presidente Prudente,2,58.0,1142.0,0.0,318.0,0.0,0.0,0.0,270.0,820.0,52.0,0.0,1.0,1.0,1.0,1.0,2024
Presidente Prudente,2,22.0,396.0,0.0,260.0,0.0,0.0,1.0,242.0,148.0,5.0,0.0,1.0,1.0,1.0,1.0,2024
Presidente Prudente,2,9.0,36.0,0.0,36.0,0.0,0.0,0.0,33.0,3.0,0.0,0.0,0.0,1.0,1.0,0.0,2024
Presidente Prudente,2,48.0,1002.0,0.0,498.0,0.0,0.0,0.0,443.0,522.0,37.0,0.0,0.0,1.0,1.0,0.0,2024
Presidente Prudente,2,29.0,680.0,0.0,320.0,0.0,0.0,0.0,308.0,363.0,9.0,0.0,1.0,1.0,1.0,0.0,2024
Presidente Prudente,2,14.0,158.0,0.0,88.0,0.0,0.0,0.0,76.0,78.0,4.0,0.0,1.0,1.0,1.0,0.0,2024
Presidente Prudente,2,35.0,568.0,0.0,330.0,0.0,0.0,0.0,308.0,254.0,6.0,0.0,1.0,1.0,1.0,0.0,2024
Presidente Prudente,2,46.0,811.0,0.0,351.0,0.0,0.0,0.0,313.0,481.0,17.0,0.0,1.0,1.0,1.0,0.0,2024
Presidente Prudente,2,29.0,421.0,0.0,203.0,0.0,0.0,0.0,175.0,229.0,17.0,0.0,1.0,1.0,1.0,0.0,2024
Presidente Prudente,2,19.0,320.0,0.0,244.0,0.0,0.0,0.0,230.0,87.0,3.0,0.0,1.0,1.0,1.0,0.0,2024
Presidente Prudente,2,29.0,474.0,0.0,284.0,0.0,0.0,0.0,253.0,210.0,11.0,0.0,1.0,1.0,1.0,0.0,2024
Presidente Prudente,2,18.0,247.0,0.0,189.0,0.0,0.0,1.0,166.0,78.0,2.0,0.0,0.0,1.0,1.0,0.0,2024
Presidente Prudente,2,49.0,575.0,0.0,0.0,0.0,0.0,0.0,4.0,428.0,143.0,1.0,1.0,1.0,1.0,1.0,2024
Presidente Prudente,2,33.0,332.0,0.0,162.0,0.0,0.0,0.0,154.0,94.0,84.0,0.0,1.0,1.0,1.0,1.0,2024
Presidente Prudente,2,52.0,813.0,0.0,396.0,0.0,0.0,1.0,349.0,446.0,17.0,0.0,1.0,1.0,1.0,1.0,2024
Presidente Prudente,2,14.0,278.0,0.0,278.0,0.0,0.0,0.0,256.0,22.0,0.0,0.0,1.0,1.0,1.0,1.0,2024
Presidente Prudente,2,18.0,216.0,0.0,162.0,0.0,0.0,0.0,150.0,64.0,2.0,1.0,1.0,1.0,1.0,1.0,2024
Presidente Prudente,2,20.0,360.0,0.0,360.0,0.0,0.0,0.0,340.0,20.0,0.0,0.0,1.0,1.0,1.0,1.0,2024
Presidente Prudente,2,37.0,583.0,0.0,264.0,0.0,0.0,1.0,218.0,343.0,21.0,0.0,1.0,1.0,1.0,0.0,2024
Presidente Prudente,2,19.0,386.0,0.0,307.0,0.0,0.0,0.0,280.0,104.0,2.0,0.0,0.0,1.0,1.0,0.0,2024
Presidente Prudente,2,17.0,381.0,0.0,381.0,0.0,0.0,2.0,346.0,33.0,0.0,1.0,1.0,1.0,1.0,1.0,2024
Presidente Prudente,2,67.0,1275.0,0.0,476.0,0.0,0.0,1.0,419.0,792.0,63.0,0.0,1.0,1.0,1.0,0.0,2024
Presidente Prudente,2,4.0,20.0,0.0,0.0,20.0,0.0,0.0,0.0,0.0,0.0,0.0,0.0,1.0,0.0,0.0,2024
Presidente Prudente,2,51.0,672.0,0.0,0.0,0.0,0.0,0.0,1.0,454.0,217.0,1.0,1.0,1.0,1.0,1.0,2024
Presidente Prudente,2,16.0,316.0,0.0,234.0,0.0,0.0,0.0,211.0,99.0,6.0,0.0,1.0,1.0,1.0,1.0,2024
Presidente Prudente,2,16.0,310.0,0.0,310.0,0.0,0.0,1.0,287.0,22.0,0.0,1.0,1.0,1.0,1.0,1.0,2024
Presidente Prudente,2,15.0,224.0,0.0,168.0,0.0,0.0,0.0,159.0,64.0,1.0,0.0,1.0,1.0,1.0,0.0,2024
Presidente Prudente,2,36.0,658.0,0.0,266.0,0.0,0.0,0.0,243.0,375.0,40.0,0.0,1.0,1.0,1.0,0.0,2024
Presidente Prudente,2,13.0,814.0,0.0,0.0,0.0,0.0,0.0,0.0,1.0,813.0,0.0,0.0,1.0,1.0,0.0,2024
Presidente Prudente,2,,,,,,,,,,,0.0,1.0,1.0,1.0,1.0,2024
Presidente Prudente,2,10.0,125.0,0.0,0.0,0.0,0.0,0.0,0.0,0.0,125.0,0.0,0.0,0.0,0.0,0.0,2024
Presidente Prudente,2,8.0,66.0,0.0,0.0,0.0,0.0,0.0,0.0,0.0,66.0,0.0,0.0,0.0,0.0,0.0,2024
Presidente Venceslau,2,23.0,449.0,0.0,349.0,0.0,0.0,4.0,336.0,104.0,5.0,0.0,1.0,1.0,1.0,1.0,2024
Presidente Venceslau,2,41.0,695.0,0.0,244.0,0.0,0.0,0.0,236.0,369.0,90.0,0.0,1.0,1.0,1.0,1.0,2024
Presidente Venceslau,2,22.0,362.0,0.0,238.0,0.0,0.0,10.0,230.0,120.0,2.0,0.0,1.0,1.0,1.0,1.0,2024
Presidente Venceslau,2,,,,,,,,,,,,,,,,2024
Presidente Venceslau,2,,,,,,,,,,,,,,,,2024
Presidente Venceslau,2,6.0,41.0,0.0,0.0,0.0,0.0,0.0,0.0,0.0,41.0,0.0,0.0,0.0,0.0,0.0,2024
Presidente Venceslau,2,,,,,,,,,,,,,,,,2024
Presidente Venceslau,2,,,,,,,,,,,,,,,,2024
Presidente Venceslau,2,44.0,595.0,0.0,0.0,0.0,0.0,0.0,10.0,389.0,196.0,1.0,1.0,1.0,1.0,1.0,2024
Presidente Venceslau,2,14.0,271.0,0.0,271.0,0.0,0.0,4.0,263.0,4.0,0.0,0.0,1.0,1.0,1.0,1.0,2024
Promissão,2,14.0,245.0,0.0,245.0,0.0,0.0,8.0,225.0,12.0,0.0,0.0,1.0,1.0,1.0,1.0,2024
Promissão,2,22.0,403.0,0.0,323.0,0.0,0.0,3.0,303.0,92.0,5.0,0.0,1.0,1.0,1.0,1.0,2024
Promissão,2,16.0,263.0,263.0,0.0,0.0,0.0,261.0,2.0,0.0,0.0,0.0,1.0,1.0,1.0,0.0,2024
Promissão,2,16.0,285.0,285.0,0.0,0.0,0.0,285.0,0.0,0.0,0.0,0.0,1.0,1.0,1.0,1.0,2024
Promissão,2,70.0,1668.0,0.0,570.0,0.0,0.0,11.0,555.0,857.0,245.0,0.0,1.0,1.0,1.0,1.0,2024
Promissão,2,17.0,324.0,0.0,324.0,0.0,0.0,3.0,310.0,11.0,0.0,0.0,0.0,1.0,1.0,1.0,2024
Promissão,2,,,,,,,,,,,,,,,,2024
Promissão,2,12.0,159.0,0.0,111.0,0.0,0.0,3.0,103.0,49.0,4.0,0.0,0.0,1.0,1.0,1.0,2024
Promissão,2,,,,,,,,,,,,,,,,2024
Promissão,2,20.0,84.0,37.0,31.0,0.0,0.0,38.0,29.0,15.0,2.0,0.0,1.0,1.0,1.0,0.0,2024
Quadra,2,12.0,283.0,0.0,0.0,0.0,0.0,0.0,2.0,237.0,44.0,0.0,1.0,1.0,1.0,0.0,2024
Quatá,2,45.0,730.0,0.0,453.0,0.0,0.0,8.0,444.0,224.0,54.0,0.0,1.0,1.0,1.0,0.0,2024
Quatá,2,29.0,371.0,0.0,0.0,0.0,0.0,0.0,5.0,212.0,154.0,1.0,1.0,1.0,1.0,1.0,2024
Queiroz,2,18.0,297.0,0.0,195.0,0.0,0.0,2.0,191.0,100.0,4.0,0.0,0.0,1.0,1.0,1.0,2024
Queluz,2,22.0,386.0,0.0,0.0,0.0,0.0,0.0,5.0,261.0,120.0,0.0,1.0,1.0,1.0,0.0,2024
Quintana,2,30.0,536.0,0.0,299.0,0.0,0.0,7.0,290.0,195.0,44.0,0.0,1.0,1.0,1.0,1.0,2024
Rafard,2,43.0,989.0,0.0,541.0,0.0,0.0,0.0,487.0,455.0,47.0,0.0,1.0,1.0,1.0,0.0,2024
Rancharia,2,27.0,483.0,0.0,0.0,0.0,0.0,0.0,2.0,393.0,88.0,1.0,1.0,1.0,1.0,1.0,2024
Rancharia,2,16.0,279.0,0.0,279.0,0.0,0.0,0.0,256.0,23.0,0.0,0.0,1.0,1.0,1.0,0.0,2024
Rancharia,2,17.0,349.0,0.0,349.0,0.0,0.0,1.0,330.0,18.0,0.0,0.0,1.0,1.0,1.0,1.0,2024
Rancharia,2,41.0,832.0,0.0,293.0,0.0,0.0,0.0,266.0,486.0,80.0,0.0,1.0,1.0,1.0,1.0,2024
Rancharia,2,,,,,,,,,,,,,,,,2024
Rancharia,2,17.0,321.0,0.0,321.0,0.0,0.0,0.0,302.0,19.0,0.0,0.0,1.0,1.0,1.0,0.0,2024
Rancharia,2,17.0,100.0,12.0,56.0,0.0,0.0,10.0,56.0,33.0,1.0,0.0,1.0,1.0,1.0,0.0,2024
Redenção da Serra,2,20.0,383.0,0.0,223.0,0.0,0.0,5.0,218.0,151.0,9.0,0.0,1.0,1.0,1.0,1.0,2024
Regente Feijó,2,46.0,883.0,0.0,407.0,0.0,0.0,0.0,374.0,456.0,53.0,0.0,1.0,1.0,1.0,0.0,2024
Regente Feijó,2,29.0,347.0,0.0,250.0,0.0,0.0,1.0,236.0,103.0,7.0,0.0,1.0,1.0,0.0,1.0,2024
Regente Feijó,2,9.0,66.0,0.0,66.0,0.0,0.0,0.0,63.0,3.0,0.0,1.0,1.0,1.0,0.0,0.0,2024
Reginópolis,2,24.0,398.0,0.0,251.0,0.0,0.0,5.0,234.0,158.0,1.0,0.0,1.0,1.0,1.0,0.0,2024
Reginópolis,2,7.0,149.0,0.0,0.0,0.0,0.0,0.0,0.0,0.0,149.0,0.0,0.0,1.0,0.0,0.0,2024
Reginópolis,2,8.0,223.0,0.0,0.0,0.0,0.0,0.0,0.0,0.0,223.0,0.0,0.0,1.0,0.0,0.0,2024
Registro,2,10.0,201.0,0.0,0.0,0.0,0.0,0.0,0.0,0.0,201.0,0.0,0.0,0.0,0.0,0.0,2024
Registro,2,27.0,352.0,0.0,352.0,0.0,0.0,6.0,334.0,12.0,0.0,0.0,1.0,1.0,1.0,0.0,2024
Registro,2,36.0,519.0,0.0,239.0,0.0,0.0,4.0,230.0,271.0,14.0,0.0,1.0,1.0,1.0,0.0,2024
Registro,2,19.0,241.0,0.0,142.0,0.0,0.0,5.0,128.0,99.0,9.0,0.0,1.0,1.0,1.0,1.0,2024
Registro,2,14.0,195.0,0.0,138.0,0.0,0.0,0.0,136.0,53.0,6.0,0.0,0.0,1.0,1.0,1.0,2024
Registro,2,25.0,468.0,0.0,468.0,0.0,0.0,13.0,441.0,14.0,0.0,0.0,1.0,1.0,1.0,0.0,2024
Registro,2,16.0,306.0,0.0,0.0,0.0,0.0,0.0,8.0,284.0,14.0,0.0,1.0,1.0,1.0,1.0,2024
Registro,2,16.0,244.0,0.0,167.0,0.0,0.0,6.0,157.0,72.0,9.0,0.0,0.0,1.0,1.0,0.0,2024
Registro,2,27.0,529.0,0.0,342.0,0.0,0.0,8.0,327.0,189.0,5.0,0.0,1.0,1.0,1.0,1.0,2024
Registro,2,31.0,377.0,0.0,0.0,0.0,0.0,0.0,10.0,252.0,115.0,1.0,1.0,1.0,0.0,1.0,2024
Registro,2,3.0,12.0,2.0,5.0,0.0,0.0,2.0,6.0,2.0,2.0,0.0,0.0,0.0,0.0,0.0,2024
Registro,2,12.0,161.0,0.0,0.0,0.0,0.0,0.0,7.0,148.0,6.0,0.0,1.0,1.0,1.0,1.0,2024
Registro,2,53.0,1032.0,0.0,392.0,0.0,0.0,7.0,380.0,584.0,61.0,0.0,1.0,1.0,1.0,1.0,2024
Registro,2,13.0,132.0,0.0,90.0,0.0,0.0,2.0,86.0,43.0,1.0,0.0,1.0,1.0,1.0,1.0,2024
Registro,2,9.0,53.0,0.0,53.0,0.0,0.0,1.0,49.0,3.0,0.0,0.0,1.0,1.0,1.0,0.0,2024
Registro,2,24.0,383.0,0.0,233.0,0.0,0.0,7.0,221.0,143.0,12.0,0.0,1.0,1.0,1.0,1.0,2024
Registro,2,8.0,541.0,0.0,0.0,0.0,0.0,0.0,0.0,0.0,541.0,0.0,0.0,1.0,0.0,0.0,2024
Registro,2,,,,,,,,,,,0.0,0.0,1.0,0.0,0.0,2024
Restinga,2,16.0,330.0,0.0,0.0,0.0,0.0,0.0,0.0,310.0,20.0,0.0,0.0,1.0,1.0,1.0,2024
Ribeira,2,14.0,246.0,0.0,129.0,0.0,0.0,6.0,132.0,106.0,2.0,0.0,1.0,1.0,1.0,0.0,2024
Ribeira,2,12.0,117.0,0.0,75.0,0.0,0.0,3.0,73.0,39.0,2.0,0.0,0.0,1.0,1.0,0.0,2024
Ribeira,2,,,,,,,,,,,,,,,,2024
Ribeira,2,,,,,,,,,,,,,,,,2024
Ribeirão Bonito,2,15.0,358.0,0.0,0.0,0.0,0.0,0.0,2.0,336.0,20.0,0.0,1.0,1.0,1.0,1.0,2024
Ribeirão Branco,2,26.0,548.0,0.0,317.0,0.0,0.0,6.0,303.0,223.0,16.0,0.0,1.0,1.0,1.0,0.0,2024
Ribeirão Branco,2,15.0,256.0,0.0,145.0,0.0,0.0,1.0,142.0,104.0,9.0,0.0,0.0,1.0,1.0,0.0,2024
Ribeirão Branco,2,20.0,380.0,0.0,232.0,0.0,0.0,1.0,229.0,139.0,11.0,0.0,0.0,1.0,1.0,0.0,2024
Ribeirão Branco,2,19.0,334.0,0.0,191.0,0.0,0.0,5.0,186.0,132.0,11.0,0.0,0.0,1.0,1.0,1.0,2024
Ribeirão Branco,2,12.0,167.0,0.0,100.0,0.0,0.0,1.0,98.0,64.0,4.0,0.0,0.0,1.0,1.0,0.0,2024
Ribeirão Branco,2,11.0,63.0,0.0,29.0,0.0,0.0,0.0,29.0,28.0,6.0,0.0,0.0,1.0,1.0,1.0,2024
Ribeirão Corrente,2,18.0,215.0,0.0,0.0,0.0,0.0,0.0,0.0,193.0,22.0,0.0,1.0,1.0,1.0,1.0,2024
Ribeirão do Sul,2,29.0,419.0,0.0,255.0,0.0,0.0,5.0,244.0,136.0,34.0,0.0,1.0,1.0,1.0,0.0,2024
Ribeirão dos Índios,2,15.0,161.0,0.0,67.0,0.0,0.0,2.0,63.0,79.0,17.0,0.0,1.0,1.0,1.0,1.0,2024
Ribeirão Grande,2,30.0,534.0,0.0,323.0,0.0,0.0,0.0,296.0,215.0,23.0,0.0,0.0,1.0,1.0,1.0,2024
Ribeirão Grande,2,16.0,48.0,0.0,29.0,0.0,0.0,0.0,24.0,23.0,1.0,0.0,1.0,1.0,0.0,1.0,2024
Ribeirão Grande,2,20.0,256.0,0.0,92.0,0.0,0.0,0.0,89.0,137.0,30.0,0.0,0.0,1.0,1.0,1.0,2024
Ribeirão Pires,2,18.0,314.0,314.0,0.0,0.0,1.0,309.0,4.0,0.0,0.0,0.0,0.0,1.0,1.0,1.0,2024
Ribeirão Pires,2,33.0,955.0,0.0,284.0,0.0,0.0,5.0,282.0,634.0,34.0,0.0,1.0,1.0,1.0,0.0,2024
Ribeirão Pires,2,12.0,139.0,139.0,0.0,0.0,0.0,136.0,3.0,0.0,0.0,0.0,1.0,1.0,1.0,1.0,2024
Ribeirão Pires,2,24.0,309.0,0.0,122.0,0.0,0.0,3.0,116.0,155.0,35.0,0.0,1.0,1.0,1.0,1.0,2024
Ribeirão Pires,2,8.0,119.0,119.0,0.0,0.0,0.0,119.0,0.0,0.0,0.0,0.0,0.0,1.0,1.0,1.0,2024
Ribeirão Pires,2,17.0,266.0,266.0,0.0,0.0,0.0,263.0,2.0,1.0,0.0,0.0,0.0,1.0,1.0,0.0,2024
Ribeirão Pires,2,44.0,640.0,107.0,243.0,0.0,0.0,110.0,235.0,285.0,10.0,0.0,1.0,1.0,1.0,1.0,2024
Ribeirão Pires,2,20.0,337.0,0.0,212.0,0.0,0.0,3.0,206.0,127.0,1.0,0.0,1.0,1.0,1.0,1.0,2024
Ribeirão Pires,2,17.0,338.0,0.0,203.0,0.0,0.0,3.0,196.0,132.0,7.0,0.0,1.0,1.0,1.0,1.0,2024
Ribeirão Pires,2,17.0,299.0,0.0,167.0,0.0,0.0,1.0,163.0,129.0,6.0,0.0,1.0,1.0,1.0,1.0,2024
Ribeirão Pires,2,13.0,232.0,232.0,0.0,0.0,0.0,230.0,2.0,0.0,0.0,0.0,1.0,1.0,1.0,0.0,2024
Ribeirão Pires,2,24.0,388.0,135.0,135.0,0.0,1.0,138.0,128.0,117.0,4.0,0.0,1.0,1.0,1.0,0.0,2024
Ribeirão Pires,2,19.0,332.0,158.0,174.0,0.0,0.0,158.0,169.0,5.0,0.0,1.0,1.0,1.0,1.0,1.0,2024
Ribeirão Pires,2,20.0,359.0,192.0,167.0,0.0,0.0,198.0,156.0,5.0,0.0,0.0,0.0,1.0,1.0,0.0,2024
Ribeirão Pires,2,18.0,308.0,308.0,0.0,0.0,0.0,306.0,2.0,0.0,0.0,0.0,0.0,1.0,1.0,0.0,2024
Ribeirão Pires,2,7.0,40.0,40.0,0.0,0.0,0.0,39.0,1.0,0.0,0.0,0.0,1.0,1.0,1.0,0.0,2024
Ribeirão Pires,2,32.0,433.0,143.0,187.0,0.0,0.0,141.0,189.0,101.0,2.0,0.0,1.0,1.0,1.0,1.0,2024
Ribeirão Pires,2,21.0,201.0,59.0,80.0,0.0,0.0,59.0,78.0,64.0,0.0,0.0,0.0,1.0,1.0,0.0,2024
Ribeirão Pires,2,21.0,297.0,0.0,172.0,0.0,0.0,3.0,164.0,128.0,2.0,0.0,1.0,1.0,1.0,1.0,2024
Ribeirão Pires,2,46.0,914.0,0.0,0.0,0.0,0.0,0.0,18.0,666.0,230.0,0.0,1.0,1.0,1.0,0.0,2024
Ribeirão Pires,2,,,,,,,,,,,,,,,,2024
Ribeirão Pires,2,27.0,447.0,239.0,208.0,0.0,0.0,239.0,202.0,6.0,0.0,0.0,0.0,1.0,1.0,0.0,2024
Ribeirão Pires,2,19.0,359.0,0.0,273.0,0.0,0.0,1.0,271.0,83.0,4.0,0.0,1.0,1.0,1.0,0.0,2024
Ribeirão Pires,2,26.0,527.0,335.0,192.0,0.0,0.0,329.0,191.0,7.0,0.0,0.0,1.0,1.0,1.0,0.0,2024
Ribeirão Pires,2,26.0,452.0,0.0,243.0,0.0,0.0,7.0,229.0,206.0,10.0,0.0,1.0,1.0,1.0,0.0,2024
Ribeirão Pires,2,22.0,399.0,189.0,210.0,0.0,0.0,194.0,202.0,3.0,0.0,0.0,1.0,1.0,1.0,1.0,2024
Ribeirão Pires,2,27.0,370.0,0.0,186.0,0.0,0.0,3.0,181.0,178.0,8.0,0.0,0.0,1.0,1.0,1.0,2024
Ribeirão Pires,2,16.0,191.0,191.0,0.0,0.0,0.0,191.0,0.0,0.0,0.0,0.0,0.0,1.0,1.0,1.0,2024
Ribeirão Pires,2,3.0,947.0,0.0,0.0,0.0,0.0,0.0,0.0,0.0,947.0,0.0,1.0,1.0,0.0,0.0,2024
Ribeirão Pires,2,22.0,512.0,0.0,215.0,0.0,0.0,2.0,205.0,291.0,14.0,0.0,1.0,1.0,1.0,1.0,2024
Ribeirão Pires,2,13.0,238.0,238.0,0.0,0.0,0.0,235.0,3.0,0.0,0.0,0.0,1.0,1.0,1.0,1.0,2024
Ribeirão Pires,2,27.0,447.0,0.0,194.0,0.0,0.0,1.0,190.0,246.0,10.0,0.0,1.0,1.0,1.0,0.0,2024
Ribeirão Preto,2,,,,,,,,,,,,,,,,2024
Ribeirão Preto,2,23.0,443.0,443.0,0.0,0.0,0.0,430.0,13.0,0.0,0.0,1.0,1.0,1.0,0.0,1.0,2024
Ribeirão Preto,2,21.0,540.0,0.0,0.0,0.0,0.0,0.0,4.0,492.0,44.0,0.0,1.0,1.0,1.0,0.0,2024
Ribeirão Preto,2,22.0,464.0,464.0,0.0,0.0,0.0,439.0,25.0,0.0,0.0,0.0,1.0,1.0,0.0,0.0,2024
Ribeirão Preto,2,34.0,675.0,0.0,262.0,0.0,0.0,0.0,235.0,400.0,40.0,0.0,1.0,1.0,1.0,0.0,2024
Ribeirão Preto,2,31.0,497.0,255.0,242.0,0.0,0.0,237.0,250.0,10.0,0.0,0.0,1.0,1.0,1.0,1.0,2024
Ribeirão Preto,2,28.0,542.0,0.0,279.0,0.0,0.0,0.0,261.0,260.0,21.0,0.0,1.0,1.0,1.0,1.0,2024
Ribeirão Preto,2,45.0,732.0,0.0,0.0,0.0,0.0,0.0,1.0,470.0,261.0,0.0,1.0,1.0,1.0,1.0,2024
Ribeirão Preto,2,26.0,585.0,585.0,0.0,0.0,0.0,561.0,24.0,0.0,0.0,0.0,1.0,1.0,1.0,1.0,2024
Ribeirão Preto,2,39.0,770.0,0.0,344.0,0.0,0.0,2.0,306.0,422.0,40.0,0.0,1.0,1.0,1.0,1.0,2024
Ribeirão Preto,2,31.0,619.0,619.0,0.0,0.0,0.0,599.0,20.0,0.0,0.0,0.0,1.0,1.0,1.0,1.0,2024
Ribeirão Preto,2,63.0,1140.0,276.0,325.0,0.0,0.0,265.0,303.0,489.0,83.0,0.0,1.0,1.0,1.0,0.0,2024
Ribeirão Preto,2,35.0,501.0,187.0,314.0,0.0,0.0,173.0,288.0,40.0,0.0,0.0,1.0,1.0,1.0,1.0,2024
Ribeirão Preto,2,31.0,460.0,0.0,110.0,0.0,0.0,0.0,96.0,332.0,32.0,0.0,1.0,1.0,1.0,0.0,2024
Ribeirão Preto,2,31.0,738.0,738.0,0.0,0.0,0.0,698.0,40.0,0.0,0.0,0.0,1.0,1.0,1.0,1.0,2024
Ribeirão Preto,2,60.0,1244.0,267.0,484.0,0.0,0.0,237.0,454.0,527.0,26.0,0.0,1.0,1.0,1.0,1.0,2024
Ribeirão Preto,2,39.0,793.0,0.0,233.0,0.0,0.0,1.0,208.0,539.0,45.0,0.0,1.0,1.0,1.0,0.0,2024
Ribeirão Preto,2,41.0,735.0,403.0,332.0,0.0,0.0,390.0,316.0,28.0,1.0,0.0,1.0,1.0,1.0,1.0,2024
Ribeirão Preto,2,23.0,503.0,0.0,0.0,0.0,0.0,0.0,4.0,455.0,44.0,0.0,1.0,1.0,1.0,1.0,2024
Ribeirão Preto,2,19.0,422.0,0.0,0.0,0.0,0.0,0.0,2.0,388.0,32.0,0.0,1.0,1.0,1.0,1.0,2024
Ribeirão Preto,2,31.0,634.0,308.0,265.0,0.0,0.0,293.0,261.0,72.0,8.0,0.0,1.0,1.0,1.0,0.0,2024
Ribeirão Preto,2,32.0,842.0,0.0,533.0,0.0,0.0,1.0,508.0,310.0,23.0,0.0,1.0,1.0,1.0,0.0,2024
Ribeirão Preto,2,150.0,2225.0,0.0,0.0,0.0,0.0,0.0,9.0,969.0,1247.0,1.0,1.0,1.0,1.0,1.0,2024
Ribeirão Preto,2,81.0,1619.0,0.0,0.0,0.0,0.0,0.0,3.0,1214.0,402.0,0.0,1.0,1.0,1.0,0.0,2024
Ribeirão Preto,2,36.0,646.0,269.0,377.0,0.0,0.0,248.0,367.0,31.0,0.0,0.0,1.0,1.0,1.0,0.0,2024
Ribeirão Preto,2,29.0,544.0,0.0,544.0,0.0,0.0,2.0,468.0,74.0,0.0,0.0,1.0,1.0,1.0,1.0,2024
Ribeirão Preto,2,59.0,1141.0,0.0,0.0,0.0,0.0,0.0,6.0,937.0,198.0,0.0,1.0,1.0,1.0,1.0,2024
Ribeirão Preto,2,29.0,607.0,607.0,0.0,0.0,0.0,582.0,25.0,0.0,0.0,0.0,1.0,1.0,1.0,0.0,2024
Ribeirão Preto,2,17.0,317.0,317.0,0.0,0.0,0.0,294.0,23.0,0.0,0.0,0.0,1.0,1.0,1.0,0.0,2024
Ribeirão Preto,2,20.0,368.0,0.0,278.0,0.0,0.0,2.0,260.0,104.0,2.0,0.0,1.0,1.0,1.0,0.0,2024
Ribeirão Preto,2,38.0,829.0,0.0,261.0,0.0,0.0,0.0,230.0,402.0,197.0,0.0,1.0,1.0,1.0,0.0,2024
Ribeirão Preto,2,34.0,767.0,0.0,461.0,0.0,0.0,2.0,439.0,301.0,25.0,0.0,1.0,1.0,1.0,1.0,2024
Ribeirão Preto,2,24.0,282.0,149.0,133.0,0.0,0.0,138.0,135.0,9.0,0.0,0.0,1.0,1.0,1.0,1.0,2024
Ribeirão Preto,2,43.0,784.0,398.0,386.0,0.0,0.0,367.0,365.0,52.0,0.0,0.0,1.0,1.0,1.0,1.0,2024
Ribeirão Preto,2,19.0,403.0,0.0,0.0,0.0,0.0,0.0,6.0,373.0,24.0,0.0,1.0,1.0,1.0,1.0,2024
Ribeirão Preto,2,39.0,817.0,0.0,509.0,0.0,0.0,0.0,454.0,322.0,41.0,0.0,1.0,1.0,1.0,1.0,2024
Ribeirão Preto,2,37.0,619.0,0.0,280.0,0.0,0.0,1.0,257.0,334.0,27.0,0.0,1.0,1.0,1.0,1.0,2024
Ribeirão Preto,2,25.0,538.0,538.0,0.0,0.0,0.0,510.0,28.0,0.0,0.0,0.0,0.0,1.0,1.0,1.0,2024
Ribeirão Preto,2,53.0,1052.0,355.0,394.0,0.0,0.0,322.0,366.0,334.0,30.0,0.0,1.0,1.0,1.0,1.0,2024
Ribeirão Preto,2,,,,,,,,,,,,,,,,2024
Ribeirão Preto,2,,,,,,,,,,,,,,,,2024
Ribeirão Preto,2,,,,,,,,,,,,,,,,2024
Ribeirão Preto,2,10.0,44.0,0.0,0.0,23.0,20.0,1.0,0.0,0.0,0.0,1.0,0.0,1.0,1.0,1.0,2024
Ribeirão Preto,2,5.0,26.0,0.0,0.0,0.0,0.0,0.0,0.0,0.0,26.0,0.0,0.0,1.0,0.0,0.0,2024
Ribeirão Preto,2,44.0,826.0,0.0,31.0,0.0,0.0,0.0,35.0,626.0,165.0,0.0,1.0,1.0,1.0,1.0,2024
Ribeirão Preto,2,,,,,,,,,,,,,,,,2024
Ribeirão Preto,2,20.0,429.0,0.0,304.0,0.0,0.0,1.0,278.0,141.0,9.0,0.0,1.0,1.0,1.0,1.0,2024
Ribeirão Preto,2,20.0,348.0,0.0,288.0,0.0,0.0,1.0,265.0,75.0,7.0,0.0,0.0,1.0,1.0,1.0,2024
Ribeirão Preto,2,8.0,63.0,0.0,0.0,0.0,0.0,0.0,0.0,0.0,63.0,0.0,0.0,0.0,0.0,0.0,2024
Ribeirão Preto,2,,,,,,,,,,,,,,,,2024
Ribeirão Preto,2,,,,,,,,,,,,,,,,2024
Ribeirão Preto,2,,,,,,,,,,,,,,,,2024
Ribeirão Preto,2,,,,,,,,,,,,,,,,2024
Ribeirão Preto,2,,,,,,,,,,,,,,,,2024
Ribeirão Preto,2,,,,,,,,,,,0.0,0.0,0.0,0.0,0.0,2024
Ribeirão Preto,2,13.0,138.0,0.0,0.0,0.0,0.0,0.0,0.0,0.0,138.0,0.0,0.0,1.0,0.0,0.0,2024
Ribeirão Preto,2,,,,,,,,,,,,,,,,2024
Ribeirão Preto,2,18.0,102.0,2.0,44.0,0.0,0.0,0.0,2.0,62.0,38.0,0.0,1.0,1.0,0.0,0.0,2024
Ribeirão Preto,2,17.0,108.0,3.0,61.0,0.0,0.0,0.0,14.0,75.0,19.0,0.0,1.0,1.0,0.0,0.0,2024
Ribeirão Preto,2,,,,,,,,,,,,,,,,2024
Ribeirão Preto,2,31.0,576.0,264.0,312.0,0.0,0.0,244.0,294.0,37.0,1.0,0.0,1.0,1.0,1.0,1.0,2024
Ribeirão Preto,2,48.0,913.0,282.0,247.0,0.0,0.0,263.0,214.0,337.0,99.0,0.0,1.0,1.0,1.0,1.0,2024
Ribeirão Preto,2,26.0,551.0,0.0,415.0,0.0,0.0,5.0,372.0,164.0,10.0,0.0,0.0,1.0,1.0,1.0,2024
Ribeirão Preto,2,17.0,298.0,0.0,298.0,0.0,0.0,0.0,283.0,15.0,0.0,0.0,1.0,1.0,1.0,1.0,2024
Ribeirão Preto,2,34.0,740.0,0.0,495.0,0.0,0.0,0.0,435.0,292.0,13.0,0.0,0.0,1.0,1.0,0.0,2024
Ribeirão Preto,2,15.0,264.0,264.0,0.0,0.0,0.0,254.0,10.0,0.0,0.0,0.0,1.0,1.0,1.0,1.0,2024
Ribeirão Preto,2,24.0,522.0,522.0,0.0,0.0,0.0,496.0,26.0,0.0,0.0,0.0,1.0,1.0,1.0,1.0,2024
Ribeirão Preto,2,32.0,727.0,0.0,396.0,0.0,0.0,0.0,360.0,341.0,26.0,1.0,0.0,1.0,1.0,0.0,2024
Ribeirão Preto,2,24.0,510.0,0.0,510.0,0.0,0.0,0.0,459.0,51.0,0.0,0.0,1.0,1.0,1.0,1.0,2024
Ribeirão Preto,2,36.0,773.0,138.0,209.0,0.0,0.0,129.0,200.0,414.0,30.0,0.0,1.0,1.0,1.0,0.0,2024
Ribeirão Preto,2,24.0,498.0,498.0,0.0,0.0,0.0,482.0,16.0,0.0,0.0,0.0,1.0,1.0,1.0,1.0,2024
Ribeirão Preto,2,32.0,713.0,334.0,379.0,0.0,0.0,317.0,360.0,36.0,0.0,0.0,1.0,1.0,1.0,1.0,2024
Ribeirão Preto,2,21.0,342.0,342.0,0.0,0.0,0.0,326.0,16.0,0.0,0.0,0.0,0.0,1.0,1.0,1.0,2024
Ribeirão Preto,2,19.0,298.0,154.0,144.0,0.0,0.0,150.0,139.0,9.0,0.0,0.0,1.0,1.0,1.0,1.0,2024
Ribeirão Preto,2,14.0,264.0,0.0,264.0,0.0,0.0,1.0,244.0,19.0,0.0,0.0,1.0,1.0,1.0,1.0,2024
Ribeirão Preto,2,35.0,581.0,185.0,183.0,0.0,0.0,173.0,181.0,215.0,12.0,0.0,1.0,1.0,1.0,0.0,2024
Ribeirão Preto,2,20.0,411.0,411.0,0.0,0.0,0.0,385.0,26.0,0.0,0.0,0.0,1.0,1.0,1.0,0.0,2024
Ribeirão Preto,2,38.0,731.0,731.0,0.0,0.0,0.0,692.0,39.0,0.0,0.0,0.0,0.0,1.0,1.0,1.0,2024
Ribeirão Preto,2,46.0,711.0,0.0,264.0,0.0,0.0,0.0,233.0,387.0,91.0,1.0,1.0,1.0,1.0,0.0,2024
Ribeirão Preto,2,33.0,767.0,767.0,0.0,0.0,0.0,739.0,28.0,0.0,0.0,0.0,1.0,1.0,1.0,1.0,2024
Ribeirão Preto,2,33.0,864.0,864.0,0.0,0.0,0.0,846.0,18.0,0.0,0.0,0.0,1.0,1.0,1.0,1.0,2024
Ribeirão Preto,2,19.0,353.0,353.0,0.0,0.0,0.0,338.0,15.0,0.0,0.0,0.0,0.0,1.0,1.0,0.0,2024
Ribeirão Preto,2,20.0,436.0,436.0,0.0,0.0,0.0,409.0,27.0,0.0,0.0,0.0,0.0,1.0,1.0,1.0,2024
Ribeirão Preto,2,18.0,287.0,287.0,0.0,0.0,0.0,266.0,21.0,0.0,0.0,0.0,0.0,1.0,1.0,1.0,2024
Ribeirão Preto,2,27.0,502.0,0.0,502.0,0.0,0.0,1.0,426.0,75.0,0.0,0.0,1.0,1.0,1.0,0.0,2024
Ribeirão Preto,2,31.0,455.0,0.0,202.0,0.0,0.0,0.0,169.0,263.0,23.0,0.0,1.0,1.0,1.0,1.0,2024
Ribeirão Preto,2,19.0,395.0,395.0,0.0,0.0,0.0,384.0,11.0,0.0,0.0,0.0,1.0,1.0,1.0,1.0,2024
Ribeirão Preto,2,4.0,1348.0,0.0,0.0,0.0,0.0,0.0,0.0,1.0,1347.0,0.0,0.0,1.0,1.0,0.0,2024
Ribeirão Preto,2,,,,,,,,,,,,,,,,2024
Ribeirão Preto,2,,,,,,,,,,,,,,,,2024
Ribeirão Preto,2,,,,,,,,,,,,,,,,2024
Ribeirão Preto,2,,,,,,,,,,,,,,,,2024
Ribeirão Preto,2,34.0,594.0,237.0,207.0,0.0,0.0,221.0,213.0,154.0,6.0,0.0,1.0,1.0,1.0,1.0,2024
Ribeirão Preto,2,29.0,522.0,281.0,241.0,0.0,0.0,280.0,218.0,24.0,0.0,0.0,1.0,1.0,1.0,1.0,2024
Riversul,2,31.0,505.0,0.0,269.0,0.0,0.0,1.0,259.0,221.0,24.0,0.0,1.0,1.0,1.0,0.0,2024
Riversul,2,26.0,110.0,25.0,30.0,0.0,0.0,25.0,29.0,52.0,4.0,0.0,1.0,1.0,1.0,1.0,2024
Rifaina,2,21.0,348.0,0.0,222.0,0.0,0.0,2.0,189.0,135.0,22.0,0.0,1.0,1.0,0.0,0.0,2024
Rincão,2,35.0,655.0,0.0,342.0,0.0,0.0,3.0,323.0,277.0,52.0,0.0,1.0,1.0,1.0,1.0,2024
Rinópolis,2,24.0,315.0,0.0,68.0,0.0,0.0,0.0,71.0,224.0,20.0,0.0,1.0,1.0,1.0,1.0,2024
Rinópolis,2,25.0,340.0,0.0,340.0,0.0,0.0,12.0,318.0,10.0,0.0,0.0,1.0,1.0,1.0,1.0,2024
Rinópolis,2,17.0,325.0,325.0,0.0,0.0,0.0,322.0,3.0,0.0,0.0,0.0,1.0,1.0,1.0,1.0,2024
Rinópolis,2,8.0,70.0,70.0,0.0,0.0,0.0,68.0,2.0,0.0,0.0,0.0,1.0,1.0,1.0,0.0,2024
Rio Claro,2,3.0,18.0,0.0,0.0,18.0,0.0,0.0,0.0,0.0,0.0,0.0,0.0,1.0,0.0,1.0,2024
Rio Claro,2,13.0,287.0,0.0,287.0,0.0,0.0,0.0,276.0,11.0,0.0,0.0,0.0,1.0,1.0,1.0,2024
Rio Claro,2,,,,,,,,,,,,,,,,2024
Rio Claro,2,20.0,389.0,0.0,389.0,0.0,0.0,0.0,372.0,17.0,0.0,0.0,1.0,1.0,1.0,1.0,2024
Rio Claro,2,,,,,,,,,,,,,,,,2024
Rio Claro,2,21.0,387.0,0.0,0.0,0.0,0.0,0.0,0.0,237.0,150.0,1.0,1.0,1.0,1.0,0.0,2024
Rio Claro,2,,,,,,,,,,,,,,,,2024
Rio Claro,2,14.0,305.0,0.0,0.0,0.0,0.0,0.0,1.0,279.0,25.0,1.0,1.0,1.0,1.0,1.0,2024
Rio Claro,2,38.0,757.0,0.0,584.0,0.0,0.0,0.0,552.0,197.0,8.0,0.0,1.0,1.0,1.0,1.0,2024
Rio Claro,2,40.0,926.0,0.0,480.0,0.0,0.0,4.0,433.0,436.0,53.0,0.0,0.0,1.0,1.0,1.0,2024
Rio Claro,2,47.0,1143.0,0.0,534.0,0.0,0.0,0.0,489.0,591.0,63.0,0.0,1.0,1.0,1.0,0.0,2024
Rio Claro,2,14.0,299.0,0.0,0.0,0.0,0.0,0.0,0.0,280.0,19.0,0.0,1.0,1.0,0.0,1.0,2024
Rio Claro,2,34.0,661.0,0.0,661.0,0.0,0.0,1.0,625.0,35.0,0.0,0.0,1.0,1.0,1.0,1.0,2024
Rio Claro,2,65.0,1169.0,0.0,0.0,0.0,0.0,0.0,2.0,613.0,554.0,1.0,1.0,1.0,1.0,0.0,2024
Rio Claro,2,,,,,,,,,,,,,,,,2024
Rio Claro,2,29.0,808.0,0.0,342.0,0.0,0.0,1.0,313.0,449.0,45.0,0.0,1.0,1.0,1.0,0.0,2024
Rio Claro,2,47.0,1302.0,0.0,562.0,0.0,0.0,0.0,517.0,710.0,75.0,0.0,1.0,1.0,1.0,1.0,2024
Rio Claro,2,,,,,,,,,,,,,,,,2024
Rio Claro,2,43.0,999.0,0.0,511.0,0.0,0.0,2.0,472.0,467.0,58.0,0.0,0.0,1.0,1.0,0.0,2024
Rio Claro,2,9.0,160.0,0.0,0.0,0.0,0.0,0.0,0.0,0.0,160.0,0.0,0.0,0.0,0.0,0.0,2024
Rio Claro,2,,,,,,,,,,,,,,,,2024
Rio Claro,2,,,,,,,,,,,,,,,,2024
Rio Claro,2,52.0,1120.0,0.0,529.0,0.0,0.0,1.0,486.0,566.0,67.0,0.0,1.0,1.0,1.0,1.0,2024
Rio Claro,2,4.0,39.0,0.0,0.0,0.0,0.0,0.0,0.0,0.0,39.0,0.0,0.0,0.0,0.0,0.0,2024
Rio Claro,2,,,,,,,,,,,,,,,,2024
Rio Claro,2,,,,,,,,,,,,,,,,2024
Rio Claro,2,17.0,316.0,0.0,316.0,0.0,0.0,0.0,280.0,36.0,0.0,0.0,1.0,1.0,1.0,1.0,2024
Rio Claro,2,50.0,1328.0,0.0,457.0,0.0,0.0,0.0,412.0,781.0,135.0,0.0,1.0,1.0,1.0,0.0,2024
Rio Claro,2,28.0,810.0,0.0,320.0,0.0,0.0,0.0,307.0,461.0,42.0,0.0,0.0,1.0,1.0,0.0,2024
Rio Claro,2,15.0,146.0,0.0,116.0,0.0,0.0,1.0,111.0,32.0,2.0,0.0,1.0,1.0,0.0,1.0,2024
Rio Claro,2,49.0,1184.0,0.0,556.0,0.0,0.0,1.0,512.0,610.0,61.0,0.0,1.0,1.0,1.0,1.0,2024
Rio Claro,2,33.0,497.0,0.0,366.0,0.0,0.0,0.0,323.0,168.0,6.0,0.0,1.0,1.0,1.0,1.0,2024
Rio Claro,2,28.0,657.0,147.0,170.0,0.0,0.0,146.0,159.0,318.0,34.0,0.0,1.0,1.0,1.0,0.0,2024
Rio Claro,2,,,,,,,,,,,,,,,,2024
Rio das Pedras,2,39.0,793.0,0.0,0.0,0.0,0.0,0.0,8.0,637.0,148.0,0.0,1.0,1.0,1.0,1.0,2024
Rio das Pedras,2,23.0,376.0,0.0,0.0,0.0,0.0,0.0,9.0,312.0,55.0,1.0,0.0,1.0,1.0,1.0,2024
Rio das Pedras,2,,,,,,,,,,,0.0,1.0,1.0,1.0,1.0,2024
Rio das Pedras,2,22.0,478.0,0.0,347.0,0.0,0.0,2.0,327.0,140.0,9.0,0.0,1.0,1.0,1.0,0.0,2024
Rio das Pedras,2,,,,,,,,,,,,,,,,2024
Rio das Pedras,2,,,,,,,,,,,,,,,,2024
Rio Grande da Serra,2,33.0,540.0,236.0,200.0,0.0,0.0,237.0,194.0,105.0,4.0,0.0,1.0,1.0,1.0,0.0,2024
Rio Grande da Serra,2,20.0,294.0,151.0,143.0,0.0,0.0,152.0,139.0,3.0,0.0,0.0,1.0,1.0,1.0,1.0,2024
Rio Grande da Serra,2,31.0,588.0,213.0,237.0,0.0,0.0,215.0,226.0,139.0,8.0,0.0,1.0,1.0,1.0,0.0,2024
Rio Grande da Serra,2,28.0,407.0,176.0,143.0,0.0,0.0,177.0,134.0,93.0,3.0,0.0,1.0,1.0,1.0,0.0,2024
Rio Grande da Serra,2,33.0,659.0,257.0,248.0,0.0,0.0,259.0,249.0,149.0,2.0,0.0,1.0,1.0,1.0,1.0,2024
Rio Grande da Serra,2,54.0,1204.0,396.0,349.0,0.0,0.0,393.0,349.0,361.0,101.0,0.0,1.0,1.0,1.0,0.0,2024
Rio Grande da Serra,2,22.0,350.0,145.0,128.0,0.0,0.0,151.0,120.0,77.0,2.0,0.0,1.0,1.0,1.0,0.0,2024
Rio Grande da Serra,2,31.0,692.0,0.0,0.0,0.0,0.0,0.0,17.0,600.0,75.0,1.0,1.0,1.0,1.0,0.0,2024
Rio Grande da Serra,2,45.0,1056.0,311.0,327.0,0.0,0.0,315.0,309.0,391.0,41.0,0.0,0.0,1.0,1.0,1.0,2024
Rio Grande da Serra,2,24.0,360.0,148.0,124.0,0.0,0.0,147.0,117.0,92.0,4.0,0.0,1.0,1.0,1.0,1.0,2024
Rio Grande da Serra,2,18.0,331.0,155.0,176.0,0.0,0.0,155.0,170.0,5.0,1.0,0.0,0.0,1.0,1.0,0.0,2024
Riolândia,2,23.0,312.0,0.0,0.0,0.0,0.0,0.0,7.0,269.0,36.0,0.0,1.0,1.0,1.0,1.0,2024
Riolândia,2,,,,,,,,,,,,,,,,2024
Riolândia,2,,,,,,,,,,,,,,,,2024
Riolândia,2,13.0,165.0,0.0,0.0,0.0,0.0,0.0,0.0,0.0,165.0,0.0,0.0,0.0,0.0,0.0,2024
Riolândia,2,8.0,65.0,0.0,0.0,0.0,0.0,0.0,0.0,0.0,65.0,0.0,0.0,0.0,0.0,0.0,2024
Rosana,2,22.0,299.0,0.0,113.0,0.0,0.0,1.0,110.0,150.0,38.0,0.0,1.0,1.0,1.0,1.0,2024
Rosana,2,10.0,86.0,86.0,0.0,0.0,0.0,80.0,6.0,0.0,0.0,0.0,1.0,1.0,1.0,0.0,2024
Rosana,2,42.0,642.0,116.0,368.0,0.0,0.0,111.0,349.0,146.0,36.0,0.0,1.0,1.0,1.0,0.0,2024
Rosana,2,14.0,181.0,0.0,0.0,0.0,0.0,0.0,3.0,167.0,11.0,0.0,1.0,1.0,1.0,1.0,2024
Rosana,2,,,,,,,,,,,,,,,,2024
Rosana,2,,,,,,,,,,,,,,,,2024
Rosana,2,,,,,,,,,,,,,,,,2024
Rosana,2,21.0,162.0,33.0,75.0,0.0,0.0,34.0,69.0,57.0,2.0,0.0,1.0,1.0,1.0,1.0,2024
Rosana,2,18.0,152.0,0.0,117.0,0.0,0.0,1.0,111.0,38.0,2.0,0.0,1.0,1.0,1.0,0.0,2024
Rosana,2,22.0,111.0,34.0,57.0,0.0,0.0,30.0,57.0,23.0,1.0,0.0,1.0,1.0,1.0,1.0,2024
Roseira,2,,,,,,,,,,,,,,,,2024
Roseira,2,29.0,446.0,0.0,0.0,0.0,0.0,0.0,12.0,318.0,116.0,0.0,1.0,1.0,1.0,1.0,2024
Roseira,2,,,,,,,,,,,,,,,,2024
Rubiácea,2,27.0,256.0,0.0,137.0,0.0,0.0,0.0,129.0,99.0,28.0,0.0,1.0,1.0,1.0,0.0,2024
Rubinéia,2,18.0,297.0,0.0,196.0,0.0,0.0,2.0,184.0,107.0,4.0,0.0,1.0,1.0,1.0,0.0,2024
Sabino,2,24.0,457.0,0.0,264.0,0.0,0.0,3.0,242.0,140.0,72.0,0.0,1.0,1.0,1.0,0.0,2024
Sagres,2,25.0,192.0,0.0,118.0,0.0,0.0,3.0,110.0,69.0,10.0,0.0,1.0,1.0,1.0,0.0,2024
Sales,2,26.0,558.0,0.0,313.0,0.0,0.0,3.0,304.0,224.0,27.0,0.0,1.0,1.0,1.0,1.0,2024
Sales Oliveira,2,25.0,571.0,0.0,359.0,0.0,0.0,9.0,338.0,211.0,13.0,0.0,1.0,1.0,1.0,1.0,2024
Salesópolis,2,49.0,866.0,0.0,382.0,0.0,0.0,2.0,348.0,480.0,36.0,0.0,1.0,1.0,1.0,1.0,2024
Salesópolis,2,16.0,310.0,0.0,310.0,0.0,0.0,10.0,285.0,15.0,0.0,0.0,0.0,1.0,1.0,1.0,2024
Salesópolis,2,26.0,517.0,0.0,318.0,0.0,0.0,3.0,293.0,213.0,8.0,0.0,0.0,1.0,1.0,1.0,2024
Salmourão,2,24.0,373.0,0.0,217.0,0.0,0.0,3.0,207.0,138.0,25.0,0.0,1.0,1.0,1.0,0.0,2024
Saltinho,2,31.0,629.0,0.0,420.0,0.0,0.0,1.0,388.0,231.0,9.0,0.0,0.0,1.0,1.0,0.0,2024
Salto,2,22.0,451.0,0.0,393.0,0.0,0.0,2.0,386.0,63.0,0.0,0.0,1.0,1.0,1.0,1.0,2024
Salto,2,60.0,1816.0,0.0,650.0,0.0,0.0,2.0,599.0,972.0,243.0,0.0,1.0,1.0,1.0,1.0,2024
Salto,2,22.0,455.0,455.0,0.0,0.0,0.0,449.0,6.0,0.0,0.0,1.0,1.0,1.0,1.0,1.0,2024
Salto,2,22.0,471.0,0.0,302.0,0.0,0.0,2.0,293.0,166.0,10.0,0.0,0.0,1.0,1.0,0.0,2024
Salto,2,37.0,920.0,0.0,418.0,0.0,0.0,2.0,394.0,480.0,44.0,0.0,1.0,1.0,1.0,0.0,2024
Salto,2,21.0,360.0,360.0,0.0,0.0,0.0,343.0,17.0,0.0,0.0,0.0,1.0,1.0,1.0,1.0,2024
Salto,2,25.0,399.0,0.0,266.0,0.0,0.0,1.0,255.0,137.0,6.0,0.0,1.0,1.0,1.0,1.0,2024
Salto,2,41.0,896.0,0.0,605.0,0.0,0.0,0.0,561.0,316.0,19.0,0.0,0.0,1.0,1.0,0.0,2024
Salto,2,40.0,1178.0,0.0,546.0,0.0,0.0,0.0,513.0,590.0,75.0,0.0,1.0,1.0,1.0,0.0,2024
Salto,2,,,,,,,,,,,,,,,,2024
Salto,2,26.0,589.0,589.0,0.0,0.0,0.0,575.0,14.0,0.0,0.0,0.0,1.0,1.0,1.0,0.0,2024
Salto,2,20.0,424.0,424.0,0.0,0.0,0.0,407.0,17.0,0.0,0.0,0.0,1.0,1.0,1.0,0.0,2024
Salto,2,38.0,995.0,0.0,411.0,0.0,0.0,0.0,383.0,522.0,90.0,0.0,0.0,1.0,1.0,0.0,2024
Salto,2,16.0,344.0,344.0,0.0,0.0,0.0,336.0,8.0,0.0,0.0,0.0,1.0,1.0,1.0,1.0,2024
Salto,2,35.0,953.0,0.0,397.0,0.0,0.0,2.0,378.0,531.0,42.0,0.0,1.0,1.0,1.0,0.0,2024
Salto,2,,,,,,,,,,,,,,,,2024
Salto,2,60.0,1624.0,0.0,807.0,0.0,0.0,2.0,745.0,803.0,74.0,0.0,1.0,1.0,1.0,0.0,2024
Salto,2,52.0,1261.0,626.0,453.0,0.0,0.0,597.0,450.0,209.0,5.0,0.0,1.0,1.0,1.0,1.0,2024
Salto de Pirapora,2,37.0,899.0,0.0,302.0,0.0,0.0,1.0,286.0,500.0,112.0,0.0,1.0,1.0,1.0,1.0,2024
Salto de Pirapora,2,14.0,226.0,0.0,226.0,0.0,0.0,3.0,209.0,14.0,0.0,0.0,1.0,1.0,1.0,1.0,2024
Salto de Pirapora,2,,,,,,,,,,,0.0,0.0,1.0,0.0,0.0,2024
Salto de Pirapora,2,21.0,361.0,0.0,266.0,0.0,0.0,3.0,240.0,114.0,4.0,0.0,0.0,1.0,1.0,1.0,2024
Salto de Pirapora,2,14.0,269.0,0.0,269.0,0.0,0.0,0.0,261.0,8.0,0.0,0.0,1.0,1.0,1.0,0.0,2024
Salto de Pirapora,2,48.0,1014.0,0.0,500.0,0.0,0.0,1.0,471.0,513.0,29.0,0.0,1.0,1.0,1.0,1.0,2024
Salto de Pirapora,2,8.0,71.0,71.0,0.0,0.0,0.0,71.0,0.0,0.0,0.0,0.0,0.0,1.0,1.0,0.0,2024
Salto de Pirapora,2,8.0,130.0,130.0,0.0,0.0,0.0,120.0,10.0,0.0,0.0,0.0,1.0,1.0,1.0,0.0,2024
Salto de Pirapora,2,27.0,456.0,0.0,187.0,0.0,0.0,0.0,159.0,284.0,13.0,0.0,1.0,1.0,1.0,1.0,2024
Salto Grande,2,43.0,623.0,0.0,388.0,0.0,0.0,5.0,370.0,190.0,58.0,0.0,1.0,1.0,1.0,0.0,2024
Sandovalina,2,19.0,220.0,0.0,0.0,0.0,0.0,0.0,5.0,173.0,42.0,0.0,1.0,1.0,1.0,1.0,2024
Santa Adélia,2,25.0,483.0,0.0,174.0,0.0,0.0,7.0,167.0,290.0,19.0,0.0,1.0,1.0,1.0,1.0,2024
Santa Albertina,2,22.0,422.0,0.0,279.0,0.0,0.0,3.0,257.0,155.0,7.0,0.0,0.0,1.0,1.0,1.0,2024
Santa Bárbara d'Oeste,2,20.0,342.0,0.0,224.0,0.0,0.0,4.0,215.0,122.0,1.0,0.0,1.0,1.0,1.0,0.0,2024
Santa Bárbara d'Oeste,2,17.0,269.0,269.0,0.0,0.0,0.0,269.0,0.0,0.0,0.0,0.0,1.0,1.0,1.0,0.0,2024
Santa Bárbara d'Oeste,2,31.0,504.0,0.0,415.0,0.0,0.0,8.0,400.0,33.0,63.0,0.0,1.0,1.0,1.0,0.0,2024
Santa Bárbara d'Oeste,2,20.0,395.0,0.0,395.0,0.0,0.0,3.0,380.0,12.0,0.0,0.0,1.0,1.0,1.0,1.0,2024
Santa Bárbara d'Oeste,2,61.0,1251.0,0.0,167.0,0.0,0.0,3.0,171.0,964.0,113.0,0.0,1.0,1.0,1.0,1.0,2024
Santa Bárbara d'Oeste,2,14.0,184.0,0.0,138.0,0.0,0.0,4.0,132.0,46.0,2.0,0.0,0.0,1.0,1.0,0.0,2024
Santa Bárbara d'Oeste,2,9.0,167.0,167.0,0.0,0.0,0.0,166.0,1.0,0.0,0.0,0.0,0.0,1.0,1.0,0.0,2024
Santa Bárbara d'Oeste,2,17.0,327.0,0.0,327.0,0.0,0.0,7.0,316.0,4.0,0.0,0.0,1.0,1.0,1.0,1.0,2024
Santa Bárbara d'Oeste,2,27.0,649.0,0.0,0.0,0.0,0.0,0.0,11.0,631.0,7.0,0.0,1.0,1.0,1.0,1.0,2024
Santa Bárbara d'Oeste,2,18.0,379.0,0.0,379.0,0.0,0.0,8.0,365.0,6.0,0.0,0.0,1.0,1.0,1.0,1.0,2024
Santa Bárbara d'Oeste,2,23.0,513.0,0.0,410.0,0.0,0.0,8.0,391.0,111.0,3.0,0.0,1.0,1.0,1.0,1.0,2024
Santa Bárbara d'Oeste,2,41.0,911.0,0.0,353.0,0.0,0.0,3.0,331.0,564.0,13.0,0.0,1.0,1.0,1.0,0.0,2024
Santa Bárbara d'Oeste,2,22.0,313.0,0.0,261.0,0.0,0.0,3.0,256.0,52.0,2.0,0.0,1.0,1.0,1.0,0.0,2024
Santa Bárbara d'Oeste,2,32.0,501.0,0.0,121.0,0.0,0.0,0.0,123.0,368.0,10.0,0.0,1.0,1.0,1.0,0.0,2024
Santa Bárbara d'Oeste,2,41.0,617.0,0.0,163.0,0.0,0.0,2.0,163.0,375.0,77.0,0.0,1.0,1.0,1.0,0.0,2024
Santa Bárbara d'Oeste,2,21.0,369.0,0.0,272.0,0.0,0.0,6.0,258.0,103.0,2.0,0.0,1.0,1.0,1.0,0.0,2024
Santa Bárbara d'Oeste,2,14.0,238.0,0.0,238.0,0.0,0.0,5.0,227.0,6.0,0.0,0.0,1.0,1.0,0.0,1.0,2024
Santa Bárbara d'Oeste,2,14.0,209.0,0.0,209.0,0.0,0.0,6.0,194.0,9.0,0.0,0.0,1.0,1.0,1.0,0.0,2024
Santa Bárbara d'Oeste,2,27.0,609.0,0.0,258.0,0.0,0.0,6.0,240.0,330.0,33.0,0.0,1.0,1.0,1.0,1.0,2024
Santa Bárbara d'Oeste,2,22.0,354.0,354.0,0.0,0.0,0.0,351.0,3.0,0.0,0.0,0.0,1.0,1.0,1.0,0.0,2024
Santa Bárbara d'Oeste,2,34.0,559.0,0.0,282.0,0.0,0.0,6.0,272.0,256.0,25.0,0.0,0.0,1.0,1.0,0.0,2024
Santa Bárbara d'Oeste,2,32.0,413.0,0.0,121.0,0.0,0.0,4.0,120.0,280.0,9.0,0.0,1.0,1.0,1.0,0.0,2024
Santa Bárbara d'Oeste,2,30.0,513.0,239.0,274.0,0.0,0.0,241.0,267.0,5.0,0.0,0.0,1.0,1.0,1.0,0.0,2024
Santa Bárbara d'Oeste,2,12.0,123.0,0.0,123.0,0.0,0.0,2.0,119.0,2.0,0.0,0.0,1.0,1.0,1.0,0.0,2024
Santa Bárbara d'Oeste,2,47.0,829.0,0.0,298.0,0.0,0.0,5.0,280.0,518.0,26.0,0.0,1.0,1.0,1.0,0.0,2024
Santa Bárbara d'Oeste,2,17.0,247.0,0.0,247.0,0.0,0.0,7.0,234.0,6.0,0.0,0.0,1.0,1.0,1.0,1.0,2024
Santa Bárbara d'Oeste,2,24.0,519.0,0.0,432.0,0.0,0.0,10.0,417.0,87.0,5.0,0.0,1.0,1.0,1.0,1.0,2024
Santa Bárbara d'Oeste,2,11.0,155.0,0.0,132.0,0.0,0.0,3.0,124.0,28.0,0.0,0.0,0.0,1.0,1.0,0.0,2024
Santa Bárbara d'Oeste,2,18.0,277.0,277.0,0.0,0.0,0.0,277.0,0.0,0.0,0.0,0.0,0.0,1.0,1.0,1.0,2024
Santa Bárbara d'Oeste,2,11.0,195.0,195.0,0.0,0.0,0.0,193.0,2.0,0.0,0.0,0.0,1.0,1.0,1.0,1.0,2024
Santa Bárbara d'Oeste,2,,,,,,,,,,,,,,,,2024
Santa Bárbara d'Oeste,2,27.0,493.0,0.0,359.0,0.0,0.0,6.0,347.0,134.0,6.0,0.0,0.0,1.0,1.0,1.0,2024
Santa Bárbara d'Oeste,2,15.0,267.0,0.0,267.0,0.0,0.0,3.0,260.0,4.0,0.0,0.0,1.0,1.0,1.0,1.0,2024
Santa Bárbara d'Oeste,2,18.0,357.0,0.0,232.0,0.0,0.0,8.0,225.0,124.0,0.0,0.0,0.0,1.0,1.0,1.0,2024
Santa Bárbara d'Oeste,2,28.0,345.0,0.0,165.0,0.0,0.0,5.0,153.0,178.0,9.0,0.0,0.0,1.0,1.0,1.0,2024
Santa Bárbara d'Oeste,2,69.0,1217.0,0.0,0.0,0.0,0.0,0.0,14.0,771.0,432.0,1.0,1.0,1.0,1.0,1.0,2024
Santa Branca,2,28.0,433.0,0.0,0.0,0.0,0.0,0.0,0.0,348.0,85.0,0.0,0.0,1.0,1.0,0.0,2024
Santa Clara d'Oeste,2,13.0,200.0,0.0,140.0,0.0,0.0,1.0,133.0,66.0,0.0,0.0,1.0,1.0,1.0,0.0,2024
Santa Cruz da Conceição,2,23.0,331.0,0.0,164.0,0.0,0.0,0.0,152.0,158.0,21.0,0.0,1.0,1.0,1.0,0.0,2024
Santa Cruz da Esperança,2,11.0,107.0,0.0,0.0,0.0,0.0,0.0,0.0,99.0,8.0,0.0,1.0,1.0,1.0,1.0,2024
Santa Cruz das Palmeiras,2,23.0,477.0,0.0,477.0,0.0,0.0,0.0,447.0,30.0,0.0,0.0,0.0,1.0,1.0,0.0,2024
Santa Cruz das Palmeiras,2,23.0,345.0,0.0,109.0,0.0,0.0,0.0,107.0,208.0,30.0,0.0,0.0,1.0,1.0,0.0,2024
Santa Cruz das Palmeiras,2,31.0,347.0,0.0,0.0,0.0,0.0,0.0,0.0,213.0,134.0,1.0,1.0,1.0,1.0,0.0,2024
Santa Cruz das Palmeiras,2,36.0,635.0,0.0,343.0,0.0,0.0,0.0,312.0,288.0,35.0,0.0,0.0,1.0,1.0,0.0,2024
Santa Cruz das Palmeiras,2,36.0,679.0,0.0,338.0,0.0,0.0,1.0,311.0,316.0,51.0,0.0,1.0,1.0,1.0,0.0,2024
Santa Cruz do Rio Pardo,2,39.0,700.0,0.0,0.0,0.0,0.0,0.0,3.0,568.0,129.0,0.0,1.0,1.0,1.0,1.0,2024
Santa Cruz do Rio Pardo,2,37.0,752.0,230.0,522.0,0.0,0.0,238.0,480.0,34.0,0.0,0.0,1.0,1.0,1.0,1.0,2024
Santa Cruz do Rio Pardo,2,18.0,369.0,0.0,259.0,0.0,0.0,1.0,248.0,117.0,3.0,0.0,0.0,1.0,1.0,1.0,2024
Santa Cruz do Rio Pardo,2,43.0,711.0,0.0,0.0,0.0,0.0,0.0,3.0,406.0,302.0,1.0,1.0,1.0,1.0,1.0,2024
Santa Cruz do Rio Pardo,2,,,,,,,,,,,0.0,1.0,1.0,1.0,1.0,2024
Santa Cruz do Rio Pardo,2,20.0,399.0,0.0,307.0,0.0,0.0,5.0,290.0,102.0,2.0,0.0,1.0,1.0,1.0,0.0,2024
Santa Cruz do Rio Pardo,2,38.0,612.0,0.0,333.0,0.0,0.0,6.0,306.0,280.0,20.0,0.0,1.0,1.0,1.0,1.0,2024
Santa Cruz do Rio Pardo,2,15.0,335.0,335.0,0.0,0.0,0.0,329.0,6.0,0.0,0.0,0.0,1.0,1.0,1.0,0.0,2024
Santa Cruz do Rio Pardo,2,12.0,90.0,0.0,42.0,0.0,0.0,2.0,40.0,46.0,2.0,0.0,1.0,1.0,1.0,0.0,2024
Santa Ernestina,2,30.0,473.0,0.0,255.0,0.0,0.0,1.0,257.0,195.0,20.0,0.0,1.0,1.0,1.0,0.0,2024
Santa Fé do Sul,2,45.0,912.0,0.0,0.0,0.0,0.0,0.0,5.0,820.0,87.0,0.0,1.0,1.0,1.0,1.0,2024
Santa Fé do Sul,2,22.0,388.0,0.0,0.0,0.0,0.0,0.0,6.0,321.0,61.0,1.0,1.0,1.0,1.0,1.0,2024
Santa Fé do Sul,2,,,,,,,,,,,0.0,1.0,1.0,0.0,0.0,2024
Santa Gertrudes,2,25.0,513.0,0.0,0.0,0.0,0.0,0.0,8.0,479.0,26.0,0.0,1.0,1.0,1.0,1.0,2024
Santa Gertrudes,2,33.0,674.0,0.0,0.0,0.0,0.0,0.0,8.0,612.0,54.0,1.0,1.0,1.0,1.0,1.0,2024
Santa Isabel,2,9.0,590.0,0.0,0.0,0.0,0.0,0.0,0.0,5.0,585.0,0.0,0.0,1.0,0.0,0.0,2024
Santa Isabel,2,33.0,620.0,0.0,549.0,0.0,0.0,7.0,525.0,39.0,49.0,0.0,0.0,1.0,1.0,0.0,2024
Santa Isabel,2,31.0,555.0,0.0,430.0,0.0,0.0,6.0,407.0,140.0,2.0,0.0,1.0,1.0,1.0,1.0,2024
Santa Isabel,2,43.0,893.0,0.0,260.0,0.0,0.0,3.0,249.0,595.0,46.0,0.0,1.0,1.0,1.0,1.0,2024
Santa Isabel,2,35.0,646.0,0.0,311.0,0.0,0.0,3.0,292.0,337.0,14.0,0.0,1.0,1.0,1.0,0.0,2024
Santa Isabel,2,19.0,334.0,0.0,215.0,0.0,0.0,3.0,202.0,119.0,10.0,0.0,1.0,1.0,1.0,0.0,2024
Santa Isabel,2,25.0,406.0,0.0,191.0,0.0,0.0,3.0,178.0,211.0,14.0,0.0,0.0,1.0,1.0,0.0,2024
Santa Isabel,2,29.0,394.0,0.0,0.0,0.0,0.0,0.0,6.0,276.0,112.0,1.0,1.0,1.0,1.0,0.0,2024
Santa Isabel,2,19.0,351.0,0.0,234.0,0.0,0.0,1.0,223.0,122.0,5.0,0.0,1.0,1.0,1.0,0.0,2024
Santa Isabel,2,18.0,281.0,0.0,190.0,0.0,0.0,0.0,176.0,100.0,5.0,0.0,1.0,1.0,1.0,0.0,2024
Santa Isabel,2,25.0,508.0,0.0,258.0,0.0,0.0,6.0,230.0,262.0,10.0,0.0,1.0,1.0,1.0,0.0,2024
Santa Lúcia,2,24.0,490.0,0.0,303.0,0.0,0.0,8.0,291.0,183.0,8.0,0.0,1.0,1.0,1.0,1.0,2024
Santa Maria da Serra,2,17.0,271.0,0.0,201.0,0.0,0.0,10.0,180.0,80.0,1.0,0.0,1.0,1.0,1.0,1.0,2024
Santa Maria da Serra,2,16.0,285.0,0.0,107.0,0.0,0.0,1.0,98.0,162.0,24.0,0.0,0.0,1.0,1.0,1.0,2024
Santa Mercedes,2,26.0,275.0,0.0,140.0,0.0,0.0,3.0,138.0,111.0,23.0,0.0,1.0,1.0,1.0,0.0,2024
Santana da Ponte Pensa,2,21.0,170.0,60.0,73.0,0.0,0.0,60.0,73.0,35.0,2.0,0.0,1.0,1.0,1.0,1.0,2024
Santana de Parnaíba,2,40.0,634.0,0.0,0.0,0.0,0.0,0.0,3.0,501.0,130.0,1.0,1.0,1.0,1.0,1.0,2024
Santana de Parnaíba,2,44.0,684.0,0.0,0.0,0.0,0.0,0.0,7.0,494.0,183.0,1.0,1.0,1.0,1.0,0.0,2024
Santa Rita d'Oeste,2,14.0,177.0,0.0,123.0,0.0,0.0,2.0,118.0,53.0,4.0,0.0,1.0,1.0,1.0,1.0,2024
Santa Rita do Passa Quatro,2,25.0,393.0,0.0,278.0,0.0,0.0,4.0,257.0,121.0,11.0,0.0,0.0,1.0,1.0,1.0,2024
Santa Rita do Passa Quatro,2,18.0,195.0,0.0,0.0,0.0,0.0,0.0,1.0,112.0,82.0,1.0,1.0,1.0,1.0,1.0,2024
Santa Rita do Passa Quatro,2,29.0,690.0,0.0,221.0,0.0,0.0,7.0,211.0,392.0,80.0,0.0,1.0,1.0,1.0,0.0,2024
Santa Rosa de Viterbo,2,14.0,210.0,0.0,210.0,0.0,0.0,4.0,195.0,11.0,0.0,0.0,0.0,1.0,1.0,0.0,2024
Santa Rosa de Viterbo,2,28.0,473.0,0.0,0.0,0.0,0.0,0.0,6.0,366.0,101.0,0.0,1.0,1.0,1.0,0.0,2024
Santa Rosa de Viterbo,2,27.0,550.0,0.0,550.0,0.0,0.0,9.0,513.0,27.0,1.0,0.0,1.0,1.0,1.0,1.0,2024
Santa Rosa de Viterbo,2,20.0,325.0,0.0,246.0,0.0,0.0,4.0,232.0,84.0,5.0,1.0,1.0,1.0,1.0,1.0,2024
Santa Rosa de Viterbo,2,20.0,398.0,0.0,0.0,0.0,0.0,0.0,9.0,323.0,66.0,1.0,1.0,1.0,0.0,1.0,2024
Santa Rosa de Viterbo,2,,,,,,,,,,,,,,,,2024
Santa Salete,2,31.0,383.0,110.0,120.0,0.0,0.0,113.0,113.0,134.0,23.0,0.0,1.0,1.0,1.0,1.0,2024
Santo Anastácio,2,,,,,,,,,,,,,,,,2024
Santo Anastácio,2,35.0,616.0,0.0,255.0,0.0,0.0,3.0,227.0,336.0,50.0,0.0,1.0,1.0,1.0,0.0,2024
Santo Anastácio,2,18.0,292.0,0.0,212.0,0.0,0.0,1.0,197.0,88.0,6.0,0.0,1.0,1.0,1.0,0.0,2024
Santo André,2,34.0,683.0,0.0,481.0,0.0,0.0,7.0,432.0,225.0,19.0,1.0,1.0,1.0,1.0,0.0,2024
Santo André,2,40.0,736.0,0.0,517.0,0.0,0.0,8.0,506.0,217.0,5.0,0.0,1.0,1.0,1.0,0.0,2024
Santo André,2,,,,,,,,,,,,,,,,2024
Santo André,2,17.0,260.0,260.0,0.0,0.0,0.0,256.0,4.0,0.0,0.0,0.0,1.0,1.0,1.0,1.0,2024
Santo André,2,26.0,524.0,0.0,265.0,0.0,0.0,3.0,257.0,254.0,10.0,0.0,1.0,1.0,1.0,1.0,2024
Santo André,2,41.0,775.0,0.0,361.0,0.0,0.0,7.0,343.0,413.0,12.0,0.0,1.0,1.0,1.0,0.0,2024
Santo André,2,16.0,322.0,0.0,322.0,0.0,0.0,5.0,309.0,8.0,0.0,0.0,1.0,1.0,1.0,1.0,2024
Santo André,2,38.0,533.0,0.0,170.0,0.0,0.0,1.0,160.0,286.0,86.0,0.0,1.0,1.0,1.0,0.0,2024
Santo André,2,14.0,241.0,0.0,0.0,0.0,0.0,0.0,4.0,228.0,9.0,0.0,1.0,1.0,1.0,1.0,2024
Santo André,2,18.0,307.0,307.0,0.0,0.0,0.0,303.0,4.0,0.0,0.0,0.0,1.0,1.0,1.0,1.0,2024
Santo André,2,27.0,619.0,0.0,487.0,0.0,0.0,14.0,466.0,138.0,1.0,0.0,1.0,1.0,1.0,0.0,2024
Santo André,2,59.0,1657.0,0.0,625.0,0.0,0.0,10.0,590.0,974.0,83.0,0.0,1.0,1.0,1.0,1.0,2024
Santo André,2,20.0,307.0,0.0,251.0,0.0,0.0,2.0,243.0,59.0,3.0,0.0,0.0,1.0,1.0,1.0,2024
Santo André,2,64.0,1633.0,0.0,578.0,0.0,0.0,12.0,547.0,985.0,89.0,0.0,1.0,1.0,1.0,1.0,2024
Santo André,2,45.0,915.0,0.0,498.0,0.0,0.0,13.0,466.0,416.0,20.0,0.0,1.0,1.0,1.0,0.0,2024
Santo André,2,24.0,398.0,0.0,321.0,0.0,0.0,6.0,301.0,84.0,7.0,0.0,1.0,1.0,1.0,1.0,2024
Santo André,2,21.0,356.0,0.0,282.0,0.0,0.0,6.0,243.0,103.0,4.0,0.0,1.0,1.0,1.0,1.0,2024
Santo André,2,21.0,254.0,0.0,200.0,0.0,0.0,2.0,185.0,59.0,8.0,0.0,1.0,1.0,1.0,0.0,2024
Santo André,2,25.0,409.0,0.0,301.0,0.0,0.0,8.0,289.0,105.0,7.0,0.0,1.0,1.0,1.0,1.0,2024
Santo André,2,78.0,1573.0,0.0,254.0,0.0,0.0,1.0,236.0,1066.0,270.0,0.0,1.0,1.0,1.0,1.0,2024
Santo André,2,136.0,2358.0,0.0,0.0,0.0,0.0,0.0,16.0,1388.0,954.0,0.0,1.0,1.0,0.0,0.0,2024
Santo André,2,18.0,402.0,0.0,402.0,0.0,0.0,5.0,390.0,7.0,0.0,0.0,1.0,1.0,1.0,1.0,2024
Santo André,2,28.0,474.0,0.0,397.0,0.0,0.0,8.0,378.0,84.0,4.0,0.0,1.0,1.0,1.0,1.0,2024
Santo André,2,20.0,268.0,0.0,197.0,0.0,0.0,2.0,186.0,78.0,2.0,0.0,0.0,1.0,1.0,1.0,2024
Santo André,2,54.0,1062.0,316.0,352.0,0.0,0.0,311.0,344.0,380.0,27.0,0.0,1.0,1.0,1.0,1.0,2024
Santo André,2,36.0,597.0,0.0,378.0,0.0,0.0,3.0,349.0,225.0,20.0,0.0,1.0,1.0,1.0,1.0,2024
Santo André,2,18.0,322.0,322.0,0.0,0.0,0.0,319.0,3.0,0.0,0.0,0.0,1.0,1.0,1.0,1.0,2024
Santo André,2,54.0,1236.0,0.0,487.0,0.0,0.0,4.0,471.0,728.0,33.0,0.0,1.0,1.0,1.0,1.0,2024
Santo André,2,60.0,1243.0,246.0,566.0,0.0,0.0,250.0,543.0,355.0,95.0,0.0,1.0,1.0,1.0,0.0,2024
Santo André,2,45.0,994.0,0.0,372.0,0.0,0.0,2.0,360.0,598.0,34.0,0.0,1.0,1.0,1.0,1.0,2024
Santo André,2,,,,,,,,,,,,,,,,2024
Santo André,2,18.0,358.0,358.0,0.0,0.0,0.0,356.0,2.0,0.0,0.0,0.0,1.0,1.0,1.0,1.0,2024
Santo André,2,71.0,1455.0,514.0,457.0,0.0,0.0,502.0,440.0,402.0,111.0,0.0,1.0,1.0,1.0,1.0,2024
Santo André,2,56.0,1422.0,0.0,609.0,0.0,0.0,6.0,593.0,777.0,46.0,0.0,1.0,1.0,1.0,0.0,2024
Santo André,2,50.0,1038.0,0.0,386.0,0.0,0.0,7.0,351.0,583.0,97.0,1.0,1.0,1.0,1.0,1.0,2024
Santo André,2,55.0,1312.0,254.0,511.0,0.0,0.0,247.0,486.0,521.0,58.0,0.0,1.0,1.0,1.0,1.0,2024
Santo André,2,19.0,386.0,0.0,386.0,0.0,0.0,10.0,365.0,11.0,0.0,0.0,1.0,1.0,1.0,1.0,2024
Santo André,2,58.0,1235.0,230.0,387.0,0.0,0.0,231.0,370.0,527.0,107.0,0.0,1.0,1.0,1.0,0.0,2024
Santo André,2,54.0,975.0,0.0,474.0,0.0,0.0,7.0,452.0,496.0,20.0,0.0,1.0,1.0,1.0,0.0,2024
Santo André,2,32.0,561.0,0.0,280.0,0.0,0.0,3.0,264.0,271.0,23.0,0.0,1.0,1.0,1.0,0.0,2024
Santo André,2,,,,,,,,,,,,,,,,2024
Santo André,2,42.0,835.0,0.0,0.0,0.0,0.0,0.0,5.0,780.0,50.0,0.0,1.0,1.0,1.0,0.0,2024
Santo André,2,40.0,578.0,0.0,289.0,0.0,0.0,3.0,281.0,278.0,16.0,0.0,1.0,1.0,1.0,1.0,2024
Santo André,2,25.0,437.0,0.0,340.0,0.0,0.0,9.0,308.0,118.0,2.0,0.0,1.0,1.0,1.0,1.0,2024
Santo André,2,47.0,758.0,0.0,373.0,0.0,0.0,3.0,357.0,333.0,65.0,0.0,1.0,1.0,1.0,0.0,2024
Santo André,2,25.0,453.0,453.0,0.0,0.0,0.0,451.0,2.0,0.0,0.0,0.0,1.0,1.0,1.0,0.0,2024
Santo André,2,24.0,438.0,438.0,0.0,0.0,0.0,437.0,1.0,0.0,0.0,0.0,1.0,1.0,1.0,1.0,2024
Santo André,2,20.0,381.0,381.0,0.0,0.0,0.0,375.0,6.0,0.0,0.0,0.0,1.0,1.0,1.0,1.0,2024
Santo André,2,46.0,733.0,0.0,388.0,0.0,0.0,2.0,366.0,343.0,22.0,0.0,1.0,1.0,1.0,1.0,2024
Santo André,2,35.0,746.0,0.0,746.0,0.0,0.0,11.0,708.0,27.0,0.0,0.0,1.0,1.0,1.0,0.0,2024
Santo André,2,48.0,910.0,0.0,484.0,0.0,0.0,7.0,471.0,410.0,22.0,0.0,1.0,1.0,1.0,1.0,2024
Santo André,2,30.0,457.0,0.0,324.0,0.0,0.0,5.0,304.0,141.0,7.0,0.0,1.0,1.0,1.0,1.0,2024
Santo André,2,,,,,,,,,,,,,,,,2024
Santo André,2,27.0,451.0,0.0,342.0,0.0,0.0,6.0,324.0,116.0,5.0,1.0,1.0,1.0,1.0,1.0,2024
Santo André,2,44.0,925.0,0.0,262.0,0.0,0.0,6.0,239.0,627.0,53.0,0.0,1.0,1.0,1.0,0.0,2024
Santo André,2,20.0,349.0,349.0,0.0,0.0,0.0,346.0,3.0,0.0,0.0,0.0,1.0,1.0,1.0,0.0,2024
Santo André,2,72.0,1339.0,0.0,458.0,0.0,0.0,9.0,429.0,736.0,165.0,0.0,1.0,1.0,1.0,1.0,2024
Santo André,2,18.0,342.0,0.0,0.0,0.0,0.0,0.0,13.0,316.0,13.0,0.0,1.0,1.0,1.0,1.0,2024
Santo André,2,81.0,1744.0,312.0,646.0,0.0,0.0,298.0,619.0,606.0,221.0,0.0,1.0,1.0,1.0,1.0,2024
Santo André,2,38.0,914.0,0.0,444.0,0.0,0.0,8.0,416.0,458.0,32.0,0.0,1.0,1.0,1.0,0.0,2024
Santo André,2,30.0,481.0,0.0,327.0,0.0,0.0,5.0,287.0,176.0,13.0,0.0,1.0,1.0,1.0,0.0,2024
Santo André,2,15.0,203.0,0.0,160.0,0.0,0.0,2.0,157.0,44.0,0.0,0.0,1.0,1.0,1.0,0.0,2024
Santo André,2,,,,,,,,,,,,,,,,2024
Santo André,2,46.0,1128.0,0.0,523.0,0.0,0.0,7.0,509.0,552.0,60.0,0.0,1.0,1.0,1.0,0.0,2024
Santo André,2,10.0,51.0,0.0,19.0,0.0,0.0,0.0,0.0,32.0,19.0,0.0,0.0,0.0,0.0,0.0,2024
Santo André,2,11.0,45.0,2.0,20.0,0.0,0.0,0.0,3.0,31.0,11.0,0.0,0.0,0.0,0.0,0.0,2024
Santo André,2,24.0,407.0,0.0,320.0,0.0,0.0,5.0,302.0,97.0,3.0,0.0,1.0,1.0,1.0,1.0,2024
Santo André,2,21.0,352.0,352.0,0.0,0.0,0.0,350.0,2.0,0.0,0.0,0.0,1.0,1.0,1.0,0.0,2024
Santo André,2,17.0,324.0,0.0,324.0,0.0,0.0,8.0,315.0,1.0,0.0,0.0,1.0,1.0,1.0,1.0,2024
Santo André,2,26.0,437.0,0.0,437.0,0.0,0.0,8.0,413.0,16.0,0.0,0.0,1.0,1.0,1.0,1.0,2024
Santo André,2,18.0,245.0,0.0,144.0,0.0,0.0,3.0,136.0,98.0,8.0,0.0,1.0,1.0,1.0,1.0,2024
Santo André,2,,,,,,,,,,,,,,,,2024
Santo André,2,39.0,783.0,454.0,329.0,0.0,0.0,430.0,318.0,35.0,0.0,0.0,1.0,1.0,1.0,1.0,2024
Santo André,2,45.0,1206.0,306.0,360.0,0.0,0.0,303.0,350.0,521.0,32.0,0.0,1.0,1.0,1.0,1.0,2024
Santo André,2,32.0,768.0,0.0,768.0,0.0,0.0,13.0,726.0,29.0,0.0,0.0,1.0,1.0,1.0,1.0,2024
Santo André,2,20.0,278.0,0.0,231.0,0.0,0.0,3.0,217.0,58.0,0.0,0.0,1.0,1.0,1.0,1.0,2024
Santo André,2,53.0,1202.0,0.0,592.0,0.0,0.0,9.0,567.0,534.0,92.0,0.0,1.0,1.0,1.0,1.0,2024
Santo André,2,29.0,522.0,0.0,375.0,0.0,0.0,10.0,339.0,166.0,7.0,0.0,1.0,1.0,1.0,0.0,2024
Santo André,2,,,,,,,,,,,0.0,1.0,1.0,1.0,0.0,2024
Santo André,2,13.0,83.0,0.0,53.0,0.0,0.0,1.0,53.0,26.0,3.0,0.0,1.0,1.0,1.0,1.0,2024
Santo Antônio da Alegria,2,17.0,230.0,0.0,0.0,0.0,0.0,0.0,3.0,203.0,24.0,0.0,1.0,1.0,1.0,1.0,2024
Santo Antônio de Posse,2,40.0,843.0,0.0,0.0,0.0,0.0,0.0,8.0,654.0,181.0,0.0,1.0,1.0,1.0,0.0,2024
Santo Antônio de Posse,2,,,,,,,,,,,,,,,,2024
Santo Antônio de Posse,2,,,,,,,,,,,,,,,,2024
Santo Antônio de Posse,2,,,,,,,,,,,,,,,,2024
Santo Antônio de Posse,2,,,,,,,,,,,,,,,,2024
Santo Antônio do Aracanguá,2,11.0,182.0,0.0,0.0,0.0,0.0,0.0,0.0,164.0,18.0,0.0,1.0,1.0,0.0,0.0,2024
Santo Antônio do Aracanguá,2,14.0,232.0,0.0,0.0,0.0,0.0,0.0,3.0,209.0,20.0,0.0,1.0,1.0,0.0,1.0,2024
Santo Antônio do Jardim,2,26.0,466.0,0.0,265.0,0.0,0.0,7.0,243.0,191.0,25.0,0.0,1.0,1.0,1.0,0.0,2024
Santo Antônio do Jardim,2,15.0,195.0,30.0,117.0,0.0,0.0,31.0,110.0,48.0,6.0,0.0,1.0,1.0,1.0,1.0,2024
Santo Antônio do Pinhal,2,24.0,262.0,0.0,0.0,0.0,0.0,0.0,5.0,214.0,43.0,0.0,1.0,1.0,1.0,0.0,2024
Santo Expedito,2,19.0,259.0,0.0,117.0,0.0,0.0,0.0,112.0,133.0,14.0,0.0,1.0,1.0,1.0,0.0,2024
Santópolis do Aguapeí,2,28.0,334.0,0.0,183.0,0.0,0.0,0.0,168.0,160.0,6.0,0.0,0.0,1.0,1.0,1.0,2024
Santos,2,24.0,489.0,0.0,489.0,0.0,0.0,0.0,466.0,23.0,0.0,0.0,1.0,1.0,1.0,1.0,2024
Santos,2,18.0,288.0,0.0,288.0,0.0,0.0,1.0,270.0,17.0,0.0,0.0,0.0,1.0,1.0,0.0,2024
Santos,2,75.0,1470.0,0.0,0.0,0.0,0.0,0.0,8.0,786.0,676.0,1.0,1.0,1.0,0.0,1.0,2024
Santos,2,29.0,641.0,0.0,192.0,0.0,0.0,0.0,175.0,408.0,58.0,1.0,1.0,1.0,1.0,1.0,2024
Santos,2,51.0,1011.0,0.0,373.0,0.0,0.0,0.0,335.0,592.0,84.0,0.0,1.0,1.0,1.0,0.0,2024
Santos,2,16.0,348.0,0.0,348.0,0.0,0.0,1.0,327.0,20.0,0.0,0.0,1.0,1.0,1.0,1.0,2024
Santos,2,40.0,682.0,0.0,200.0,0.0,0.0,0.0,191.0,423.0,68.0,0.0,1.0,1.0,1.0,1.0,2024
Santos,2,45.0,1392.0,0.0,539.0,0.0,0.0,1.0,519.0,783.0,89.0,1.0,1.0,1.0,1.0,1.0,2024
Santos,2,85.0,1627.0,0.0,0.0,0.0,0.0,0.0,6.0,1376.0,245.0,0.0,1.0,1.0,1.0,1.0,2024
Santos,2,43.0,802.0,0.0,213.0,0.0,0.0,0.0,195.0,537.0,70.0,0.0,1.0,1.0,1.0,0.0,2024
Santos,2,,,,,,,,,,,,,,,,2024
Santos,2,31.0,483.0,0.0,427.0,0.0,0.0,0.0,400.0,27.0,56.0,0.0,1.0,1.0,1.0,0.0,2024
Santos,2,42.0,822.0,0.0,365.0,0.0,0.0,2.0,325.0,442.0,53.0,0.0,1.0,1.0,1.0,1.0,2024
Santos,2,17.0,335.0,0.0,0.0,0.0,0.0,0.0,6.0,312.0,17.0,0.0,1.0,1.0,1.0,1.0,2024
Santos,2,50.0,803.0,0.0,180.0,0.0,0.0,0.0,157.0,570.0,76.0,0.0,1.0,1.0,1.0,1.0,2024
Santos,2,49.0,680.0,0.0,0.0,0.0,0.0,0.0,1.0,585.0,94.0,0.0,1.0,1.0,1.0,1.0,2024
Santos,2,32.0,629.0,0.0,332.0,0.0,0.0,2.0,294.0,310.0,23.0,0.0,1.0,1.0,1.0,1.0,2024
Santos,2,61.0,1435.0,0.0,517.0,0.0,0.0,0.0,459.0,888.0,88.0,0.0,1.0,1.0,1.0,0.0,2024
Santos,2,98.0,1307.0,0.0,0.0,0.0,0.0,0.0,8.0,727.0,572.0,1.0,1.0,1.0,1.0,1.0,2024
Santos,2,46.0,1084.0,179.0,342.0,0.0,0.0,166.0,327.0,521.0,70.0,0.0,1.0,1.0,1.0,0.0,2024
Santos,2,,,,,,,,,,,,,,,,2024
Santos,2,73.0,1716.0,0.0,186.0,0.0,0.0,0.0,165.0,1271.0,280.0,1.0,1.0,1.0,1.0,0.0,2024
Santos,2,42.0,733.0,0.0,374.0,0.0,0.0,0.0,332.0,375.0,26.0,0.0,1.0,1.0,0.0,1.0,2024
Santos,2,,,,,,,,,,,,,,,,2024
Santos,2,,,,,,,,,,,,,,,,2024
Santos,2,,,,,,,,,,,,,,,,2024
Santos,2,,,,,,,,,,,,,,,,2024
Santos,2,23.0,389.0,0.0,281.0,0.0,0.0,1.0,266.0,115.0,7.0,0.0,1.0,1.0,1.0,1.0,2024
Santos,2,29.0,713.0,0.0,301.0,0.0,0.0,0.0,271.0,412.0,30.0,0.0,1.0,1.0,1.0,0.0,2024
Santos,2,13.0,264.0,0.0,0.0,0.0,0.0,0.0,0.0,244.0,20.0,1.0,1.0,1.0,1.0,1.0,2024
Santos,2,12.0,1099.0,0.0,0.0,0.0,0.0,0.0,0.0,0.0,1099.0,1.0,1.0,1.0,0.0,0.0,2024
Santos,2,12.0,981.0,0.0,0.0,0.0,0.0,0.0,0.0,0.0,981.0,0.0,1.0,1.0,0.0,0.0,2024
Santos,2,,,,,,,,,,,0.0,1.0,1.0,1.0,0.0,2024
São Bento do Sapucaí,2,35.0,694.0,0.0,283.0,0.0,0.0,6.0,261.0,391.0,36.0,0.0,1.0,1.0,1.0,1.0,2024
São Bento do Sapucaí,2,12.0,226.0,0.0,226.0,0.0,0.0,1.0,222.0,3.0,0.0,0.0,0.0,1.0,1.0,1.0,2024
São Bernardo do Campo,2,33.0,671.0,0.0,428.0,0.0,0.0,0.0,398.0,252.0,21.0,0.0,1.0,1.0,1.0,1.0,2024
São Bernardo do Campo,2,,,,,,,,,,,,,,,,2024
São Bernardo do Campo,2,35.0,789.0,0.0,491.0,0.0,0.0,1.0,468.0,306.0,14.0,0.0,1.0,1.0,1.0,1.0,2024
São Bernardo do Campo,2,44.0,1034.0,0.0,510.0,0.0,0.0,1.0,465.0,498.0,70.0,0.0,0.0,1.0,1.0,1.0,2024
São Bernardo do Campo,2,24.0,529.0,0.0,449.0,0.0,0.0,0.0,428.0,97.0,4.0,0.0,1.0,1.0,1.0,1.0,2024
São Bernardo do Campo,2,43.0,947.0,0.0,447.0,0.0,0.0,0.0,398.0,512.0,37.0,0.0,1.0,1.0,1.0,1.0,2024
São Bernardo do Campo,2,37.0,970.0,0.0,412.0,0.0,0.0,0.0,380.0,459.0,131.0,0.0,1.0,1.0,1.0,1.0,2024
São Bernardo do Campo,2,22.0,495.0,0.0,266.0,0.0,0.0,0.0,259.0,224.0,12.0,0.0,1.0,1.0,1.0,1.0,2024
São Bernardo do Campo,2,41.0,887.0,0.0,475.0,0.0,0.0,2.0,447.0,398.0,40.0,0.0,1.0,1.0,1.0,1.0,2024
São Bernardo do Campo,2,43.0,1161.0,0.0,499.0,0.0,0.0,2.0,453.0,623.0,83.0,0.0,1.0,1.0,0.0,1.0,2024
São Bernardo do Campo,2,41.0,913.0,0.0,596.0,0.0,0.0,1.0,539.0,348.0,25.0,1.0,1.0,1.0,1.0,0.0,2024
São Bernardo do Campo,2,29.0,639.0,0.0,191.0,0.0,0.0,0.0,172.0,320.0,147.0,0.0,0.0,1.0,1.0,1.0,2024
São Bernardo do Campo,2,38.0,719.0,0.0,363.0,0.0,0.0,0.0,319.0,364.0,36.0,0.0,1.0,1.0,1.0,0.0,2024
São Bernardo do Campo,2,30.0,750.0,0.0,459.0,0.0,0.0,0.0,430.0,305.0,15.0,0.0,1.0,1.0,1.0,1.0,2024
São Bernardo do Campo,2,33.0,664.0,0.0,407.0,0.0,0.0,1.0,386.0,258.0,19.0,0.0,1.0,1.0,1.0,0.0,2024
São Bernardo do Campo,2,36.0,728.0,0.0,511.0,0.0,0.0,3.0,468.0,237.0,20.0,0.0,1.0,1.0,1.0,0.0,2024
São Bernardo do Campo,2,70.0,1766.0,0.0,820.0,0.0,0.0,3.0,741.0,846.0,176.0,0.0,1.0,1.0,1.0,1.0,2024
São Bernardo do Campo,2,25.0,423.0,0.0,265.0,0.0,0.0,0.0,233.0,178.0,12.0,0.0,1.0,1.0,1.0,0.0,2024
São Bernardo do Campo,2,21.0,415.0,0.0,326.0,0.0,0.0,1.0,308.0,100.0,6.0,0.0,1.0,1.0,1.0,1.0,2024
São Bernardo do Campo,2,24.0,456.0,0.0,297.0,0.0,0.0,2.0,279.0,169.0,6.0,0.0,1.0,1.0,1.0,1.0,2024
São Bernardo do Campo,2,26.0,579.0,0.0,296.0,0.0,0.0,0.0,259.0,294.0,26.0,0.0,1.0,1.0,1.0,0.0,2024
São Bernardo do Campo,2,16.0,326.0,0.0,326.0,0.0,0.0,0.0,300.0,26.0,0.0,0.0,1.0,1.0,1.0,1.0,2024
São Bernardo do Campo,2,28.0,687.0,0.0,457.0,0.0,0.0,0.0,432.0,231.0,24.0,0.0,1.0,1.0,1.0,1.0,2024
São Bernardo do Campo,2,36.0,723.0,0.0,393.0,0.0,0.0,2.0,360.0,334.0,27.0,0.0,1.0,1.0,1.0,1.0,2024
São Bernardo do Campo,2,18.0,347.0,0.0,250.0,0.0,0.0,0.0,234.0,103.0,10.0,0.0,1.0,1.0,1.0,1.0,2024
São Bernardo do Campo,2,47.0,1092.0,0.0,444.0,0.0,0.0,0.0,402.0,588.0,102.0,0.0,1.0,1.0,1.0,0.0,2024
São Bernardo do Campo,2,22.0,377.0,0.0,0.0,0.0,0.0,0.0,6.0,352.0,19.0,0.0,1.0,1.0,1.0,1.0,2024
São Bernardo do Campo,2,35.0,746.0,0.0,352.0,0.0,0.0,0.0,313.0,405.0,28.0,1.0,1.0,1.0,1.0,1.0,2024
São Bernardo do Campo,2,20.0,432.0,0.0,432.0,0.0,0.0,0.0,410.0,22.0,0.0,0.0,0.0,1.0,1.0,1.0,2024
São Bernardo do Campo,2,35.0,711.0,0.0,426.0,0.0,0.0,0.0,378.0,306.0,27.0,0.0,1.0,1.0,1.0,1.0,2024
São Bernardo do Campo,2,30.0,592.0,0.0,592.0,0.0,0.0,0.0,534.0,58.0,0.0,0.0,1.0,1.0,0.0,1.0,2024
São Bernardo do Campo,2,66.0,1738.0,0.0,602.0,0.0,0.0,3.0,565.0,1037.0,133.0,0.0,1.0,1.0,1.0,1.0,2024
São Bernardo do Campo,2,24.0,540.0,0.0,262.0,0.0,0.0,0.0,240.0,263.0,37.0,0.0,1.0,1.0,1.0,1.0,2024
São Bernardo do Campo,2,34.0,840.0,0.0,320.0,0.0,0.0,1.0,297.0,493.0,49.0,0.0,1.0,1.0,1.0,0.0,2024
São Bernardo do Campo,2,14.0,263.0,0.0,263.0,0.0,0.0,0.0,253.0,10.0,0.0,0.0,0.0,1.0,1.0,1.0,2024
São Bernardo do Campo,2,18.0,351.0,0.0,306.0,0.0,0.0,1.0,280.0,65.0,5.0,0.0,1.0,1.0,1.0,1.0,2024
São Bernardo do Campo,2,25.0,498.0,0.0,313.0,0.0,0.0,1.0,297.0,186.0,14.0,0.0,1.0,1.0,1.0,0.0,2024
São Bernardo do Campo,2,,,,,,,,,,,,,,,,2024
São Bernardo do Campo,2,53.0,1236.0,0.0,487.0,0.0,0.0,0.0,423.0,571.0,242.0,0.0,1.0,1.0,1.0,0.0,2024
São Bernardo do Campo,2,22.0,302.0,0.0,222.0,0.0,0.0,0.0,204.0,95.0,3.0,0.0,1.0,1.0,1.0,1.0,2024
São Bernardo do Campo,2,13.0,291.0,0.0,291.0,0.0,0.0,0.0,277.0,14.0,0.0,0.0,1.0,1.0,1.0,1.0,2024
São Bernardo do Campo,2,74.0,2258.0,0.0,1089.0,0.0,0.0,2.0,1013.0,1018.0,225.0,0.0,0.0,1.0,1.0,1.0,2024
São Bernardo do Campo,2,17.0,329.0,0.0,329.0,0.0,0.0,3.0,314.0,12.0,0.0,0.0,1.0,1.0,1.0,0.0,2024
São Bernardo do Campo,2,49.0,1119.0,0.0,529.0,0.0,0.0,0.0,463.0,462.0,194.0,0.0,1.0,1.0,1.0,1.0,2024
São Bernardo do Campo,2,18.0,392.0,0.0,392.0,0.0,0.0,2.0,368.0,22.0,0.0,0.0,1.0,1.0,1.0,1.0,2024
São Bernardo do Campo,2,39.0,703.0,0.0,451.0,0.0,0.0,0.0,404.0,260.0,39.0,0.0,1.0,1.0,1.0,0.0,2024
São Bernardo do Campo,2,20.0,475.0,0.0,373.0,0.0,0.0,0.0,352.0,116.0,7.0,0.0,1.0,1.0,1.0,0.0,2024
São Bernardo do Campo,2,39.0,961.0,0.0,646.0,0.0,0.0,0.0,627.0,301.0,33.0,0.0,1.0,1.0,1.0,1.0,2024
São Bernardo do Campo,2,56.0,1338.0,0.0,589.0,0.0,0.0,1.0,542.0,621.0,174.0,0.0,1.0,1.0,1.0,0.0,2024
São Bernardo do Campo,2,172.0,3732.0,0.0,0.0,0.0,0.0,0.0,23.0,2223.0,1486.0,1.0,1.0,1.0,1.0,1.0,2024
São Bernardo do Campo,2,37.0,797.0,0.0,426.0,0.0,0.0,1.0,398.0,365.0,33.0,0.0,1.0,1.0,1.0,0.0,2024
São Bernardo do Campo,2,,,,,,,,,,,,,,,,2024
São Bernardo do Campo,2,4.0,26.0,0.0,13.0,0.0,0.0,0.0,1.0,21.0,4.0,0.0,0.0,1.0,0.0,0.0,2024
São Bernardo do Campo,2,,,,,,,,,,,,,,,,2024
São Bernardo do Campo,2,31.0,745.0,0.0,465.0,0.0,0.0,2.0,455.0,280.0,8.0,0.0,1.0,1.0,1.0,0.0,2024
São Bernardo do Campo,2,52.0,1146.0,0.0,705.0,0.0,0.0,0.0,665.0,463.0,18.0,0.0,1.0,1.0,1.0,1.0,2024
São Bernardo do Campo,2,44.0,1576.0,0.0,621.0,0.0,0.0,1.0,550.0,901.0,124.0,0.0,0.0,1.0,1.0,1.0,2024
São Bernardo do Campo,2,55.0,1518.0,0.0,605.0,0.0,0.0,0.0,503.0,770.0,245.0,0.0,1.0,1.0,1.0,0.0,2024
São Bernardo do Campo,2,14.0,268.0,0.0,268.0,0.0,0.0,1.0,232.0,35.0,0.0,0.0,0.0,1.0,1.0,1.0,2024
São Bernardo do Campo,2,50.0,1608.0,0.0,563.0,0.0,0.0,0.0,509.0,964.0,135.0,0.0,1.0,1.0,1.0,0.0,2024
São Bernardo do Campo,2,42.0,818.0,0.0,421.0,0.0,0.0,1.0,404.0,383.0,30.0,0.0,1.0,1.0,1.0,1.0,2024
São Bernardo do Campo,2,44.0,1081.0,0.0,371.0,0.0,0.0,0.0,333.0,671.0,77.0,0.0,1.0,1.0,1.0,1.0,2024
São Bernardo do Campo,2,36.0,735.0,0.0,352.0,0.0,0.0,0.0,332.0,333.0,70.0,0.0,1.0,1.0,1.0,0.0,2024
São Bernardo do Campo,2,24.0,595.0,0.0,374.0,0.0,0.0,1.0,359.0,218.0,17.0,0.0,1.0,1.0,1.0,0.0,2024
São Bernardo do Campo,2,23.0,456.0,0.0,310.0,0.0,0.0,0.0,273.0,173.0,10.0,0.0,1.0,1.0,1.0,1.0,2024
São Bernardo do Campo,2,41.0,721.0,0.0,391.0,0.0,0.0,1.0,357.0,314.0,49.0,0.0,1.0,1.0,1.0,1.0,2024
São Bernardo do Campo,2,22.0,521.0,0.0,364.0,0.0,0.0,2.0,348.0,161.0,10.0,0.0,1.0,1.0,1.0,1.0,2024
São Bernardo do Campo,2,23.0,515.0,0.0,338.0,0.0,0.0,0.0,315.0,189.0,11.0,0.0,1.0,1.0,1.0,1.0,2024
São Bernardo do Campo,2,64.0,1972.0,0.0,899.0,0.0,0.0,1.0,826.0,1022.0,123.0,0.0,1.0,1.0,1.0,1.0,2024
São Bernardo do Campo,2,18.0,362.0,0.0,362.0,0.0,0.0,0.0,341.0,21.0,0.0,0.0,1.0,1.0,1.0,0.0,2024
São Bernardo do Campo,2,20.0,478.0,0.0,306.0,0.0,0.0,0.0,291.0,178.0,9.0,0.0,1.0,1.0,1.0,0.0,2024
São Bernardo do Campo,2,24.0,586.0,0.0,586.0,0.0,0.0,1.0,547.0,38.0,0.0,0.0,1.0,1.0,1.0,1.0,2024
São Bernardo do Campo,2,69.0,1967.0,0.0,914.0,0.0,0.0,0.0,815.0,894.0,258.0,0.0,1.0,1.0,0.0,1.0,2024
São Bernardo do Campo,2,,,,,,,,,,,0.0,0.0,1.0,0.0,0.0,2024
São Bernardo do Campo,2,8.0,61.0,12.0,21.0,0.0,0.0,13.0,3.0,6.0,39.0,0.0,0.0,0.0,0.0,0.0,2024
São Bernardo do Campo,2,37.0,1087.0,0.0,515.0,0.0,0.0,0.0,467.0,515.0,105.0,0.0,1.0,1.0,1.0,1.0,2024
São Bernardo do Campo,2,24.0,473.0,0.0,343.0,0.0,0.0,0.0,309.0,157.0,7.0,0.0,1.0,1.0,1.0,1.0,2024
São Caetano do Sul,2,,,,,,,,,,,,,,,,2024
São Caetano do Sul,2,25.0,419.0,0.0,256.0,0.0,0.0,1.0,242.0,167.0,9.0,0.0,1.0,1.0,1.0,1.0,2024
São Caetano do Sul,2,,,,,,,,,,,,,,,,2024
São Caetano do Sul,2,,,,,,,,,,,,,,,,2024
São Caetano do Sul,2,15.0,286.0,0.0,196.0,0.0,0.0,1.0,195.0,84.0,6.0,0.0,1.0,1.0,1.0,1.0,2024
São Caetano do Sul,2,,,,,,,,,,,,,,,,2024
São Caetano do Sul,2,,,,,,,,,,,,,,,,2024
São Caetano do Sul,2,15.0,186.0,0.0,115.0,0.0,0.0,0.0,109.0,71.0,6.0,0.0,1.0,1.0,1.0,1.0,2024
São Caetano do Sul,2,26.0,359.0,0.0,133.0,0.0,0.0,1.0,132.0,211.0,15.0,0.0,1.0,1.0,1.0,1.0,2024
São Caetano do Sul,2,39.0,438.0,0.0,126.0,0.0,0.0,0.0,123.0,277.0,38.0,0.0,1.0,1.0,1.0,1.0,2024
São Caetano do Sul,2,26.0,459.0,0.0,106.0,0.0,0.0,0.0,104.0,332.0,23.0,0.0,1.0,1.0,1.0,1.0,2024
São Caetano do Sul,2,18.0,279.0,0.0,179.0,0.0,0.0,1.0,170.0,106.0,2.0,0.0,1.0,1.0,1.0,1.0,2024
São Caetano do Sul,2,,,,,,,,,,,,,,,,2024
São Caetano do Sul,2,,,,,,,,,,,,,,,,2024
São Caetano do Sul,2,,,,,,,,,,,,,,,,2024
São Caetano do Sul,2,,,,,,,,,,,,,,,,2024
São Caetano do Sul,2,,,,,,,,,,,,,,,,2024
São Caetano do Sul,2,34.0,802.0,0.0,0.0,0.0,0.0,0.0,0.0,540.0,262.0,0.0,0.0,1.0,1.0,1.0,2024
São Caetano do Sul,2,39.0,650.0,0.0,217.0,0.0,0.0,2.0,207.0,420.0,21.0,0.0,1.0,1.0,1.0,1.0,2024
São Caetano do Sul,2,,,,,,,,,,,,,,,,2024
São Caetano do Sul,2,92.0,1727.0,0.0,0.0,0.0,0.0,0.0,22.0,1123.0,582.0,1.0,1.0,1.0,1.0,1.0,2024
São Caetano do Sul,2,,,,,,,,,,,0.0,0.0,1.0,0.0,0.0,2024
São Carlos,2,32.0,359.0,0.0,195.0,0.0,0.0,0.0,179.0,168.0,12.0,0.0,1.0,1.0,1.0,1.0,2024
São Carlos,2,27.0,648.0,0.0,380.0,0.0,0.0,3.0,371.0,247.0,27.0,0.0,1.0,1.0,1.0,1.0,2024
São Carlos,2,31.0,684.0,684.0,0.0,0.0,0.0,665.0,19.0,0.0,0.0,0.0,1.0,1.0,0.0,1.0,2024
São Carlos,2,55.0,786.0,0.0,241.0,0.0,0.0,1.0,233.0,439.0,113.0,0.0,1.0,1.0,1.0,1.0,2024
São Carlos,2,18.0,291.0,291.0,0.0,0.0,0.0,283.0,8.0,0.0,0.0,0.0,0.0,1.0,1.0,1.0,2024
São Carlos,2,31.0,761.0,761.0,0.0,0.0,0.0,730.0,31.0,0.0,0.0,0.0,1.0,1.0,1.0,1.0,2024
São Carlos,2,57.0,865.0,0.0,399.0,0.0,0.0,0.0,367.0,458.0,40.0,0.0,1.0,1.0,1.0,1.0,2024
São Carlos,2,79.0,978.0,0.0,0.0,0.0,0.0,0.0,5.0,567.0,406.0,1.0,1.0,1.0,0.0,0.0,2024
São Carlos,2,40.0,830.0,0.0,830.0,0.0,0.0,1.0,804.0,25.0,0.0,0.0,1.0,1.0,1.0,0.0,2024
São Carlos,2,30.0,680.0,680.0,0.0,0.0,0.0,659.0,21.0,0.0,0.0,0.0,1.0,1.0,0.0,1.0,2024
São Carlos,2,20.0,405.0,0.0,287.0,0.0,0.0,1.0,274.0,122.0,8.0,0.0,1.0,1.0,1.0,1.0,2024
São Carlos,2,39.0,674.0,0.0,258.0,0.0,0.0,0.0,245.0,319.0,110.0,0.0,0.0,1.0,1.0,1.0,2024
São Carlos,2,13.0,60.0,0.0,0.0,34.0,25.0,1.0,0.0,0.0,0.0,1.0,0.0,1.0,0.0,1.0,2024
São Carlos,2,23.0,460.0,0.0,460.0,0.0,0.0,1.0,420.0,39.0,0.0,0.0,1.0,1.0,1.0,1.0,2024
São Carlos,2,9.0,33.0,0.0,18.0,0.0,0.0,0.0,0.0,26.0,7.0,0.0,1.0,1.0,0.0,0.0,2024
São Carlos,2,,,,,,,,,,,0.0,0.0,1.0,1.0,0.0,2024
São Carlos,2,22.0,344.0,0.0,178.0,0.0,0.0,0.0,167.0,168.0,9.0,0.0,0.0,1.0,1.0,1.0,2024
São Carlos,2,,,,,,,,,,,,,,,,2024
São Carlos,2,26.0,392.0,0.0,305.0,0.0,0.0,0.0,289.0,98.0,5.0,0.0,0.0,1.0,1.0,1.0,2024
São Carlos,2,25.0,604.0,0.0,446.0,0.0,0.0,0.0,420.0,176.0,8.0,0.0,1.0,1.0,1.0,1.0,2024
São Carlos,2,30.0,689.0,159.0,295.0,0.0,0.0,155.0,291.0,229.0,14.0,0.0,0.0,1.0,1.0,1.0,2024
São Carlos,2,50.0,691.0,0.0,293.0,0.0,0.0,2.0,268.0,349.0,72.0,0.0,1.0,1.0,1.0,1.0,2024
São Carlos,2,27.0,487.0,215.0,272.0,0.0,0.0,202.0,266.0,19.0,0.0,0.0,1.0,1.0,1.0,0.0,2024
São Carlos,2,26.0,394.0,129.0,106.0,0.0,0.0,126.0,103.0,144.0,21.0,0.0,1.0,1.0,1.0,1.0,2024
São Carlos,2,14.0,266.0,266.0,0.0,0.0,0.0,250.0,16.0,0.0,0.0,0.0,1.0,1.0,1.0,1.0,2024
São Carlos,2,44.0,1125.0,0.0,383.0,0.0,0.0,1.0,345.0,685.0,94.0,0.0,1.0,1.0,1.0,1.0,2024
São Carlos,2,55.0,1349.0,0.0,472.0,0.0,0.0,0.0,436.0,758.0,155.0,0.0,1.0,1.0,1.0,1.0,2024
São Carlos,2,24.0,465.0,465.0,0.0,0.0,0.0,445.0,20.0,0.0,0.0,0.0,1.0,1.0,1.0,1.0,2024
São Carlos,2,43.0,892.0,442.0,450.0,0.0,0.0,414.0,436.0,42.0,0.0,0.0,1.0,1.0,1.0,0.0,2024
São Carlos,2,29.0,451.0,191.0,177.0,0.0,0.0,184.0,173.0,87.0,7.0,0.0,1.0,1.0,1.0,1.0,2024
São Carlos,2,35.0,763.0,0.0,517.0,0.0,0.0,0.0,485.0,254.0,24.0,0.0,1.0,1.0,1.0,1.0,2024
São Carlos,2,18.0,412.0,0.0,258.0,0.0,0.0,2.0,237.0,165.0,8.0,0.0,1.0,1.0,1.0,1.0,2024
São Carlos,2,17.0,312.0,312.0,0.0,0.0,0.0,305.0,7.0,0.0,0.0,0.0,1.0,1.0,1.0,1.0,2024
São Carlos,2,18.0,219.0,0.0,174.0,0.0,0.0,1.0,163.0,53.0,2.0,0.0,1.0,1.0,1.0,1.0,2024
São Carlos,2,11.0,155.0,155.0,0.0,0.0,0.0,148.0,7.0,0.0,0.0,0.0,0.0,1.0,1.0,1.0,2024
São Carlos,2,17.0,179.0,0.0,102.0,0.0,0.0,0.0,98.0,77.0,4.0,0.0,1.0,1.0,1.0,1.0,2024
São Carlos,2,39.0,895.0,895.0,0.0,0.0,0.0,865.0,30.0,0.0,0.0,0.0,1.0,1.0,1.0,1.0,2024
São Carlos,2,67.0,1785.0,0.0,616.0,0.0,0.0,0.0,583.0,1087.0,115.0,1.0,1.0,1.0,0.0,1.0,2024
São Carlos,2,23.0,413.0,413.0,0.0,0.0,0.0,399.0,14.0,0.0,0.0,0.0,1.0,1.0,1.0,1.0,2024
São Francisco,2,21.0,269.0,98.0,121.0,0.0,0.0,101.0,120.0,48.0,0.0,0.0,1.0,1.0,1.0,0.0,2024
São João da Boa Vista,2,34.0,603.0,0.0,248.0,0.0,0.0,0.0,227.0,346.0,30.0,0.0,1.0,1.0,1.0,0.0,2024
São João da Boa Vista,2,,,,,,,,,,,,,,,,2024
São João da Boa Vista,2,51.0,953.0,0.0,243.0,0.0,0.0,0.0,221.0,547.0,185.0,0.0,1.0,1.0,1.0,1.0,2024
São João da Boa Vista,2,14.0,203.0,0.0,156.0,0.0,0.0,0.0,145.0,56.0,2.0,0.0,0.0,1.0,1.0,0.0,2024
São João da Boa Vista,2,22.0,370.0,0.0,259.0,0.0,0.0,2.0,233.0,132.0,3.0,0.0,1.0,1.0,1.0,1.0,2024
São João da Boa Vista,2,24.0,422.0,0.0,360.0,0.0,0.0,0.0,344.0,72.0,6.0,0.0,1.0,1.0,1.0,0.0,2024
São João da Boa Vista,2,33.0,750.0,0.0,415.0,0.0,0.0,1.0,386.0,334.0,29.0,0.0,0.0,1.0,1.0,1.0,2024
São João da Boa Vista,2,10.0,57.0,0.0,57.0,0.0,0.0,0.0,53.0,4.0,0.0,0.0,1.0,1.0,0.0,0.0,2024
São João da Boa Vista,2,34.0,684.0,0.0,378.0,0.0,0.0,0.0,345.0,326.0,13.0,0.0,1.0,1.0,1.0,0.0,2024
São João da Boa Vista,2,17.0,205.0,0.0,176.0,0.0,0.0,0.0,163.0,42.0,0.0,0.0,1.0,1.0,1.0,1.0,2024
São João da Boa Vista,2,,,,,,,,,,,,,,,,2024
São João da Boa Vista,2,30.0,463.0,0.0,307.0,0.0,0.0,1.0,281.0,176.0,5.0,0.0,0.0,1.0,1.0,1.0,2024
São João da Boa Vista,2,9.0,84.0,0.0,84.0,0.0,0.0,1.0,76.0,7.0,0.0,0.0,1.0,1.0,1.0,0.0,2024
São João da Boa Vista,2,,,,,,,,,,,,,,,,2024
São João da Boa Vista,2,,,,,,,,,,,,,,,,2024
São João das Duas Pontes,2,13.0,155.0,0.0,111.0,0.0,0.0,2.0,101.0,46.0,6.0,0.0,1.0,1.0,1.0,0.0,2024
São João de Iracema,2,13.0,130.0,0.0,82.0,0.0,0.0,1.0,82.0,46.0,1.0,0.0,0.0,1.0,1.0,1.0,2024
São João do Pau d'Alho,2,25.0,176.0,0.0,93.0,0.0,0.0,2.0,88.0,78.0,8.0,0.0,1.0,1.0,1.0,1.0,2024
São Joaquim da Barra,2,18.0,298.0,298.0,0.0,0.0,0.0,294.0,4.0,0.0,0.0,0.0,0.0,1.0,1.0,0.0,2024
São Joaquim da Barra,2,19.0,396.0,396.0,0.0,0.0,0.0,394.0,2.0,0.0,0.0,0.0,1.0,1.0,1.0,0.0,2024
São Joaquim da Barra,2,51.0,1168.0,0.0,522.0,0.0,0.0,13.0,492.0,547.0,116.0,0.0,1.0,1.0,1.0,1.0,2024
São Joaquim da Barra,2,24.0,437.0,0.0,208.0,0.0,0.0,3.0,206.0,219.0,9.0,0.0,0.0,1.0,1.0,0.0,2024
São Joaquim da Barra,2,30.0,597.0,0.0,597.0,0.0,0.0,11.0,574.0,12.0,0.0,0.0,1.0,1.0,1.0,0.0,2024
São Joaquim da Barra,2,66.0,1127.0,0.0,0.0,0.0,0.0,0.0,14.0,703.0,410.0,1.0,1.0,1.0,1.0,1.0,2024
São Joaquim da Barra,2,32.0,655.0,655.0,0.0,0.0,0.0,649.0,6.0,0.0,0.0,1.0,0.0,1.0,1.0,0.0,2024
São Joaquim da Barra,2,18.0,286.0,0.0,286.0,0.0,0.0,7.0,268.0,11.0,0.0,0.0,1.0,1.0,1.0,0.0,2024
São Joaquim da Barra,2,,,,,,,,,,,,,,,,2024
São Joaquim da Barra,2,,,,,,,,,,,,,,,,2024
São Joaquim da Barra,2,24.0,516.0,0.0,341.0,0.0,0.0,5.0,316.0,187.0,8.0,0.0,0.0,1.0,1.0,1.0,2024
São José da Bela Vista,2,32.0,784.0,0.0,426.0,0.0,0.0,6.0,347.0,376.0,55.0,0.0,1.0,1.0,1.0,0.0,2024
São José da Bela Vista,2,,,,,,,,,,,,,,,,2024
São José do Barreiro,2,9.0,127.0,0.0,0.0,0.0,0.0,0.0,3.0,114.0,10.0,0.0,1.0,1.0,0.0,0.0,2024
São José do Rio Pardo,2,26.0,468.0,0.0,209.0,0.0,0.0,3.0,199.0,246.0,20.0,0.0,1.0,1.0,1.0,0.0,2024
São José do Rio Pardo,2,35.0,749.0,320.0,429.0,0.0,0.0,325.0,405.0,19.0,0.0,0.0,1.0,1.0,1.0,1.0,2024
São José do Rio Pardo,2,25.0,572.0,0.0,424.0,0.0,0.0,6.0,413.0,140.0,13.0,0.0,1.0,1.0,1.0,1.0,2024
São José do Rio Pardo,2,15.0,215.0,215.0,0.0,0.0,0.0,214.0,1.0,0.0,0.0,0.0,1.0,1.0,0.0,1.0,2024
São José do Rio Pardo,2,48.0,753.0,0.0,213.0,0.0,0.0,1.0,202.0,397.0,153.0,0.0,1.0,1.0,1.0,0.0,2024
São José do Rio Pardo,2,20.0,304.0,304.0,0.0,0.0,0.0,301.0,3.0,0.0,0.0,1.0,1.0,1.0,1.0,1.0,2024
São José do Rio Pardo,2,22.0,288.0,92.0,139.0,0.0,0.0,92.0,127.0,66.0,3.0,0.0,1.0,1.0,0.0,1.0,2024
São José do Rio Pardo,2,41.0,701.0,0.0,0.0,0.0,0.0,0.0,7.0,503.0,191.0,1.0,1.0,1.0,1.0,0.0,2024
São José do Rio Pardo,2,20.0,340.0,0.0,340.0,0.0,0.0,9.0,323.0,8.0,0.0,0.0,1.0,1.0,1.0,0.0,2024
São José do Rio Pardo,2,,,,,,,,,,,,,,,,2024
São José do Rio Pardo,2,12.0,203.0,203.0,0.0,0.0,2.0,201.0,0.0,0.0,0.0,0.0,1.0,1.0,1.0,0.0,2024
São José do Rio Preto,2,49.0,1384.0,0.0,0.0,0.0,0.0,0.0,2.0,1189.0,193.0,0.0,1.0,1.0,1.0,0.0,2024
São José do Rio Preto,2,19.0,273.0,0.0,0.0,0.0,0.0,0.0,2.0,262.0,9.0,0.0,1.0,1.0,1.0,1.0,2024
São José do Rio Preto,2,40.0,820.0,0.0,820.0,0.0,0.0,1.0,768.0,51.0,0.0,0.0,1.0,1.0,1.0,1.0,2024
São José do Rio Preto,2,20.0,399.0,0.0,399.0,0.0,0.0,4.0,373.0,22.0,0.0,0.0,1.0,1.0,1.0,0.0,2024
São José do Rio Preto,2,33.0,600.0,0.0,600.0,0.0,0.0,2.0,550.0,47.0,1.0,0.0,1.0,1.0,1.0,1.0,2024
São José do Rio Preto,2,22.0,421.0,0.0,329.0,0.0,0.0,1.0,301.0,109.0,10.0,0.0,1.0,1.0,1.0,1.0,2024
São José do Rio Preto,2,56.0,1088.0,0.0,603.0,0.0,0.0,1.0,552.0,353.0,182.0,0.0,1.0,1.0,1.0,1.0,2024
São José do Rio Preto,2,61.0,1412.0,0.0,0.0,0.0,0.0,0.0,7.0,1287.0,118.0,0.0,1.0,1.0,0.0,1.0,2024
São José do Rio Preto,2,17.0,198.0,0.0,0.0,0.0,0.0,0.0,0.0,192.0,6.0,0.0,1.0,1.0,1.0,1.0,2024
São José do Rio Preto,2,24.0,548.0,0.0,548.0,0.0,0.0,2.0,507.0,39.0,0.0,0.0,1.0,1.0,1.0,0.0,2024
São José do Rio Preto,2,72.0,1575.0,0.0,509.0,0.0,0.0,1.0,458.0,1023.0,93.0,0.0,1.0,1.0,1.0,1.0,2024
São José do Rio Preto,2,22.0,473.0,0.0,331.0,0.0,0.0,3.0,307.0,158.0,5.0,0.0,1.0,1.0,1.0,1.0,2024
São José do Rio Preto,2,16.0,286.0,0.0,0.0,0.0,0.0,0.0,2.0,273.0,11.0,0.0,1.0,1.0,1.0,1.0,2024
São José do Rio Preto,2,106.0,1754.0,0.0,0.0,0.0,0.0,0.0,13.0,983.0,758.0,1.0,1.0,1.0,1.0,1.0,2024
São José do Rio Preto,2,23.0,485.0,0.0,485.0,0.0,0.0,2.0,450.0,33.0,0.0,0.0,1.0,1.0,1.0,1.0,2024
São José do Rio Preto,2,36.0,662.0,0.0,517.0,0.0,0.0,3.0,482.0,170.0,7.0,0.0,1.0,1.0,1.0,1.0,2024
São José do Rio Preto,2,19.0,404.0,0.0,0.0,0.0,0.0,0.0,1.0,382.0,21.0,0.0,1.0,1.0,1.0,1.0,2024
São José do Rio Preto,2,52.0,1002.0,0.0,433.0,0.0,0.0,1.0,400.0,461.0,140.0,0.0,1.0,1.0,1.0,1.0,2024
São José do Rio Preto,2,18.0,273.0,0.0,0.0,0.0,0.0,0.0,4.0,243.0,26.0,0.0,1.0,1.0,1.0,1.0,2024
São José do Rio Preto,2,,,,,,,,,,,,,,,,2024
São José do Rio Preto,2,18.0,380.0,0.0,380.0,0.0,0.0,2.0,358.0,20.0,0.0,0.0,0.0,1.0,1.0,1.0,2024
São José do Rio Preto,2,55.0,1339.0,0.0,736.0,0.0,0.0,2.0,687.0,574.0,76.0,0.0,1.0,1.0,1.0,1.0,2024
São José do Rio Preto,2,,,,,,,,,,,,,,,,2024
São José do Rio Preto,2,18.0,387.0,0.0,387.0,0.0,0.0,1.0,363.0,23.0,0.0,0.0,1.0,1.0,1.0,1.0,2024
São José do Rio Preto,2,4.0,25.0,0.0,0.0,24.0,1.0,0.0,0.0,0.0,0.0,0.0,0.0,1.0,0.0,1.0,2024
São José do Rio Preto,2,,,,,,,,,,,,,,,,2024
São José do Rio Preto,2,56.0,1307.0,0.0,544.0,0.0,0.0,0.0,513.0,726.0,68.0,0.0,1.0,1.0,1.0,1.0,2024
São José do Rio Preto,2,5.0,55.0,0.0,0.0,0.0,0.0,0.0,0.0,0.0,55.0,0.0,0.0,0.0,0.0,0.0,2024
São José do Rio Preto,2,9.0,130.0,0.0,0.0,0.0,0.0,0.0,0.0,0.0,130.0,0.0,0.0,0.0,0.0,0.0,2024
São José do Rio Preto,2,10.0,52.0,1.0,18.0,0.0,0.0,0.0,0.0,39.0,13.0,0.0,1.0,1.0,1.0,1.0,2024
São José do Rio Preto,2,,,,,,,,,,,,,,,,2024
São José do Rio Preto,2,33.0,578.0,0.0,366.0,0.0,0.0,1.0,346.0,213.0,18.0,0.0,1.0,1.0,1.0,1.0,2024
São José do Rio Preto,2,36.0,640.0,0.0,479.0,0.0,0.0,0.0,431.0,202.0,7.0,0.0,1.0,1.0,1.0,1.0,2024
São José do Rio Preto,2,36.0,653.0,0.0,653.0,0.0,0.0,1.0,598.0,54.0,0.0,0.0,1.0,1.0,1.0,1.0,2024
São José do Rio Preto,2,52.0,1355.0,0.0,623.0,0.0,0.0,2.0,577.0,689.0,87.0,0.0,1.0,1.0,1.0,1.0,2024
São José do Rio Preto,2,37.0,1116.0,0.0,511.0,0.0,0.0,2.0,469.0,603.0,42.0,0.0,1.0,1.0,1.0,1.0,2024
São José do Rio Preto,2,33.0,542.0,0.0,405.0,0.0,0.0,0.0,350.0,187.0,5.0,0.0,1.0,1.0,1.0,1.0,2024
São José do Rio Preto,2,49.0,1105.0,0.0,457.0,0.0,0.0,3.0,384.0,651.0,67.0,0.0,1.0,1.0,1.0,1.0,2024
São José do Rio Preto,2,,,,,,,,,,,,,,,,2024
São José do Rio Preto,2,51.0,1404.0,0.0,699.0,0.0,0.0,2.0,641.0,689.0,72.0,0.0,1.0,1.0,1.0,1.0,2024
São José do Rio Preto,2,53.0,1370.0,0.0,592.0,0.0,0.0,1.0,554.0,733.0,82.0,0.0,1.0,1.0,1.0,1.0,2024
São José do Rio Preto,2,44.0,1240.0,0.0,638.0,0.0,0.0,0.0,589.0,603.0,48.0,0.0,1.0,1.0,1.0,1.0,2024
São José do Rio Preto,2,20.0,362.0,0.0,362.0,0.0,0.0,1.0,335.0,26.0,0.0,0.0,1.0,1.0,1.0,1.0,2024
São José do Rio Preto,2,,,,,,,,,,,0.0,0.0,1.0,0.0,0.0,2024
São José do Rio Preto,2,56.0,1231.0,0.0,594.0,0.0,0.0,3.0,543.0,629.0,56.0,0.0,0.0,1.0,1.0,0.0,2024
São José do Rio Preto,2,24.0,471.0,0.0,255.0,0.0,0.0,1.0,235.0,227.0,8.0,0.0,1.0,1.0,1.0,1.0,2024
São José dos Campos,2,44.0,804.0,0.0,358.0,0.0,0.0,0.0,344.0,414.0,46.0,0.0,1.0,1.0,1.0,1.0,2024
São José dos Campos,2,,,,,,,,,,,,,,,,2024
São José dos Campos,2,73.0,1680.0,0.0,404.0,0.0,0.0,1.0,386.0,1049.0,244.0,0.0,1.0,1.0,1.0,0.0,2024
São José dos Campos,2,,,,,,,,,,,,,,,,2024
São José dos Campos,2,,,,,,,,,,,,,,,,2024
São José dos Campos,2,,,,,,,,,,,,,,,,2024
São José dos Campos,2,19.0,355.0,0.0,0.0,0.0,0.0,0.0,1.0,334.0,20.0,0.0,1.0,1.0,1.0,1.0,2024
São José dos Campos,2,,,,,,,,,,,,,,,,2024
São José dos Campos,2,39.0,704.0,305.0,233.0,0.0,0.0,287.0,237.0,171.0,9.0,0.0,1.0,1.0,1.0,0.0,2024
São José dos Campos,2,34.0,585.0,0.0,0.0,0.0,0.0,0.0,2.0,387.0,196.0,0.0,1.0,1.0,1.0,1.0,2024
São José dos Campos,2,25.0,551.0,0.0,212.0,0.0,0.0,0.0,203.0,329.0,19.0,0.0,1.0,1.0,1.0,1.0,2024
São José dos Campos,2,29.0,461.0,0.0,204.0,0.0,0.0,0.0,183.0,258.0,20.0,0.0,1.0,1.0,1.0,0.0,2024
São José dos Campos,2,23.0,309.0,135.0,99.0,0.0,0.0,130.0,100.0,73.0,6.0,0.0,1.0,1.0,1.0,0.0,2024
São José dos Campos,2,15.0,247.0,0.0,247.0,0.0,0.0,1.0,238.0,8.0,0.0,0.0,1.0,1.0,1.0,1.0,2024
São José dos Campos,2,26.0,390.0,130.0,260.0,0.0,0.0,124.0,248.0,18.0,0.0,0.0,1.0,1.0,1.0,0.0,2024
São José dos Campos,2,29.0,521.0,0.0,308.0,0.0,0.0,0.0,290.0,220.0,11.0,0.0,1.0,1.0,1.0,1.0,2024
São José dos Campos,2,,,,,,,,,,,,,,,,2024
São José dos Campos,2,41.0,732.0,0.0,0.0,0.0,0.0,0.0,2.0,572.0,158.0,0.0,1.0,1.0,1.0,0.0,2024
São José dos Campos,2,47.0,957.0,448.0,509.0,0.0,0.0,424.0,508.0,24.0,1.0,0.0,1.0,1.0,1.0,1.0,2024
São José dos Campos,2,,,,,,,,,,,,,,,,2024
São José dos Campos,2,46.0,1102.0,362.0,367.0,0.0,0.0,353.0,361.0,366.0,22.0,0.0,1.0,1.0,1.0,1.0,2024
São José dos Campos,2,,,,,,,,,,,,,,,,2024
São José dos Campos,2,17.0,287.0,0.0,287.0,0.0,0.0,0.0,278.0,9.0,0.0,0.0,1.0,1.0,1.0,1.0,2024
São José dos Campos,2,22.0,484.0,0.0,288.0,0.0,0.0,0.0,271.0,199.0,14.0,0.0,1.0,1.0,1.0,1.0,2024
São José dos Campos,2,17.0,311.0,0.0,0.0,0.0,0.0,0.0,1.0,295.0,15.0,0.0,1.0,1.0,1.0,1.0,2024
São José dos Campos,2,64.0,1480.0,0.0,209.0,0.0,0.0,0.0,185.0,963.0,332.0,0.0,1.0,1.0,1.0,1.0,2024
São José dos Campos,2,27.0,909.0,0.0,0.0,0.0,0.0,0.0,4.0,804.0,101.0,0.0,0.0,1.0,1.0,0.0,2024
São José dos Campos,2,22.0,425.0,0.0,0.0,0.0,0.0,0.0,6.0,402.0,17.0,0.0,1.0,1.0,1.0,1.0,2024
São José dos Campos,2,12.0,245.0,0.0,0.0,0.0,0.0,0.0,1.0,238.0,6.0,0.0,1.0,1.0,1.0,0.0,2024
São José dos Campos,2,12.0,226.0,0.0,0.0,0.0,0.0,0.0,0.0,217.0,9.0,0.0,1.0,1.0,1.0,1.0,2024
São José dos Campos,2,34.0,432.0,93.0,204.0,0.0,0.0,82.0,187.0,154.0,9.0,0.0,1.0,1.0,1.0,0.0,2024
São José dos Campos,2,70.0,1518.0,422.0,357.0,0.0,0.0,395.0,346.0,687.0,90.0,0.0,1.0,1.0,1.0,1.0,2024
São José dos Campos,2,57.0,1506.0,452.0,456.0,0.0,0.0,424.0,453.0,570.0,59.0,0.0,1.0,1.0,1.0,1.0,2024
São José dos Campos,2,42.0,813.0,336.0,299.0,0.0,0.0,323.0,288.0,188.0,14.0,0.0,1.0,1.0,1.0,1.0,2024
São José dos Campos,2,39.0,836.0,234.0,312.0,0.0,0.0,214.0,315.0,276.0,31.0,0.0,0.0,1.0,1.0,1.0,2024
São José dos Campos,2,,,,,,,,,,,,,,,,2024
São José dos Campos,2,53.0,1400.0,0.0,0.0,0.0,0.0,0.0,5.0,1179.0,216.0,0.0,1.0,1.0,1.0,1.0,2024
São José dos Campos,2,44.0,1092.0,278.0,418.0,0.0,0.0,268.0,389.0,389.0,46.0,0.0,1.0,1.0,1.0,0.0,2024
São José dos Campos,2,17.0,379.0,0.0,0.0,0.0,0.0,0.0,4.0,361.0,14.0,0.0,1.0,1.0,1.0,1.0,2024
São José dos Campos,2,24.0,322.0,141.0,181.0,0.0,0.0,135.0,175.0,12.0,0.0,0.0,1.0,1.0,1.0,0.0,2024
São José dos Campos,2,57.0,741.0,0.0,327.0,0.0,0.0,0.0,303.0,386.0,52.0,0.0,0.0,1.0,1.0,0.0,2024
São José dos Campos,2,36.0,848.0,204.0,218.0,0.0,0.0,197.0,209.0,390.0,52.0,0.0,0.0,1.0,1.0,1.0,2024
São José dos Campos,2,,,,,,,,,,,,,,,,2024
São José dos Campos,2,34.0,619.0,0.0,199.0,0.0,0.0,0.0,171.0,355.0,93.0,0.0,1.0,1.0,1.0,0.0,2024
São José dos Campos,2,,,,,,,,,,,,,,,,2024
São José dos Campos,2,55.0,1310.0,390.0,510.0,0.0,0.0,371.0,514.0,401.0,24.0,0.0,1.0,1.0,1.0,1.0,2024
São José dos Campos,2,,,,,,,,,,,,,,,,2024
São José dos Campos,2,,,,,,,,,,,,,,,,2024
São José dos Campos,2,9.0,28.0,1.0,12.0,0.0,0.0,0.0,0.0,15.0,13.0,0.0,0.0,1.0,0.0,0.0,2024
São José dos Campos,2,,,,,,,,,,,,,,,,2024
São José dos Campos,2,1.0,5.0,0.0,0.0,5.0,0.0,0.0,0.0,0.0,0.0,0.0,0.0,1.0,0.0,1.0,2024
São José dos Campos,2,,,,,,,,,,,,,,,,2024
São José dos Campos,2,,,,,,,,,,,,,,,,2024
São José dos Campos,2,,,,,,,,,,,,,,,,2024
São José dos Campos,2,,,,,,,,,,,,,,,,2024
São José dos Campos,2,,,,,,,,,,,,,,,,2024
São José dos Campos,2,25.0,553.0,0.0,0.0,0.0,0.0,0.0,1.0,502.0,50.0,0.0,0.0,1.0,1.0,1.0,2024
São José dos Campos,2,51.0,673.0,0.0,0.0,0.0,0.0,0.0,0.0,414.0,259.0,1.0,1.0,1.0,1.0,1.0,2024
São José dos Campos,2,7.0,20.0,0.0,0.0,0.0,0.0,0.0,0.0,0.0,20.0,0.0,0.0,0.0,0.0,0.0,2024
São José dos Campos,2,,,,,,,,,,,0.0,1.0,1.0,1.0,1.0,2024
São José dos Campos,2,20.0,602.0,0.0,0.0,0.0,0.0,0.0,1.0,515.0,86.0,0.0,0.0,1.0,1.0,1.0,2024
São José dos Campos,2,31.0,591.0,0.0,305.0,0.0,0.0,0.0,292.0,279.0,20.0,0.0,1.0,1.0,1.0,1.0,2024
São José dos Campos,2,,,,,,,,,,,,,,,,2024
São José dos Campos,2,54.0,1365.0,391.0,305.0,0.0,0.0,375.0,291.0,657.0,42.0,0.0,1.0,1.0,1.0,1.0,2024
São José dos Campos,2,,,,,,,,,,,,,,,,2024
São José dos Campos,2,,,,,,,,,,,,,,,,2024
São José dos Campos,2,45.0,1052.0,0.0,507.0,0.0,0.0,0.0,474.0,522.0,56.0,0.0,0.0,1.0,1.0,0.0,2024
São José dos Campos,2,50.0,1304.0,368.0,350.0,0.0,0.0,353.0,343.0,556.0,52.0,0.0,1.0,1.0,1.0,0.0,2024
São José dos Campos,2,,,,,,,,,,,,,,,,2024
São José dos Campos,2,32.0,461.0,0.0,88.0,0.0,0.0,0.0,79.0,360.0,22.0,0.0,1.0,1.0,1.0,0.0,2024
São José dos Campos,2,,,,,,,,,,,,,,,,2024
São José dos Campos,2,39.0,531.0,231.0,183.0,0.0,0.0,224.0,169.0,130.0,8.0,0.0,1.0,1.0,1.0,1.0,2024
São José dos Campos,2,,,,,,,,,,,,,,,,2024
São José dos Campos,2,19.0,371.0,0.0,0.0,0.0,0.0,0.0,1.0,350.0,20.0,1.0,1.0,1.0,1.0,1.0,2024
São José dos Campos,2,11.0,163.0,0.0,0.0,0.0,0.0,0.0,2.0,152.0,9.0,0.0,0.0,1.0,1.0,0.0,2024
São José dos Campos,2,26.0,553.0,288.0,265.0,0.0,0.0,278.0,257.0,18.0,0.0,0.0,1.0,1.0,0.0,1.0,2024
São José dos Campos,2,44.0,877.0,472.0,405.0,0.0,0.0,442.0,402.0,33.0,0.0,0.0,1.0,1.0,1.0,1.0,2024
São José dos Campos,2,18.0,308.0,0.0,308.0,0.0,0.0,0.0,284.0,24.0,0.0,0.0,1.0,1.0,1.0,0.0,2024
São José dos Campos,2,55.0,1291.0,356.0,339.0,0.0,0.0,347.0,312.0,588.0,44.0,0.0,1.0,1.0,1.0,1.0,2024
São José dos Campos,2,42.0,781.0,357.0,424.0,0.0,0.0,342.0,413.0,26.0,0.0,0.0,1.0,1.0,1.0,1.0,2024
São José dos Campos,2,,,,,,,,,,,,,,,,2024
São José dos Campos,2,,,,,,,,,,,,,,,,2024
São José dos Campos,2,48.0,779.0,0.0,340.0,0.0,0.0,1.0,321.0,437.0,20.0,1.0,1.0,1.0,1.0,1.0,2024
São José dos Campos,2,,,,,,,,,,,,,,,,2024
São José dos Campos,2,,,,,,,,,,,,,,,,2024
São José dos Campos,2,42.0,784.0,220.0,189.0,0.0,0.0,215.0,184.0,362.0,23.0,0.0,1.0,1.0,1.0,1.0,2024
São José dos Campos,2,,,,,,,,,,,,,,,,2024
São José dos Campos,2,23.0,283.0,0.0,0.0,0.0,0.0,0.0,0.0,273.0,10.0,0.0,1.0,1.0,1.0,1.0,2024
São José dos Campos,2,38.0,1129.0,0.0,492.0,0.0,0.0,1.0,467.0,595.0,66.0,0.0,1.0,1.0,1.0,1.0,2024
São José dos Campos,2,56.0,1190.0,0.0,362.0,0.0,0.0,0.0,337.0,761.0,92.0,0.0,1.0,1.0,1.0,1.0,2024
São José dos Campos,2,4.0,1538.0,0.0,0.0,0.0,0.0,0.0,0.0,0.0,1538.0,0.0,0.0,1.0,1.0,0.0,2024
São José dos Campos,2,,,,,,,,,,,0.0,0.0,1.0,0.0,0.0,2024
São José dos Campos,2,24.0,385.0,169.0,114.0,0.0,0.0,159.0,120.0,103.0,3.0,0.0,1.0,1.0,1.0,1.0,2024
São José dos Campos,2,16.0,278.0,161.0,117.0,0.0,0.0,158.0,113.0,7.0,0.0,0.0,1.0,1.0,1.0,0.0,2024
São José dos Campos,2,15.0,332.0,0.0,0.0,0.0,0.0,0.0,0.0,294.0,38.0,0.0,1.0,1.0,0.0,1.0,2024
São Lourenço da Serra,2,39.0,766.0,0.0,362.0,0.0,0.0,6.0,347.0,344.0,69.0,0.0,0.0,1.0,0.0,0.0,2024
São Lourenço da Serra,2,24.0,482.0,0.0,293.0,0.0,0.0,5.0,290.0,182.0,5.0,0.0,0.0,1.0,1.0,0.0,2024
São Lourenço da Serra,2,18.0,235.0,0.0,150.0,0.0,0.0,1.0,149.0,82.0,3.0,0.0,0.0,1.0,0.0,0.0,2024
São Luiz do Paraitinga,2,28.0,465.0,0.0,0.0,0.0,0.0,0.0,1.0,413.0,51.0,0.0,1.0,1.0,1.0,1.0,2024
São Manuel,2,33.0,499.0,0.0,0.0,0.0,0.0,0.0,17.0,363.0,119.0,1.0,1.0,1.0,1.0,1.0,2024
São Manuel,2,61.0,1205.0,0.0,586.0,0.0,0.0,6.0,564.0,502.0,133.0,0.0,1.0,1.0,1.0,1.0,2024
São Manuel,2,33.0,422.0,0.0,248.0,0.0,0.0,6.0,230.0,169.0,17.0,0.0,1.0,1.0,1.0,1.0,2024
São Manuel,2,13.0,258.0,0.0,105.0,0.0,0.0,6.0,101.0,145.0,6.0,0.0,0.0,1.0,1.0,0.0,2024
São Manuel,2,33.0,574.0,0.0,388.0,0.0,0.0,10.0,367.0,182.0,15.0,0.0,1.0,1.0,1.0,1.0,2024
São Manuel,2,22.0,412.0,0.0,301.0,0.0,0.0,5.0,289.0,112.0,6.0,0.0,0.0,1.0,1.0,1.0,2024
São Miguel Arcanjo,2,18.0,306.0,0.0,244.0,0.0,0.0,7.0,230.0,64.0,5.0,0.0,1.0,1.0,1.0,1.0,2024
São Miguel Arcanjo,2,20.0,316.0,0.0,207.0,0.0,0.0,2.0,202.0,109.0,3.0,0.0,0.0,1.0,1.0,0.0,2024
São Miguel Arcanjo,2,16.0,138.0,0.0,91.0,0.0,0.0,2.0,83.0,51.0,2.0,0.0,1.0,1.0,1.0,1.0,2024
São Miguel Arcanjo,2,42.0,952.0,0.0,438.0,0.0,0.0,6.0,423.0,432.0,91.0,0.0,0.0,1.0,1.0,0.0,2024
São Miguel Arcanjo,2,32.0,615.0,0.0,288.0,0.0,0.0,2.0,288.0,303.0,22.0,0.0,0.0,1.0,1.0,1.0,2024
São Miguel Arcanjo,2,30.0,706.0,0.0,439.0,0.0,0.0,10.0,424.0,267.0,5.0,0.0,1.0,1.0,1.0,0.0,2024
São Paulo,2,18.0,295.0,295.0,0.0,0.0,0.0,286.0,9.0,0.0,0.0,0.0,1.0,1.0,1.0,1.0,2024
São Paulo,2,19.0,278.0,278.0,0.0,0.0,0.0,270.0,8.0,0.0,0.0,0.0,0.0,1.0,1.0,0.0,2024
São Paulo,2,22.0,408.0,0.0,278.0,0.0,0.0,3.0,262.0,140.0,3.0,0.0,1.0,1.0,1.0,1.0,2024
São Paulo,2,18.0,430.0,430.0,0.0,0.0,0.0,409.0,21.0,0.0,0.0,0.0,1.0,1.0,1.0,1.0,2024
São Paulo,2,39.0,608.0,223.0,182.0,0.0,0.0,209.0,165.0,211.0,23.0,0.0,1.0,1.0,1.0,1.0,2024
São Paulo,2,16.0,357.0,0.0,357.0,0.0,0.0,0.0,332.0,25.0,0.0,0.0,1.0,1.0,1.0,1.0,2024
São Paulo,2,26.0,482.0,0.0,322.0,0.0,0.0,2.0,303.0,165.0,12.0,0.0,1.0,1.0,1.0,1.0,2024
São Paulo,2,44.0,1108.0,0.0,468.0,0.0,0.0,1.0,427.0,628.0,52.0,0.0,1.0,1.0,1.0,1.0,2024
São Paulo,2,62.0,1941.0,0.0,0.0,0.0,0.0,0.0,12.0,1614.0,315.0,0.0,1.0,1.0,1.0,1.0,2024
São Paulo,2,20.0,310.0,310.0,0.0,0.0,0.0,300.0,10.0,0.0,0.0,0.0,1.0,1.0,1.0,1.0,2024
São Paulo,2,14.0,178.0,0.0,81.0,0.0,0.0,0.0,78.0,94.0,6.0,0.0,1.0,1.0,1.0,1.0,2024
São Paulo,2,15.0,207.0,0.0,140.0,0.0,0.0,0.0,131.0,63.0,13.0,0.0,1.0,1.0,1.0,0.0,2024
São Paulo,2,18.0,243.0,243.0,0.0,0.0,0.0,238.0,5.0,0.0,0.0,0.0,1.0,1.0,1.0,1.0,2024
São Paulo,2,,,,,,,,,,,,,,,,2024
São Paulo,2,44.0,1387.0,0.0,0.0,0.0,0.0,0.0,5.0,1148.0,234.0,0.0,1.0,1.0,1.0,0.0,2024
São Paulo,2,26.0,388.0,136.0,92.0,0.0,0.0,126.0,98.0,144.0,20.0,0.0,1.0,1.0,1.0,1.0,2024
São Paulo,2,30.0,433.0,217.0,110.0,0.0,0.0,206.0,114.0,108.0,5.0,0.0,1.0,1.0,1.0,1.0,2024
São Paulo,2,58.0,1164.0,450.0,551.0,0.0,0.0,430.0,532.0,39.0,163.0,0.0,1.0,1.0,1.0,1.0,2024
São Paulo,2,43.0,1018.0,0.0,481.0,0.0,0.0,0.0,439.0,499.0,80.0,0.0,1.0,1.0,1.0,1.0,2024
São Paulo,2,,,,,,,,,,,,,,,,2024
São Paulo,2,32.0,837.0,357.0,0.0,0.0,0.0,352.0,5.0,393.0,87.0,0.0,0.0,1.0,0.0,1.0,2024
São Paulo,2,14.0,200.0,0.0,37.0,0.0,0.0,0.0,39.0,154.0,7.0,0.0,1.0,1.0,1.0,0.0,2024
São Paulo,2,85.0,1755.0,0.0,497.0,0.0,0.0,1.0,456.0,985.0,313.0,0.0,1.0,1.0,1.0,1.0,2024
São Paulo,2,43.0,840.0,0.0,398.0,0.0,0.0,1.0,360.0,441.0,38.0,0.0,1.0,1.0,1.0,0.0,2024
São Paulo,2,23.0,456.0,0.0,340.0,0.0,0.0,0.0,315.0,135.0,6.0,0.0,1.0,1.0,1.0,0.0,2024
São Paulo,2,71.0,1805.0,0.0,672.0,0.0,0.0,1.0,628.0,991.0,185.0,1.0,1.0,1.0,1.0,0.0,2024
São Paulo,2,17.0,356.0,356.0,0.0,0.0,0.0,338.0,18.0,0.0,0.0,0.0,1.0,1.0,1.0,0.0,2024
São Paulo,2,30.0,664.0,664.0,0.0,0.0,0.0,650.0,14.0,0.0,0.0,0.0,1.0,1.0,1.0,1.0,2024
São Paulo,2,20.0,370.0,370.0,0.0,0.0,0.0,343.0,27.0,0.0,0.0,0.0,1.0,1.0,1.0,1.0,2024
São Paulo,2,21.0,357.0,357.0,0.0,0.0,0.0,336.0,21.0,0.0,0.0,0.0,1.0,1.0,1.0,0.0,2024
São Paulo,2,41.0,641.0,0.0,0.0,0.0,0.0,0.0,8.0,569.0,64.0,1.0,1.0,1.0,1.0,1.0,2024
São Paulo,2,28.0,630.0,630.0,0.0,0.0,0.0,605.0,25.0,0.0,0.0,0.0,1.0,1.0,1.0,0.0,2024
São Paulo,2,21.0,402.0,0.0,223.0,0.0,0.0,0.0,192.0,196.0,14.0,0.0,1.0,1.0,1.0,1.0,2024
São Paulo,2,30.0,576.0,0.0,0.0,0.0,0.0,0.0,4.0,529.0,43.0,0.0,0.0,1.0,1.0,0.0,2024
São Paulo,2,30.0,671.0,0.0,433.0,0.0,0.0,1.0,412.0,245.0,13.0,0.0,1.0,1.0,1.0,1.0,2024
São Paulo,2,16.0,243.0,243.0,0.0,0.0,0.0,229.0,14.0,0.0,0.0,1.0,1.0,1.0,1.0,0.0,2024
São Paulo,2,25.0,468.0,468.0,0.0,0.0,0.0,440.0,28.0,0.0,0.0,0.0,0.0,1.0,1.0,1.0,2024
São Paulo,2,36.0,754.0,754.0,0.0,0.0,0.0,710.0,44.0,0.0,0.0,0.0,0.0,1.0,1.0,0.0,2024
São Paulo,2,21.0,475.0,0.0,225.0,0.0,0.0,2.0,217.0,241.0,15.0,0.0,1.0,1.0,1.0,0.0,2024
São Paulo,2,52.0,1109.0,0.0,709.0,0.0,0.0,2.0,673.0,388.0,46.0,1.0,1.0,1.0,1.0,1.0,2024
São Paulo,2,64.0,1152.0,0.0,378.0,0.0,0.0,0.0,337.0,604.0,211.0,0.0,1.0,1.0,1.0,1.0,2024
São Paulo,2,69.0,947.0,0.0,0.0,0.0,0.0,0.0,10.0,711.0,226.0,1.0,1.0,1.0,1.0,0.0,2024
São Paulo,2,39.0,773.0,773.0,0.0,0.0,0.0,740.0,33.0,0.0,0.0,0.0,1.0,1.0,1.0,1.0,2024
São Paulo,2,98.0,1313.0,0.0,0.0,0.0,0.0,0.0,5.0,775.0,533.0,1.0,1.0,1.0,1.0,1.0,2024
São Paulo,2,20.0,311.0,311.0,0.0,0.0,0.0,298.0,13.0,0.0,0.0,0.0,1.0,1.0,1.0,1.0,2024
São Paulo,2,14.0,252.0,0.0,183.0,0.0,0.0,1.0,176.0,72.0,3.0,0.0,1.0,1.0,1.0,1.0,2024
São Paulo,2,59.0,1459.0,383.0,309.0,0.0,0.0,357.0,291.0,648.0,163.0,0.0,1.0,1.0,1.0,1.0,2024
São Paulo,2,35.0,578.0,0.0,0.0,0.0,0.0,0.0,6.0,437.0,135.0,1.0,1.0,1.0,0.0,1.0,2024
São Paulo,2,14.0,270.0,0.0,140.0,0.0,0.0,1.0,128.0,140.0,1.0,0.0,1.0,1.0,1.0,0.0,2024
São Paulo,2,42.0,1021.0,0.0,521.0,0.0,0.0,0.0,472.0,504.0,45.0,0.0,1.0,1.0,1.0,1.0,2024
São Paulo,2,19.0,318.0,318.0,0.0,0.0,0.0,293.0,25.0,0.0,0.0,0.0,1.0,1.0,1.0,1.0,2024
São Paulo,2,25.0,431.0,431.0,0.0,0.0,0.0,414.0,17.0,0.0,0.0,0.0,1.0,1.0,1.0,1.0,2024
São Paulo,2,38.0,831.0,831.0,0.0,0.0,0.0,778.0,53.0,0.0,0.0,0.0,1.0,1.0,1.0,1.0,2024
São Paulo,2,12.0,40.0,0.0,10.0,0.0,0.0,0.0,1.0,16.0,23.0,0.0,0.0,0.0,0.0,0.0,2024
São Paulo,2,6.0,44.0,0.0,0.0,0.0,0.0,0.0,0.0,0.0,44.0,0.0,0.0,0.0,0.0,0.0,2024
São Paulo,2,10.0,115.0,0.0,0.0,0.0,0.0,0.0,0.0,0.0,115.0,0.0,0.0,0.0,0.0,0.0,2024
São Paulo,2,,,,,,,,,,,,,,,,2024
São Paulo,2,,,,,,,,,,,,,,,,2024
São Paulo,2,,,,,,,,,,,,,,,,2024
São Paulo,2,10.0,40.0,0.0,17.0,0.0,0.0,0.0,0.0,25.0,15.0,0.0,0.0,0.0,0.0,0.0,2024
São Paulo,2,11.0,44.0,2.0,23.0,0.0,0.0,0.0,7.0,29.0,8.0,0.0,0.0,0.0,0.0,0.0,2024
São Paulo,2,11.0,30.0,1.0,14.0,0.0,0.0,0.0,0.0,20.0,10.0,0.0,0.0,0.0,0.0,0.0,2024
São Paulo,2,,,,,,,,,,,,,,,,2024
São Paulo,2,10.0,32.0,0.0,8.0,0.0,0.0,0.0,0.0,20.0,12.0,0.0,0.0,0.0,0.0,0.0,2024
São Paulo,2,,,,,,,,,,,,,,,,2024
São Paulo,2,,,,,,,,,,,,,,,,2024
São Paulo,2,,,,,,,,,,,,,,,,2024
São Paulo,2,,,,,,,,,,,,,,,,2024
São Paulo,2,,,,,,,,,,,,,,,,2024
São Paulo,2,7.0,4079.0,0.0,0.0,0.0,0.0,0.0,0.0,0.0,4079.0,0.0,1.0,1.0,0.0,1.0,2024
São Paulo,2,,,,,,,,,,,,,,,,2024
São Paulo,2,57.0,1306.0,1306.0,0.0,0.0,0.0,1227.0,79.0,0.0,0.0,0.0,1.0,1.0,1.0,1.0,2024
São Paulo,2,,,,,,,,,,,,,,,,2024
São Paulo,2,,,,,,,,,,,,,,,,2024
São Paulo,2,,,,,,,,,,,,,,,,2024
São Paulo,2,56.0,810.0,0.0,0.0,0.0,0.0,0.0,7.0,593.0,210.0,1.0,1.0,1.0,1.0,1.0,2024
São Paulo,2,86.0,900.0,0.0,0.0,0.0,0.0,0.0,11.0,561.0,328.0,0.0,1.0,1.0,0.0,1.0,2024
São Paulo,2,40.0,884.0,884.0,0.0,0.0,0.0,846.0,38.0,0.0,0.0,0.0,1.0,1.0,0.0,1.0,2024
São Paulo,2,39.0,725.0,0.0,415.0,0.0,0.0,2.0,368.0,329.0,26.0,0.0,1.0,1.0,1.0,1.0,2024
São Paulo,2,51.0,1104.0,523.0,581.0,0.0,0.0,491.0,578.0,35.0,0.0,0.0,1.0,1.0,1.0,1.0,2024
São Paulo,2,133.0,1500.0,0.0,0.0,0.0,0.0,0.0,4.0,749.0,747.0,1.0,1.0,1.0,1.0,1.0,2024
São Paulo,2,52.0,1226.0,0.0,581.0,0.0,0.0,2.0,519.0,640.0,65.0,0.0,1.0,1.0,1.0,1.0,2024
São Paulo,2,,,,,,,,,,,,,,,,2024
São Paulo,2,,,,,,,,,,,,,,,,2024
São Paulo,2,5.0,32.0,0.0,16.0,0.0,0.0,0.0,1.0,19.0,12.0,0.0,0.0,1.0,0.0,0.0,2024
São Paulo,2,10.0,82.0,6.0,32.0,0.0,0.0,0.0,4.0,57.0,21.0,0.0,0.0,1.0,0.0,0.0,2024
São Paulo,2,,,,,,,,,,,,,,,,2024
São Paulo,2,,,,,,,,,,,,,,,,2024
São Paulo,2,9.0,75.0,12.0,31.0,0.0,0.0,0.0,9.0,53.0,13.0,0.0,0.0,1.0,0.0,0.0,2024
São Paulo,2,,,,,,,,,,,,,,,,2024
São Paulo,2,9.0,77.0,0.0,36.0,0.0,0.0,0.0,7.0,53.0,17.0,0.0,0.0,1.0,0.0,0.0,2024
São Paulo,2,7.0,81.0,0.0,40.0,0.0,0.0,0.0,2.0,52.0,27.0,0.0,0.0,0.0,0.0,0.0,2024
São Paulo,2,29.0,587.0,587.0,0.0,0.0,0.0,546.0,41.0,0.0,0.0,0.0,1.0,1.0,1.0,0.0,2024
São Paulo,2,60.0,1847.0,0.0,0.0,0.0,0.0,0.0,2.0,1547.0,298.0,0.0,1.0,1.0,1.0,0.0,2024
São Paulo,2,17.0,321.0,321.0,0.0,0.0,0.0,309.0,12.0,0.0,0.0,0.0,1.0,1.0,1.0,0.0,2024
São Paulo,2,27.0,440.0,0.0,0.0,0.0,0.0,0.0,1.0,422.0,17.0,0.0,1.0,1.0,1.0,1.0,2024
São Paulo,2,40.0,1032.0,1032.0,0.0,0.0,0.0,986.0,46.0,0.0,0.0,0.0,0.0,1.0,1.0,1.0,2024
São Paulo,2,42.0,871.0,871.0,0.0,0.0,0.0,843.0,28.0,0.0,0.0,1.0,1.0,1.0,1.0,1.0,2024
São Paulo,2,25.0,484.0,484.0,0.0,0.0,0.0,468.0,16.0,0.0,0.0,0.0,1.0,1.0,1.0,0.0,2024
São Paulo,2,69.0,1867.0,631.0,533.0,0.0,0.0,603.0,514.0,675.0,75.0,0.0,1.0,1.0,1.0,1.0,2024
São Paulo,2,50.0,914.0,0.0,0.0,0.0,0.0,0.0,3.0,690.0,221.0,0.0,1.0,1.0,1.0,1.0,2024
São Paulo,2,30.0,643.0,0.0,485.0,0.0,0.0,2.0,450.0,177.0,14.0,0.0,1.0,1.0,1.0,1.0,2024
São Paulo,2,47.0,1056.0,0.0,474.0,0.0,0.0,0.0,442.0,564.0,50.0,0.0,1.0,1.0,1.0,0.0,2024
São Paulo,2,37.0,793.0,793.0,0.0,0.0,0.0,725.0,68.0,0.0,0.0,0.0,1.0,1.0,1.0,1.0,2024
São Paulo,2,67.0,2066.0,441.0,484.0,0.0,0.0,404.0,497.0,1011.0,154.0,0.0,1.0,1.0,1.0,1.0,2024
São Paulo,2,19.0,428.0,0.0,329.0,0.0,0.0,1.0,310.0,105.0,12.0,0.0,1.0,1.0,1.0,1.0,2024
São Paulo,2,28.0,570.0,0.0,240.0,0.0,0.0,0.0,226.0,295.0,49.0,0.0,1.0,1.0,1.0,1.0,2024
São Paulo,2,47.0,1292.0,0.0,337.0,0.0,0.0,1.0,300.0,825.0,166.0,0.0,1.0,1.0,1.0,0.0,2024
São Paulo,2,38.0,833.0,833.0,0.0,0.0,0.0,785.0,48.0,0.0,0.0,0.0,0.0,1.0,1.0,0.0,2024
São Paulo,2,21.0,430.0,0.0,430.0,0.0,0.0,3.0,381.0,46.0,0.0,0.0,1.0,1.0,1.0,1.0,2024
São Paulo,2,65.0,1906.0,0.0,612.0,0.0,0.0,0.0,549.0,1156.0,201.0,0.0,1.0,1.0,1.0,1.0,2024
São Paulo,2,30.0,941.0,0.0,0.0,0.0,0.0,0.0,0.0,783.0,158.0,0.0,1.0,1.0,1.0,0.0,2024
São Paulo,2,71.0,1766.0,0.0,593.0,0.0,0.0,0.0,511.0,948.0,307.0,0.0,1.0,1.0,1.0,1.0,2024
São Paulo,2,38.0,888.0,888.0,0.0,0.0,0.0,854.0,34.0,0.0,0.0,0.0,1.0,1.0,1.0,1.0,2024
São Paulo,2,37.0,962.0,962.0,0.0,0.0,0.0,918.0,44.0,0.0,0.0,0.0,1.0,1.0,1.0,1.0,2024
São Paulo,2,52.0,1211.0,0.0,651.0,0.0,0.0,0.0,595.0,56.0,560.0,0.0,1.0,1.0,1.0,0.0,2024
São Paulo,2,30.0,634.0,634.0,0.0,0.0,0.0,606.0,28.0,0.0,0.0,0.0,1.0,1.0,1.0,0.0,2024
São Paulo,2,35.0,481.0,178.0,263.0,0.0,0.0,171.0,249.0,21.0,40.0,0.0,1.0,1.0,1.0,1.0,2024
São Paulo,2,24.0,512.0,0.0,512.0,0.0,0.0,0.0,480.0,32.0,0.0,1.0,1.0,1.0,1.0,1.0,2024
São Paulo,2,19.0,314.0,314.0,0.0,0.0,0.0,301.0,13.0,0.0,0.0,0.0,1.0,1.0,1.0,1.0,2024
São Paulo,2,19.0,372.0,0.0,0.0,0.0,0.0,0.0,5.0,344.0,23.0,0.0,1.0,1.0,1.0,1.0,2024
São Paulo,2,14.0,174.0,0.0,0.0,0.0,0.0,0.0,0.0,152.0,22.0,0.0,1.0,0.0,1.0,1.0,2024
São Paulo,2,28.0,595.0,595.0,0.0,0.0,0.0,564.0,31.0,0.0,0.0,0.0,1.0,1.0,1.0,0.0,2024
São Paulo,2,50.0,717.0,300.0,236.0,0.0,0.0,295.0,223.0,186.0,13.0,1.0,1.0,1.0,1.0,0.0,2024
São Paulo,2,2.0,62.0,0.0,0.0,0.0,0.0,0.0,0.0,0.0,62.0,0.0,0.0,1.0,0.0,0.0,2024
São Paulo,2,15.0,95.0,0.0,0.0,25.0,62.0,8.0,0.0,0.0,0.0,0.0,0.0,1.0,0.0,0.0,2024
São Paulo,2,,,,,,,,,,,,,,,,2024
São Paulo,2,30.0,359.0,0.0,0.0,0.0,0.0,0.0,3.0,271.0,85.0,1.0,0.0,1.0,0.0,0.0,2024
São Paulo,2,,,,,,,,,,,,,,,,2024
São Paulo,2,7.0,6.0,0.0,0.0,3.0,3.0,0.0,0.0,0.0,0.0,1.0,0.0,1.0,0.0,1.0,2024
São Paulo,2,69.0,1545.0,0.0,252.0,0.0,0.0,0.0,226.0,1125.0,194.0,0.0,1.0,1.0,1.0,0.0,2024
São Paulo,2,31.0,736.0,736.0,0.0,0.0,0.0,706.0,30.0,0.0,0.0,0.0,1.0,1.0,1.0,0.0,2024
São Paulo,2,65.0,1385.0,0.0,523.0,0.0,0.0,0.0,481.0,653.0,251.0,0.0,1.0,1.0,1.0,1.0,2024
São Paulo,2,51.0,1095.0,464.0,364.0,0.0,0.0,426.0,372.0,262.0,35.0,0.0,1.0,1.0,1.0,1.0,2024
São Paulo,2,32.0,647.0,0.0,346.0,0.0,0.0,0.0,313.0,308.0,26.0,0.0,1.0,1.0,1.0,0.0,2024
São Paulo,2,51.0,1368.0,0.0,141.0,0.0,0.0,0.0,131.0,1035.0,202.0,0.0,1.0,1.0,1.0,1.0,2024
São Paulo,2,62.0,1697.0,457.0,413.0,0.0,0.0,427.0,410.0,784.0,76.0,0.0,1.0,1.0,1.0,0.0,2024
São Paulo,2,28.0,502.0,502.0,0.0,0.0,0.0,481.0,21.0,0.0,0.0,0.0,1.0,1.0,1.0,1.0,2024
São Paulo,2,40.0,774.0,433.0,341.0,0.0,0.0,418.0,343.0,13.0,0.0,0.0,1.0,1.0,1.0,0.0,2024
São Paulo,2,46.0,914.0,563.0,351.0,0.0,0.0,532.0,360.0,22.0,0.0,0.0,1.0,1.0,1.0,1.0,2024
São Paulo,2,54.0,1290.0,529.0,379.0,0.0,0.0,493.0,388.0,330.0,79.0,0.0,1.0,1.0,1.0,1.0,2024
São Paulo,2,54.0,1242.0,405.0,290.0,0.0,0.0,385.0,293.0,397.0,167.0,0.0,1.0,1.0,1.0,1.0,2024
São Paulo,2,34.0,706.0,285.0,421.0,0.0,0.0,272.0,412.0,22.0,0.0,0.0,1.0,1.0,1.0,1.0,2024
São Paulo,2,30.0,668.0,668.0,0.0,0.0,0.0,616.0,52.0,0.0,0.0,0.0,0.0,1.0,0.0,0.0,2024
São Paulo,2,15.0,318.0,0.0,318.0,0.0,0.0,1.0,297.0,20.0,0.0,0.0,1.0,1.0,1.0,1.0,2024
São Paulo,2,19.0,345.0,345.0,0.0,0.0,0.0,332.0,13.0,0.0,0.0,0.0,0.0,1.0,1.0,0.0,2024
São Paulo,2,28.0,525.0,525.0,0.0,0.0,0.0,508.0,17.0,0.0,0.0,0.0,1.0,1.0,1.0,1.0,2024
São Paulo,2,19.0,308.0,166.0,142.0,0.0,0.0,160.0,144.0,4.0,0.0,0.0,1.0,1.0,1.0,1.0,2024
São Paulo,2,36.0,595.0,0.0,0.0,0.0,0.0,0.0,3.0,442.0,150.0,1.0,1.0,1.0,0.0,1.0,2024
São Paulo,2,49.0,991.0,0.0,321.0,0.0,0.0,4.0,287.0,485.0,215.0,0.0,1.0,1.0,1.0,1.0,2024
São Paulo,2,49.0,918.0,0.0,322.0,0.0,0.0,1.0,294.0,548.0,75.0,0.0,1.0,1.0,1.0,0.0,2024
São Paulo,2,41.0,1096.0,0.0,0.0,0.0,0.0,0.0,3.0,909.0,184.0,0.0,1.0,1.0,1.0,0.0,2024
São Paulo,2,19.0,531.0,0.0,0.0,0.0,0.0,0.0,6.0,500.0,25.0,0.0,1.0,1.0,1.0,1.0,2024
São Paulo,2,25.0,458.0,458.0,0.0,0.0,0.0,433.0,25.0,0.0,0.0,0.0,1.0,1.0,1.0,1.0,2024
São Paulo,2,20.0,494.0,494.0,0.0,0.0,0.0,474.0,20.0,0.0,0.0,0.0,1.0,1.0,1.0,0.0,2024
São Paulo,2,27.0,599.0,0.0,378.0,0.0,0.0,0.0,351.0,232.0,16.0,0.0,1.0,1.0,1.0,1.0,2024
São Paulo,2,55.0,1552.0,0.0,0.0,0.0,0.0,0.0,5.0,1289.0,258.0,0.0,1.0,1.0,1.0,0.0,2024
São Paulo,2,35.0,564.0,564.0,0.0,0.0,0.0,550.0,14.0,0.0,0.0,0.0,0.0,1.0,1.0,1.0,2024
São Paulo,2,60.0,1427.0,422.0,434.0,0.0,0.0,395.0,414.0,437.0,181.0,0.0,0.0,1.0,1.0,0.0,2024
São Paulo,2,91.0,2853.0,566.0,902.0,0.0,0.0,530.0,846.0,1315.0,162.0,0.0,1.0,1.0,1.0,1.0,2024
São Paulo,2,57.0,960.0,62.0,509.0,0.0,0.0,62.0,479.0,382.0,37.0,0.0,1.0,1.0,1.0,1.0,2024
São Paulo,2,26.0,403.0,0.0,208.0,0.0,0.0,1.0,202.0,182.0,18.0,0.0,1.0,1.0,1.0,0.0,2024
São Paulo,2,53.0,1473.0,0.0,559.0,0.0,0.0,3.0,522.0,805.0,143.0,0.0,1.0,1.0,1.0,1.0,2024
São Paulo,2,47.0,1007.0,448.0,341.0,0.0,0.0,423.0,331.0,230.0,23.0,0.0,1.0,1.0,1.0,1.0,2024
São Paulo,2,55.0,1387.0,0.0,544.0,0.0,0.0,0.0,487.0,620.0,280.0,0.0,1.0,1.0,1.0,1.0,2024
São Paulo,2,33.0,690.0,690.0,0.0,0.0,0.0,665.0,25.0,0.0,0.0,0.0,1.0,1.0,1.0,1.0,2024
São Paulo,2,33.0,749.0,749.0,0.0,0.0,0.0,707.0,42.0,0.0,0.0,0.0,1.0,1.0,1.0,1.0,2024
São Paulo,2,33.0,583.0,154.0,232.0,0.0,0.0,147.0,232.0,192.0,12.0,0.0,1.0,1.0,1.0,1.0,2024
São Paulo,2,29.0,679.0,679.0,0.0,0.0,0.0,635.0,44.0,0.0,0.0,0.0,0.0,1.0,1.0,1.0,2024
São Paulo,2,39.0,1132.0,0.0,576.0,0.0,0.0,0.0,545.0,542.0,45.0,0.0,1.0,1.0,1.0,1.0,2024
São Paulo,2,26.0,526.0,0.0,313.0,0.0,0.0,1.0,304.0,206.0,15.0,1.0,1.0,1.0,1.0,1.0,2024
São Paulo,2,38.0,637.0,637.0,0.0,0.0,0.0,585.0,52.0,0.0,0.0,0.0,1.0,1.0,1.0,1.0,2024
São Paulo,2,72.0,1660.0,0.0,624.0,0.0,0.0,0.0,578.0,835.0,247.0,0.0,1.0,1.0,1.0,1.0,2024
São Paulo,2,53.0,1150.0,0.0,328.0,0.0,0.0,1.0,306.0,736.0,107.0,0.0,0.0,1.0,1.0,1.0,2024
São Paulo,2,42.0,848.0,848.0,0.0,0.0,0.0,806.0,42.0,0.0,0.0,0.0,1.0,1.0,1.0,1.0,2024
São Paulo,2,29.0,645.0,0.0,398.0,0.0,0.0,0.0,382.0,246.0,17.0,0.0,1.0,1.0,1.0,1.0,2024
São Paulo,2,38.0,801.0,410.0,391.0,0.0,0.0,386.0,384.0,31.0,0.0,0.0,0.0,1.0,1.0,0.0,2024
São Paulo,2,30.0,549.0,0.0,549.0,0.0,0.0,1.0,509.0,39.0,0.0,0.0,0.0,1.0,1.0,1.0,2024
São Paulo,2,75.0,1954.0,0.0,426.0,0.0,0.0,1.0,405.0,1382.0,166.0,0.0,0.0,1.0,1.0,0.0,2024
São Paulo,2,38.0,899.0,0.0,563.0,0.0,0.0,5.0,537.0,332.0,25.0,0.0,1.0,1.0,1.0,0.0,2024
São Paulo,2,39.0,911.0,492.0,419.0,0.0,0.0,463.0,406.0,42.0,0.0,0.0,0.0,1.0,1.0,1.0,2024
São Paulo,2,62.0,1315.0,0.0,407.0,0.0,0.0,1.0,379.0,738.0,197.0,0.0,1.0,1.0,1.0,0.0,2024
São Paulo,2,44.0,956.0,529.0,427.0,0.0,0.0,494.0,427.0,35.0,0.0,0.0,1.0,1.0,1.0,0.0,2024
São Paulo,2,33.0,865.0,865.0,0.0,0.0,0.0,829.0,36.0,0.0,0.0,0.0,1.0,1.0,1.0,1.0,2024
São Paulo,2,27.0,588.0,588.0,0.0,0.0,0.0,562.0,26.0,0.0,0.0,0.0,1.0,1.0,1.0,1.0,2024
São Paulo,2,,,,,,,,,,,,,,,,2024
São Paulo,2,32.0,654.0,654.0,0.0,0.0,0.0,621.0,33.0,0.0,0.0,1.0,1.0,1.0,1.0,1.0,2024
São Paulo,2,32.0,796.0,395.0,401.0,0.0,0.0,375.0,400.0,21.0,0.0,0.0,1.0,1.0,1.0,1.0,2024
São Paulo,2,26.0,455.0,252.0,203.0,0.0,0.0,225.0,226.0,4.0,0.0,0.0,1.0,1.0,1.0,1.0,2024
São Paulo,2,79.0,1635.0,0.0,490.0,0.0,0.0,0.0,466.0,1019.0,150.0,0.0,1.0,1.0,1.0,0.0,2024
São Paulo,2,77.0,2052.0,0.0,0.0,0.0,0.0,0.0,2.0,1787.0,263.0,0.0,1.0,1.0,1.0,0.0,2024
São Paulo,2,50.0,981.0,69.0,388.0,0.0,0.0,52.0,365.0,475.0,89.0,0.0,1.0,1.0,1.0,0.0,2024
São Paulo,2,20.0,316.0,0.0,260.0,0.0,0.0,0.0,250.0,61.0,5.0,0.0,1.0,1.0,1.0,1.0,2024
São Paulo,2,75.0,1664.0,0.0,841.0,0.0,0.0,0.0,779.0,790.0,95.0,0.0,1.0,1.0,1.0,1.0,2024
São Paulo,2,43.0,891.0,891.0,0.0,0.0,0.0,843.0,48.0,0.0,0.0,0.0,0.0,1.0,1.0,0.0,2024
São Paulo,2,59.0,1411.0,0.0,491.0,0.0,0.0,1.0,455.0,687.0,268.0,0.0,1.0,1.0,1.0,1.0,2024
São Paulo,2,32.0,591.0,392.0,199.0,0.0,0.0,379.0,201.0,11.0,0.0,0.0,1.0,1.0,1.0,1.0,2024
São Paulo,2,57.0,1213.0,0.0,319.0,0.0,0.0,0.0,294.0,583.0,336.0,0.0,1.0,1.0,1.0,1.0,2024
São Paulo,2,40.0,892.0,205.0,350.0,0.0,0.0,186.0,346.0,341.0,19.0,0.0,1.0,1.0,1.0,1.0,2024
São Paulo,2,61.0,1503.0,0.0,685.0,0.0,0.0,1.0,637.0,738.0,127.0,0.0,1.0,1.0,1.0,0.0,2024
São Paulo,2,25.0,482.0,0.0,227.0,0.0,0.0,0.0,216.0,255.0,11.0,0.0,1.0,1.0,1.0,1.0,2024
São Paulo,2,46.0,1085.0,1085.0,0.0,0.0,0.0,1015.0,69.0,1.0,0.0,0.0,1.0,1.0,1.0,1.0,2024
São Paulo,2,62.0,1708.0,0.0,656.0,0.0,0.0,2.0,599.0,932.0,175.0,0.0,1.0,1.0,1.0,1.0,2024
São Paulo,2,,,,,,,,,,,,,,,,2024
São Paulo,2,23.0,461.0,461.0,0.0,0.0,0.0,440.0,21.0,0.0,0.0,0.0,1.0,1.0,1.0,1.0,2024
São Paulo,2,29.0,584.0,584.0,0.0,0.0,0.0,555.0,29.0,0.0,0.0,0.0,0.0,1.0,1.0,1.0,2024
São Paulo,2,41.0,1009.0,1009.0,0.0,0.0,0.0,959.0,50.0,0.0,0.0,0.0,1.0,1.0,1.0,1.0,2024
São Paulo,2,39.0,729.0,0.0,389.0,0.0,0.0,3.0,363.0,343.0,20.0,0.0,1.0,1.0,1.0,1.0,2024
São Paulo,2,21.0,476.0,476.0,0.0,0.0,0.0,455.0,21.0,0.0,0.0,0.0,1.0,1.0,1.0,1.0,2024
São Paulo,2,28.0,597.0,597.0,0.0,0.0,0.0,557.0,40.0,0.0,0.0,0.0,0.0,1.0,1.0,0.0,2024
São Paulo,2,59.0,1301.0,0.0,253.0,0.0,0.0,1.0,231.0,946.0,123.0,0.0,1.0,1.0,1.0,1.0,2024
São Paulo,2,29.0,699.0,699.0,0.0,0.0,0.0,656.0,43.0,0.0,0.0,0.0,0.0,1.0,1.0,1.0,2024
São Paulo,2,29.0,639.0,639.0,0.0,0.0,0.0,615.0,24.0,0.0,0.0,0.0,0.0,1.0,1.0,1.0,2024
São Paulo,2,11.0,249.0,249.0,0.0,0.0,0.0,234.0,15.0,0.0,0.0,0.0,0.0,1.0,1.0,1.0,2024
São Paulo,2,42.0,966.0,368.0,338.0,0.0,0.0,353.0,338.0,246.0,29.0,0.0,1.0,1.0,1.0,1.0,2024
São Paulo,2,,,,,,,,,,,0.0,0.0,1.0,0.0,0.0,2024
São Paulo,2,24.0,363.0,363.0,0.0,0.0,0.0,353.0,10.0,0.0,0.0,0.0,1.0,1.0,1.0,1.0,2024
São Paulo,2,23.0,416.0,416.0,0.0,0.0,0.0,400.0,16.0,0.0,0.0,0.0,1.0,1.0,1.0,1.0,2024
São Paulo,2,24.0,414.0,414.0,0.0,0.0,0.0,391.0,23.0,0.0,0.0,0.0,1.0,1.0,1.0,1.0,2024
São Paulo,2,41.0,978.0,0.0,393.0,0.0,0.0,1.0,368.0,564.0,45.0,0.0,1.0,1.0,1.0,0.0,2024
São Paulo,2,21.0,350.0,350.0,0.0,0.0,0.0,341.0,9.0,0.0,0.0,0.0,1.0,1.0,1.0,1.0,2024
São Paulo,2,14.0,331.0,0.0,141.0,0.0,0.0,0.0,134.0,188.0,9.0,0.0,1.0,1.0,1.0,0.0,2024
São Paulo,2,14.0,228.0,0.0,228.0,0.0,0.0,1.0,207.0,20.0,0.0,1.0,1.0,1.0,1.0,1.0,2024
São Paulo,2,16.0,270.0,270.0,0.0,0.0,0.0,253.0,17.0,0.0,0.0,0.0,1.0,1.0,1.0,1.0,2024
São Paulo,2,18.0,291.0,0.0,226.0,0.0,0.0,1.0,204.0,81.0,5.0,0.0,1.0,1.0,1.0,1.0,2024
São Paulo,2,25.0,431.0,431.0,0.0,0.0,0.0,416.0,15.0,0.0,0.0,0.0,1.0,1.0,1.0,1.0,2024
São Paulo,2,36.0,703.0,0.0,258.0,0.0,0.0,3.0,233.0,429.0,38.0,0.0,1.0,1.0,0.0,1.0,2024
São Paulo,2,35.0,857.0,0.0,345.0,0.0,0.0,1.0,322.0,495.0,39.0,0.0,1.0,1.0,1.0,1.0,2024
São Paulo,2,23.0,446.0,0.0,283.0,0.0,0.0,0.0,268.0,167.0,11.0,0.0,1.0,1.0,1.0,1.0,2024
São Paulo,2,90.0,1664.0,0.0,0.0,0.0,0.0,0.0,8.0,1249.0,407.0,1.0,1.0,1.0,1.0,1.0,2024
São Paulo,2,,,,,,,,,,,,,,,,2024
São Paulo,2,41.0,914.0,0.0,376.0,0.0,0.0,2.0,337.0,519.0,56.0,0.0,1.0,1.0,1.0,1.0,2024
São Paulo,2,52.0,1182.0,0.0,388.0,0.0,0.0,0.0,367.0,614.0,201.0,1.0,1.0,1.0,1.0,1.0,2024
São Paulo,2,61.0,1797.0,0.0,740.0,0.0,0.0,1.0,687.0,942.0,167.0,0.0,1.0,1.0,1.0,1.0,2024
São Paulo,2,35.0,778.0,778.0,0.0,0.0,0.0,736.0,42.0,0.0,0.0,0.0,0.0,1.0,1.0,1.0,2024
São Paulo,2,44.0,1057.0,1057.0,0.0,0.0,0.0,982.0,75.0,0.0,0.0,0.0,1.0,1.0,1.0,1.0,2024
São Paulo,2,18.0,318.0,318.0,0.0,0.0,0.0,301.0,17.0,0.0,0.0,0.0,0.0,1.0,1.0,1.0,2024
São Paulo,2,34.0,870.0,870.0,0.0,0.0,0.0,837.0,33.0,0.0,0.0,0.0,1.0,1.0,0.0,0.0,2024
São Paulo,2,,,,,,,,,,,0.0,1.0,1.0,1.0,0.0,2024
São Paulo,2,71.0,1946.0,0.0,766.0,0.0,0.0,1.0,711.0,1062.0,172.0,0.0,1.0,1.0,1.0,1.0,2024
São Paulo,2,40.0,1021.0,1021.0,0.0,0.0,0.0,981.0,40.0,0.0,0.0,0.0,1.0,1.0,1.0,0.0,2024
São Paulo,2,48.0,1083.0,0.0,666.0,0.0,0.0,1.0,636.0,424.0,22.0,0.0,1.0,1.0,1.0,0.0,2024
São Paulo,2,64.0,1828.0,0.0,679.0,0.0,0.0,1.0,604.0,1058.0,165.0,0.0,1.0,1.0,1.0,1.0,2024
São Paulo,2,47.0,1203.0,0.0,612.0,0.0,0.0,1.0,594.0,579.0,29.0,0.0,1.0,1.0,1.0,1.0,2024
São Paulo,2,39.0,931.0,931.0,0.0,0.0,0.0,891.0,40.0,0.0,0.0,0.0,0.0,1.0,1.0,1.0,2024
São Paulo,2,42.0,930.0,930.0,0.0,0.0,0.0,876.0,54.0,0.0,0.0,0.0,0.0,1.0,1.0,0.0,2024
São Paulo,2,35.0,603.0,0.0,409.0,0.0,0.0,1.0,371.0,211.0,20.0,0.0,1.0,1.0,1.0,1.0,2024
São Paulo,2,40.0,794.0,0.0,495.0,0.0,0.0,1.0,458.0,318.0,17.0,0.0,1.0,1.0,1.0,0.0,2024
São Paulo,2,35.0,730.0,730.0,0.0,0.0,0.0,699.0,31.0,0.0,0.0,0.0,0.0,1.0,1.0,1.0,2024
São Paulo,2,28.0,493.0,493.0,0.0,0.0,0.0,473.0,20.0,0.0,0.0,1.0,1.0,1.0,1.0,1.0,2024
São Paulo,2,17.0,246.0,0.0,166.0,0.0,0.0,0.0,155.0,83.0,8.0,0.0,1.0,1.0,1.0,1.0,2024
São Paulo,2,30.0,591.0,0.0,327.0,0.0,0.0,0.0,296.0,256.0,39.0,1.0,1.0,1.0,1.0,0.0,2024
São Paulo,2,67.0,2571.0,0.0,1083.0,0.0,0.0,3.0,1001.0,1381.0,186.0,0.0,0.0,1.0,0.0,1.0,2024
São Paulo,2,28.0,639.0,639.0,0.0,0.0,0.0,613.0,25.0,1.0,0.0,0.0,1.0,1.0,1.0,1.0,2024
São Paulo,2,17.0,373.0,373.0,0.0,0.0,0.0,361.0,12.0,0.0,0.0,0.0,1.0,1.0,0.0,0.0,2024
São Paulo,2,40.0,792.0,792.0,0.0,0.0,0.0,757.0,35.0,0.0,0.0,0.0,0.0,1.0,1.0,0.0,2024
São Paulo,2,35.0,901.0,901.0,0.0,0.0,0.0,869.0,32.0,0.0,0.0,0.0,0.0,1.0,1.0,1.0,2024
São Paulo,2,36.0,589.0,0.0,362.0,0.0,0.0,0.0,333.0,243.0,13.0,0.0,0.0,1.0,1.0,0.0,2024
São Paulo,2,69.0,2155.0,0.0,903.0,0.0,0.0,0.0,833.0,1163.0,159.0,0.0,1.0,1.0,1.0,1.0,2024
São Paulo,2,53.0,878.0,0.0,0.0,0.0,0.0,0.0,1.0,579.0,298.0,0.0,1.0,1.0,1.0,0.0,2024
São Paulo,2,58.0,1327.0,0.0,0.0,0.0,0.0,0.0,6.0,1204.0,117.0,1.0,0.0,1.0,1.0,1.0,2024
São Paulo,2,40.0,1240.0,0.0,0.0,0.0,0.0,0.0,8.0,1137.0,95.0,0.0,1.0,1.0,1.0,1.0,2024
São Paulo,2,58.0,1171.0,0.0,449.0,0.0,0.0,0.0,383.0,570.0,218.0,0.0,1.0,1.0,1.0,1.0,2024
São Paulo,2,32.0,684.0,0.0,266.0,0.0,0.0,0.0,242.0,377.0,65.0,0.0,0.0,1.0,1.0,0.0,2024
São Paulo,2,22.0,430.0,430.0,0.0,0.0,0.0,417.0,13.0,0.0,0.0,0.0,1.0,1.0,1.0,0.0,2024
São Paulo,2,,,,,,,,,,,0.0,0.0,1.0,0.0,0.0,2024
São Paulo,2,55.0,1277.0,136.0,395.0,0.0,0.0,120.0,347.0,494.0,316.0,1.0,1.0,1.0,1.0,1.0,2024
São Paulo,2,27.0,520.0,0.0,313.0,0.0,0.0,0.0,273.0,230.0,17.0,1.0,1.0,1.0,1.0,0.0,2024
São Paulo,2,27.0,537.0,266.0,271.0,0.0,0.0,253.0,265.0,19.0,0.0,0.0,1.0,1.0,1.0,1.0,2024
São Paulo,2,44.0,1022.0,0.0,265.0,0.0,0.0,0.0,241.0,711.0,70.0,0.0,1.0,1.0,1.0,1.0,2024
São Paulo,2,24.0,314.0,0.0,176.0,0.0,0.0,1.0,156.0,147.0,10.0,0.0,1.0,1.0,1.0,1.0,2024
São Paulo,2,22.0,399.0,0.0,261.0,0.0,0.0,0.0,233.0,155.0,11.0,0.0,1.0,1.0,1.0,0.0,2024
São Paulo,2,32.0,675.0,0.0,416.0,0.0,0.0,0.0,379.0,270.0,26.0,0.0,1.0,1.0,1.0,0.0,2024
São Paulo,2,22.0,479.0,479.0,0.0,0.0,0.0,455.0,24.0,0.0,0.0,0.0,1.0,1.0,0.0,0.0,2024
São Paulo,2,23.0,394.0,394.0,0.0,0.0,0.0,376.0,18.0,0.0,0.0,0.0,1.0,1.0,1.0,1.0,2024
São Paulo,2,78.0,1131.0,0.0,0.0,0.0,0.0,0.0,2.0,517.0,612.0,1.0,1.0,1.0,1.0,0.0,2024
São Paulo,2,,,,,,,,,,,,,,,,2024
São Paulo,2,34.0,608.0,608.0,0.0,0.0,0.0,579.0,29.0,0.0,0.0,0.0,1.0,1.0,1.0,1.0,2024
São Paulo,2,36.0,614.0,338.0,276.0,0.0,0.0,311.0,280.0,23.0,0.0,0.0,1.0,1.0,0.0,0.0,2024
São Paulo,2,35.0,745.0,745.0,0.0,0.0,0.0,698.0,46.0,1.0,0.0,0.0,1.0,1.0,1.0,0.0,2024
São Paulo,2,45.0,632.0,0.0,261.0,0.0,0.0,1.0,230.0,369.0,32.0,0.0,1.0,1.0,1.0,1.0,2024
São Paulo,2,25.0,590.0,0.0,414.0,0.0,0.0,3.0,383.0,188.0,16.0,0.0,1.0,1.0,1.0,0.0,2024
São Paulo,2,20.0,432.0,0.0,266.0,0.0,0.0,0.0,235.0,184.0,13.0,0.0,1.0,1.0,1.0,0.0,2024
São Paulo,2,29.0,553.0,553.0,0.0,0.0,0.0,524.0,29.0,0.0,0.0,0.0,1.0,1.0,0.0,0.0,2024
São Paulo,2,28.0,710.0,0.0,506.0,0.0,0.0,1.0,477.0,219.0,13.0,1.0,1.0,1.0,1.0,1.0,2024
São Paulo,2,74.0,1631.0,0.0,594.0,0.0,0.0,0.0,557.0,819.0,255.0,0.0,1.0,1.0,1.0,1.0,2024
São Paulo,2,34.0,821.0,0.0,535.0,0.0,0.0,0.0,510.0,283.0,28.0,0.0,1.0,1.0,1.0,0.0,2024
São Paulo,2,12.0,54.0,4.0,20.0,0.0,0.0,0.0,2.0,38.0,14.0,0.0,0.0,1.0,0.0,0.0,2024
São Paulo,2,47.0,749.0,0.0,333.0,0.0,0.0,0.0,302.0,421.0,26.0,0.0,1.0,1.0,1.0,0.0,2024
São Paulo,2,17.0,349.0,349.0,0.0,0.0,0.0,330.0,19.0,0.0,0.0,0.0,0.0,1.0,1.0,0.0,2024
São Paulo,2,48.0,960.0,0.0,402.0,0.0,0.0,0.0,366.0,552.0,42.0,1.0,1.0,1.0,0.0,1.0,2024
São Paulo,2,22.0,405.0,405.0,0.0,0.0,0.0,388.0,17.0,0.0,0.0,0.0,1.0,1.0,1.0,0.0,2024
São Paulo,2,34.0,815.0,815.0,0.0,0.0,0.0,782.0,33.0,0.0,0.0,0.0,0.0,1.0,1.0,1.0,2024
São Paulo,2,,,,,,,,,,,,,,,,2024
São Paulo,2,22.0,364.0,364.0,0.0,0.0,0.0,352.0,12.0,0.0,0.0,0.0,1.0,1.0,1.0,1.0,2024
São Paulo,2,25.0,542.0,542.0,0.0,0.0,0.0,519.0,23.0,0.0,0.0,0.0,1.0,1.0,1.0,1.0,2024
São Paulo,2,22.0,396.0,0.0,309.0,0.0,0.0,2.0,276.0,115.0,3.0,0.0,1.0,1.0,1.0,1.0,2024
São Paulo,2,25.0,568.0,568.0,0.0,0.0,0.0,541.0,27.0,0.0,0.0,0.0,1.0,1.0,0.0,1.0,2024
São Paulo,2,27.0,419.0,419.0,0.0,0.0,0.0,390.0,29.0,0.0,0.0,0.0,1.0,1.0,1.0,0.0,2024
São Paulo,2,85.0,1511.0,0.0,0.0,0.0,0.0,0.0,2.0,858.0,651.0,1.0,1.0,1.0,1.0,1.0,2024
São Paulo,2,66.0,1437.0,0.0,421.0,0.0,0.0,1.0,384.0,803.0,249.0,0.0,1.0,1.0,1.0,1.0,2024
São Paulo,2,70.0,1590.0,193.0,394.0,0.0,0.0,179.0,386.0,917.0,108.0,0.0,1.0,1.0,1.0,1.0,2024
São Paulo,2,43.0,639.0,186.0,238.0,0.0,0.0,161.0,239.0,225.0,14.0,0.0,1.0,1.0,1.0,1.0,2024
São Paulo,2,42.0,719.0,467.0,0.0,0.0,0.0,439.0,28.0,242.0,10.0,0.0,0.0,1.0,1.0,1.0,2024
São Paulo,2,49.0,1154.0,0.0,335.0,0.0,0.0,0.0,299.0,764.0,91.0,1.0,1.0,1.0,1.0,0.0,2024
São Paulo,2,56.0,1170.0,0.0,324.0,0.0,0.0,0.0,298.0,730.0,142.0,0.0,1.0,1.0,1.0,0.0,2024
São Paulo,2,23.0,558.0,558.0,0.0,0.0,0.0,521.0,37.0,0.0,0.0,0.0,0.0,1.0,0.0,0.0,2024
São Paulo,2,,,,,,,,,,,,,,,,2024
São Paulo,2,74.0,1836.0,0.0,567.0,0.0,0.0,0.0,510.0,923.0,403.0,0.0,1.0,1.0,1.0,1.0,2024
São Paulo,2,77.0,2089.0,744.0,474.0,0.0,0.0,711.0,448.0,837.0,93.0,0.0,1.0,1.0,1.0,1.0,2024
São Paulo,2,33.0,868.0,868.0,0.0,0.0,0.0,837.0,31.0,0.0,0.0,0.0,1.0,1.0,1.0,1.0,2024
São Paulo,2,23.0,499.0,499.0,0.0,0.0,0.0,483.0,16.0,0.0,0.0,0.0,1.0,1.0,1.0,1.0,2024
São Paulo,2,38.0,742.0,0.0,136.0,0.0,0.0,0.0,134.0,567.0,41.0,0.0,1.0,1.0,1.0,1.0,2024
São Paulo,2,50.0,956.0,397.0,260.0,0.0,0.0,377.0,254.0,275.0,50.0,0.0,1.0,1.0,1.0,0.0,2024
São Paulo,2,15.0,294.0,0.0,0.0,0.0,0.0,0.0,0.0,272.0,22.0,0.0,1.0,1.0,1.0,1.0,2024
São Paulo,2,86.0,2245.0,741.0,496.0,0.0,0.0,697.0,497.0,932.0,119.0,0.0,1.0,1.0,1.0,1.0,2024
São Paulo,2,50.0,1122.0,553.0,569.0,0.0,0.0,528.0,534.0,60.0,0.0,0.0,1.0,1.0,1.0,1.0,2024
São Paulo,2,27.0,519.0,0.0,267.0,0.0,0.0,1.0,236.0,266.0,16.0,0.0,1.0,1.0,1.0,1.0,2024
São Paulo,2,38.0,883.0,0.0,372.0,0.0,0.0,0.0,339.0,493.0,51.0,0.0,1.0,1.0,1.0,0.0,2024
São Paulo,2,26.0,495.0,495.0,0.0,0.0,0.0,477.0,18.0,0.0,0.0,0.0,1.0,1.0,1.0,1.0,2024
São Paulo,2,36.0,804.0,804.0,0.0,0.0,0.0,772.0,32.0,0.0,0.0,0.0,1.0,1.0,1.0,0.0,2024
São Paulo,2,15.0,214.0,0.0,0.0,0.0,0.0,0.0,2.0,197.0,15.0,0.0,1.0,1.0,1.0,1.0,2024
São Paulo,2,53.0,1211.0,0.0,183.0,0.0,0.0,1.0,173.0,778.0,259.0,0.0,1.0,1.0,1.0,1.0,2024
São Paulo,2,17.0,316.0,316.0,0.0,0.0,0.0,303.0,13.0,0.0,0.0,0.0,1.0,1.0,1.0,1.0,2024
São Paulo,2,24.0,434.0,434.0,0.0,0.0,0.0,408.0,26.0,0.0,0.0,0.0,1.0,1.0,1.0,1.0,2024
São Paulo,2,13.0,255.0,0.0,0.0,0.0,0.0,0.0,3.0,238.0,14.0,0.0,1.0,1.0,1.0,1.0,2024
São Paulo,2,17.0,359.0,0.0,359.0,0.0,0.0,2.0,342.0,15.0,0.0,0.0,1.0,1.0,1.0,1.0,2024
São Paulo,2,21.0,483.0,483.0,0.0,0.0,0.0,464.0,19.0,0.0,0.0,0.0,1.0,1.0,1.0,1.0,2024
São Paulo,2,18.0,330.0,0.0,330.0,0.0,0.0,2.0,313.0,15.0,0.0,0.0,1.0,1.0,1.0,1.0,2024
São Paulo,2,36.0,658.0,0.0,375.0,0.0,0.0,1.0,338.0,295.0,24.0,0.0,1.0,1.0,1.0,1.0,2024
São Paulo,2,23.0,502.0,0.0,0.0,0.0,0.0,0.0,1.0,472.0,29.0,0.0,1.0,1.0,1.0,1.0,2024
São Paulo,2,32.0,804.0,804.0,0.0,0.0,0.0,782.0,22.0,0.0,0.0,0.0,1.0,1.0,0.0,1.0,2024
São Paulo,2,55.0,1658.0,0.0,742.0,0.0,0.0,2.0,685.0,859.0,112.0,0.0,1.0,1.0,0.0,1.0,2024
São Paulo,2,67.0,1069.0,0.0,440.0,0.0,0.0,2.0,388.0,542.0,137.0,0.0,1.0,1.0,1.0,1.0,2024
São Paulo,2,63.0,1625.0,530.0,413.0,0.0,0.0,501.0,408.0,543.0,173.0,0.0,1.0,1.0,0.0,0.0,2024
São Paulo,2,28.0,557.0,557.0,0.0,0.0,0.0,540.0,17.0,0.0,0.0,0.0,0.0,1.0,1.0,0.0,2024
São Paulo,2,43.0,1008.0,344.0,307.0,0.0,0.0,331.0,311.0,324.0,42.0,0.0,1.0,1.0,1.0,0.0,2024
São Paulo,2,49.0,843.0,0.0,180.0,0.0,0.0,0.0,165.0,520.0,158.0,1.0,1.0,1.0,1.0,0.0,2024
São Paulo,2,39.0,835.0,835.0,0.0,0.0,0.0,784.0,51.0,0.0,0.0,0.0,0.0,1.0,1.0,1.0,2024
São Paulo,2,32.0,629.0,0.0,629.0,0.0,0.0,0.0,581.0,48.0,0.0,0.0,0.0,1.0,1.0,0.0,2024
São Paulo,2,25.0,506.0,506.0,0.0,0.0,0.0,485.0,21.0,0.0,0.0,0.0,1.0,1.0,1.0,0.0,2024
São Paulo,2,35.0,559.0,307.0,233.0,0.0,0.0,289.0,240.0,30.0,0.0,0.0,1.0,1.0,1.0,1.0,2024
São Paulo,2,67.0,1536.0,586.0,444.0,0.0,0.0,558.0,431.0,473.0,74.0,0.0,1.0,1.0,1.0,1.0,2024
São Paulo,2,,,,,,,,,,,0.0,0.0,1.0,0.0,0.0,2024
São Paulo,2,69.0,2069.0,0.0,780.0,0.0,0.0,3.0,725.0,1153.0,188.0,0.0,1.0,1.0,1.0,1.0,2024
São Paulo,2,23.0,423.0,0.0,339.0,0.0,0.0,1.0,326.0,92.0,4.0,0.0,1.0,1.0,1.0,0.0,2024
São Paulo,2,43.0,834.0,834.0,0.0,0.0,0.0,797.0,37.0,0.0,0.0,0.0,1.0,1.0,1.0,1.0,2024
São Paulo,2,25.0,637.0,637.0,0.0,0.0,0.0,617.0,20.0,0.0,0.0,0.0,0.0,1.0,1.0,1.0,2024
São Paulo,2,25.0,525.0,525.0,0.0,0.0,0.0,503.0,22.0,0.0,0.0,0.0,1.0,1.0,1.0,1.0,2024
São Paulo,2,53.0,1134.0,0.0,306.0,0.0,0.0,0.0,263.0,599.0,272.0,0.0,0.0,1.0,1.0,0.0,2024
São Paulo,2,26.0,631.0,0.0,384.0,0.0,0.0,1.0,355.0,263.0,12.0,0.0,1.0,1.0,1.0,1.0,2024
São Paulo,2,63.0,1645.0,0.0,422.0,0.0,0.0,0.0,390.0,971.0,284.0,0.0,1.0,1.0,1.0,1.0,2024
São Paulo,2,18.0,324.0,324.0,0.0,0.0,0.0,309.0,15.0,0.0,0.0,0.0,0.0,1.0,1.0,1.0,2024
São Paulo,2,48.0,1146.0,0.0,639.0,0.0,0.0,2.0,611.0,494.0,39.0,0.0,1.0,1.0,1.0,0.0,2024
São Paulo,2,24.0,471.0,0.0,300.0,0.0,0.0,2.0,286.0,179.0,4.0,0.0,1.0,1.0,1.0,0.0,2024
São Paulo,2,25.0,461.0,461.0,0.0,0.0,0.0,442.0,19.0,0.0,0.0,0.0,1.0,1.0,1.0,0.0,2024
São Paulo,2,20.0,422.0,0.0,305.0,0.0,0.0,1.0,280.0,133.0,8.0,0.0,1.0,1.0,1.0,0.0,2024
São Paulo,2,21.0,385.0,385.0,0.0,0.0,0.0,374.0,11.0,0.0,0.0,0.0,1.0,1.0,1.0,0.0,2024
São Paulo,2,16.0,372.0,0.0,0.0,0.0,0.0,0.0,7.0,352.0,13.0,0.0,1.0,1.0,0.0,1.0,2024
São Paulo,2,39.0,788.0,788.0,0.0,0.0,0.0,757.0,31.0,0.0,0.0,0.0,1.0,1.0,0.0,0.0,2024
São Paulo,2,,,,,,,,,,,,,,,,2024
São Paulo,2,30.0,456.0,203.0,253.0,0.0,0.0,194.0,241.0,21.0,0.0,0.0,1.0,1.0,1.0,0.0,2024
São Paulo,2,26.0,410.0,410.0,0.0,0.0,0.0,391.0,19.0,0.0,0.0,0.0,1.0,1.0,1.0,1.0,2024
São Paulo,2,65.0,1329.0,0.0,456.0,0.0,0.0,0.0,397.0,619.0,313.0,0.0,1.0,1.0,1.0,1.0,2024
São Paulo,2,69.0,1662.0,549.0,424.0,0.0,0.0,508.0,425.0,633.0,96.0,0.0,1.0,1.0,1.0,1.0,2024
São Paulo,2,,,,,,,,,,,,,,,,2024
São Paulo,2,70.0,1833.0,653.0,534.0,0.0,0.0,617.0,511.0,613.0,92.0,1.0,1.0,1.0,1.0,0.0,2024
São Paulo,2,40.0,931.0,462.0,469.0,0.0,0.0,445.0,440.0,44.0,2.0,0.0,1.0,1.0,1.0,1.0,2024
São Paulo,2,47.0,986.0,0.0,359.0,0.0,0.0,1.0,329.0,502.0,154.0,0.0,1.0,1.0,1.0,1.0,2024
São Paulo,2,95.0,1813.0,0.0,392.0,0.0,0.0,2.0,345.0,999.0,467.0,0.0,0.0,1.0,1.0,0.0,2024
São Paulo,2,36.0,913.0,913.0,0.0,0.0,0.0,858.0,55.0,0.0,0.0,0.0,1.0,1.0,1.0,1.0,2024
São Paulo,2,33.0,503.0,205.0,183.0,0.0,0.0,195.0,177.0,125.0,6.0,0.0,1.0,1.0,1.0,1.0,2024
São Paulo,2,78.0,1930.0,551.0,516.0,0.0,0.0,521.0,500.0,804.0,105.0,0.0,1.0,1.0,1.0,1.0,2024
São Paulo,2,61.0,1691.0,0.0,778.0,0.0,0.0,1.0,704.0,852.0,134.0,0.0,1.0,1.0,1.0,0.0,2024
São Paulo,2,40.0,750.0,0.0,478.0,0.0,0.0,0.0,417.0,297.0,36.0,0.0,1.0,1.0,1.0,0.0,2024
São Paulo,2,45.0,978.0,0.0,542.0,0.0,0.0,0.0,494.0,404.0,80.0,0.0,1.0,1.0,1.0,1.0,2024
São Paulo,2,77.0,2001.0,0.0,378.0,0.0,0.0,0.0,346.0,1133.0,522.0,0.0,1.0,1.0,1.0,1.0,2024
São Paulo,2,31.0,691.0,691.0,0.0,0.0,0.0,657.0,34.0,0.0,0.0,0.0,1.0,1.0,1.0,1.0,2024
São Paulo,2,29.0,741.0,741.0,0.0,0.0,0.0,705.0,35.0,1.0,0.0,0.0,1.0,1.0,1.0,1.0,2024
São Paulo,2,58.0,1077.0,0.0,643.0,0.0,0.0,1.0,588.0,450.0,38.0,0.0,1.0,1.0,1.0,1.0,2024
São Paulo,2,67.0,1786.0,0.0,833.0,0.0,0.0,1.0,786.0,850.0,149.0,0.0,1.0,1.0,1.0,1.0,2024
São Paulo,2,34.0,599.0,0.0,325.0,0.0,0.0,1.0,284.0,280.0,34.0,1.0,1.0,1.0,1.0,0.0,2024
São Paulo,2,27.0,656.0,656.0,0.0,0.0,0.0,627.0,29.0,0.0,0.0,0.0,1.0,1.0,0.0,0.0,2024
São Paulo,2,33.0,837.0,837.0,0.0,0.0,0.0,809.0,28.0,0.0,0.0,0.0,0.0,1.0,0.0,0.0,2024
São Paulo,2,55.0,1796.0,0.0,741.0,0.0,0.0,1.0,675.0,990.0,130.0,0.0,0.0,1.0,1.0,1.0,2024
São Paulo,2,,,,,,,,,,,,,,,,2024
São Paulo,2,40.0,922.0,922.0,0.0,0.0,0.0,876.0,46.0,0.0,0.0,0.0,1.0,1.0,1.0,1.0,2024
São Paulo,2,71.0,1807.0,0.0,0.0,0.0,0.0,0.0,4.0,1536.0,267.0,0.0,1.0,1.0,1.0,1.0,2024
São Paulo,2,60.0,1757.0,0.0,774.0,0.0,0.0,1.0,697.0,933.0,126.0,0.0,1.0,1.0,1.0,1.0,2024
São Paulo,2,33.0,641.0,283.0,221.0,0.0,0.0,272.0,220.0,138.0,11.0,0.0,1.0,1.0,1.0,1.0,2024
São Paulo,2,75.0,1726.0,552.0,382.0,0.0,0.0,525.0,362.0,715.0,124.0,0.0,1.0,1.0,1.0,1.0,2024
São Paulo,2,32.0,698.0,698.0,0.0,0.0,0.0,663.0,35.0,0.0,0.0,0.0,1.0,1.0,0.0,1.0,2024
São Paulo,2,45.0,962.0,962.0,0.0,0.0,0.0,908.0,54.0,0.0,0.0,0.0,1.0,1.0,1.0,1.0,2024
São Paulo,2,80.0,2035.0,647.0,658.0,0.0,0.0,605.0,635.0,681.0,114.0,0.0,0.0,1.0,1.0,1.0,2024
São Paulo,2,74.0,1531.0,0.0,639.0,0.0,0.0,2.0,559.0,767.0,203.0,0.0,1.0,1.0,1.0,1.0,2024
São Paulo,2,71.0,1766.0,0.0,1367.0,0.0,0.0,1.0,1252.0,114.0,399.0,0.0,1.0,1.0,1.0,1.0,2024
São Paulo,2,29.0,625.0,625.0,0.0,0.0,0.0,585.0,40.0,0.0,0.0,0.0,1.0,1.0,1.0,1.0,2024
São Paulo,2,57.0,1498.0,0.0,643.0,0.0,0.0,0.0,583.0,805.0,110.0,0.0,1.0,1.0,1.0,1.0,2024
São Paulo,2,33.0,763.0,763.0,0.0,0.0,0.0,729.0,33.0,1.0,0.0,0.0,1.0,1.0,1.0,1.0,2024
São Paulo,2,31.0,704.0,704.0,0.0,0.0,0.0,653.0,51.0,0.0,0.0,0.0,1.0,1.0,1.0,1.0,2024
São Paulo,2,36.0,831.0,831.0,0.0,0.0,0.0,786.0,45.0,0.0,0.0,0.0,1.0,1.0,1.0,1.0,2024
São Paulo,2,43.0,1190.0,384.0,412.0,0.0,0.0,364.0,391.0,384.0,51.0,0.0,1.0,1.0,1.0,1.0,2024
São Paulo,2,35.0,698.0,698.0,0.0,0.0,0.0,644.0,53.0,1.0,0.0,0.0,1.0,1.0,1.0,1.0,2024
São Paulo,2,29.0,658.0,658.0,0.0,0.0,0.0,641.0,17.0,0.0,0.0,0.0,1.0,1.0,0.0,1.0,2024
São Paulo,2,35.0,823.0,823.0,0.0,0.0,0.0,784.0,39.0,0.0,0.0,0.0,1.0,1.0,0.0,1.0,2024
São Paulo,2,,,,,,,,,,,,,,,,2024
São Paulo,2,,,,,,,,,,,,,,,,2024
São Paulo,2,33.0,488.0,0.0,335.0,0.0,0.0,0.0,297.0,181.0,10.0,0.0,0.0,1.0,1.0,0.0,2024
São Paulo,2,25.0,606.0,606.0,0.0,0.0,0.0,575.0,31.0,0.0,0.0,0.0,1.0,1.0,1.0,1.0,2024
São Paulo,2,37.0,830.0,830.0,0.0,0.0,0.0,783.0,47.0,0.0,0.0,0.0,0.0,1.0,0.0,1.0,2024
São Paulo,2,61.0,1474.0,0.0,921.0,0.0,0.0,0.0,827.0,603.0,44.0,0.0,1.0,1.0,1.0,0.0,2024
São Paulo,2,27.0,656.0,656.0,0.0,0.0,0.0,605.0,50.0,1.0,0.0,0.0,1.0,1.0,1.0,1.0,2024
São Paulo,2,49.0,942.0,942.0,0.0,0.0,0.0,899.0,43.0,0.0,0.0,0.0,0.0,1.0,0.0,1.0,2024
São Paulo,2,61.0,1465.0,0.0,659.0,0.0,0.0,1.0,581.0,726.0,157.0,0.0,1.0,1.0,1.0,1.0,2024
São Paulo,2,26.0,744.0,744.0,0.0,0.0,0.0,707.0,37.0,0.0,0.0,0.0,1.0,1.0,0.0,1.0,2024
São Paulo,2,59.0,1315.0,0.0,554.0,0.0,0.0,1.0,496.0,692.0,126.0,0.0,1.0,1.0,1.0,1.0,2024
São Paulo,2,28.0,615.0,615.0,0.0,0.0,0.0,592.0,23.0,0.0,0.0,0.0,1.0,1.0,0.0,1.0,2024
São Paulo,2,44.0,1031.0,1031.0,0.0,0.0,0.0,978.0,53.0,0.0,0.0,0.0,1.0,1.0,1.0,1.0,2024
São Paulo,2,,,,,,,,,,,,,,,,2024
São Paulo,2,25.0,527.0,0.0,384.0,0.0,0.0,1.0,355.0,160.0,11.0,0.0,1.0,1.0,1.0,1.0,2024
São Paulo,2,52.0,982.0,0.0,340.0,0.0,0.0,0.0,315.0,601.0,66.0,0.0,0.0,1.0,1.0,0.0,2024
São Paulo,2,64.0,1413.0,0.0,330.0,0.0,0.0,0.0,297.0,763.0,353.0,0.0,1.0,1.0,1.0,0.0,2024
São Paulo,2,28.0,588.0,0.0,324.0,0.0,0.0,0.0,310.0,259.0,19.0,0.0,1.0,1.0,1.0,0.0,2024
São Paulo,2,37.0,773.0,773.0,0.0,0.0,0.0,737.0,36.0,0.0,0.0,0.0,1.0,1.0,1.0,0.0,2024
São Paulo,2,29.0,496.0,268.0,228.0,0.0,0.0,236.0,260.0,0.0,0.0,0.0,1.0,1.0,1.0,0.0,2024
São Paulo,2,54.0,1303.0,0.0,528.0,0.0,0.0,3.0,471.0,749.0,80.0,0.0,1.0,1.0,1.0,0.0,2024
São Paulo,2,12.0,214.0,214.0,0.0,0.0,0.0,207.0,7.0,0.0,0.0,0.0,0.0,1.0,0.0,0.0,2024
São Paulo,2,84.0,1080.0,0.0,0.0,0.0,0.0,0.0,3.0,478.0,599.0,1.0,1.0,1.0,0.0,0.0,2024
São Paulo,2,64.0,1694.0,432.0,411.0,0.0,0.0,397.0,397.0,809.0,91.0,0.0,1.0,1.0,1.0,1.0,2024
São Paulo,2,,,,,,,,,,,,,,,,2024
São Paulo,2,,,,,,,,,,,,,,,,2024
São Paulo,2,83.0,1907.0,152.0,509.0,0.0,0.0,129.0,497.0,974.0,307.0,0.0,1.0,1.0,1.0,1.0,2024
São Paulo,2,25.0,390.0,0.0,290.0,0.0,0.0,0.0,273.0,111.0,6.0,0.0,1.0,1.0,1.0,1.0,2024
São Paulo,2,22.0,523.0,523.0,0.0,0.0,0.0,505.0,18.0,0.0,0.0,0.0,1.0,1.0,1.0,0.0,2024
São Paulo,2,27.0,615.0,615.0,0.0,0.0,0.0,586.0,29.0,0.0,0.0,0.0,0.0,1.0,1.0,0.0,2024
São Paulo,2,34.0,837.0,837.0,0.0,0.0,0.0,795.0,42.0,0.0,0.0,0.0,0.0,1.0,1.0,0.0,2024
São Paulo,2,17.0,269.0,269.0,0.0,0.0,0.0,269.0,0.0,0.0,0.0,0.0,1.0,1.0,1.0,1.0,2024
São Paulo,2,21.0,358.0,358.0,0.0,0.0,0.0,335.0,23.0,0.0,0.0,0.0,1.0,1.0,1.0,0.0,2024
São Paulo,2,40.0,859.0,609.0,250.0,0.0,0.0,581.0,245.0,33.0,0.0,0.0,1.0,1.0,1.0,1.0,2024
São Paulo,2,46.0,956.0,0.0,580.0,0.0,0.0,0.0,531.0,406.0,19.0,1.0,1.0,1.0,1.0,1.0,2024
São Paulo,2,32.0,639.0,0.0,169.0,0.0,0.0,0.0,164.0,421.0,54.0,0.0,1.0,1.0,1.0,1.0,2024
São Paulo,2,29.0,640.0,0.0,109.0,0.0,0.0,0.0,102.0,491.0,47.0,0.0,1.0,1.0,1.0,0.0,2024
São Paulo,2,19.0,302.0,302.0,0.0,0.0,0.0,290.0,12.0,0.0,0.0,0.0,0.0,1.0,1.0,0.0,2024
São Paulo,2,,,,,,,,,,,,,,,,2024
São Paulo,2,,,,,,,,,,,,,,,,2024
São Paulo,2,,,,,,,,,,,,,,,,2024
São Paulo,2,34.0,942.0,942.0,0.0,0.0,0.0,897.0,45.0,0.0,0.0,1.0,1.0,1.0,1.0,1.0,2024
São Paulo,2,77.0,2165.0,658.0,501.0,0.0,0.0,617.0,474.0,979.0,95.0,0.0,1.0,1.0,1.0,1.0,2024
São Paulo,2,31.0,790.0,790.0,0.0,0.0,0.0,750.0,39.0,1.0,0.0,0.0,1.0,1.0,1.0,1.0,2024
São Paulo,2,70.0,1940.0,612.0,523.0,0.0,0.0,563.0,511.0,782.0,84.0,0.0,0.0,1.0,1.0,0.0,2024
São Paulo,2,57.0,1925.0,0.0,800.0,0.0,0.0,0.0,758.0,1035.0,132.0,0.0,1.0,1.0,1.0,0.0,2024
São Paulo,2,78.0,1644.0,0.0,301.0,0.0,0.0,0.0,275.0,1075.0,294.0,0.0,1.0,1.0,1.0,1.0,2024
São Paulo,2,65.0,1658.0,0.0,0.0,0.0,0.0,0.0,2.0,1206.0,450.0,0.0,0.0,1.0,1.0,1.0,2024
São Paulo,2,32.0,796.0,796.0,0.0,0.0,0.0,750.0,46.0,0.0,0.0,0.0,1.0,1.0,1.0,0.0,2024
São Paulo,2,25.0,634.0,0.0,423.0,0.0,0.0,0.0,385.0,238.0,11.0,0.0,0.0,1.0,1.0,1.0,2024
São Paulo,2,46.0,898.0,0.0,561.0,0.0,0.0,0.0,504.0,366.0,28.0,0.0,1.0,1.0,1.0,1.0,2024
São Paulo,2,45.0,1197.0,0.0,446.0,0.0,0.0,1.0,411.0,736.0,49.0,0.0,1.0,1.0,1.0,1.0,2024
São Paulo,2,33.0,819.0,819.0,0.0,0.0,0.0,796.0,23.0,0.0,0.0,0.0,0.0,1.0,0.0,1.0,2024
São Paulo,2,20.0,360.0,0.0,241.0,0.0,0.0,1.0,215.0,130.0,14.0,0.0,1.0,1.0,1.0,0.0,2024
São Paulo,2,23.0,434.0,220.0,214.0,0.0,0.0,210.0,200.0,24.0,0.0,0.0,0.0,1.0,1.0,0.0,2024
São Paulo,2,56.0,1489.0,718.0,771.0,0.0,0.0,695.0,751.0,42.0,1.0,0.0,1.0,1.0,1.0,1.0,2024
São Paulo,2,181.0,2901.0,0.0,0.0,0.0,0.0,0.0,25.0,1738.0,1138.0,1.0,1.0,1.0,1.0,1.0,2024
São Paulo,2,57.0,1247.0,473.0,774.0,0.0,0.0,447.0,761.0,39.0,0.0,0.0,1.0,1.0,1.0,1.0,2024
São Paulo,2,28.0,616.0,616.0,0.0,0.0,0.0,588.0,28.0,0.0,0.0,1.0,0.0,1.0,1.0,0.0,2024
São Paulo,2,13.0,203.0,203.0,0.0,0.0,0.0,199.0,4.0,0.0,0.0,0.0,1.0,1.0,1.0,0.0,2024
São Paulo,2,67.0,1524.0,291.0,355.0,0.0,0.0,270.0,343.0,621.0,290.0,0.0,1.0,1.0,1.0,1.0,2024
São Paulo,2,25.0,481.0,481.0,0.0,0.0,0.0,457.0,24.0,0.0,0.0,0.0,1.0,1.0,1.0,1.0,2024
São Paulo,2,15.0,298.0,0.0,298.0,0.0,0.0,0.0,274.0,24.0,0.0,0.0,1.0,1.0,1.0,1.0,2024
São Paulo,2,50.0,1025.0,0.0,0.0,0.0,0.0,0.0,8.0,937.0,80.0,0.0,1.0,1.0,1.0,0.0,2024
São Paulo,2,19.0,386.0,0.0,246.0,0.0,0.0,2.0,226.0,154.0,4.0,0.0,1.0,1.0,1.0,1.0,2024
São Paulo,2,53.0,1064.0,0.0,0.0,0.0,0.0,0.0,5.0,757.0,302.0,1.0,1.0,1.0,0.0,0.0,2024
São Paulo,2,,,,,,,,,,,0.0,0.0,1.0,0.0,0.0,2024
São Paulo,2,20.0,346.0,346.0,0.0,0.0,0.0,336.0,10.0,0.0,0.0,0.0,1.0,1.0,1.0,1.0,2024
São Paulo,2,14.0,247.0,0.0,0.0,0.0,0.0,0.0,0.0,233.0,14.0,0.0,1.0,1.0,1.0,1.0,2024
São Paulo,2,31.0,551.0,551.0,0.0,0.0,0.0,536.0,15.0,0.0,0.0,0.0,1.0,1.0,1.0,1.0,2024
São Paulo,2,17.0,310.0,0.0,310.0,0.0,0.0,2.0,295.0,13.0,0.0,0.0,1.0,1.0,1.0,1.0,2024
São Paulo,2,22.0,465.0,0.0,215.0,0.0,0.0,0.0,185.0,264.0,16.0,0.0,1.0,1.0,1.0,1.0,2024
São Paulo,2,27.0,474.0,102.0,372.0,0.0,0.0,87.0,375.0,12.0,0.0,0.0,1.0,1.0,1.0,1.0,2024
São Paulo,2,66.0,1113.0,0.0,352.0,0.0,0.0,0.0,330.0,510.0,273.0,0.0,0.0,1.0,1.0,0.0,2024
São Paulo,2,25.0,482.0,482.0,0.0,0.0,0.0,454.0,28.0,0.0,0.0,0.0,1.0,1.0,1.0,1.0,2024
São Paulo,2,41.0,905.0,905.0,0.0,0.0,0.0,860.0,45.0,0.0,0.0,0.0,1.0,1.0,1.0,1.0,2024
São Paulo,2,40.0,877.0,877.0,0.0,0.0,0.0,823.0,54.0,0.0,0.0,0.0,1.0,1.0,1.0,1.0,2024
São Paulo,2,77.0,2083.0,0.0,611.0,0.0,0.0,1.0,566.0,1331.0,185.0,0.0,1.0,1.0,1.0,0.0,2024
São Paulo,2,24.0,443.0,443.0,0.0,0.0,0.0,424.0,19.0,0.0,0.0,0.0,0.0,1.0,1.0,0.0,2024
São Paulo,2,45.0,1013.0,0.0,506.0,0.0,0.0,1.0,475.0,497.0,40.0,0.0,1.0,1.0,1.0,1.0,2024
São Paulo,2,27.0,628.0,628.0,0.0,0.0,0.0,599.0,29.0,0.0,0.0,0.0,1.0,1.0,0.0,1.0,2024
São Paulo,2,32.0,717.0,717.0,0.0,0.0,0.0,678.0,39.0,0.0,0.0,0.0,1.0,1.0,1.0,1.0,2024
São Paulo,2,,,,,,,,,,,,,,,,2024
São Paulo,2,,,,,,,,,,,,,,,,2024
São Paulo,2,74.0,1573.0,0.0,679.0,0.0,0.0,0.0,621.0,809.0,143.0,0.0,0.0,1.0,1.0,0.0,2024
São Paulo,2,90.0,2468.0,598.0,709.0,0.0,0.0,574.0,690.0,934.0,270.0,0.0,1.0,1.0,1.0,1.0,2024
São Paulo,2,50.0,1045.0,713.0,0.0,0.0,0.0,662.0,51.0,0.0,332.0,0.0,1.0,1.0,1.0,1.0,2024
São Paulo,2,17.0,364.0,0.0,364.0,0.0,0.0,0.0,344.0,20.0,0.0,0.0,1.0,1.0,1.0,0.0,2024
São Paulo,2,33.0,583.0,0.0,396.0,0.0,0.0,0.0,377.0,194.0,12.0,0.0,0.0,1.0,0.0,1.0,2024
São Paulo,2,19.0,364.0,0.0,364.0,0.0,0.0,1.0,347.0,16.0,0.0,0.0,1.0,1.0,1.0,1.0,2024
São Paulo,2,26.0,495.0,495.0,0.0,0.0,0.0,477.0,18.0,0.0,0.0,0.0,1.0,1.0,1.0,0.0,2024
São Paulo,2,32.0,730.0,730.0,0.0,0.0,0.0,704.0,26.0,0.0,0.0,0.0,0.0,1.0,1.0,0.0,2024
São Paulo,2,45.0,718.0,0.0,420.0,0.0,0.0,0.0,393.0,308.0,17.0,0.0,1.0,1.0,1.0,1.0,2024
São Paulo,2,57.0,1627.0,0.0,566.0,0.0,0.0,1.0,528.0,969.0,129.0,0.0,1.0,1.0,1.0,1.0,2024
São Paulo,2,23.0,423.0,423.0,0.0,0.0,0.0,390.0,33.0,0.0,0.0,0.0,1.0,1.0,1.0,1.0,2024
São Paulo,2,47.0,1191.0,1191.0,0.0,0.0,0.0,1131.0,60.0,0.0,0.0,0.0,1.0,1.0,1.0,1.0,2024
São Paulo,2,32.0,613.0,613.0,0.0,0.0,0.0,578.0,35.0,0.0,0.0,0.0,1.0,1.0,1.0,1.0,2024
São Paulo,2,36.0,921.0,0.0,347.0,0.0,0.0,1.0,328.0,379.0,213.0,0.0,1.0,1.0,1.0,1.0,2024
São Paulo,2,34.0,769.0,769.0,0.0,0.0,0.0,736.0,33.0,0.0,0.0,0.0,1.0,1.0,1.0,1.0,2024
São Paulo,2,44.0,1104.0,0.0,487.0,0.0,0.0,2.0,442.0,600.0,60.0,0.0,1.0,1.0,1.0,1.0,2024
São Paulo,2,27.0,786.0,0.0,0.0,0.0,0.0,0.0,2.0,740.0,44.0,0.0,1.0,1.0,1.0,1.0,2024
São Paulo,2,25.0,503.0,0.0,0.0,0.0,0.0,0.0,3.0,467.0,33.0,0.0,0.0,1.0,0.0,1.0,2024
São Paulo,2,26.0,627.0,0.0,407.0,0.0,0.0,1.0,380.0,228.0,18.0,0.0,1.0,1.0,1.0,1.0,2024
São Paulo,2,29.0,558.0,558.0,0.0,0.0,0.0,520.0,38.0,0.0,0.0,0.0,1.0,1.0,0.0,1.0,2024
São Paulo,2,24.0,394.0,0.0,394.0,0.0,0.0,1.0,366.0,27.0,0.0,0.0,0.0,1.0,1.0,0.0,2024
São Paulo,2,55.0,1171.0,0.0,379.0,0.0,0.0,1.0,349.0,689.0,132.0,0.0,0.0,1.0,0.0,0.0,2024
São Paulo,2,26.0,512.0,512.0,0.0,0.0,0.0,485.0,27.0,0.0,0.0,0.0,1.0,1.0,1.0,1.0,2024
São Paulo,2,33.0,738.0,0.0,554.0,0.0,0.0,2.0,529.0,194.0,13.0,0.0,0.0,1.0,1.0,0.0,2024
São Paulo,2,32.0,778.0,778.0,0.0,0.0,0.0,749.0,28.0,1.0,0.0,0.0,0.0,1.0,1.0,1.0,2024
São Paulo,2,32.0,687.0,0.0,353.0,0.0,0.0,0.0,355.0,303.0,29.0,0.0,0.0,1.0,1.0,0.0,2024
São Paulo,2,67.0,1371.0,0.0,489.0,0.0,0.0,1.0,447.0,801.0,122.0,0.0,1.0,1.0,1.0,0.0,2024
São Paulo,2,30.0,601.0,601.0,0.0,0.0,0.0,582.0,19.0,0.0,0.0,0.0,1.0,1.0,1.0,1.0,2024
São Paulo,2,29.0,762.0,0.0,500.0,0.0,0.0,2.0,467.0,270.0,23.0,1.0,1.0,1.0,1.0,1.0,2024
São Paulo,2,52.0,1309.0,0.0,611.0,0.0,0.0,0.0,571.0,645.0,93.0,0.0,1.0,1.0,1.0,0.0,2024
São Paulo,2,27.0,566.0,566.0,0.0,0.0,0.0,541.0,24.0,1.0,0.0,0.0,1.0,1.0,1.0,1.0,2024
São Paulo,2,24.0,510.0,510.0,0.0,0.0,0.0,494.0,16.0,0.0,0.0,0.0,1.0,1.0,1.0,1.0,2024
São Paulo,2,29.0,679.0,679.0,0.0,0.0,0.0,659.0,20.0,0.0,0.0,0.0,1.0,1.0,1.0,0.0,2024
São Paulo,2,88.0,2709.0,0.0,765.0,0.0,0.0,3.0,714.0,1661.0,331.0,0.0,0.0,1.0,1.0,1.0,2024
São Paulo,2,26.0,607.0,607.0,0.0,0.0,0.0,589.0,18.0,0.0,0.0,0.0,1.0,1.0,1.0,0.0,2024
São Paulo,2,39.0,748.0,748.0,0.0,0.0,0.0,707.0,41.0,0.0,0.0,0.0,1.0,1.0,1.0,1.0,2024
São Paulo,2,51.0,1120.0,510.0,610.0,0.0,0.0,482.0,605.0,33.0,0.0,0.0,1.0,1.0,1.0,1.0,2024
São Paulo,2,42.0,1039.0,489.0,550.0,0.0,0.0,478.0,515.0,46.0,0.0,0.0,1.0,1.0,1.0,1.0,2024
São Paulo,2,53.0,1010.0,0.0,446.0,0.0,0.0,0.0,408.0,557.0,45.0,0.0,1.0,1.0,1.0,0.0,2024
São Paulo,2,68.0,1152.0,0.0,0.0,0.0,0.0,0.0,2.0,679.0,471.0,0.0,1.0,1.0,1.0,0.0,2024
São Paulo,2,74.0,1070.0,0.0,0.0,0.0,0.0,0.0,7.0,789.0,274.0,1.0,1.0,1.0,1.0,1.0,2024
São Paulo,2,22.0,463.0,463.0,0.0,0.0,0.0,445.0,18.0,0.0,0.0,0.0,0.0,1.0,1.0,1.0,2024
São Paulo,2,61.0,1092.0,473.0,482.0,0.0,1.0,443.0,469.0,42.0,137.0,0.0,0.0,1.0,1.0,1.0,2024
São Paulo,2,25.0,643.0,643.0,0.0,0.0,0.0,620.0,23.0,0.0,0.0,0.0,1.0,1.0,1.0,0.0,2024
São Paulo,2,44.0,980.0,980.0,0.0,0.0,0.0,920.0,59.0,1.0,0.0,1.0,1.0,1.0,1.0,1.0,2024
São Paulo,2,37.0,706.0,0.0,496.0,0.0,0.0,1.0,452.0,241.0,12.0,0.0,1.0,1.0,1.0,1.0,2024
São Paulo,2,36.0,825.0,0.0,483.0,0.0,0.0,1.0,461.0,329.0,34.0,0.0,1.0,1.0,1.0,1.0,2024
São Paulo,2,29.0,719.0,0.0,428.0,0.0,0.0,1.0,408.0,284.0,26.0,0.0,1.0,1.0,1.0,1.0,2024
São Paulo,2,29.0,590.0,590.0,0.0,0.0,0.0,559.0,31.0,0.0,0.0,0.0,0.0,1.0,1.0,1.0,2024
São Paulo,2,32.0,792.0,792.0,0.0,0.0,0.0,762.0,30.0,0.0,0.0,0.0,1.0,1.0,1.0,1.0,2024
São Paulo,2,24.0,541.0,541.0,0.0,0.0,0.0,506.0,35.0,0.0,0.0,0.0,1.0,1.0,1.0,0.0,2024
São Paulo,2,20.0,399.0,0.0,399.0,0.0,0.0,0.0,350.0,48.0,1.0,0.0,0.0,1.0,1.0,0.0,2024
São Paulo,2,55.0,1382.0,0.0,599.0,0.0,0.0,0.0,539.0,604.0,239.0,0.0,1.0,1.0,1.0,1.0,2024
São Paulo,2,50.0,1212.0,0.0,491.0,0.0,0.0,1.0,437.0,437.0,337.0,0.0,1.0,1.0,1.0,1.0,2024
São Paulo,2,24.0,408.0,0.0,320.0,0.0,0.0,0.0,298.0,105.0,5.0,0.0,0.0,1.0,1.0,0.0,2024
São Paulo,2,26.0,404.0,0.0,0.0,0.0,0.0,0.0,3.0,371.0,30.0,0.0,1.0,1.0,1.0,1.0,2024
São Paulo,2,56.0,1946.0,0.0,0.0,0.0,0.0,0.0,5.0,1659.0,282.0,1.0,1.0,1.0,1.0,0.0,2024
São Paulo,2,33.0,717.0,717.0,0.0,0.0,0.0,670.0,47.0,0.0,0.0,0.0,1.0,1.0,1.0,0.0,2024
São Paulo,2,57.0,1493.0,0.0,595.0,0.0,0.0,0.0,531.0,843.0,119.0,0.0,1.0,1.0,1.0,1.0,2024
São Paulo,2,26.0,520.0,520.0,0.0,0.0,0.0,502.0,18.0,0.0,0.0,0.0,1.0,1.0,1.0,0.0,2024
São Paulo,2,52.0,1118.0,0.0,372.0,0.0,0.0,0.0,353.0,526.0,239.0,1.0,1.0,1.0,0.0,1.0,2024
São Paulo,2,24.0,527.0,527.0,0.0,0.0,0.0,497.0,30.0,0.0,0.0,0.0,1.0,1.0,1.0,0.0,2024
São Paulo,2,18.0,338.0,338.0,0.0,0.0,0.0,322.0,16.0,0.0,0.0,0.0,0.0,1.0,1.0,0.0,2024
São Paulo,2,25.0,461.0,0.0,408.0,0.0,0.0,1.0,388.0,70.0,2.0,0.0,0.0,1.0,1.0,0.0,2024
São Paulo,2,35.0,830.0,830.0,0.0,0.0,0.0,794.0,36.0,0.0,0.0,0.0,1.0,1.0,1.0,1.0,2024
São Paulo,2,25.0,548.0,0.0,304.0,0.0,0.0,2.0,290.0,246.0,10.0,0.0,1.0,1.0,1.0,1.0,2024
São Paulo,2,25.0,404.0,0.0,313.0,0.0,0.0,0.0,296.0,101.0,7.0,0.0,1.0,1.0,1.0,1.0,2024
São Paulo,2,32.0,635.0,635.0,0.0,0.0,0.0,605.0,30.0,0.0,0.0,0.0,1.0,1.0,1.0,1.0,2024
São Paulo,2,31.0,616.0,283.0,333.0,0.0,0.0,272.0,321.0,23.0,0.0,0.0,1.0,1.0,1.0,1.0,2024
São Paulo,2,65.0,1337.0,0.0,518.0,0.0,0.0,0.0,474.0,770.0,93.0,0.0,0.0,1.0,1.0,0.0,2024
São Paulo,2,32.0,490.0,0.0,149.0,0.0,0.0,0.0,140.0,215.0,135.0,0.0,1.0,1.0,1.0,0.0,2024
São Paulo,2,32.0,609.0,609.0,0.0,0.0,0.0,589.0,20.0,0.0,0.0,0.0,1.0,1.0,1.0,1.0,2024
São Paulo,2,62.0,1272.0,587.0,418.0,0.0,0.0,556.0,387.0,303.0,26.0,0.0,0.0,1.0,1.0,0.0,2024
São Paulo,2,18.0,317.0,317.0,0.0,0.0,0.0,305.0,12.0,0.0,0.0,0.0,1.0,1.0,1.0,0.0,2024
São Paulo,2,38.0,984.0,984.0,0.0,0.0,0.0,927.0,57.0,0.0,0.0,0.0,1.0,1.0,1.0,0.0,2024
São Paulo,2,53.0,1096.0,0.0,552.0,0.0,0.0,1.0,496.0,453.0,146.0,0.0,1.0,1.0,1.0,1.0,2024
São Paulo,2,33.0,768.0,768.0,0.0,0.0,0.0,713.0,55.0,0.0,0.0,0.0,1.0,1.0,1.0,1.0,2024
São Paulo,2,26.0,543.0,0.0,543.0,0.0,0.0,3.0,522.0,18.0,0.0,0.0,1.0,1.0,1.0,1.0,2024
São Paulo,2,32.0,684.0,684.0,0.0,0.0,0.0,652.0,31.0,1.0,0.0,0.0,1.0,1.0,1.0,0.0,2024
São Paulo,2,38.0,681.0,0.0,143.0,0.0,0.0,0.0,132.0,422.0,127.0,0.0,1.0,1.0,1.0,1.0,2024
São Paulo,2,33.0,868.0,0.0,325.0,0.0,0.0,1.0,288.0,515.0,64.0,0.0,1.0,1.0,1.0,0.0,2024
São Paulo,2,20.0,328.0,328.0,0.0,0.0,0.0,314.0,14.0,0.0,0.0,0.0,0.0,1.0,1.0,0.0,2024
São Paulo,2,,,,,,,,,,,,,,,,2024
São Paulo,2,50.0,1110.0,0.0,303.0,0.0,0.0,0.0,279.0,594.0,237.0,0.0,1.0,1.0,1.0,0.0,2024
São Paulo,2,42.0,936.0,936.0,0.0,0.0,0.0,898.0,38.0,0.0,0.0,0.0,1.0,1.0,1.0,1.0,2024
São Paulo,2,27.0,433.0,0.0,262.0,0.0,0.0,1.0,253.0,173.0,6.0,0.0,1.0,1.0,1.0,1.0,2024
São Paulo,2,24.0,599.0,275.0,324.0,0.0,0.0,267.0,318.0,14.0,0.0,0.0,1.0,1.0,1.0,0.0,2024
São Paulo,2,34.0,718.0,718.0,0.0,0.0,0.0,684.0,34.0,0.0,0.0,0.0,0.0,1.0,1.0,0.0,2024
São Paulo,2,22.0,455.0,455.0,0.0,0.0,0.0,437.0,18.0,0.0,0.0,0.0,0.0,1.0,1.0,0.0,2024
São Paulo,2,83.0,2778.0,0.0,944.0,0.0,0.0,3.0,858.0,1760.0,157.0,0.0,1.0,1.0,1.0,1.0,2024
São Paulo,2,23.0,504.0,0.0,287.0,0.0,0.0,1.0,277.0,210.0,16.0,0.0,1.0,1.0,1.0,0.0,2024
São Paulo,2,56.0,1885.0,0.0,587.0,0.0,0.0,2.0,563.0,1176.0,144.0,0.0,1.0,1.0,1.0,0.0,2024
São Paulo,2,40.0,816.0,694.0,0.0,0.0,0.0,665.0,29.0,0.0,122.0,0.0,1.0,1.0,1.0,0.0,2024
São Paulo,2,49.0,1258.0,275.0,298.0,0.0,0.0,262.0,292.0,485.0,219.0,0.0,1.0,1.0,1.0,1.0,2024
São Paulo,2,47.0,1250.0,247.0,338.0,0.0,0.0,231.0,331.0,434.0,254.0,0.0,0.0,1.0,1.0,1.0,2024
São Paulo,2,55.0,1094.0,0.0,0.0,0.0,0.0,0.0,5.0,645.0,444.0,1.0,1.0,1.0,1.0,1.0,2024
São Paulo,2,18.0,288.0,0.0,0.0,0.0,0.0,0.0,1.0,272.0,15.0,0.0,1.0,1.0,1.0,1.0,2024
São Paulo,2,24.0,222.0,90.0,74.0,0.0,0.0,74.0,64.0,47.0,37.0,0.0,0.0,1.0,0.0,1.0,2024
São Paulo,2,,,,,,,,,,,,,,,,2024
São Paulo,2,38.0,728.0,0.0,378.0,0.0,0.0,0.0,349.0,362.0,17.0,0.0,0.0,1.0,1.0,1.0,2024
São Paulo,2,34.0,973.0,0.0,0.0,0.0,0.0,0.0,5.0,843.0,125.0,0.0,1.0,1.0,1.0,0.0,2024
São Paulo,2,35.0,966.0,0.0,0.0,0.0,0.0,0.0,4.0,882.0,80.0,0.0,1.0,1.0,1.0,1.0,2024
São Paulo,2,34.0,798.0,798.0,0.0,0.0,0.0,779.0,19.0,0.0,0.0,0.0,1.0,1.0,1.0,1.0,2024
São Paulo,2,26.0,583.0,583.0,0.0,0.0,0.0,550.0,33.0,0.0,0.0,0.0,0.0,1.0,1.0,1.0,2024
São Paulo,2,37.0,780.0,0.0,199.0,0.0,0.0,1.0,182.0,520.0,77.0,0.0,1.0,1.0,1.0,1.0,2024
São Paulo,2,17.0,248.0,0.0,207.0,0.0,0.0,0.0,191.0,53.0,4.0,0.0,1.0,1.0,1.0,1.0,2024
São Paulo,2,32.0,596.0,0.0,596.0,0.0,0.0,0.0,557.0,39.0,0.0,0.0,1.0,1.0,1.0,1.0,2024
São Paulo,2,22.0,441.0,0.0,289.0,0.0,0.0,0.0,285.0,142.0,14.0,0.0,1.0,1.0,1.0,0.0,2024
São Paulo,2,24.0,420.0,420.0,0.0,0.0,0.0,404.0,16.0,0.0,0.0,0.0,1.0,1.0,1.0,1.0,2024
São Paulo,2,85.0,2131.0,0.0,889.0,0.0,0.0,0.0,830.0,1151.0,150.0,0.0,1.0,1.0,1.0,1.0,2024
São Paulo,2,46.0,883.0,490.0,393.0,0.0,0.0,467.0,397.0,19.0,0.0,0.0,1.0,1.0,1.0,0.0,2024
São Paulo,2,64.0,1647.0,0.0,453.0,0.0,0.0,0.0,437.0,1070.0,140.0,0.0,1.0,1.0,1.0,1.0,2024
São Paulo,2,89.0,2825.0,214.0,1089.0,0.0,0.0,213.0,989.0,1265.0,358.0,0.0,1.0,1.0,0.0,0.0,2024
São Paulo,2,72.0,1308.0,488.0,373.0,0.0,0.0,458.0,374.0,417.0,59.0,0.0,1.0,1.0,1.0,1.0,2024
São Paulo,2,57.0,1613.0,32.0,656.0,0.0,0.0,33.0,598.0,868.0,114.0,0.0,0.0,1.0,1.0,0.0,2024
São Paulo,2,28.0,543.0,543.0,0.0,0.0,0.0,521.0,22.0,0.0,0.0,0.0,1.0,1.0,1.0,0.0,2024
São Paulo,2,63.0,1412.0,364.0,388.0,0.0,0.0,355.0,357.0,517.0,183.0,1.0,1.0,1.0,1.0,0.0,2024
São Paulo,2,73.0,2052.0,837.0,628.0,0.0,0.0,760.0,653.0,545.0,94.0,0.0,0.0,1.0,1.0,0.0,2024
São Paulo,2,43.0,906.0,481.0,425.0,0.0,0.0,443.0,433.0,30.0,0.0,0.0,1.0,1.0,1.0,1.0,2024
São Paulo,2,32.0,729.0,729.0,0.0,0.0,0.0,685.0,44.0,0.0,0.0,0.0,0.0,1.0,1.0,0.0,2024
São Paulo,2,72.0,1834.0,666.0,588.0,0.0,0.0,621.0,582.0,557.0,74.0,0.0,0.0,1.0,1.0,0.0,2024
São Paulo,2,61.0,1880.0,0.0,0.0,0.0,0.0,0.0,7.0,1593.0,280.0,0.0,1.0,1.0,1.0,0.0,2024
São Paulo,2,67.0,2064.0,0.0,0.0,0.0,0.0,0.0,8.0,1757.0,299.0,0.0,1.0,1.0,1.0,1.0,2024
São Paulo,2,68.0,1595.0,554.0,497.0,0.0,0.0,536.0,480.0,429.0,150.0,0.0,1.0,1.0,1.0,0.0,2024
São Paulo,2,44.0,748.0,0.0,339.0,0.0,0.0,0.0,311.0,403.0,34.0,0.0,1.0,1.0,1.0,1.0,2024
São Paulo,2,80.0,1683.0,674.0,485.0,0.0,0.0,618.0,496.0,357.0,212.0,0.0,1.0,1.0,1.0,1.0,2024
São Paulo,2,85.0,2582.0,96.0,1173.0,0.0,0.0,70.0,1122.0,1235.0,155.0,0.0,1.0,1.0,1.0,0.0,2024
São Paulo,2,57.0,1197.0,335.0,347.0,0.0,0.0,330.0,314.0,509.0,44.0,0.0,1.0,1.0,1.0,1.0,2024
São Paulo,2,34.0,730.0,0.0,192.0,0.0,0.0,1.0,182.0,481.0,66.0,0.0,0.0,1.0,1.0,1.0,2024
São Paulo,2,21.0,324.0,0.0,261.0,0.0,0.0,1.0,242.0,75.0,6.0,0.0,1.0,1.0,1.0,1.0,2024
São Paulo,2,34.0,788.0,788.0,0.0,0.0,0.0,740.0,48.0,0.0,0.0,0.0,1.0,1.0,1.0,1.0,2024
São Paulo,2,64.0,1086.0,0.0,0.0,0.0,0.0,0.0,8.0,546.0,532.0,1.0,1.0,1.0,0.0,0.0,2024
São Paulo,2,46.0,1038.0,1038.0,0.0,0.0,0.0,993.0,45.0,0.0,0.0,0.0,1.0,1.0,1.0,1.0,2024
São Paulo,2,,,,,,,,,,,,,,,,2024
São Paulo,2,41.0,805.0,0.0,391.0,0.0,0.0,1.0,359.0,397.0,48.0,0.0,1.0,1.0,1.0,0.0,2024
São Paulo,2,74.0,1398.0,0.0,695.0,0.0,0.0,2.0,653.0,613.0,130.0,0.0,1.0,1.0,1.0,1.0,2024
São Paulo,2,32.0,466.0,287.0,179.0,0.0,0.0,266.0,184.0,16.0,0.0,0.0,1.0,1.0,1.0,1.0,2024
São Paulo,2,42.0,872.0,421.0,451.0,0.0,0.0,410.0,434.0,28.0,0.0,0.0,1.0,1.0,1.0,0.0,2024
São Paulo,2,76.0,1753.0,511.0,597.0,0.0,0.0,478.0,589.0,605.0,81.0,0.0,1.0,1.0,1.0,0.0,2024
São Paulo,2,65.0,1582.0,504.0,362.0,0.0,0.0,478.0,363.0,612.0,129.0,0.0,1.0,1.0,1.0,0.0,2024
São Paulo,2,54.0,1250.0,0.0,458.0,0.0,0.0,1.0,428.0,623.0,198.0,0.0,1.0,1.0,1.0,1.0,2024
São Paulo,2,40.0,808.0,606.0,202.0,0.0,0.0,569.0,220.0,18.0,1.0,0.0,1.0,1.0,0.0,1.0,2024
São Paulo,2,43.0,974.0,974.0,0.0,0.0,0.0,937.0,37.0,0.0,0.0,0.0,1.0,1.0,0.0,1.0,2024
São Paulo,2,24.0,525.0,525.0,0.0,0.0,0.0,507.0,18.0,0.0,0.0,0.0,0.0,1.0,0.0,0.0,2024
São Paulo,2,90.0,2270.0,1440.0,0.0,0.0,0.0,1382.0,58.0,645.0,185.0,0.0,1.0,1.0,1.0,1.0,2024
São Paulo,2,18.0,428.0,428.0,0.0,0.0,0.0,407.0,21.0,0.0,0.0,0.0,0.0,1.0,0.0,0.0,2024
São Paulo,2,57.0,1513.0,1513.0,0.0,0.0,0.0,1422.0,91.0,0.0,0.0,0.0,0.0,1.0,0.0,1.0,2024
São Paulo,2,99.0,2720.0,626.0,705.0,0.0,0.0,597.0,690.0,1276.0,157.0,0.0,1.0,1.0,1.0,1.0,2024
São Paulo,2,61.0,1575.0,449.0,0.0,0.0,0.0,428.0,24.0,818.0,305.0,0.0,1.0,1.0,1.0,0.0,2024
São Paulo,2,38.0,773.0,0.0,544.0,0.0,0.0,0.0,515.0,238.0,20.0,0.0,1.0,1.0,1.0,1.0,2024
São Paulo,2,48.0,1046.0,1046.0,0.0,0.0,0.0,982.0,64.0,0.0,0.0,1.0,1.0,1.0,1.0,1.0,2024
São Paulo,2,14.0,289.0,0.0,289.0,0.0,0.0,1.0,269.0,19.0,0.0,0.0,0.0,1.0,0.0,0.0,2024
São Paulo,2,38.0,700.0,0.0,440.0,0.0,0.0,0.0,411.0,275.0,14.0,0.0,1.0,1.0,0.0,1.0,2024
São Paulo,2,75.0,1801.0,515.0,576.0,0.0,0.0,476.0,565.0,656.0,104.0,0.0,1.0,1.0,0.0,0.0,2024
São Paulo,2,62.0,1366.0,427.0,245.0,0.0,0.0,412.0,257.0,632.0,65.0,0.0,1.0,1.0,0.0,1.0,2024
São Paulo,2,32.0,626.0,0.0,344.0,0.0,0.0,0.0,336.0,264.0,26.0,0.0,1.0,1.0,1.0,1.0,2024
São Paulo,2,28.0,537.0,537.0,0.0,0.0,0.0,516.0,21.0,0.0,0.0,0.0,0.0,1.0,1.0,1.0,2024
São Paulo,2,36.0,874.0,874.0,0.0,0.0,0.0,835.0,38.0,1.0,0.0,0.0,1.0,1.0,1.0,1.0,2024
São Paulo,2,58.0,1520.0,0.0,412.0,0.0,0.0,1.0,390.0,956.0,173.0,0.0,1.0,1.0,1.0,1.0,2024
São Paulo,2,44.0,876.0,876.0,0.0,0.0,0.0,798.0,77.0,1.0,0.0,0.0,1.0,1.0,1.0,0.0,2024
São Paulo,2,33.0,584.0,0.0,390.0,0.0,0.0,0.0,360.0,203.0,21.0,0.0,1.0,1.0,1.0,1.0,2024
São Paulo,2,18.0,367.0,0.0,242.0,0.0,0.0,0.0,229.0,132.0,6.0,0.0,1.0,1.0,1.0,0.0,2024
São Paulo,2,,,,,,,,,,,,,,,,2024
São Paulo,2,,,,,,,,,,,,,,,,2024
São Paulo,2,23.0,519.0,0.0,369.0,0.0,0.0,0.0,348.0,161.0,10.0,0.0,1.0,1.0,1.0,0.0,2024
São Paulo,2,9.0,1191.0,0.0,0.0,0.0,0.0,0.0,0.0,0.0,1191.0,0.0,0.0,1.0,0.0,0.0,2024
São Paulo,2,30.0,583.0,257.0,326.0,0.0,0.0,236.0,317.0,30.0,0.0,0.0,0.0,1.0,1.0,1.0,2024
São Paulo,2,28.0,650.0,0.0,451.0,0.0,0.0,0.0,411.0,220.0,19.0,0.0,1.0,1.0,1.0,1.0,2024
São Paulo,2,63.0,1978.0,626.0,467.0,0.0,0.0,600.0,455.0,853.0,70.0,0.0,1.0,1.0,1.0,1.0,2024
São Paulo,2,37.0,833.0,833.0,0.0,0.0,1.0,794.0,38.0,0.0,0.0,0.0,0.0,1.0,1.0,1.0,2024
São Paulo,2,67.0,1820.0,477.0,599.0,0.0,0.0,454.0,562.0,682.0,122.0,0.0,1.0,1.0,1.0,0.0,2024
São Paulo,2,34.0,746.0,0.0,474.0,0.0,0.0,0.0,428.0,304.0,14.0,0.0,1.0,1.0,1.0,0.0,2024
São Paulo,2,25.0,529.0,241.0,102.0,0.0,0.0,229.0,102.0,191.0,7.0,0.0,1.0,1.0,1.0,1.0,2024
São Paulo,2,47.0,1176.0,112.0,224.0,0.0,0.0,104.0,211.0,659.0,202.0,0.0,1.0,1.0,1.0,1.0,2024
São Paulo,2,52.0,1033.0,0.0,617.0,0.0,0.0,3.0,567.0,429.0,34.0,0.0,1.0,1.0,1.0,1.0,2024
São Paulo,2,24.0,553.0,553.0,0.0,0.0,0.0,523.0,29.0,1.0,0.0,0.0,1.0,1.0,1.0,1.0,2024
São Paulo,2,32.0,838.0,838.0,0.0,0.0,0.0,803.0,35.0,0.0,0.0,0.0,1.0,1.0,1.0,1.0,2024
São Paulo,2,61.0,1696.0,195.0,458.0,0.0,0.0,196.0,435.0,817.0,248.0,0.0,1.0,1.0,1.0,1.0,2024
São Paulo,2,27.0,682.0,682.0,0.0,0.0,0.0,655.0,27.0,0.0,0.0,0.0,1.0,1.0,1.0,1.0,2024
São Paulo,2,30.0,602.0,0.0,431.0,0.0,0.0,1.0,397.0,189.0,15.0,0.0,1.0,1.0,1.0,1.0,2024
São Paulo,2,44.0,927.0,0.0,346.0,0.0,0.0,1.0,324.0,499.0,103.0,0.0,1.0,1.0,1.0,1.0,2024
São Paulo,2,58.0,1143.0,287.0,235.0,0.0,0.0,263.0,247.0,542.0,91.0,0.0,1.0,1.0,1.0,1.0,2024
São Paulo,2,15.0,192.0,0.0,150.0,0.0,0.0,0.0,139.0,48.0,5.0,0.0,1.0,1.0,0.0,1.0,2024
São Paulo,2,29.0,455.0,269.0,186.0,0.0,0.0,260.0,182.0,13.0,0.0,0.0,0.0,1.0,1.0,1.0,2024
São Paulo,2,102.0,1693.0,0.0,0.0,0.0,0.0,0.0,4.0,803.0,886.0,1.0,1.0,1.0,1.0,0.0,2024
São Paulo,2,67.0,2174.0,0.0,286.0,0.0,0.0,1.0,264.0,1656.0,253.0,0.0,1.0,1.0,1.0,1.0,2024
São Paulo,2,,,,,,,,,,,,,,,,2024
São Paulo,2,,,,,,,,,,,,,,,,2024
São Paulo,2,27.0,327.0,0.0,151.0,0.0,0.0,0.0,141.0,181.0,5.0,0.0,1.0,1.0,1.0,1.0,2024
São Paulo,2,46.0,741.0,194.0,297.0,0.0,0.0,182.0,279.0,266.0,14.0,0.0,0.0,1.0,1.0,1.0,2024
São Paulo,2,36.0,646.0,257.0,316.0,0.0,0.0,241.0,304.0,95.0,6.0,0.0,1.0,1.0,1.0,0.0,2024
São Paulo,2,43.0,693.0,384.0,309.0,0.0,0.0,364.0,304.0,25.0,0.0,0.0,1.0,1.0,1.0,0.0,2024
São Paulo,2,71.0,1619.0,178.0,235.0,0.0,0.0,153.0,246.0,841.0,379.0,0.0,0.0,1.0,1.0,0.0,2024
São Paulo,2,85.0,1849.0,0.0,456.0,0.0,0.0,1.0,427.0,1164.0,257.0,0.0,1.0,1.0,1.0,1.0,2024
São Paulo,2,41.0,843.0,843.0,0.0,0.0,0.0,796.0,47.0,0.0,0.0,0.0,1.0,1.0,1.0,1.0,2024
São Paulo,2,23.0,510.0,510.0,0.0,0.0,0.0,480.0,30.0,0.0,0.0,0.0,1.0,1.0,0.0,1.0,2024
São Paulo,2,27.0,611.0,611.0,0.0,0.0,0.0,588.0,23.0,0.0,0.0,0.0,0.0,1.0,1.0,0.0,2024
São Paulo,2,13.0,271.0,271.0,0.0,0.0,0.0,260.0,11.0,0.0,0.0,0.0,0.0,1.0,0.0,1.0,2024
São Paulo,2,16.0,330.0,0.0,0.0,0.0,0.0,0.0,2.0,316.0,12.0,0.0,1.0,1.0,1.0,0.0,2024
São Paulo,2,35.0,819.0,819.0,0.0,0.0,0.0,772.0,46.0,1.0,0.0,1.0,0.0,1.0,1.0,1.0,2024
São Paulo,2,,,,,,,,,,,,,,,,2024
São Paulo,2,19.0,368.0,368.0,0.0,0.0,0.0,359.0,9.0,0.0,0.0,0.0,1.0,1.0,1.0,1.0,2024
São Paulo,2,26.0,397.0,0.0,215.0,0.0,0.0,1.0,191.0,192.0,13.0,0.0,1.0,1.0,1.0,1.0,2024
São Paulo,2,40.0,793.0,0.0,0.0,0.0,0.0,0.0,8.0,604.0,181.0,0.0,1.0,1.0,1.0,0.0,2024
São Paulo,2,15.0,326.0,0.0,0.0,0.0,0.0,0.0,2.0,307.0,17.0,0.0,1.0,1.0,1.0,1.0,2024
São Paulo,2,16.0,325.0,0.0,325.0,0.0,0.0,0.0,307.0,18.0,0.0,0.0,1.0,1.0,1.0,1.0,2024
São Paulo,2,13.0,180.0,180.0,0.0,0.0,0.0,169.0,11.0,0.0,0.0,1.0,1.0,1.0,1.0,1.0,2024
São Paulo,2,22.0,492.0,0.0,0.0,0.0,0.0,0.0,1.0,448.0,43.0,0.0,1.0,1.0,1.0,1.0,2024
São Paulo,2,22.0,370.0,370.0,0.0,0.0,0.0,353.0,17.0,0.0,0.0,0.0,1.0,1.0,1.0,1.0,2024
São Paulo,2,20.0,346.0,346.0,0.0,0.0,0.0,327.0,19.0,0.0,0.0,0.0,1.0,1.0,1.0,1.0,2024
São Paulo,2,22.0,444.0,0.0,0.0,0.0,0.0,0.0,3.0,418.0,23.0,0.0,1.0,1.0,1.0,1.0,2024
São Paulo,2,,,,,,,,,,,0.0,0.0,1.0,0.0,0.0,2024
São Paulo,2,17.0,318.0,0.0,318.0,0.0,0.0,2.0,296.0,20.0,0.0,0.0,1.0,1.0,0.0,1.0,2024
São Paulo,2,39.0,949.0,299.0,267.0,0.0,0.0,286.0,253.0,370.0,40.0,1.0,1.0,1.0,1.0,1.0,2024
São Paulo,2,64.0,1308.0,423.0,483.0,0.0,0.0,381.0,467.0,410.0,50.0,0.0,1.0,1.0,1.0,1.0,2024
São Paulo,2,,,,,,,,,,,0.0,0.0,1.0,0.0,0.0,2024
São Paulo,2,,,,,,,,,,,,,,,,2024
São Paulo,2,,,,,,,,,,,,,,,,2024
São Paulo,2,32.0,551.0,319.0,232.0,0.0,0.0,304.0,229.0,18.0,0.0,0.0,1.0,1.0,1.0,0.0,2024
São Paulo,2,46.0,1085.0,0.0,546.0,0.0,0.0,1.0,508.0,545.0,31.0,0.0,1.0,1.0,1.0,0.0,2024
São Paulo,2,30.0,598.0,598.0,0.0,0.0,0.0,579.0,19.0,0.0,0.0,0.0,1.0,1.0,1.0,1.0,2024
São Paulo,2,27.0,471.0,471.0,0.0,0.0,0.0,450.0,21.0,0.0,0.0,0.0,1.0,1.0,1.0,0.0,2024
São Paulo,2,23.0,423.0,0.0,295.0,0.0,0.0,1.0,281.0,129.0,12.0,0.0,1.0,1.0,1.0,1.0,2024
São Paulo,2,36.0,802.0,802.0,0.0,0.0,0.0,771.0,31.0,0.0,0.0,0.0,1.0,1.0,1.0,1.0,2024
São Paulo,2,59.0,1344.0,0.0,372.0,0.0,0.0,0.0,333.0,740.0,271.0,0.0,1.0,1.0,1.0,1.0,2024
São Paulo,2,33.0,772.0,772.0,0.0,0.0,0.0,745.0,27.0,0.0,0.0,0.0,1.0,1.0,1.0,0.0,2024
São Paulo,2,18.0,365.0,0.0,365.0,0.0,0.0,2.0,348.0,15.0,0.0,0.0,1.0,1.0,1.0,1.0,2024
São Paulo,2,28.0,566.0,566.0,0.0,0.0,0.0,545.0,20.0,1.0,0.0,0.0,1.0,1.0,1.0,1.0,2024
São Paulo,2,48.0,904.0,0.0,226.0,0.0,0.0,1.0,216.0,513.0,174.0,0.0,1.0,1.0,1.0,1.0,2024
São Paulo,2,23.0,381.0,381.0,0.0,0.0,0.0,363.0,18.0,0.0,0.0,0.0,0.0,1.0,1.0,1.0,2024
São Paulo,2,23.0,374.0,374.0,0.0,0.0,0.0,362.0,12.0,0.0,0.0,0.0,1.0,1.0,1.0,1.0,2024
São Paulo,2,39.0,796.0,0.0,316.0,0.0,0.0,0.0,289.0,466.0,41.0,0.0,1.0,1.0,1.0,1.0,2024
São Paulo,2,21.0,300.0,0.0,229.0,0.0,0.0,3.0,215.0,75.0,7.0,0.0,1.0,1.0,0.0,1.0,2024
São Paulo,2,36.0,720.0,720.0,0.0,0.0,0.0,689.0,31.0,0.0,0.0,0.0,0.0,1.0,1.0,1.0,2024
São Paulo,2,17.0,336.0,0.0,0.0,0.0,0.0,0.0,2.0,317.0,17.0,0.0,0.0,1.0,1.0,0.0,2024
São Paulo,2,44.0,1102.0,413.0,392.0,0.0,0.0,395.0,382.0,303.0,22.0,0.0,1.0,1.0,1.0,1.0,2024
São Paulo,2,30.0,484.0,223.0,154.0,0.0,0.0,217.0,149.0,101.0,17.0,0.0,1.0,1.0,1.0,1.0,2024
São Paulo,2,31.0,586.0,289.0,297.0,0.0,0.0,281.0,285.0,20.0,0.0,0.0,0.0,1.0,1.0,1.0,2024
São Paulo,2,22.0,384.0,384.0,0.0,0.0,0.0,369.0,15.0,0.0,0.0,0.0,1.0,1.0,1.0,1.0,2024
São Paulo,2,39.0,928.0,311.0,306.0,0.0,0.0,304.0,289.0,311.0,24.0,0.0,1.0,1.0,1.0,1.0,2024
São Paulo,2,81.0,1845.0,0.0,0.0,0.0,0.0,0.0,12.0,1449.0,384.0,1.0,1.0,1.0,0.0,1.0,2024
São Paulo,2,24.0,560.0,0.0,296.0,0.0,0.0,2.0,287.0,252.0,19.0,0.0,1.0,1.0,1.0,1.0,2024
São Paulo,2,19.0,330.0,0.0,113.0,0.0,0.0,0.0,103.0,195.0,32.0,0.0,1.0,1.0,1.0,0.0,2024
São Paulo,2,12.0,63.0,0.0,25.0,0.0,0.0,0.0,9.0,36.0,18.0,0.0,0.0,0.0,0.0,0.0,2024
São Paulo,2,41.0,848.0,0.0,53.0,0.0,0.0,0.0,43.0,556.0,249.0,0.0,1.0,1.0,1.0,1.0,2024
São Paulo,2,74.0,1725.0,0.0,667.0,0.0,0.0,0.0,620.0,710.0,395.0,0.0,1.0,1.0,1.0,1.0,2024
São Paulo,2,35.0,769.0,769.0,0.0,0.0,0.0,730.0,39.0,0.0,0.0,0.0,1.0,1.0,1.0,0.0,2024
São Paulo,2,57.0,1267.0,0.0,0.0,0.0,0.0,0.0,0.0,802.0,465.0,0.0,1.0,1.0,1.0,0.0,2024
São Paulo,2,24.0,527.0,527.0,0.0,0.0,0.0,499.0,28.0,0.0,0.0,0.0,1.0,1.0,1.0,0.0,2024
São Paulo,2,53.0,1244.0,1244.0,0.0,0.0,0.0,1192.0,52.0,0.0,0.0,0.0,1.0,1.0,1.0,1.0,2024
São Paulo,2,28.0,801.0,801.0,0.0,0.0,0.0,767.0,34.0,0.0,0.0,0.0,0.0,1.0,1.0,0.0,2024
São Paulo,2,50.0,1001.0,370.0,459.0,0.0,0.0,342.0,425.0,217.0,17.0,0.0,0.0,1.0,1.0,1.0,2024
São Paulo,2,30.0,852.0,0.0,277.0,0.0,0.0,1.0,248.0,529.0,74.0,0.0,1.0,1.0,1.0,1.0,2024
São Paulo,2,41.0,874.0,298.0,250.0,0.0,0.0,285.0,244.0,295.0,50.0,0.0,0.0,1.0,1.0,0.0,2024
São Paulo,2,91.0,2442.0,851.0,750.0,0.0,0.0,813.0,687.0,779.0,163.0,0.0,1.0,1.0,1.0,0.0,2024
São Paulo,2,43.0,1350.0,0.0,612.0,0.0,0.0,0.0,570.0,697.0,83.0,0.0,1.0,1.0,1.0,0.0,2024
São Paulo,2,30.0,699.0,0.0,432.0,0.0,0.0,1.0,399.0,276.0,23.0,0.0,1.0,1.0,1.0,0.0,2024
São Paulo,2,38.0,717.0,285.0,282.0,0.0,0.0,277.0,273.0,163.0,4.0,0.0,1.0,1.0,1.0,0.0,2024
São Paulo,2,82.0,2108.0,773.0,675.0,0.0,0.0,715.0,673.0,649.0,71.0,0.0,1.0,1.0,1.0,0.0,2024
São Paulo,2,25.0,313.0,0.0,195.0,0.0,0.0,0.0,164.0,139.0,10.0,0.0,1.0,1.0,1.0,0.0,2024
São Paulo,2,41.0,1213.0,0.0,521.0,0.0,0.0,1.0,480.0,671.0,61.0,1.0,1.0,1.0,1.0,1.0,2024
São Paulo,2,14.0,94.0,41.0,36.0,0.0,0.0,35.0,32.0,18.0,9.0,0.0,0.0,1.0,0.0,1.0,2024
São Paulo,2,12.0,144.0,0.0,0.0,0.0,0.0,0.0,0.0,0.0,144.0,0.0,0.0,0.0,0.0,0.0,2024
São Paulo,2,42.0,971.0,354.0,279.0,0.0,0.0,336.0,269.0,335.0,31.0,0.0,1.0,1.0,1.0,1.0,2024
São Paulo,2,12.0,292.0,292.0,0.0,0.0,0.0,278.0,14.0,0.0,0.0,0.0,0.0,1.0,1.0,0.0,2024
São Paulo,2,,,,,,,,,,,,,,,,2024
São Paulo,2,55.0,1326.0,638.0,314.0,0.0,0.0,610.0,308.0,365.0,43.0,0.0,0.0,1.0,1.0,1.0,2024
São Paulo,2,33.0,721.0,0.0,414.0,0.0,0.0,0.0,376.0,322.0,23.0,0.0,1.0,1.0,1.0,1.0,2024
São Paulo,2,48.0,1479.0,0.0,620.0,0.0,0.0,1.0,588.0,811.0,79.0,0.0,1.0,1.0,1.0,0.0,2024
São Paulo,2,29.0,742.0,742.0,0.0,0.0,0.0,710.0,32.0,0.0,0.0,0.0,0.0,1.0,0.0,1.0,2024
São Paulo,2,,,,,,,,,,,,,,,,2024
São Paulo,2,13.0,281.0,117.0,94.0,0.0,0.0,107.0,87.0,62.0,25.0,0.0,1.0,1.0,0.0,1.0,2024
São Paulo,2,,,,,,,,,,,,,,,,2024
São Paulo,2,52.0,1565.0,0.0,562.0,0.0,0.0,0.0,515.0,908.0,142.0,0.0,1.0,1.0,1.0,1.0,2024
São Paulo,2,46.0,989.0,570.0,419.0,0.0,0.0,529.0,422.0,38.0,0.0,0.0,1.0,1.0,1.0,1.0,2024
São Paulo,2,,,,,,,,,,,0.0,1.0,1.0,1.0,0.0,2024
São Paulo,2,37.0,894.0,523.0,371.0,0.0,0.0,494.0,372.0,28.0,0.0,0.0,1.0,1.0,1.0,0.0,2024
São Paulo,2,59.0,1409.0,339.0,545.0,0.0,0.0,317.0,521.0,525.0,46.0,0.0,1.0,1.0,1.0,1.0,2024
São Paulo,2,54.0,1313.0,0.0,796.0,0.0,0.0,1.0,738.0,496.0,78.0,0.0,1.0,1.0,1.0,1.0,2024
São Paulo,2,,,,,,,,,,,,,,,,2024
São Paulo,2,51.0,1416.0,134.0,534.0,0.0,0.0,110.0,519.0,689.0,98.0,0.0,1.0,1.0,1.0,1.0,2024
São Paulo,2,41.0,981.0,0.0,479.0,0.0,0.0,1.0,445.0,497.0,38.0,0.0,1.0,1.0,1.0,0.0,2024
São Paulo,2,65.0,1719.0,523.0,444.0,0.0,0.0,498.0,425.0,690.0,106.0,0.0,1.0,1.0,1.0,1.0,2024
São Paulo,2,38.0,747.0,255.0,307.0,0.0,0.0,236.0,284.0,206.0,21.0,0.0,1.0,1.0,1.0,0.0,2024
São Paulo,2,32.0,715.0,456.0,259.0,0.0,0.0,434.0,262.0,19.0,0.0,0.0,1.0,1.0,1.0,0.0,2024
São Paulo,2,30.0,660.0,660.0,0.0,0.0,0.0,643.0,17.0,0.0,0.0,1.0,1.0,1.0,1.0,0.0,2024
São Paulo,2,31.0,710.0,710.0,0.0,0.0,0.0,680.0,30.0,0.0,0.0,0.0,1.0,1.0,1.0,0.0,2024
São Paulo,2,29.0,740.0,740.0,0.0,0.0,0.0,709.0,31.0,0.0,0.0,0.0,0.0,1.0,1.0,0.0,2024
São Paulo,2,43.0,1124.0,1124.0,0.0,0.0,0.0,1063.0,61.0,0.0,0.0,0.0,1.0,1.0,1.0,1.0,2024
São Paulo,2,21.0,477.0,0.0,255.0,0.0,0.0,3.0,232.0,223.0,19.0,0.0,1.0,1.0,1.0,1.0,2024
São Paulo,2,,,,,,,,,,,,,,,,2024
São Paulo,2,58.0,1167.0,0.0,550.0,0.0,0.0,0.0,511.0,531.0,125.0,1.0,1.0,1.0,1.0,0.0,2024
São Paulo,2,62.0,1751.0,0.0,574.0,0.0,0.0,0.0,509.0,1077.0,165.0,0.0,1.0,1.0,1.0,1.0,2024
São Paulo,2,,,,,,,,,,,,,,,,2024
São Paulo,2,39.0,793.0,0.0,278.0,0.0,0.0,0.0,260.0,392.0,141.0,0.0,0.0,1.0,1.0,1.0,2024
São Paulo,2,41.0,982.0,0.0,534.0,0.0,0.0,2.0,508.0,399.0,73.0,0.0,1.0,1.0,1.0,1.0,2024
São Paulo,2,40.0,972.0,485.0,487.0,0.0,0.0,460.0,507.0,5.0,0.0,0.0,0.0,1.0,1.0,1.0,2024
São Paulo,2,60.0,1849.0,0.0,734.0,0.0,0.0,0.0,674.0,1020.0,155.0,0.0,1.0,1.0,1.0,1.0,2024
São Paulo,2,48.0,1192.0,1192.0,0.0,0.0,0.0,1134.0,58.0,0.0,0.0,0.0,1.0,1.0,1.0,1.0,2024
São Paulo,2,40.0,1120.0,0.0,404.0,0.0,0.0,2.0,357.0,597.0,164.0,0.0,1.0,1.0,1.0,1.0,2024
São Paulo,2,19.0,352.0,352.0,0.0,0.0,0.0,327.0,25.0,0.0,0.0,0.0,1.0,1.0,1.0,1.0,2024
São Paulo,2,39.0,901.0,901.0,0.0,0.0,0.0,862.0,39.0,0.0,0.0,0.0,1.0,1.0,0.0,1.0,2024
São Paulo,2,27.0,562.0,562.0,0.0,0.0,0.0,542.0,20.0,0.0,0.0,0.0,1.0,1.0,1.0,0.0,2024
São Paulo,2,28.0,596.0,596.0,0.0,0.0,0.0,570.0,26.0,0.0,0.0,0.0,1.0,1.0,1.0,1.0,2024
São Paulo,2,65.0,1889.0,0.0,0.0,0.0,0.0,0.0,8.0,1671.0,210.0,0.0,1.0,1.0,1.0,1.0,2024
São Paulo,2,27.0,642.0,642.0,0.0,0.0,0.0,613.0,29.0,0.0,0.0,0.0,1.0,1.0,0.0,1.0,2024
São Paulo,2,24.0,464.0,0.0,161.0,0.0,0.0,2.0,144.0,284.0,34.0,0.0,1.0,1.0,1.0,1.0,2024
São Paulo,2,16.0,305.0,0.0,305.0,0.0,0.0,1.0,288.0,16.0,0.0,0.0,1.0,1.0,1.0,1.0,2024
São Paulo,2,78.0,1616.0,0.0,0.0,0.0,0.0,0.0,2.0,1393.0,221.0,0.0,1.0,1.0,1.0,1.0,2024
São Paulo,2,57.0,918.0,0.0,421.0,0.0,0.0,4.0,378.0,382.0,154.0,0.0,1.0,1.0,1.0,1.0,2024
São Paulo,2,,,,,,,,,,,,,,,,2024
São Paulo,2,24.0,496.0,0.0,0.0,0.0,0.0,0.0,6.0,470.0,20.0,0.0,0.0,1.0,1.0,1.0,2024
São Paulo,2,20.0,420.0,0.0,420.0,0.0,0.0,2.0,400.0,18.0,0.0,0.0,1.0,1.0,1.0,1.0,2024
São Paulo,2,34.0,692.0,0.0,692.0,0.0,0.0,1.0,648.0,43.0,0.0,0.0,1.0,1.0,1.0,1.0,2024
São Paulo,2,64.0,1520.0,0.0,548.0,0.0,0.0,2.0,496.0,898.0,124.0,0.0,1.0,1.0,1.0,1.0,2024
São Paulo,2,100.0,1335.0,0.0,0.0,0.0,0.0,0.0,10.0,796.0,529.0,1.0,1.0,1.0,1.0,1.0,2024
São Paulo,2,29.0,719.0,719.0,0.0,0.0,0.0,677.0,41.0,1.0,0.0,0.0,1.0,1.0,1.0,1.0,2024
São Paulo,2,80.0,1148.0,0.0,0.0,0.0,0.0,0.0,6.0,783.0,359.0,1.0,1.0,1.0,1.0,1.0,2024
São Paulo,2,,,,,,,,,,,0.0,0.0,1.0,0.0,0.0,2024
São Paulo,2,14.0,213.0,0.0,213.0,0.0,0.0,0.0,193.0,20.0,0.0,0.0,1.0,1.0,1.0,1.0,2024
São Paulo,2,18.0,296.0,0.0,0.0,0.0,0.0,0.0,3.0,259.0,34.0,0.0,1.0,1.0,1.0,1.0,2024
São Paulo,2,17.0,272.0,0.0,0.0,0.0,0.0,0.0,3.0,257.0,12.0,0.0,1.0,1.0,1.0,1.0,2024
São Paulo,2,15.0,242.0,0.0,192.0,0.0,0.0,0.0,180.0,61.0,1.0,1.0,1.0,1.0,1.0,1.0,2024
São Paulo,2,19.0,275.0,275.0,0.0,0.0,0.0,261.0,13.0,1.0,0.0,0.0,0.0,1.0,1.0,1.0,2024
São Paulo,2,,,,,,,,,,,0.0,0.0,1.0,0.0,0.0,2024
São Paulo,2,96.0,2429.0,374.0,474.0,0.0,0.0,363.0,444.0,1198.0,424.0,0.0,1.0,1.0,1.0,1.0,2024
São Paulo,2,40.0,852.0,852.0,0.0,0.0,0.0,825.0,27.0,0.0,0.0,0.0,1.0,1.0,1.0,1.0,2024
São Paulo,2,42.0,1090.0,0.0,362.0,0.0,0.0,0.0,337.0,663.0,90.0,0.0,1.0,1.0,1.0,0.0,2024
São Paulo,2,31.0,793.0,0.0,342.0,0.0,0.0,0.0,322.0,390.0,81.0,0.0,1.0,1.0,1.0,1.0,2024
São Paulo,2,41.0,811.0,0.0,0.0,0.0,0.0,0.0,8.0,556.0,247.0,1.0,1.0,1.0,1.0,1.0,2024
São Paulo,2,45.0,771.0,0.0,0.0,0.0,0.0,0.0,2.0,531.0,238.0,1.0,1.0,1.0,1.0,0.0,2024
São Paulo,2,64.0,856.0,0.0,0.0,0.0,0.0,0.0,7.0,567.0,282.0,1.0,1.0,1.0,1.0,1.0,2024
São Paulo,2,29.0,530.0,530.0,0.0,0.0,0.0,511.0,19.0,0.0,0.0,0.0,1.0,1.0,0.0,1.0,2024
São Paulo,2,50.0,1123.0,247.0,190.0,0.0,0.0,244.0,179.0,636.0,64.0,0.0,1.0,1.0,1.0,0.0,2024
São Paulo,2,37.0,590.0,0.0,0.0,0.0,0.0,0.0,4.0,500.0,86.0,0.0,1.0,1.0,1.0,1.0,2024
São Paulo,2,74.0,1141.0,0.0,0.0,0.0,0.0,0.0,14.0,709.0,418.0,1.0,1.0,1.0,1.0,1.0,2024
São Paulo,2,11.0,180.0,0.0,0.0,0.0,0.0,0.0,0.0,165.0,15.0,0.0,1.0,1.0,1.0,0.0,2024
São Paulo,2,20.0,411.0,0.0,411.0,0.0,0.0,1.0,393.0,17.0,0.0,0.0,1.0,1.0,1.0,1.0,2024
São Paulo,2,17.0,290.0,290.0,0.0,0.0,0.0,280.0,10.0,0.0,0.0,0.0,1.0,1.0,1.0,1.0,2024
São Paulo,2,18.0,202.0,202.0,0.0,0.0,0.0,196.0,6.0,0.0,0.0,0.0,1.0,1.0,1.0,1.0,2024
São Paulo,2,5.0,19.0,0.0,0.0,9.0,10.0,0.0,0.0,0.0,0.0,1.0,0.0,1.0,0.0,1.0,2024
São Paulo,2,28.0,608.0,608.0,0.0,0.0,0.0,580.0,28.0,0.0,0.0,0.0,0.0,1.0,1.0,0.0,2024
São Paulo,2,58.0,1331.0,0.0,171.0,0.0,0.0,0.0,159.0,839.0,333.0,0.0,1.0,1.0,1.0,0.0,2024
São Paulo,2,30.0,507.0,0.0,192.0,0.0,0.0,1.0,185.0,292.0,29.0,0.0,1.0,1.0,1.0,0.0,2024
São Paulo,2,42.0,913.0,0.0,203.0,0.0,0.0,0.0,188.0,473.0,252.0,0.0,1.0,1.0,1.0,0.0,2024
São Paulo,2,25.0,492.0,492.0,0.0,0.0,0.0,474.0,18.0,0.0,0.0,0.0,1.0,1.0,1.0,1.0,2024
São Paulo,2,64.0,1507.0,0.0,373.0,0.0,0.0,0.0,335.0,860.0,312.0,0.0,1.0,1.0,1.0,1.0,2024
São Paulo,2,52.0,1526.0,0.0,430.0,0.0,0.0,0.0,402.0,976.0,148.0,0.0,1.0,1.0,1.0,1.0,2024
São Paulo,2,21.0,479.0,0.0,367.0,0.0,0.0,0.0,339.0,130.0,10.0,0.0,1.0,1.0,1.0,0.0,2024
São Paulo,2,27.0,495.0,495.0,0.0,0.0,0.0,460.0,35.0,0.0,0.0,0.0,1.0,1.0,1.0,0.0,2024
São Paulo,2,19.0,338.0,338.0,0.0,0.0,0.0,316.0,22.0,0.0,0.0,0.0,1.0,1.0,1.0,1.0,2024
São Paulo,2,19.0,368.0,368.0,0.0,0.0,0.0,349.0,19.0,0.0,0.0,0.0,1.0,1.0,1.0,1.0,2024
São Paulo,2,55.0,1117.0,0.0,379.0,0.0,0.0,0.0,331.0,575.0,211.0,0.0,1.0,1.0,1.0,1.0,2024
São Paulo,2,20.0,341.0,341.0,0.0,0.0,0.0,327.0,14.0,0.0,0.0,0.0,1.0,1.0,1.0,1.0,2024
São Paulo,2,22.0,392.0,0.0,271.0,0.0,0.0,0.0,248.0,140.0,4.0,0.0,1.0,1.0,1.0,1.0,2024
São Paulo,2,9.0,61.0,0.0,28.0,0.0,0.0,0.0,2.0,44.0,15.0,0.0,0.0,1.0,1.0,1.0,2024
São Paulo,2,23.0,460.0,460.0,0.0,0.0,0.0,455.0,5.0,0.0,0.0,0.0,1.0,1.0,1.0,0.0,2024
São Paulo,2,23.0,476.0,476.0,0.0,0.0,0.0,448.0,28.0,0.0,0.0,0.0,0.0,1.0,0.0,0.0,2024
São Paulo,2,36.0,836.0,836.0,0.0,0.0,0.0,788.0,48.0,0.0,0.0,0.0,1.0,1.0,0.0,1.0,2024
São Paulo,2,46.0,628.0,0.0,242.0,0.0,0.0,2.0,222.0,228.0,176.0,0.0,1.0,1.0,1.0,1.0,2024
São Paulo,2,35.0,909.0,0.0,559.0,0.0,0.0,0.0,523.0,358.0,28.0,0.0,1.0,1.0,1.0,1.0,2024
São Paulo,2,27.0,537.0,537.0,0.0,0.0,0.0,505.0,32.0,0.0,0.0,0.0,1.0,1.0,1.0,1.0,2024
São Paulo,2,18.0,234.0,234.0,0.0,0.0,0.0,220.0,14.0,0.0,0.0,0.0,1.0,1.0,1.0,0.0,2024
São Paulo,2,26.0,530.0,530.0,0.0,0.0,0.0,503.0,27.0,0.0,0.0,1.0,1.0,1.0,1.0,1.0,2024
São Paulo,2,40.0,633.0,0.0,318.0,0.0,0.0,1.0,294.0,315.0,23.0,0.0,1.0,1.0,1.0,1.0,2024
São Paulo,2,31.0,442.0,0.0,151.0,0.0,0.0,2.0,141.0,289.0,10.0,0.0,1.0,1.0,1.0,1.0,2024
São Paulo,2,23.0,455.0,455.0,0.0,0.0,0.0,433.0,22.0,0.0,0.0,0.0,0.0,1.0,1.0,0.0,2024
São Paulo,2,42.0,668.0,0.0,157.0,0.0,0.0,0.0,139.0,478.0,51.0,0.0,1.0,1.0,1.0,1.0,2024
São Paulo,2,,,,,,,,,,,,,,,,2024
São Paulo,2,,,,,,,,,,,,,,,,2024
São Paulo,2,53.0,832.0,0.0,0.0,0.0,0.0,0.0,4.0,351.0,477.0,0.0,1.0,1.0,1.0,0.0,2024
São Paulo,2,42.0,694.0,0.0,0.0,0.0,0.0,0.0,3.0,446.0,245.0,0.0,1.0,1.0,0.0,0.0,2024
São Paulo,2,,,,,,,,,,,,,,,,2024
São Paulo,2,,,,,,,,,,,,,,,,2024
São Paulo,2,,,,,,,,,,,,,,,,2024
São Paulo,2,,,,,,,,,,,,,,,,2024
São Paulo,2,52.0,1260.0,0.0,52.0,0.0,0.0,0.0,39.0,811.0,410.0,0.0,1.0,1.0,1.0,1.0,2024
São Paulo,2,50.0,1062.0,266.0,371.0,0.0,0.0,255.0,364.0,419.0,24.0,0.0,1.0,1.0,0.0,1.0,2024
São Paulo,2,34.0,578.0,31.0,161.0,0.0,0.0,27.0,157.0,273.0,121.0,0.0,1.0,1.0,0.0,1.0,2024
São Paulo,2,40.0,751.0,383.0,368.0,0.0,0.0,356.0,350.0,45.0,0.0,0.0,1.0,1.0,0.0,1.0,2024
São Paulo,2,7.0,6343.0,0.0,0.0,0.0,0.0,0.0,0.0,720.0,5623.0,1.0,0.0,1.0,0.0,0.0,2024
São Paulo,2,17.0,307.0,307.0,0.0,0.0,0.0,293.0,14.0,0.0,0.0,0.0,0.0,1.0,0.0,0.0,2024
São Paulo,2,19.0,385.0,0.0,385.0,0.0,0.0,0.0,362.0,23.0,0.0,0.0,1.0,1.0,1.0,1.0,2024
São Paulo,2,61.0,1170.0,0.0,391.0,0.0,0.0,1.0,352.0,725.0,92.0,0.0,1.0,1.0,1.0,1.0,2024
São Paulo,2,30.0,622.0,622.0,0.0,0.0,0.0,593.0,29.0,0.0,0.0,0.0,1.0,1.0,1.0,1.0,2024
São Paulo,2,54.0,943.0,0.0,208.0,0.0,0.0,0.0,186.0,573.0,184.0,1.0,1.0,1.0,1.0,1.0,2024
São Paulo,2,25.0,385.0,385.0,0.0,0.0,0.0,367.0,18.0,0.0,0.0,0.0,0.0,1.0,1.0,1.0,2024
São Paulo,2,16.0,209.0,0.0,209.0,0.0,0.0,0.0,198.0,11.0,0.0,0.0,1.0,1.0,1.0,1.0,2024
São Paulo,2,29.0,617.0,617.0,0.0,0.0,0.0,594.0,23.0,0.0,0.0,0.0,1.0,1.0,1.0,1.0,2024
São Paulo,2,45.0,1068.0,0.0,0.0,0.0,0.0,0.0,1.0,765.0,302.0,0.0,1.0,1.0,1.0,1.0,2024
São Paulo,2,35.0,789.0,789.0,0.0,0.0,0.0,748.0,41.0,0.0,0.0,0.0,0.0,1.0,1.0,0.0,2024
São Paulo,2,34.0,731.0,319.0,412.0,0.0,0.0,305.0,414.0,12.0,0.0,0.0,1.0,1.0,1.0,0.0,2024
São Paulo,2,65.0,1942.0,0.0,0.0,0.0,0.0,0.0,2.0,1653.0,287.0,0.0,1.0,1.0,1.0,1.0,2024
São Paulo,2,32.0,616.0,327.0,289.0,0.0,0.0,314.0,288.0,14.0,0.0,0.0,1.0,1.0,1.0,0.0,2024
São Paulo,2,56.0,1356.0,0.0,491.0,0.0,0.0,0.0,454.0,509.0,393.0,0.0,1.0,1.0,1.0,0.0,2024
São Paulo,2,17.0,290.0,0.0,187.0,0.0,0.0,1.0,178.0,99.0,12.0,0.0,1.0,1.0,1.0,0.0,2024
São Paulo,2,17.0,265.0,0.0,158.0,0.0,0.0,0.0,152.0,106.0,7.0,0.0,1.0,1.0,1.0,1.0,2024
São Paulo,2,23.0,434.0,434.0,0.0,0.0,0.0,424.0,10.0,0.0,0.0,0.0,1.0,1.0,1.0,1.0,2024
São Paulo,2,33.0,702.0,0.0,457.0,0.0,0.0,3.0,437.0,242.0,20.0,0.0,1.0,1.0,1.0,0.0,2024
São Paulo,2,26.0,568.0,568.0,0.0,0.0,0.0,537.0,31.0,0.0,0.0,0.0,1.0,1.0,1.0,0.0,2024
São Paulo,2,,,,,,,,,,,,,,,,2024
São Paulo,2,56.0,1337.0,431.0,333.0,0.0,0.0,402.0,352.0,487.0,96.0,0.0,0.0,1.0,1.0,0.0,2024
São Paulo,2,34.0,998.0,0.0,0.0,0.0,0.0,0.0,5.0,908.0,85.0,0.0,1.0,1.0,1.0,1.0,2024
São Paulo,2,33.0,762.0,762.0,0.0,0.0,0.0,733.0,29.0,0.0,0.0,0.0,1.0,1.0,1.0,0.0,2024
São Paulo,2,63.0,1554.0,0.0,548.0,0.0,0.0,2.0,500.0,653.0,399.0,0.0,1.0,1.0,1.0,1.0,2024
São Paulo,2,39.0,1028.0,512.0,516.0,0.0,0.0,473.0,511.0,44.0,0.0,0.0,1.0,1.0,1.0,1.0,2024
São Paulo,2,39.0,946.0,515.0,431.0,0.0,0.0,496.0,425.0,25.0,0.0,1.0,1.0,1.0,1.0,0.0,2024
São Paulo,2,18.0,329.0,329.0,0.0,0.0,0.0,319.0,10.0,0.0,0.0,0.0,0.0,1.0,1.0,1.0,2024
São Paulo,2,35.0,764.0,764.0,0.0,0.0,0.0,721.0,43.0,0.0,0.0,0.0,1.0,1.0,1.0,1.0,2024
São Paulo,2,34.0,734.0,0.0,404.0,0.0,0.0,2.0,366.0,322.0,44.0,0.0,1.0,1.0,1.0,1.0,2024
São Paulo,2,51.0,1136.0,0.0,815.0,0.0,0.0,1.0,739.0,355.0,41.0,0.0,1.0,1.0,1.0,1.0,2024
São Paulo,2,25.0,534.0,534.0,0.0,0.0,0.0,511.0,23.0,0.0,0.0,0.0,0.0,1.0,0.0,1.0,2024
São Paulo,2,66.0,1298.0,0.0,584.0,0.0,0.0,0.0,543.0,506.0,249.0,0.0,1.0,1.0,1.0,1.0,2024
São Paulo,2,,,,,,,,,,,,,,,,2024
São Paulo,2,22.0,216.0,0.0,0.0,0.0,0.0,0.0,0.0,188.0,28.0,1.0,0.0,1.0,0.0,1.0,2024
São Paulo,2,13.0,261.0,0.0,261.0,0.0,0.0,1.0,247.0,13.0,0.0,0.0,1.0,1.0,1.0,1.0,2024
São Paulo,2,25.0,485.0,0.0,351.0,0.0,0.0,3.0,336.0,140.0,6.0,0.0,1.0,1.0,1.0,1.0,2024
São Paulo,2,18.0,312.0,0.0,207.0,0.0,0.0,1.0,194.0,112.0,5.0,1.0,1.0,1.0,1.0,1.0,2024
São Paulo,2,27.0,413.0,0.0,117.0,0.0,0.0,0.0,111.0,199.0,103.0,0.0,1.0,1.0,1.0,0.0,2024
São Paulo,2,26.0,632.0,0.0,0.0,0.0,0.0,0.0,5.0,562.0,65.0,0.0,1.0,1.0,1.0,0.0,2024
São Paulo,2,15.0,267.0,0.0,177.0,0.0,0.0,1.0,168.0,96.0,2.0,0.0,1.0,1.0,1.0,0.0,2024
São Paulo,2,22.0,443.0,0.0,0.0,0.0,0.0,0.0,7.0,400.0,36.0,0.0,1.0,1.0,1.0,1.0,2024
São Paulo,2,27.0,591.0,591.0,0.0,0.0,0.0,558.0,33.0,0.0,0.0,0.0,1.0,1.0,1.0,0.0,2024
São Paulo,2,26.0,526.0,526.0,0.0,0.0,0.0,509.0,17.0,0.0,0.0,1.0,1.0,1.0,1.0,1.0,2024
São Paulo,2,25.0,486.0,486.0,0.0,0.0,0.0,466.0,20.0,0.0,0.0,0.0,1.0,1.0,1.0,0.0,2024
São Paulo,2,25.0,507.0,507.0,0.0,0.0,0.0,483.0,24.0,0.0,0.0,0.0,0.0,1.0,1.0,0.0,2024
São Paulo,2,79.0,1228.0,0.0,0.0,0.0,0.0,0.0,7.0,637.0,584.0,1.0,1.0,1.0,0.0,0.0,2024
São Paulo,2,81.0,840.0,0.0,0.0,0.0,0.0,0.0,4.0,248.0,588.0,1.0,1.0,1.0,0.0,1.0,2024
São Paulo,2,55.0,684.0,0.0,0.0,0.0,0.0,0.0,3.0,375.0,306.0,1.0,1.0,1.0,1.0,1.0,2024
São Paulo,2,11.0,186.0,0.0,0.0,0.0,0.0,0.0,0.0,0.0,186.0,1.0,0.0,0.0,0.0,0.0,2024
São Paulo,2,,,,,,,,,,,0.0,1.0,1.0,1.0,1.0,2024
São Paulo,2,47.0,1037.0,0.0,549.0,0.0,0.0,1.0,505.0,499.0,32.0,0.0,1.0,1.0,1.0,0.0,2024
São Paulo,2,21.0,389.0,389.0,0.0,0.0,0.0,369.0,20.0,0.0,0.0,0.0,1.0,1.0,1.0,0.0,2024
São Paulo,2,72.0,2030.0,0.0,0.0,0.0,0.0,0.0,9.0,1812.0,209.0,1.0,1.0,1.0,1.0,0.0,2024
São Paulo,2,21.0,338.0,338.0,0.0,0.0,0.0,317.0,20.0,0.0,1.0,0.0,0.0,1.0,1.0,0.0,2024
São Paulo,2,57.0,983.0,0.0,186.0,0.0,0.0,0.0,162.0,485.0,336.0,0.0,1.0,1.0,1.0,1.0,2024
São Paulo,2,14.0,211.0,0.0,118.0,0.0,0.0,3.0,117.0,80.0,11.0,0.0,1.0,1.0,1.0,0.0,2024
São Paulo,2,56.0,1011.0,0.0,0.0,0.0,0.0,0.0,4.0,588.0,419.0,1.0,1.0,1.0,1.0,0.0,2024
São Paulo,2,,,,,,,,,,,0.0,0.0,1.0,0.0,0.0,2024
São Paulo,2,49.0,1267.0,0.0,359.0,0.0,0.0,2.0,335.0,695.0,235.0,0.0,1.0,1.0,1.0,1.0,2024
São Paulo,2,49.0,1065.0,530.0,535.0,0.0,0.0,500.0,530.0,35.0,0.0,0.0,1.0,1.0,1.0,1.0,2024
São Paulo,2,23.0,388.0,0.0,264.0,0.0,0.0,2.0,253.0,127.0,6.0,0.0,1.0,1.0,1.0,1.0,2024
São Paulo,2,38.0,695.0,235.0,254.0,0.0,0.0,225.0,248.0,213.0,9.0,0.0,1.0,1.0,1.0,0.0,2024
São Paulo,2,42.0,922.0,243.0,316.0,0.0,0.0,227.0,304.0,355.0,36.0,0.0,1.0,1.0,1.0,1.0,2024
São Paulo,2,74.0,1996.0,0.0,538.0,0.0,0.0,1.0,521.0,1171.0,303.0,0.0,1.0,1.0,1.0,1.0,2024
São Paulo,2,24.0,391.0,391.0,0.0,0.0,0.0,375.0,16.0,0.0,0.0,1.0,1.0,1.0,1.0,1.0,2024
São Paulo,2,31.0,561.0,0.0,227.0,0.0,0.0,0.0,211.0,325.0,25.0,0.0,1.0,1.0,1.0,0.0,2024
São Paulo,2,30.0,516.0,0.0,186.0,0.0,0.0,1.0,176.0,318.0,21.0,0.0,1.0,1.0,1.0,0.0,2024
São Paulo,2,24.0,396.0,396.0,0.0,0.0,0.0,384.0,12.0,0.0,0.0,0.0,1.0,1.0,1.0,1.0,2024
São Paulo,2,49.0,1191.0,0.0,722.0,0.0,0.0,5.0,677.0,470.0,39.0,0.0,1.0,1.0,1.0,1.0,2024
São Paulo,2,43.0,1007.0,1007.0,0.0,0.0,0.0,963.0,44.0,0.0,0.0,0.0,0.0,1.0,0.0,1.0,2024
São Paulo,2,15.0,238.0,0.0,147.0,0.0,0.0,0.0,140.0,95.0,3.0,0.0,1.0,1.0,1.0,1.0,2024
São Paulo,2,55.0,1282.0,275.0,345.0,0.0,0.0,263.0,335.0,530.0,154.0,0.0,1.0,1.0,1.0,0.0,2024
São Paulo,2,46.0,1027.0,1027.0,0.0,0.0,0.0,986.0,41.0,0.0,0.0,0.0,1.0,1.0,1.0,0.0,2024
São Paulo,2,26.0,568.0,568.0,0.0,0.0,0.0,538.0,30.0,0.0,0.0,0.0,1.0,1.0,1.0,1.0,2024
São Paulo,2,26.0,521.0,0.0,379.0,0.0,0.0,0.0,346.0,168.0,7.0,0.0,1.0,1.0,1.0,1.0,2024
São Paulo,2,40.0,875.0,875.0,0.0,0.0,0.0,841.0,34.0,0.0,0.0,0.0,1.0,1.0,1.0,0.0,2024
São Paulo,2,31.0,530.0,530.0,0.0,0.0,0.0,502.0,28.0,0.0,0.0,0.0,1.0,1.0,1.0,1.0,2024
São Paulo,2,65.0,1057.0,0.0,0.0,0.0,0.0,0.0,9.0,694.0,354.0,1.0,1.0,1.0,1.0,0.0,2024
São Paulo,2,73.0,1671.0,388.0,560.0,0.0,0.0,365.0,542.0,657.0,107.0,0.0,1.0,1.0,1.0,0.0,2024
São Paulo,2,44.0,963.0,194.0,264.0,0.0,0.0,189.0,241.0,459.0,74.0,0.0,1.0,1.0,1.0,0.0,2024
São Paulo,2,35.0,846.0,302.0,307.0,0.0,0.0,280.0,298.0,250.0,18.0,0.0,1.0,1.0,1.0,0.0,2024
São Paulo,2,19.0,217.0,0.0,0.0,0.0,0.0,0.0,1.0,198.0,18.0,0.0,0.0,1.0,1.0,1.0,2024
São Paulo,2,39.0,774.0,0.0,435.0,0.0,0.0,1.0,409.0,350.0,14.0,0.0,1.0,1.0,0.0,0.0,2024
São Paulo,2,74.0,1652.0,0.0,692.0,0.0,0.0,2.0,645.0,903.0,102.0,0.0,1.0,1.0,0.0,0.0,2024
São Paulo,2,61.0,1349.0,0.0,668.0,0.0,0.0,1.0,629.0,691.0,28.0,0.0,1.0,1.0,1.0,1.0,2024
São Paulo,2,66.0,1601.0,0.0,0.0,0.0,0.0,0.0,5.0,1415.0,181.0,0.0,1.0,1.0,1.0,1.0,2024
São Paulo,2,14.0,294.0,0.0,294.0,0.0,0.0,1.0,282.0,11.0,0.0,0.0,0.0,1.0,1.0,1.0,2024
São Paulo,2,19.0,261.0,0.0,127.0,0.0,0.0,0.0,120.0,132.0,9.0,0.0,1.0,1.0,1.0,1.0,2024
São Paulo,2,35.0,925.0,0.0,37.0,0.0,0.0,0.0,30.0,659.0,236.0,0.0,1.0,1.0,1.0,1.0,2024
São Paulo,2,17.0,361.0,0.0,0.0,0.0,0.0,0.0,1.0,338.0,22.0,0.0,1.0,1.0,1.0,1.0,2024
São Paulo,2,24.0,429.0,429.0,0.0,0.0,0.0,414.0,15.0,0.0,0.0,0.0,1.0,1.0,1.0,0.0,2024
São Paulo,2,52.0,1324.0,399.0,346.0,0.0,0.0,362.0,331.0,544.0,87.0,0.0,1.0,1.0,1.0,0.0,2024
São Paulo,2,22.0,526.0,0.0,0.0,0.0,0.0,0.0,5.0,506.0,15.0,0.0,0.0,1.0,1.0,1.0,2024
São Paulo,2,40.0,726.0,178.0,434.0,0.0,0.0,160.0,426.0,139.0,1.0,0.0,0.0,1.0,1.0,0.0,2024
São Paulo,2,28.0,543.0,543.0,0.0,0.0,0.0,519.0,24.0,0.0,0.0,0.0,0.0,1.0,1.0,1.0,2024
São Paulo,2,30.0,418.0,0.0,327.0,0.0,0.0,0.0,306.0,108.0,4.0,0.0,1.0,1.0,1.0,1.0,2024
São Paulo,2,7.0,9.0,0.0,0.0,0.0,0.0,0.0,0.0,0.0,9.0,0.0,0.0,0.0,0.0,0.0,2024
São Paulo,2,,,,,,,,,,,0.0,0.0,1.0,0.0,1.0,2024
São Paulo,2,33.0,631.0,631.0,0.0,0.0,0.0,601.0,30.0,0.0,0.0,0.0,1.0,1.0,1.0,0.0,2024
São Paulo,2,55.0,1386.0,0.0,364.0,0.0,0.0,0.0,340.0,923.0,123.0,0.0,0.0,1.0,1.0,1.0,2024
São Paulo,2,86.0,1892.0,210.0,434.0,0.0,0.0,187.0,411.0,768.0,526.0,1.0,1.0,1.0,1.0,0.0,2024
São Paulo,2,33.0,854.0,854.0,0.0,0.0,0.0,828.0,26.0,0.0,0.0,0.0,1.0,1.0,1.0,1.0,2024
São Paulo,2,28.0,689.0,0.0,458.0,0.0,0.0,3.0,423.0,239.0,24.0,0.0,1.0,1.0,1.0,0.0,2024
São Paulo,2,30.0,666.0,666.0,0.0,0.0,0.0,644.0,22.0,0.0,0.0,0.0,0.0,1.0,1.0,0.0,2024
São Paulo,2,81.0,2284.0,688.0,514.0,0.0,0.0,638.0,524.0,984.0,138.0,1.0,1.0,1.0,1.0,1.0,2024
São Paulo,2,66.0,1449.0,439.0,442.0,0.0,0.0,402.0,437.0,552.0,58.0,0.0,1.0,1.0,1.0,0.0,2024
São Paulo,2,,,,,,,,,,,,,,,,2024
São Paulo,2,36.0,548.0,0.0,248.0,0.0,0.0,0.0,232.0,280.0,36.0,0.0,1.0,1.0,1.0,1.0,2024
São Paulo,2,43.0,998.0,0.0,530.0,0.0,0.0,0.0,505.0,454.0,39.0,0.0,1.0,1.0,1.0,1.0,2024
São Paulo,2,29.0,681.0,681.0,0.0,0.0,0.0,648.0,33.0,0.0,0.0,0.0,1.0,1.0,1.0,0.0,2024
São Paulo,2,45.0,767.0,0.0,285.0,0.0,0.0,2.0,264.0,449.0,52.0,0.0,1.0,1.0,1.0,1.0,2024
São Paulo,2,76.0,1809.0,688.0,373.0,0.0,0.0,648.0,376.0,698.0,87.0,0.0,1.0,1.0,1.0,0.0,2024
São Paulo,2,59.0,977.0,0.0,326.0,0.0,0.0,1.0,298.0,637.0,41.0,0.0,1.0,1.0,1.0,1.0,2024
São Paulo,2,84.0,1941.0,690.0,480.0,0.0,0.0,651.0,456.0,705.0,129.0,1.0,1.0,1.0,1.0,1.0,2024
São Paulo,2,47.0,958.0,0.0,374.0,0.0,0.0,0.0,338.0,555.0,65.0,0.0,1.0,1.0,1.0,1.0,2024
São Paulo,2,89.0,2050.0,0.0,575.0,0.0,0.0,1.0,533.0,1117.0,399.0,0.0,1.0,1.0,1.0,1.0,2024
São Paulo,2,34.0,638.0,638.0,0.0,0.0,0.0,615.0,23.0,0.0,0.0,0.0,1.0,1.0,0.0,0.0,2024
São Paulo,2,30.0,598.0,598.0,0.0,0.0,0.0,563.0,35.0,0.0,0.0,0.0,1.0,1.0,1.0,1.0,2024
São Paulo,2,38.0,809.0,809.0,0.0,0.0,0.0,768.0,41.0,0.0,0.0,0.0,0.0,1.0,1.0,1.0,2024
São Paulo,2,,,,,,,,,,,,,,,,2024
São Paulo,2,38.0,824.0,824.0,0.0,0.0,0.0,795.0,29.0,0.0,0.0,0.0,1.0,1.0,0.0,0.0,2024
São Paulo,2,33.0,665.0,0.0,325.0,0.0,0.0,1.0,312.0,337.0,15.0,0.0,1.0,1.0,1.0,1.0,2024
São Paulo,2,29.0,605.0,605.0,0.0,0.0,0.0,576.0,29.0,0.0,0.0,0.0,1.0,1.0,1.0,1.0,2024
São Paulo,2,70.0,1195.0,0.0,0.0,0.0,0.0,0.0,1.0,732.0,462.0,1.0,1.0,1.0,0.0,1.0,2024
São Paulo,2,37.0,874.0,0.0,553.0,0.0,0.0,1.0,518.0,339.0,16.0,0.0,1.0,1.0,1.0,1.0,2024
São Paulo,2,65.0,1337.0,213.0,198.0,0.0,0.0,199.0,197.0,727.0,214.0,0.0,1.0,1.0,1.0,0.0,2024
São Paulo,2,42.0,738.0,286.0,263.0,0.0,0.0,271.0,253.0,199.0,15.0,0.0,1.0,1.0,1.0,0.0,2024
São Paulo,2,60.0,1222.0,407.0,310.0,0.0,0.0,386.0,311.0,426.0,99.0,0.0,0.0,1.0,1.0,0.0,2024
São Paulo,2,29.0,540.0,314.0,226.0,0.0,0.0,302.0,214.0,24.0,0.0,0.0,0.0,1.0,1.0,0.0,2024
São Paulo,2,14.0,211.0,0.0,124.0,0.0,0.0,0.0,115.0,84.0,12.0,0.0,1.0,1.0,1.0,0.0,2024
São Paulo,2,19.0,334.0,0.0,165.0,0.0,0.0,0.0,165.0,155.0,14.0,0.0,1.0,1.0,1.0,0.0,2024
São Paulo,2,69.0,1532.0,0.0,496.0,0.0,0.0,0.0,450.0,806.0,276.0,0.0,1.0,1.0,1.0,1.0,2024
São Paulo,2,17.0,337.0,0.0,337.0,0.0,0.0,0.0,326.0,11.0,0.0,0.0,1.0,1.0,1.0,1.0,2024
São Paulo,2,33.0,425.0,0.0,0.0,0.0,0.0,0.0,2.0,276.0,147.0,0.0,1.0,1.0,1.0,0.0,2024
São Paulo,2,40.0,712.0,185.0,527.0,0.0,0.0,175.0,496.0,41.0,0.0,0.0,1.0,1.0,1.0,1.0,2024
São Paulo,2,15.0,220.0,0.0,145.0,0.0,0.0,0.0,137.0,74.0,9.0,0.0,1.0,1.0,1.0,1.0,2024
São Paulo,2,24.0,498.0,0.0,287.0,0.0,0.0,0.0,271.0,218.0,9.0,0.0,1.0,1.0,1.0,1.0,2024
São Paulo,2,20.0,362.0,362.0,0.0,0.0,0.0,349.0,13.0,0.0,0.0,0.0,1.0,1.0,1.0,1.0,2024
São Paulo,2,18.0,322.0,322.0,0.0,0.0,0.0,303.0,19.0,0.0,0.0,1.0,1.0,1.0,1.0,1.0,2024
São Paulo,2,22.0,419.0,419.0,0.0,0.0,0.0,408.0,11.0,0.0,0.0,0.0,1.0,1.0,1.0,1.0,2024
São Paulo,2,25.0,550.0,0.0,0.0,0.0,0.0,0.0,3.0,519.0,28.0,0.0,1.0,1.0,1.0,0.0,2024
São Paulo,2,,,,,,,,,,,,,,,,2024
São Paulo,2,,,,,,,,,,,0.0,0.0,1.0,0.0,0.0,2024
São Paulo,2,12.0,137.0,0.0,0.0,0.0,0.0,0.0,2.0,124.0,11.0,0.0,1.0,1.0,1.0,1.0,2024
São Paulo,2,,,,,,,,,,,,,,,,2024
São Paulo,2,38.0,864.0,0.0,287.0,0.0,0.0,0.0,273.0,544.0,47.0,0.0,1.0,1.0,1.0,0.0,2024
São Paulo,2,24.0,538.0,0.0,351.0,0.0,0.0,0.0,340.0,191.0,7.0,0.0,1.0,1.0,1.0,0.0,2024
São Paulo,2,29.0,539.0,539.0,0.0,0.0,0.0,519.0,20.0,0.0,0.0,0.0,1.0,1.0,1.0,1.0,2024
São Paulo,2,57.0,1329.0,0.0,412.0,0.0,0.0,0.0,361.0,823.0,145.0,0.0,1.0,1.0,1.0,1.0,2024
São Paulo,2,30.0,540.0,0.0,0.0,0.0,0.0,0.0,3.0,493.0,44.0,0.0,1.0,1.0,1.0,0.0,2024
São Paulo,2,19.0,320.0,320.0,0.0,0.0,0.0,301.0,19.0,0.0,0.0,0.0,1.0,1.0,1.0,0.0,2024
São Paulo,2,23.0,407.0,407.0,0.0,0.0,0.0,395.0,12.0,0.0,0.0,0.0,1.0,1.0,1.0,0.0,2024
São Paulo,2,25.0,523.0,523.0,0.0,0.0,0.0,489.0,33.0,1.0,0.0,0.0,1.0,1.0,1.0,1.0,2024
São Paulo,2,25.0,494.0,0.0,494.0,0.0,0.0,1.0,444.0,49.0,0.0,0.0,1.0,1.0,1.0,1.0,2024
São Paulo,2,19.0,392.0,392.0,0.0,0.0,0.0,369.0,22.0,1.0,0.0,0.0,1.0,1.0,1.0,1.0,2024
São Paulo,2,14.0,240.0,0.0,240.0,0.0,0.0,1.0,226.0,13.0,0.0,0.0,1.0,1.0,1.0,1.0,2024
São Paulo,2,43.0,842.0,0.0,591.0,0.0,0.0,2.0,565.0,275.0,0.0,0.0,1.0,1.0,1.0,1.0,2024
São Paulo,2,93.0,1281.0,0.0,0.0,0.0,0.0,0.0,9.0,603.0,669.0,1.0,1.0,1.0,1.0,1.0,2024
São Paulo,2,23.0,468.0,0.0,468.0,0.0,0.0,4.0,446.0,18.0,0.0,0.0,0.0,1.0,1.0,0.0,2024
São Paulo,2,57.0,1557.0,0.0,0.0,0.0,0.0,0.0,7.0,1386.0,164.0,0.0,1.0,1.0,1.0,0.0,2024
São Paulo,2,92.0,1971.0,0.0,0.0,0.0,0.0,0.0,5.0,1544.0,422.0,0.0,1.0,1.0,1.0,0.0,2024
São Paulo,2,52.0,1012.0,504.0,508.0,0.0,0.0,484.0,496.0,32.0,0.0,0.0,1.0,1.0,1.0,1.0,2024
São Paulo,2,85.0,2154.0,0.0,0.0,0.0,0.0,0.0,20.0,1639.0,495.0,1.0,1.0,1.0,0.0,1.0,2024
São Paulo,2,,,,,,,,,,,0.0,0.0,1.0,1.0,1.0,2024
São Paulo,2,41.0,1018.0,1018.0,0.0,0.0,0.0,990.0,28.0,0.0,0.0,0.0,0.0,1.0,1.0,1.0,2024
São Paulo,2,44.0,1112.0,483.0,378.0,0.0,0.0,459.0,371.0,268.0,14.0,0.0,1.0,1.0,1.0,0.0,2024
São Paulo,2,,,,,,,,,,,,,,,,2024
São Paulo,2,29.0,545.0,0.0,216.0,0.0,0.0,2.0,200.0,310.0,33.0,0.0,1.0,1.0,1.0,0.0,2024
São Paulo,2,26.0,502.0,0.0,349.0,0.0,0.0,0.0,332.0,167.0,3.0,0.0,1.0,1.0,1.0,1.0,2024
São Paulo,2,28.0,519.0,67.0,186.0,0.0,0.0,67.0,177.0,253.0,22.0,0.0,1.0,1.0,1.0,0.0,2024
São Paulo,2,,,,,,,,,,,,,,,,2024
São Paulo,2,59.0,1097.0,0.0,451.0,0.0,0.0,1.0,408.0,497.0,191.0,0.0,1.0,1.0,1.0,1.0,2024
São Paulo,2,38.0,863.0,0.0,508.0,0.0,0.0,0.0,484.0,358.0,21.0,1.0,1.0,1.0,1.0,0.0,2024
São Paulo,2,26.0,462.0,462.0,0.0,0.0,0.0,427.0,35.0,0.0,0.0,0.0,1.0,1.0,1.0,0.0,2024
São Paulo,2,13.0,246.0,246.0,0.0,0.0,0.0,239.0,7.0,0.0,0.0,0.0,1.0,1.0,1.0,1.0,2024
São Paulo,2,53.0,1313.0,1313.0,0.0,0.0,0.0,1251.0,62.0,0.0,0.0,0.0,0.0,1.0,1.0,1.0,2024
São Paulo,2,12.0,222.0,222.0,0.0,0.0,0.0,206.0,16.0,0.0,0.0,0.0,0.0,1.0,1.0,0.0,2024
São Paulo,2,30.0,472.0,204.0,268.0,0.0,0.0,187.0,274.0,11.0,0.0,0.0,0.0,1.0,1.0,1.0,2024
São Paulo,2,71.0,2249.0,0.0,1080.0,0.0,0.0,1.0,995.0,1154.0,99.0,0.0,1.0,1.0,1.0,1.0,2024
São Paulo,2,77.0,2025.0,0.0,561.0,0.0,0.0,1.0,522.0,1354.0,148.0,0.0,1.0,1.0,1.0,1.0,2024
São Paulo,2,47.0,914.0,0.0,438.0,0.0,0.0,2.0,414.0,452.0,46.0,0.0,1.0,1.0,1.0,0.0,2024
São Paulo,2,71.0,1783.0,0.0,534.0,0.0,0.0,0.0,503.0,862.0,418.0,0.0,1.0,1.0,1.0,0.0,2024
São Paulo,2,42.0,769.0,0.0,284.0,0.0,0.0,1.0,256.0,484.0,28.0,0.0,1.0,1.0,1.0,1.0,2024
São Paulo,2,72.0,1958.0,0.0,477.0,0.0,0.0,1.0,432.0,1387.0,138.0,0.0,1.0,1.0,1.0,1.0,2024
São Paulo,2,32.0,643.0,643.0,0.0,0.0,0.0,594.0,49.0,0.0,0.0,0.0,1.0,1.0,1.0,1.0,2024
São Paulo,2,22.0,434.0,0.0,299.0,0.0,0.0,0.0,282.0,146.0,6.0,0.0,1.0,1.0,1.0,1.0,2024
São Paulo,2,23.0,423.0,0.0,300.0,0.0,0.0,0.0,284.0,132.0,7.0,0.0,1.0,1.0,1.0,1.0,2024
São Paulo,2,32.0,717.0,717.0,0.0,0.0,0.0,694.0,23.0,0.0,0.0,0.0,1.0,1.0,1.0,1.0,2024
São Paulo,2,19.0,355.0,355.0,0.0,0.0,0.0,328.0,27.0,0.0,0.0,0.0,1.0,1.0,1.0,0.0,2024
São Paulo,2,21.0,331.0,0.0,241.0,0.0,0.0,0.0,235.0,92.0,4.0,0.0,1.0,1.0,1.0,1.0,2024
São Paulo,2,,,,,,,,,,,0.0,0.0,1.0,0.0,0.0,2024
São Paulo,2,57.0,1245.0,369.0,440.0,0.0,0.0,329.0,446.0,427.0,43.0,0.0,1.0,1.0,1.0,1.0,2024
São Paulo,2,52.0,1399.0,1011.0,0.0,0.0,0.0,961.0,50.0,108.0,280.0,0.0,1.0,1.0,1.0,1.0,2024
São Paulo,2,24.0,388.0,204.0,184.0,0.0,0.0,190.0,180.0,18.0,0.0,0.0,0.0,1.0,1.0,1.0,2024
São Paulo,2,35.0,926.0,926.0,0.0,0.0,0.0,871.0,55.0,0.0,0.0,0.0,0.0,1.0,1.0,1.0,2024
São Paulo,2,34.0,606.0,0.0,0.0,0.0,0.0,0.0,3.0,498.0,105.0,1.0,1.0,1.0,1.0,0.0,2024
São Paulo,2,17.0,315.0,315.0,0.0,0.0,0.0,305.0,10.0,0.0,0.0,0.0,0.0,1.0,1.0,1.0,2024
São Paulo,2,73.0,2174.0,0.0,828.0,0.0,0.0,1.0,735.0,1222.0,216.0,0.0,1.0,1.0,1.0,1.0,2024
São Paulo,2,71.0,2258.0,112.0,780.0,0.0,0.0,76.0,740.0,1259.0,183.0,0.0,1.0,1.0,1.0,1.0,2024
São Paulo,2,40.0,896.0,896.0,0.0,0.0,0.0,849.0,47.0,0.0,0.0,0.0,1.0,1.0,1.0,0.0,2024
São Paulo,2,50.0,1113.0,150.0,369.0,0.0,0.0,129.0,361.0,583.0,40.0,0.0,1.0,1.0,1.0,1.0,2024
São Paulo,2,25.0,523.0,0.0,523.0,0.0,0.0,3.0,490.0,30.0,0.0,0.0,0.0,1.0,1.0,0.0,2024
São Paulo,2,33.0,722.0,722.0,0.0,0.0,0.0,692.0,30.0,0.0,0.0,0.0,1.0,1.0,1.0,1.0,2024
São Paulo,2,31.0,524.0,524.0,0.0,0.0,0.0,500.0,24.0,0.0,0.0,0.0,1.0,1.0,1.0,1.0,2024
São Paulo,2,22.0,443.0,0.0,0.0,0.0,0.0,0.0,2.0,412.0,29.0,0.0,1.0,1.0,1.0,1.0,2024
São Paulo,2,58.0,1561.0,0.0,598.0,0.0,0.0,0.0,540.0,877.0,144.0,0.0,1.0,1.0,1.0,1.0,2024
São Paulo,2,,,,,,,,,,,,,,,,2024
São Paulo,2,,,,,,,,,,,,,,,,2024
São Paulo,2,54.0,1796.0,553.0,419.0,0.0,0.0,532.0,421.0,736.0,107.0,0.0,1.0,1.0,1.0,1.0,2024
São Paulo,2,33.0,532.0,0.0,335.0,0.0,0.0,1.0,321.0,194.0,16.0,0.0,1.0,1.0,1.0,1.0,2024
São Paulo,2,37.0,807.0,807.0,0.0,0.0,0.0,769.0,38.0,0.0,0.0,0.0,1.0,1.0,1.0,0.0,2024
São Paulo,2,46.0,1014.0,0.0,133.0,0.0,0.0,0.0,125.0,764.0,125.0,0.0,1.0,1.0,1.0,0.0,2024
São Paulo,2,,,,,,,,,,,,,,,,2024
São Paulo,2,56.0,1215.0,0.0,336.0,0.0,0.0,1.0,302.0,667.0,245.0,0.0,1.0,1.0,1.0,1.0,2024
São Paulo,2,17.0,327.0,0.0,327.0,0.0,0.0,0.0,320.0,7.0,0.0,0.0,1.0,1.0,0.0,1.0,2024
São Paulo,2,60.0,1421.0,0.0,452.0,0.0,0.0,0.0,414.0,752.0,255.0,0.0,1.0,1.0,1.0,1.0,2024
São Paulo,2,27.0,582.0,582.0,0.0,0.0,0.0,547.0,35.0,0.0,0.0,0.0,1.0,1.0,0.0,0.0,2024
São Paulo,2,38.0,805.0,805.0,0.0,0.0,0.0,776.0,29.0,0.0,0.0,0.0,1.0,1.0,1.0,1.0,2024
São Paulo,2,46.0,1016.0,0.0,414.0,0.0,0.0,0.0,394.0,561.0,61.0,0.0,1.0,1.0,1.0,0.0,2024
São Paulo,2,28.0,482.0,0.0,0.0,0.0,0.0,0.0,10.0,431.0,41.0,1.0,1.0,1.0,1.0,1.0,2024
São Paulo,2,17.0,268.0,0.0,226.0,0.0,0.0,1.0,213.0,51.0,3.0,0.0,1.0,1.0,1.0,1.0,2024
São Paulo,2,20.0,391.0,0.0,391.0,0.0,0.0,1.0,369.0,21.0,0.0,0.0,1.0,1.0,1.0,1.0,2024
São Paulo,2,26.0,440.0,440.0,0.0,0.0,0.0,420.0,20.0,0.0,0.0,0.0,1.0,1.0,1.0,1.0,2024
São Paulo,2,47.0,1030.0,0.0,279.0,0.0,0.0,1.0,258.0,553.0,218.0,0.0,1.0,1.0,1.0,1.0,2024
São Paulo,2,27.0,515.0,515.0,0.0,0.0,0.0,494.0,21.0,0.0,0.0,0.0,1.0,1.0,1.0,0.0,2024
São Paulo,2,20.0,318.0,318.0,0.0,0.0,0.0,303.0,15.0,0.0,0.0,0.0,1.0,1.0,1.0,0.0,2024
São Paulo,2,61.0,1172.0,0.0,0.0,0.0,0.0,0.0,7.0,806.0,359.0,1.0,0.0,1.0,0.0,1.0,2024
São Paulo,2,,,,,,,,,,,0.0,0.0,1.0,0.0,1.0,2024
São Paulo,2,39.0,817.0,458.0,359.0,0.0,0.0,430.0,364.0,23.0,0.0,0.0,1.0,1.0,1.0,0.0,2024
São Paulo,2,20.0,389.0,0.0,252.0,0.0,0.0,2.0,239.0,138.0,10.0,0.0,1.0,1.0,1.0,1.0,2024
São Paulo,2,28.0,636.0,0.0,244.0,0.0,0.0,0.0,219.0,373.0,44.0,0.0,1.0,1.0,1.0,1.0,2024
São Paulo,2,18.0,313.0,313.0,0.0,0.0,0.0,304.0,8.0,0.0,1.0,0.0,1.0,1.0,1.0,1.0,2024
São Paulo,2,18.0,301.0,301.0,0.0,0.0,0.0,291.0,10.0,0.0,0.0,0.0,1.0,1.0,1.0,0.0,2024
São Paulo,2,93.0,1848.0,0.0,0.0,0.0,0.0,0.0,9.0,1091.0,748.0,1.0,1.0,1.0,1.0,1.0,2024
São Paulo,2,29.0,453.0,0.0,116.0,0.0,0.0,0.0,109.0,315.0,29.0,0.0,1.0,1.0,1.0,1.0,2024
São Paulo,2,24.0,557.0,0.0,281.0,0.0,0.0,1.0,273.0,270.0,13.0,0.0,1.0,1.0,1.0,1.0,2024
São Paulo,2,5.0,36.0,0.0,0.0,0.0,0.0,0.0,0.0,0.0,36.0,0.0,0.0,0.0,0.0,0.0,2024
São Paulo,2,30.0,651.0,651.0,0.0,0.0,0.0,626.0,25.0,0.0,0.0,0.0,1.0,1.0,1.0,1.0,2024
São Paulo,2,23.0,476.0,0.0,476.0,0.0,0.0,1.0,448.0,27.0,0.0,0.0,1.0,1.0,1.0,1.0,2024
São Paulo,2,28.0,610.0,610.0,0.0,0.0,0.0,577.0,33.0,0.0,0.0,1.0,1.0,1.0,1.0,1.0,2024
São Paulo,2,37.0,724.0,724.0,0.0,0.0,0.0,685.0,39.0,0.0,0.0,0.0,0.0,1.0,1.0,1.0,2024
São Paulo,2,41.0,949.0,0.0,479.0,0.0,0.0,0.0,448.0,458.0,43.0,0.0,1.0,1.0,1.0,1.0,2024
São Paulo,2,32.0,664.0,0.0,437.0,0.0,0.0,0.0,405.0,237.0,22.0,0.0,0.0,1.0,1.0,1.0,2024
São Paulo,2,34.0,749.0,749.0,0.0,0.0,0.0,718.0,31.0,0.0,0.0,0.0,0.0,1.0,1.0,1.0,2024
São Paulo,2,40.0,885.0,279.0,281.0,0.0,0.0,263.0,275.0,322.0,25.0,0.0,1.0,1.0,1.0,1.0,2024
São Paulo,2,14.0,228.0,0.0,0.0,0.0,0.0,0.0,2.0,218.0,8.0,0.0,1.0,1.0,0.0,1.0,2024
São Paulo,2,50.0,1172.0,557.0,0.0,0.0,0.0,532.0,26.0,508.0,106.0,0.0,1.0,1.0,1.0,1.0,2024
São Paulo,2,,,,,,,,,,,,,,,,2024
São Paulo,2,54.0,1186.0,0.0,415.0,0.0,0.0,0.0,388.0,646.0,152.0,0.0,1.0,1.0,1.0,1.0,2024
São Paulo,2,48.0,888.0,0.0,332.0,0.0,0.0,2.0,306.0,481.0,99.0,0.0,0.0,1.0,1.0,1.0,2024
São Paulo,2,32.0,777.0,777.0,0.0,0.0,0.0,738.0,39.0,0.0,0.0,0.0,1.0,1.0,1.0,0.0,2024
São Paulo,2,57.0,1194.0,0.0,515.0,0.0,0.0,0.0,473.0,615.0,106.0,1.0,1.0,1.0,1.0,1.0,2024
São Paulo,2,33.0,521.0,0.0,185.0,0.0,0.0,0.0,156.0,332.0,33.0,0.0,1.0,1.0,1.0,1.0,2024
São Paulo,2,92.0,1776.0,0.0,0.0,0.0,0.0,0.0,7.0,1093.0,676.0,1.0,1.0,1.0,1.0,0.0,2024
São Paulo,2,3.0,22.0,0.0,0.0,0.0,0.0,0.0,0.0,0.0,22.0,0.0,0.0,0.0,0.0,0.0,2024
São Paulo,2,5.0,23.0,0.0,0.0,0.0,0.0,0.0,0.0,0.0,23.0,0.0,0.0,0.0,0.0,0.0,2024
São Paulo,2,,,,,,,,,,,,,,,,2024
São Paulo,2,8.0,37.0,0.0,16.0,0.0,0.0,0.0,0.0,18.0,19.0,0.0,1.0,1.0,0.0,0.0,2024
São Paulo,2,4.0,64.0,0.0,0.0,0.0,0.0,0.0,0.0,0.0,64.0,0.0,0.0,0.0,0.0,0.0,2024
São Paulo,2,5.0,73.0,0.0,0.0,0.0,0.0,0.0,0.0,0.0,73.0,0.0,0.0,0.0,0.0,0.0,2024
São Paulo,2,50.0,1219.0,0.0,606.0,0.0,0.0,0.0,575.0,604.0,40.0,0.0,1.0,1.0,1.0,1.0,2024
São Paulo,2,35.0,824.0,824.0,0.0,0.0,0.0,795.0,29.0,0.0,0.0,0.0,1.0,1.0,1.0,0.0,2024
São Paulo,2,39.0,842.0,0.0,336.0,0.0,0.0,1.0,313.0,470.0,58.0,0.0,1.0,1.0,1.0,1.0,2024
São Paulo,2,30.0,708.0,708.0,0.0,0.0,0.0,674.0,34.0,0.0,0.0,0.0,1.0,1.0,1.0,1.0,2024
São Paulo,2,59.0,1115.0,0.0,438.0,0.0,0.0,0.0,402.0,552.0,161.0,0.0,1.0,1.0,1.0,1.0,2024
São Paulo,2,23.0,440.0,0.0,297.0,0.0,0.0,0.0,280.0,144.0,16.0,0.0,0.0,1.0,1.0,1.0,2024
São Paulo,2,66.0,1772.0,0.0,515.0,0.0,0.0,2.0,484.0,896.0,390.0,0.0,1.0,1.0,1.0,1.0,2024
São Paulo,2,23.0,562.0,562.0,0.0,0.0,0.0,543.0,19.0,0.0,0.0,0.0,1.0,1.0,1.0,0.0,2024
São Paulo,2,41.0,842.0,0.0,425.0,0.0,0.0,1.0,395.0,415.0,31.0,0.0,1.0,1.0,1.0,0.0,2024
São Paulo,2,31.0,703.0,703.0,0.0,0.0,0.0,675.0,27.0,1.0,0.0,0.0,1.0,1.0,1.0,0.0,2024
São Paulo,2,,,,,,,,,,,,,,,,2024
São Paulo,2,,,,,,,,,,,,,,,,2024
São Paulo,2,9.0,28.0,0.0,14.0,0.0,0.0,0.0,0.0,11.0,17.0,0.0,0.0,0.0,0.0,0.0,2024
São Paulo,2,6.0,28.0,0.0,10.0,0.0,0.0,0.0,0.0,8.0,20.0,0.0,0.0,0.0,0.0,0.0,2024
São Paulo,2,,,,,,,,,,,,,,,,2024
São Paulo,2,12.0,40.0,3.0,12.0,0.0,0.0,0.0,0.0,14.0,26.0,0.0,0.0,0.0,0.0,0.0,2024
São Paulo,2,11.0,49.0,4.0,27.0,0.0,0.0,0.0,2.0,42.0,5.0,0.0,0.0,0.0,0.0,0.0,2024
São Paulo,2,,,,,,,,,,,,,,,,2024
São Paulo,2,26.0,165.0,0.0,0.0,0.0,0.0,0.0,3.0,75.0,87.0,1.0,1.0,1.0,1.0,1.0,2024
São Paulo,2,,,,,,,,,,,0.0,0.0,1.0,0.0,1.0,2024
São Paulo,2,36.0,598.0,0.0,111.0,0.0,0.0,0.0,98.0,283.0,217.0,0.0,1.0,1.0,1.0,1.0,2024
São Paulo,2,14.0,292.0,0.0,215.0,0.0,0.0,1.0,208.0,77.0,6.0,0.0,1.0,1.0,1.0,1.0,2024
São Paulo,2,31.0,706.0,0.0,184.0,0.0,0.0,0.0,166.0,482.0,58.0,0.0,1.0,1.0,1.0,0.0,2024
São Paulo,2,21.0,346.0,346.0,0.0,0.0,0.0,330.0,16.0,0.0,0.0,0.0,1.0,1.0,1.0,1.0,2024
São Paulo,2,55.0,1201.0,344.0,404.0,0.0,0.0,333.0,378.0,36.0,454.0,1.0,1.0,1.0,1.0,1.0,2024
São Paulo,2,14.0,208.0,0.0,0.0,0.0,0.0,0.0,2.0,191.0,15.0,0.0,1.0,1.0,1.0,1.0,2024
São Paulo,2,19.0,288.0,288.0,0.0,0.0,0.0,279.0,9.0,0.0,0.0,0.0,1.0,1.0,1.0,0.0,2024
São Paulo,2,17.0,354.0,0.0,354.0,0.0,0.0,1.0,334.0,19.0,0.0,0.0,1.0,1.0,1.0,1.0,2024
São Paulo,2,,,,,,,,,,,,,,,,2024
São Paulo,2,,,,,,,,,,,,,,,,2024
São Paulo,2,,,,,,,,,,,,,,,,2024
São Paulo,2,32.0,545.0,274.0,271.0,0.0,0.0,261.0,261.0,23.0,0.0,0.0,0.0,1.0,1.0,0.0,2024
São Paulo,2,27.0,530.0,196.0,334.0,0.0,0.0,181.0,340.0,9.0,0.0,0.0,0.0,1.0,1.0,1.0,2024
São Paulo,2,27.0,472.0,472.0,0.0,0.0,0.0,450.0,22.0,0.0,0.0,1.0,1.0,1.0,1.0,1.0,2024
São Paulo,2,12.0,183.0,0.0,0.0,0.0,0.0,0.0,4.0,163.0,16.0,0.0,1.0,1.0,1.0,1.0,2024
São Paulo,2,29.0,714.0,0.0,437.0,0.0,0.0,0.0,419.0,281.0,14.0,0.0,1.0,1.0,1.0,0.0,2024
São Paulo,2,26.0,436.0,436.0,0.0,0.0,0.0,419.0,17.0,0.0,0.0,0.0,1.0,1.0,1.0,0.0,2024
São Paulo,2,36.0,576.0,0.0,72.0,0.0,0.0,0.0,61.0,476.0,39.0,0.0,1.0,1.0,1.0,1.0,2024
São Paulo,2,21.0,462.0,0.0,255.0,0.0,0.0,1.0,240.0,205.0,16.0,0.0,0.0,1.0,1.0,0.0,2024
São Paulo,2,40.0,820.0,0.0,139.0,0.0,0.0,1.0,133.0,641.0,45.0,0.0,0.0,1.0,1.0,0.0,2024
São Paulo,2,31.0,663.0,0.0,0.0,0.0,0.0,0.0,0.0,595.0,68.0,0.0,1.0,1.0,1.0,0.0,2024
São Paulo,2,18.0,408.0,0.0,316.0,0.0,0.0,1.0,294.0,110.0,3.0,0.0,1.0,1.0,0.0,0.0,2024
São Paulo,2,17.0,283.0,0.0,150.0,0.0,0.0,1.0,141.0,125.0,16.0,0.0,1.0,1.0,1.0,0.0,2024
São Paulo,2,,,,,,,,,,,0.0,0.0,1.0,0.0,0.0,2024
São Paulo,2,18.0,370.0,370.0,0.0,0.0,0.0,353.0,17.0,0.0,0.0,0.0,1.0,1.0,1.0,0.0,2024
São Paulo,2,58.0,1465.0,0.0,423.0,0.0,0.0,0.0,391.0,915.0,159.0,0.0,1.0,1.0,1.0,1.0,2024
São Paulo,2,23.0,465.0,0.0,318.0,0.0,0.0,1.0,295.0,163.0,6.0,0.0,1.0,1.0,1.0,0.0,2024
São Paulo,2,39.0,772.0,772.0,0.0,0.0,0.0,737.0,35.0,0.0,0.0,0.0,1.0,1.0,1.0,1.0,2024
São Paulo,2,33.0,560.0,560.0,0.0,0.0,0.0,531.0,29.0,0.0,0.0,0.0,0.0,1.0,1.0,1.0,2024
São Paulo,2,30.0,667.0,667.0,0.0,0.0,0.0,642.0,25.0,0.0,0.0,0.0,1.0,1.0,1.0,1.0,2024
São Paulo,2,38.0,960.0,960.0,0.0,0.0,0.0,920.0,40.0,0.0,0.0,0.0,1.0,1.0,0.0,0.0,2024
São Paulo,2,18.0,316.0,316.0,0.0,0.0,0.0,301.0,15.0,0.0,0.0,0.0,0.0,1.0,1.0,0.0,2024
São Paulo,2,42.0,962.0,0.0,448.0,0.0,0.0,1.0,419.0,503.0,39.0,0.0,1.0,1.0,1.0,0.0,2024
São Paulo,2,55.0,1284.0,0.0,467.0,0.0,0.0,0.0,434.0,572.0,278.0,1.0,1.0,1.0,1.0,0.0,2024
São Paulo,2,41.0,1251.0,0.0,505.0,0.0,0.0,2.0,461.0,677.0,111.0,0.0,1.0,1.0,1.0,1.0,2024
São Paulo,2,32.0,750.0,750.0,0.0,0.0,0.0,714.0,36.0,0.0,0.0,0.0,0.0,1.0,1.0,1.0,2024
São Paulo,2,38.0,890.0,890.0,0.0,0.0,0.0,853.0,37.0,0.0,0.0,0.0,1.0,1.0,1.0,1.0,2024
São Paulo,2,,,,,,,,,,,,,,,,2024
São Paulo,2,21.0,336.0,336.0,0.0,0.0,0.0,326.0,10.0,0.0,0.0,0.0,1.0,1.0,1.0,1.0,2024
São Paulo,2,14.0,235.0,0.0,138.0,0.0,0.0,1.0,137.0,90.0,7.0,0.0,1.0,1.0,1.0,1.0,2024
São Paulo,2,19.0,299.0,299.0,0.0,0.0,0.0,286.0,12.0,1.0,0.0,0.0,1.0,1.0,1.0,1.0,2024
São Paulo,2,23.0,390.0,390.0,0.0,0.0,0.0,368.0,21.0,1.0,0.0,0.0,1.0,1.0,1.0,1.0,2024
São Paulo,2,18.0,335.0,0.0,335.0,0.0,0.0,0.0,321.0,14.0,0.0,0.0,1.0,1.0,1.0,1.0,2024
São Paulo,2,21.0,384.0,0.0,384.0,0.0,0.0,4.0,365.0,15.0,0.0,1.0,0.0,1.0,1.0,0.0,2024
São Paulo,2,46.0,824.0,0.0,125.0,0.0,0.0,0.0,111.0,486.0,227.0,0.0,1.0,1.0,1.0,0.0,2024
São Paulo,2,17.0,298.0,0.0,0.0,0.0,0.0,0.0,1.0,276.0,21.0,0.0,1.0,1.0,1.0,1.0,2024
São Paulo,2,20.0,383.0,383.0,0.0,0.0,0.0,369.0,14.0,0.0,0.0,0.0,1.0,1.0,1.0,1.0,2024
São Paulo,2,30.0,479.0,257.0,222.0,0.0,0.0,253.0,213.0,13.0,0.0,0.0,1.0,1.0,1.0,1.0,2024
São Paulo,2,21.0,403.0,178.0,225.0,0.0,0.0,166.0,217.0,20.0,0.0,0.0,1.0,1.0,1.0,0.0,2024
São Paulo,2,73.0,1285.0,0.0,0.0,0.0,0.0,0.0,9.0,784.0,492.0,1.0,1.0,1.0,1.0,1.0,2024
São Paulo,2,41.0,809.0,168.0,233.0,0.0,0.0,155.0,235.0,381.0,38.0,0.0,0.0,1.0,1.0,1.0,2024
São Paulo,2,20.0,349.0,349.0,0.0,0.0,0.0,334.0,15.0,0.0,0.0,0.0,1.0,1.0,1.0,0.0,2024
São Paulo,2,,,,,,,,,,,,,,,,2024
São Paulo,2,,,,,,,,,,,0.0,0.0,1.0,0.0,0.0,2024
São Paulo,2,33.0,675.0,675.0,0.0,0.0,0.0,656.0,19.0,0.0,0.0,0.0,1.0,1.0,1.0,0.0,2024
São Paulo,2,41.0,895.0,0.0,419.0,0.0,0.0,1.0,402.0,458.0,34.0,0.0,1.0,1.0,1.0,0.0,2024
São Paulo,2,19.0,494.0,0.0,0.0,0.0,0.0,0.0,5.0,459.0,30.0,0.0,1.0,1.0,1.0,0.0,2024
São Paulo,2,,,,,,,,,,,,,,,,2024
São Paulo,2,27.0,485.0,0.0,280.0,0.0,0.0,0.0,265.0,209.0,11.0,0.0,1.0,1.0,1.0,0.0,2024
São Paulo,2,16.0,242.0,0.0,242.0,0.0,0.0,1.0,231.0,10.0,0.0,0.0,1.0,1.0,1.0,1.0,2024
São Paulo,2,26.0,533.0,533.0,0.0,0.0,0.0,502.0,31.0,0.0,0.0,0.0,1.0,1.0,1.0,1.0,2024
São Paulo,2,,,,,,,,,,,,,,,,2024
São Paulo,2,,,,,,,,,,,,,,,,2024
São Paulo,2,,,,,,,,,,,,,,,,2024
São Paulo,2,,,,,,,,,,,,,,,,2024
São Paulo,2,,,,,,,,,,,,,,,,2024
São Paulo,2,,,,,,,,,,,,,,,,2024
São Paulo,2,,,,,,,,,,,,,,,,2024
São Paulo,2,,,,,,,,,,,,,,,,2024
São Paulo,2,,,,,,,,,,,,,,,,2024
São Paulo,2,,,,,,,,,,,,,,,,2024
São Paulo,2,18.0,297.0,297.0,0.0,0.0,0.0,289.0,8.0,0.0,0.0,0.0,1.0,1.0,1.0,1.0,2024
São Paulo,2,34.0,764.0,0.0,342.0,0.0,0.0,1.0,322.0,421.0,20.0,0.0,1.0,1.0,1.0,1.0,2024
São Paulo,2,38.0,1030.0,0.0,0.0,0.0,0.0,0.0,5.0,807.0,218.0,0.0,1.0,1.0,1.0,1.0,2024
São Paulo,2,19.0,399.0,0.0,399.0,0.0,0.0,1.0,379.0,19.0,0.0,1.0,1.0,1.0,1.0,0.0,2024
São Paulo,2,31.0,684.0,684.0,0.0,0.0,0.0,641.0,43.0,0.0,0.0,0.0,1.0,1.0,1.0,0.0,2024
São Paulo,2,51.0,1295.0,268.0,352.0,0.0,0.0,257.0,330.0,604.0,104.0,0.0,1.0,1.0,1.0,1.0,2024
São Paulo,2,65.0,1966.0,0.0,578.0,0.0,0.0,0.0,522.0,1067.0,377.0,0.0,1.0,1.0,0.0,1.0,2024
São Paulo,2,42.0,1132.0,1132.0,0.0,0.0,0.0,1078.0,54.0,0.0,0.0,0.0,1.0,1.0,1.0,0.0,2024
São Paulo,2,51.0,1127.0,1127.0,0.0,0.0,0.0,1055.0,72.0,0.0,0.0,0.0,1.0,1.0,1.0,1.0,2024
São Paulo,2,19.0,354.0,354.0,0.0,0.0,0.0,340.0,14.0,0.0,0.0,0.0,0.0,1.0,1.0,0.0,2024
São Paulo,2,58.0,1258.0,550.0,370.0,0.0,0.0,525.0,360.0,324.0,49.0,0.0,1.0,1.0,1.0,0.0,2024
São Paulo,2,47.0,958.0,0.0,632.0,0.0,0.0,1.0,596.0,336.0,25.0,0.0,0.0,1.0,1.0,0.0,2024
São Paulo,2,60.0,1403.0,0.0,663.0,0.0,0.0,2.0,614.0,734.0,53.0,0.0,1.0,1.0,1.0,1.0,2024
São Paulo,2,74.0,1373.0,162.0,401.0,0.0,0.0,138.0,394.0,521.0,320.0,0.0,1.0,1.0,1.0,0.0,2024
São Paulo,2,37.0,959.0,0.0,537.0,0.0,0.0,1.0,519.0,411.0,28.0,1.0,1.0,1.0,1.0,1.0,2024
São Paulo,2,40.0,994.0,994.0,0.0,0.0,0.0,951.0,43.0,0.0,0.0,0.0,1.0,1.0,1.0,0.0,2024
São Paulo,2,46.0,941.0,0.0,559.0,0.0,0.0,1.0,528.0,386.0,26.0,0.0,1.0,1.0,1.0,1.0,2024
São Paulo,2,68.0,1603.0,593.0,285.0,0.0,0.0,559.0,289.0,712.0,43.0,0.0,1.0,1.0,1.0,1.0,2024
São Paulo,2,43.0,1091.0,1091.0,0.0,0.0,0.0,1033.0,58.0,0.0,0.0,0.0,0.0,1.0,1.0,1.0,2024
São Paulo,2,27.0,575.0,0.0,575.0,0.0,0.0,2.0,546.0,27.0,0.0,0.0,1.0,1.0,1.0,1.0,2024
São Paulo,2,,,,,,,,,,,,,,,,2024
São Paulo,2,34.0,770.0,770.0,0.0,0.0,0.0,727.0,43.0,0.0,0.0,0.0,1.0,1.0,1.0,0.0,2024
São Paulo,2,70.0,1911.0,499.0,567.0,0.0,0.0,467.0,533.0,690.0,221.0,0.0,1.0,1.0,1.0,1.0,2024
São Paulo,2,34.0,495.0,0.0,0.0,0.0,0.0,0.0,1.0,336.0,158.0,0.0,1.0,1.0,1.0,1.0,2024
São Paulo,2,57.0,1506.0,0.0,612.0,0.0,0.0,1.0,566.0,827.0,112.0,0.0,0.0,1.0,1.0,1.0,2024
São Paulo,2,33.0,587.0,0.0,587.0,0.0,0.0,0.0,540.0,47.0,0.0,0.0,0.0,1.0,1.0,1.0,2024
São Paulo,2,33.0,768.0,0.0,508.0,0.0,0.0,0.0,478.0,280.0,10.0,0.0,0.0,1.0,1.0,1.0,2024
São Paulo,2,77.0,1796.0,0.0,636.0,0.0,0.0,1.0,586.0,1101.0,108.0,0.0,1.0,1.0,1.0,1.0,2024
São Paulo,2,60.0,1362.0,474.0,370.0,0.0,0.0,446.0,380.0,444.0,92.0,0.0,1.0,1.0,1.0,0.0,2024
São Paulo,2,24.0,413.0,413.0,0.0,0.0,0.0,373.0,40.0,0.0,0.0,1.0,0.0,1.0,1.0,1.0,2024
São Paulo,2,64.0,1701.0,447.0,355.0,0.0,0.0,421.0,361.0,833.0,86.0,0.0,1.0,1.0,1.0,1.0,2024
São Paulo,2,57.0,1118.0,1118.0,0.0,0.0,0.0,1055.0,63.0,0.0,0.0,1.0,1.0,1.0,1.0,1.0,2024
São Paulo,2,21.0,452.0,0.0,0.0,0.0,0.0,0.0,2.0,423.0,27.0,0.0,1.0,1.0,1.0,0.0,2024
São Paulo,2,,,,,,,,,,,,,,,,2024
São Paulo,2,,,,,,,,,,,0.0,0.0,1.0,0.0,0.0,2024
São Pedro,2,14.0,178.0,0.0,47.0,0.0,0.0,0.0,40.0,125.0,13.0,0.0,1.0,1.0,1.0,0.0,2024
São Pedro,2,20.0,340.0,0.0,0.0,0.0,0.0,0.0,10.0,285.0,45.0,1.0,1.0,1.0,1.0,1.0,2024
São Pedro,2,,,,,,,,,,,,,,,,2024
São Pedro,2,11.0,163.0,0.0,0.0,0.0,0.0,0.0,4.0,150.0,9.0,0.0,1.0,1.0,1.0,1.0,2024
São Pedro,2,23.0,516.0,0.0,0.0,0.0,0.0,0.0,9.0,434.0,73.0,0.0,1.0,1.0,1.0,0.0,2024
São Pedro,2,,,,,,,,,,,,,,,,2024
São Pedro do Turvo,2,31.0,538.0,0.0,340.0,0.0,0.0,4.0,310.0,214.0,10.0,0.0,1.0,1.0,1.0,0.0,2024
São Roque,2,48.0,1066.0,0.0,0.0,0.0,0.0,0.0,17.0,899.0,150.0,0.0,1.0,1.0,1.0,0.0,2024
São Roque,2,22.0,409.0,0.0,0.0,0.0,0.0,0.0,12.0,318.0,79.0,1.0,1.0,1.0,1.0,1.0,2024
São Roque,2,,,,,,,,,,,,,,,,2024
São Roque,2,31.0,333.0,0.0,0.0,0.0,0.0,0.0,0.0,157.0,176.0,0.0,1.0,1.0,0.0,0.0,2024
São Roque,2,26.0,352.0,0.0,0.0,0.0,0.0,0.0,7.0,316.0,29.0,0.0,0.0,1.0,1.0,1.0,2024
São Roque,2,17.0,382.0,0.0,0.0,0.0,0.0,0.0,1.0,336.0,45.0,0.0,1.0,1.0,1.0,1.0,2024
São Sebastião,2,19.0,308.0,0.0,0.0,0.0,0.0,0.0,1.0,302.0,5.0,0.0,0.0,1.0,1.0,1.0,2024
São Sebastião,2,32.0,515.0,0.0,0.0,0.0,0.0,0.0,2.0,386.0,127.0,0.0,0.0,1.0,1.0,0.0,2024
São Sebastião,2,33.0,817.0,0.0,0.0,0.0,0.0,0.0,8.0,754.0,55.0,1.0,1.0,1.0,1.0,1.0,2024
São Sebastião,2,17.0,242.0,0.0,0.0,0.0,0.0,0.0,2.0,190.0,50.0,0.0,1.0,1.0,0.0,1.0,2024
São Sebastião,2,31.0,805.0,0.0,0.0,0.0,0.0,0.0,2.0,698.0,105.0,0.0,0.0,1.0,1.0,1.0,2024
São Sebastião,2,18.0,270.0,0.0,0.0,0.0,0.0,0.0,0.0,247.0,23.0,0.0,0.0,1.0,1.0,1.0,2024
São Sebastião,2,12.0,153.0,0.0,0.0,0.0,0.0,0.0,1.0,144.0,8.0,0.0,1.0,1.0,0.0,1.0,2024
São Sebastião,2,24.0,378.0,0.0,0.0,0.0,0.0,0.0,2.0,366.0,10.0,0.0,1.0,1.0,1.0,1.0,2024
São Sebastião,2,14.0,185.0,0.0,0.0,0.0,0.0,0.0,1.0,180.0,4.0,0.0,1.0,1.0,1.0,0.0,2024
São Sebastião da Grama,2,37.0,549.0,0.0,280.0,0.0,0.0,0.0,245.0,251.0,53.0,0.0,1.0,1.0,1.0,1.0,2024
São Sebastião da Grama,2,13.0,128.0,0.0,66.0,0.0,0.0,3.0,59.0,54.0,12.0,0.0,1.0,1.0,1.0,0.0,2024
São Simão,2,17.0,167.0,96.0,71.0,0.0,0.0,94.0,73.0,0.0,0.0,0.0,0.0,1.0,1.0,1.0,2024
São Simão,2,32.0,463.0,0.0,230.0,0.0,0.0,0.0,205.0,213.0,45.0,0.0,0.0,1.0,1.0,1.0,2024
São Simão,2,32.0,491.0,0.0,0.0,0.0,0.0,0.0,5.0,321.0,165.0,1.0,1.0,1.0,1.0,1.0,2024
São Simão,2,15.0,236.0,0.0,154.0,0.0,0.0,2.0,140.0,91.0,3.0,0.0,1.0,1.0,1.0,0.0,2024
São Simão,2,,,,,,,,,,,,,,,,2024
São Simão,2,,,,,,,,,,,,,,,,2024
São Vicente,2,13.0,64.0,0.0,0.0,0.0,0.0,0.0,0.0,0.0,64.0,0.0,0.0,0.0,0.0,0.0,2024
São Vicente,2,29.0,311.0,0.0,196.0,0.0,0.0,4.0,177.0,119.0,11.0,0.0,1.0,0.0,1.0,1.0,2024
São Vicente,2,31.0,563.0,0.0,143.0,0.0,0.0,0.0,126.0,386.0,51.0,0.0,1.0,1.0,1.0,0.0,2024
São Vicente,2,17.0,325.0,0.0,325.0,0.0,0.0,2.0,300.0,23.0,0.0,0.0,1.0,1.0,1.0,1.0,2024
São Vicente,2,25.0,453.0,0.0,273.0,0.0,0.0,0.0,231.0,205.0,17.0,0.0,1.0,1.0,0.0,0.0,2024
São Vicente,2,33.0,454.0,0.0,219.0,0.0,0.0,2.0,192.0,234.0,26.0,0.0,1.0,1.0,0.0,1.0,2024
São Vicente,2,21.0,448.0,0.0,0.0,0.0,0.0,0.0,5.0,406.0,37.0,0.0,1.0,1.0,1.0,1.0,2024
São Vicente,2,61.0,812.0,0.0,163.0,0.0,0.0,1.0,137.0,612.0,62.0,0.0,1.0,1.0,0.0,0.0,2024
São Vicente,2,40.0,630.0,0.0,0.0,0.0,0.0,0.0,2.0,536.0,92.0,0.0,1.0,1.0,1.0,1.0,2024
São Vicente,2,71.0,1239.0,0.0,469.0,0.0,0.0,2.0,401.0,723.0,113.0,0.0,1.0,1.0,1.0,0.0,2024
São Vicente,2,58.0,1370.0,0.0,338.0,0.0,0.0,0.0,314.0,885.0,171.0,0.0,1.0,1.0,1.0,1.0,2024
São Vicente,2,84.0,1541.0,0.0,410.0,0.0,0.0,6.0,352.0,890.0,293.0,0.0,1.0,1.0,1.0,1.0,2024
São Vicente,2,38.0,400.0,0.0,220.0,0.0,0.0,3.0,201.0,170.0,26.0,0.0,1.0,1.0,0.0,0.0,2024
São Vicente,2,80.0,1679.0,0.0,520.0,0.0,0.0,9.0,456.0,1067.0,147.0,0.0,1.0,1.0,1.0,1.0,2024
São Vicente,2,67.0,973.0,0.0,323.0,0.0,0.0,2.0,270.0,604.0,97.0,0.0,1.0,1.0,1.0,0.0,2024
São Vicente,2,101.0,2165.0,0.0,724.0,0.0,0.0,6.0,637.0,1281.0,241.0,0.0,1.0,1.0,1.0,0.0,2024
São Vicente,2,64.0,919.0,0.0,0.0,0.0,0.0,0.0,2.0,385.0,532.0,1.0,1.0,1.0,0.0,1.0,2024
São Vicente,2,14.0,135.0,0.0,0.0,0.0,0.0,0.0,0.0,0.0,135.0,0.0,0.0,0.0,0.0,0.0,2024
São Vicente,2,3.0,12.0,9.0,2.0,0.0,1.0,9.0,2.0,0.0,0.0,0.0,0.0,0.0,0.0,0.0,2024
São Vicente,2,,,,,,,,,,,,,,,,2024
São Vicente,2,19.0,80.0,5.0,44.0,0.0,0.0,0.0,1.0,62.0,17.0,0.0,0.0,1.0,0.0,1.0,2024
São Vicente,2,12.0,122.0,0.0,0.0,0.0,0.0,0.0,0.0,0.0,122.0,0.0,0.0,1.0,0.0,0.0,2024
São Vicente,2,53.0,1177.0,0.0,265.0,0.0,0.0,2.0,214.0,834.0,127.0,0.0,1.0,1.0,1.0,1.0,2024
São Vicente,2,,,,,,,,,,,,,,,,2024
São Vicente,2,35.0,678.0,0.0,391.0,0.0,0.0,3.0,352.0,308.0,15.0,0.0,0.0,1.0,1.0,0.0,2024
São Vicente,2,29.0,362.0,0.0,190.0,0.0,0.0,2.0,169.0,110.0,81.0,0.0,0.0,1.0,1.0,0.0,2024
São Vicente,2,48.0,690.0,0.0,373.0,0.0,0.0,2.0,321.0,326.0,41.0,0.0,1.0,1.0,1.0,0.0,2024
São Vicente,2,20.0,324.0,0.0,324.0,0.0,0.0,3.0,297.0,24.0,0.0,0.0,1.0,1.0,1.0,1.0,2024
São Vicente,2,23.0,425.0,0.0,279.0,0.0,0.0,2.0,247.0,161.0,15.0,0.0,1.0,1.0,1.0,0.0,2024
São Vicente,2,73.0,1229.0,400.0,359.0,0.0,1.0,378.0,355.0,441.0,54.0,0.0,1.0,1.0,1.0,0.0,2024
São Vicente,2,,,,,,,,,,,0.0,0.0,1.0,0.0,0.0,2024
Sarapuí,2,27.0,630.0,0.0,337.0,0.0,0.0,4.0,314.0,291.0,21.0,0.0,0.0,1.0,1.0,1.0,2024
Sarapuí,2,,,,,,,,,,,,,,,,2024
Sarapuí,2,19.0,416.0,0.0,295.0,0.0,0.0,6.0,284.0,122.0,4.0,0.0,1.0,1.0,1.0,1.0,2024
Sarutaiá,2,22.0,365.0,0.0,193.0,0.0,0.0,0.0,180.0,177.0,8.0,0.0,0.0,1.0,1.0,1.0,2024
Sebastianópolis do Sul,2,20.0,291.0,0.0,189.0,0.0,0.0,8.0,177.0,102.0,4.0,0.0,0.0,1.0,1.0,0.0,2024
Serra Azul,2,21.0,439.0,0.0,293.0,0.0,0.0,1.0,272.0,146.0,20.0,0.0,0.0,1.0,1.0,0.0,2024
Serra Azul,2,22.0,364.0,0.0,229.0,0.0,0.0,8.0,201.0,138.0,17.0,0.0,1.0,1.0,1.0,1.0,2024
Serra Azul,2,10.0,160.0,0.0,0.0,0.0,0.0,0.0,0.0,0.0,160.0,0.0,0.0,0.0,0.0,0.0,2024
Serra Azul,2,14.0,192.0,0.0,0.0,0.0,0.0,0.0,0.0,0.0,192.0,0.0,0.0,1.0,0.0,0.0,2024
Serra Azul,2,8.0,117.0,0.0,0.0,0.0,0.0,0.0,0.0,0.0,117.0,0.0,0.0,1.0,0.0,0.0,2024
Serrana,2,35.0,846.0,0.0,419.0,0.0,0.0,3.0,368.0,421.0,54.0,0.0,1.0,1.0,1.0,1.0,2024
Serrana,2,23.0,527.0,0.0,368.0,0.0,0.0,0.0,340.0,182.0,5.0,0.0,1.0,1.0,1.0,1.0,2024
Serrana,2,27.0,464.0,0.0,0.0,0.0,0.0,0.0,1.0,332.0,131.0,1.0,1.0,1.0,0.0,0.0,2024
Serrana,2,58.0,1208.0,0.0,416.0,0.0,0.0,1.0,360.0,646.0,201.0,0.0,1.0,1.0,1.0,0.0,2024
Serra Negra,2,47.0,851.0,0.0,247.0,0.0,0.0,2.0,240.0,540.0,69.0,0.0,0.0,1.0,1.0,1.0,2024
Serra Negra,2,41.0,649.0,253.0,343.0,0.0,0.0,257.0,326.0,21.0,45.0,0.0,0.0,1.0,1.0,0.0,2024
Serra Negra,2,22.0,427.0,427.0,0.0,0.0,0.0,424.0,3.0,0.0,0.0,0.0,1.0,1.0,1.0,0.0,2024
Serra Negra,2,9.0,110.0,110.0,0.0,0.0,0.0,110.0,0.0,0.0,0.0,0.0,0.0,1.0,1.0,1.0,2024
Serra Negra,2,31.0,456.0,191.0,265.0,0.0,0.0,198.0,252.0,6.0,0.0,0.0,1.0,1.0,1.0,0.0,2024
Serra Negra,2,8.0,89.0,89.0,0.0,0.0,0.0,89.0,0.0,0.0,0.0,0.0,1.0,1.0,1.0,1.0,2024
Serra Negra,2,,,,,,,,,,,,,,,,2024
Serra Negra,2,,,,,,,,,,,,,,,,2024
Serra Negra,2,31.0,493.0,84.0,207.0,0.0,0.0,83.0,208.0,184.0,18.0,0.0,1.0,1.0,1.0,0.0,2024
Sertãozinho,2,,,,,,,,,,,,,,,,2024
Sertãozinho,2,28.0,717.0,0.0,0.0,0.0,0.0,0.0,5.0,617.0,95.0,0.0,1.0,1.0,1.0,0.0,2024
Sertãozinho,2,23.0,368.0,0.0,0.0,0.0,0.0,0.0,3.0,346.0,19.0,0.0,1.0,1.0,1.0,1.0,2024
Sertãozinho,2,24.0,565.0,0.0,416.0,0.0,0.0,0.0,372.0,175.0,18.0,0.0,1.0,1.0,1.0,0.0,2024
Sertãozinho,2,27.0,548.0,0.0,139.0,0.0,0.0,0.0,118.0,296.0,134.0,0.0,1.0,1.0,1.0,1.0,2024
Sertãozinho,2,45.0,1114.0,0.0,362.0,0.0,0.0,0.0,323.0,694.0,97.0,0.0,1.0,1.0,1.0,1.0,2024
Sertãozinho,2,16.0,85.0,1.0,46.0,0.0,0.0,0.0,15.0,63.0,7.0,0.0,1.0,1.0,1.0,1.0,2024
Sertãozinho,2,65.0,1425.0,0.0,541.0,0.0,0.0,2.0,471.0,682.0,270.0,0.0,1.0,1.0,1.0,1.0,2024
Sertãozinho,2,46.0,1346.0,0.0,623.0,0.0,0.0,0.0,541.0,650.0,155.0,0.0,0.0,1.0,1.0,1.0,2024
Sertãozinho,2,36.0,773.0,0.0,492.0,0.0,0.0,1.0,457.0,287.0,28.0,0.0,1.0,1.0,1.0,1.0,2024
Sertãozinho,2,34.0,739.0,0.0,404.0,0.0,0.0,0.0,342.0,312.0,85.0,1.0,1.0,1.0,1.0,1.0,2024
Sete Barras,2,29.0,508.0,0.0,289.0,0.0,0.0,5.0,278.0,223.0,2.0,0.0,1.0,1.0,1.0,1.0,2024
Sete Barras,2,37.0,665.0,0.0,345.0,0.0,0.0,4.0,320.0,309.0,32.0,0.0,1.0,1.0,1.0,1.0,2024
Sete Barras,2,8.0,49.0,0.0,49.0,0.0,0.0,3.0,44.0,2.0,0.0,0.0,1.0,1.0,1.0,1.0,2024
Sete Barras,2,7.0,24.0,6.0,4.0,0.0,5.0,7.0,4.0,7.0,1.0,0.0,0.0,1.0,0.0,0.0,2024
Severínia,2,28.0,593.0,0.0,0.0,0.0,0.0,0.0,9.0,526.0,58.0,0.0,1.0,1.0,1.0,0.0,2024
Silveiras,2,41.0,703.0,0.0,261.0,0.0,0.0,5.0,241.0,379.0,78.0,0.0,0.0,1.0,1.0,1.0,2024
Socorro,2,28.0,514.0,129.0,198.0,0.0,0.0,129.0,189.0,178.0,18.0,0.0,0.0,1.0,1.0,1.0,2024
Socorro,2,26.0,622.0,0.0,408.0,0.0,0.0,5.0,391.0,222.0,4.0,0.0,1.0,1.0,1.0,0.0,2024
Socorro,2,,,,,,,,,,,,,,,,2024
Socorro,2,33.0,684.0,0.0,443.0,0.0,0.0,13.0,406.0,258.0,7.0,0.0,0.0,1.0,1.0,1.0,2024
Socorro,2,,,,,,,,,,,,,,,,2024
Socorro,2,,,,,,,,,,,,,,,,2024
Socorro,2,,,,,,,,,,,,,,,,2024
Socorro,2,28.0,564.0,0.0,242.0,0.0,0.0,6.0,231.0,316.0,11.0,1.0,1.0,1.0,1.0,1.0,2024
Socorro,2,21.0,193.0,15.0,72.0,0.0,0.0,15.0,71.0,103.0,4.0,0.0,1.0,1.0,1.0,0.0,2024
Socorro,2,,,,,,,,,,,,,,,,2024
Socorro,2,17.0,287.0,61.0,97.0,0.0,0.0,61.0,95.0,125.0,6.0,1.0,1.0,1.0,0.0,1.0,2024
Sorocaba,2,,,,,,,,,,,,,,,,2024
Sorocaba,2,,,,,,,,,,,,,,,,2024
Sorocaba,2,34.0,613.0,0.0,336.0,0.0,0.0,1.0,318.0,278.0,16.0,0.0,1.0,1.0,1.0,1.0,2024
Sorocaba,2,37.0,1088.0,0.0,332.0,0.0,0.0,1.0,316.0,723.0,48.0,0.0,0.0,1.0,1.0,0.0,2024
Sorocaba,2,35.0,651.0,0.0,257.0,0.0,0.0,1.0,246.0,368.0,36.0,0.0,1.0,1.0,1.0,1.0,2024
Sorocaba,2,23.0,418.0,0.0,281.0,0.0,0.0,1.0,271.0,122.0,24.0,1.0,0.0,1.0,1.0,1.0,2024
Sorocaba,2,15.0,290.0,0.0,290.0,0.0,0.0,1.0,278.0,11.0,0.0,0.0,1.0,1.0,1.0,0.0,2024
Sorocaba,2,26.0,609.0,0.0,240.0,0.0,0.0,3.0,236.0,346.0,24.0,0.0,1.0,1.0,1.0,0.0,2024
Sorocaba,2,23.0,537.0,0.0,186.0,0.0,0.0,0.0,178.0,345.0,14.0,0.0,0.0,1.0,1.0,1.0,2024
Sorocaba,2,35.0,645.0,0.0,383.0,0.0,0.0,0.0,361.0,275.0,9.0,0.0,1.0,1.0,1.0,0.0,2024
Sorocaba,2,14.0,237.0,0.0,237.0,0.0,0.0,0.0,228.0,9.0,0.0,0.0,1.0,1.0,1.0,1.0,2024
Sorocaba,2,20.0,379.0,0.0,379.0,0.0,0.0,1.0,361.0,17.0,0.0,1.0,1.0,1.0,1.0,1.0,2024
Sorocaba,2,25.0,482.0,0.0,291.0,0.0,0.0,1.0,263.0,208.0,10.0,0.0,1.0,1.0,1.0,1.0,2024
Sorocaba,2,39.0,976.0,0.0,364.0,0.0,0.0,0.0,329.0,566.0,81.0,1.0,0.0,1.0,1.0,0.0,2024
Sorocaba,2,20.0,402.0,0.0,210.0,0.0,0.0,0.0,206.0,186.0,10.0,0.0,1.0,1.0,1.0,0.0,2024
Sorocaba,2,115.0,2043.0,0.0,0.0,0.0,0.0,0.0,12.0,1251.0,780.0,1.0,1.0,1.0,1.0,0.0,2024
Sorocaba,2,40.0,925.0,0.0,422.0,0.0,0.0,1.0,383.0,510.0,31.0,0.0,0.0,1.0,1.0,0.0,2024
Sorocaba,2,25.0,471.0,0.0,217.0,0.0,0.0,0.0,198.0,258.0,15.0,0.0,1.0,1.0,1.0,0.0,2024
Sorocaba,2,65.0,1987.0,0.0,837.0,0.0,0.0,7.0,798.0,1111.0,71.0,0.0,0.0,1.0,1.0,1.0,2024
Sorocaba,2,46.0,1150.0,0.0,535.0,0.0,0.0,4.0,481.0,540.0,125.0,1.0,0.0,0.0,0.0,0.0,2024
Sorocaba,2,32.0,686.0,0.0,401.0,0.0,0.0,7.0,382.0,285.0,12.0,0.0,0.0,1.0,1.0,1.0,2024
Sorocaba,2,67.0,1500.0,0.0,580.0,0.0,0.0,2.0,551.0,838.0,109.0,0.0,0.0,1.0,1.0,1.0,2024
Sorocaba,2,17.0,279.0,0.0,175.0,0.0,0.0,1.0,165.0,106.0,7.0,0.0,0.0,1.0,1.0,0.0,2024
Sorocaba,2,34.0,889.0,0.0,262.0,0.0,0.0,0.0,258.0,612.0,19.0,0.0,0.0,1.0,1.0,1.0,2024
Sorocaba,2,36.0,902.0,0.0,565.0,0.0,0.0,1.0,536.0,340.0,25.0,0.0,1.0,1.0,1.0,1.0,2024
Sorocaba,2,25.0,555.0,0.0,276.0,0.0,0.0,0.0,257.0,278.0,20.0,0.0,0.0,1.0,1.0,1.0,2024
Sorocaba,2,,,,,,,,,,,,,,,,2024
Sorocaba,2,101.0,1676.0,0.0,0.0,0.0,0.0,0.0,3.0,981.0,692.0,1.0,1.0,1.0,1.0,0.0,2024
Sorocaba,2,17.0,317.0,0.0,317.0,0.0,0.0,2.0,297.0,18.0,0.0,0.0,1.0,1.0,1.0,1.0,2024
Sorocaba,2,34.0,528.0,0.0,254.0,0.0,0.0,1.0,236.0,277.0,14.0,1.0,1.0,1.0,1.0,1.0,2024
Sorocaba,2,24.0,445.0,445.0,0.0,0.0,0.0,430.0,15.0,0.0,0.0,0.0,0.0,1.0,1.0,0.0,2024
Sorocaba,2,26.0,500.0,0.0,258.0,0.0,0.0,0.0,247.0,244.0,9.0,0.0,0.0,1.0,1.0,1.0,2024
Sorocaba,2,22.0,399.0,155.0,244.0,0.0,0.0,157.0,236.0,6.0,0.0,0.0,0.0,1.0,1.0,0.0,2024
Sorocaba,2,24.0,490.0,0.0,282.0,0.0,0.0,1.0,274.0,209.0,6.0,0.0,1.0,1.0,1.0,0.0,2024
Sorocaba,2,30.0,698.0,0.0,339.0,0.0,0.0,0.0,317.0,367.0,14.0,0.0,0.0,1.0,1.0,1.0,2024
Sorocaba,2,59.0,1633.0,0.0,467.0,0.0,0.0,1.0,446.0,1082.0,104.0,0.0,1.0,1.0,1.0,1.0,2024
Sorocaba,2,24.0,472.0,472.0,0.0,0.0,0.0,460.0,12.0,0.0,0.0,0.0,1.0,1.0,1.0,1.0,2024
Sorocaba,2,22.0,369.0,133.0,132.0,0.0,0.0,130.0,131.0,105.0,3.0,0.0,0.0,1.0,1.0,1.0,2024
Sorocaba,2,38.0,638.0,0.0,308.0,0.0,0.0,2.0,298.0,229.0,109.0,0.0,1.0,1.0,1.0,1.0,2024
Sorocaba,2,32.0,719.0,582.0,137.0,0.0,0.0,564.0,155.0,0.0,0.0,0.0,1.0,1.0,1.0,0.0,2024
Sorocaba,2,25.0,350.0,177.0,173.0,0.0,0.0,163.0,173.0,14.0,0.0,0.0,1.0,1.0,1.0,0.0,2024
Sorocaba,2,17.0,313.0,313.0,0.0,0.0,0.0,303.0,10.0,0.0,0.0,0.0,1.0,1.0,1.0,1.0,2024
Sorocaba,2,19.0,328.0,265.0,63.0,0.0,0.0,254.0,74.0,0.0,0.0,0.0,0.0,1.0,1.0,0.0,2024
Sorocaba,2,29.0,453.0,233.0,220.0,0.0,0.0,223.0,214.0,15.0,1.0,0.0,0.0,1.0,1.0,1.0,2024
Sorocaba,2,14.0,239.0,0.0,239.0,0.0,0.0,1.0,222.0,16.0,0.0,0.0,0.0,1.0,1.0,1.0,2024
Sorocaba,2,19.0,371.0,371.0,0.0,0.0,0.0,363.0,8.0,0.0,0.0,0.0,0.0,1.0,1.0,0.0,2024
Sorocaba,2,24.0,476.0,0.0,363.0,0.0,0.0,1.0,343.0,117.0,15.0,0.0,0.0,1.0,1.0,1.0,2024
Sorocaba,2,16.0,277.0,277.0,0.0,0.0,0.0,266.0,11.0,0.0,0.0,0.0,0.0,1.0,1.0,1.0,2024
Sorocaba,2,35.0,847.0,0.0,532.0,0.0,0.0,2.0,498.0,323.0,24.0,0.0,0.0,1.0,1.0,1.0,2024
Sorocaba,2,,,,,,,,,,,,,,,,2024
Sorocaba,2,,,,,,,,,,,,,,,,2024
Sorocaba,2,9.0,41.0,0.0,27.0,0.0,0.0,0.0,8.0,31.0,2.0,1.0,1.0,1.0,1.0,1.0,2024
Sorocaba,2,,,,,,,,,,,,,,,,2024
Sorocaba,2,8.0,43.0,3.0,13.0,0.0,0.0,0.0,1.0,33.0,9.0,0.0,0.0,1.0,1.0,1.0,2024
Sorocaba,2,,,,,,,,,,,0.0,1.0,1.0,1.0,0.0,2024
Sorocaba,2,12.0,261.0,0.0,0.0,0.0,0.0,0.0,0.0,0.0,261.0,0.0,0.0,0.0,0.0,0.0,2024
Sorocaba,2,12.0,161.0,0.0,0.0,0.0,0.0,0.0,0.0,0.0,161.0,0.0,0.0,0.0,0.0,0.0,2024
Sorocaba,2,,,,,,,,,,,,,,,,2024
Sorocaba,2,54.0,615.0,0.0,0.0,0.0,0.0,0.0,5.0,322.0,288.0,1.0,1.0,1.0,1.0,0.0,2024
Sorocaba,2,41.0,1046.0,0.0,391.0,0.0,0.0,2.0,368.0,558.0,118.0,0.0,1.0,1.0,1.0,1.0,2024
Sorocaba,2,20.0,344.0,0.0,344.0,0.0,0.0,1.0,326.0,17.0,0.0,0.0,1.0,1.0,1.0,1.0,2024
Sorocaba,2,34.0,851.0,0.0,579.0,0.0,0.0,0.0,559.0,274.0,18.0,0.0,0.0,1.0,1.0,1.0,2024
Sorocaba,2,,,,,,,,,,,,,,,,2024
Sorocaba,2,,,,,,,,,,,,,,,,2024
Sorocaba,2,11.0,44.0,1.0,12.0,0.0,0.0,0.0,0.0,31.0,13.0,0.0,1.0,1.0,1.0,1.0,2024
Sorocaba,2,32.0,731.0,0.0,525.0,0.0,0.0,0.0,503.0,212.0,16.0,0.0,0.0,1.0,1.0,1.0,2024
Sorocaba,2,34.0,706.0,0.0,494.0,0.0,0.0,1.0,462.0,231.0,12.0,0.0,0.0,1.0,1.0,1.0,2024
Sorocaba,2,,,,,,,,,,,,,,,,2024
Sorocaba,2,19.0,418.0,0.0,302.0,0.0,0.0,0.0,285.0,123.0,10.0,0.0,1.0,1.0,1.0,0.0,2024
Sorocaba,2,49.0,1131.0,382.0,425.0,0.0,0.0,367.0,407.0,315.0,42.0,0.0,0.0,1.0,1.0,1.0,2024
Sorocaba,2,67.0,1966.0,0.0,734.0,0.0,0.0,1.0,695.0,1151.0,119.0,1.0,1.0,1.0,1.0,1.0,2024
Sorocaba,2,28.0,424.0,0.0,424.0,0.0,0.0,7.0,394.0,23.0,0.0,0.0,0.0,1.0,1.0,0.0,2024
Sorocaba,2,36.0,941.0,0.0,621.0,0.0,0.0,3.0,591.0,325.0,22.0,0.0,0.0,1.0,1.0,1.0,2024
Sorocaba,2,,,,,,,,,,,,,,,,2024
Sorocaba,2,11.0,163.0,0.0,163.0,0.0,0.0,1.0,151.0,11.0,0.0,0.0,0.0,1.0,1.0,1.0,2024
Sorocaba,2,,,,,,,,,,,,,,,,2024
Sorocaba,2,18.0,261.0,152.0,109.0,0.0,0.0,150.0,110.0,1.0,0.0,0.0,1.0,1.0,1.0,0.0,2024
Sorocaba,2,57.0,1698.0,0.0,820.0,0.0,0.0,7.0,750.0,887.0,54.0,0.0,0.0,1.0,1.0,0.0,2024
Sorocaba,2,18.0,294.0,147.0,147.0,0.0,0.0,143.0,145.0,6.0,0.0,0.0,0.0,1.0,1.0,1.0,2024
Sorocaba,2,17.0,346.0,0.0,346.0,0.0,0.0,0.0,330.0,16.0,0.0,0.0,1.0,1.0,1.0,1.0,2024
Sorocaba,2,36.0,747.0,0.0,414.0,0.0,0.0,1.0,377.0,349.0,20.0,0.0,0.0,1.0,1.0,0.0,2024
Sorocaba,2,49.0,1524.0,0.0,567.0,0.0,0.0,2.0,517.0,953.0,52.0,0.0,1.0,1.0,1.0,1.0,2024
Sorocaba,2,12.0,232.0,232.0,0.0,0.0,0.0,221.0,11.0,0.0,0.0,0.0,0.0,1.0,1.0,1.0,2024
Sorocaba,2,35.0,707.0,597.0,110.0,0.0,2.0,572.0,133.0,0.0,0.0,0.0,0.0,1.0,1.0,1.0,2024
Sorocaba,2,36.0,810.0,0.0,511.0,0.0,0.0,3.0,491.0,301.0,15.0,0.0,0.0,1.0,1.0,1.0,2024
Sorocaba,2,,,,,,,,,,,,,,,,2024
Sorocaba,2,24.0,566.0,0.0,373.0,0.0,0.0,2.0,346.0,207.0,11.0,1.0,0.0,1.0,1.0,1.0,2024
Sorocaba,2,17.0,297.0,0.0,297.0,0.0,0.0,1.0,263.0,33.0,0.0,0.0,1.0,1.0,1.0,0.0,2024
Sorocaba,2,29.0,767.0,0.0,380.0,0.0,0.0,1.0,361.0,377.0,28.0,0.0,1.0,1.0,1.0,0.0,2024
Sorocaba,2,24.0,527.0,0.0,339.0,0.0,0.0,0.0,326.0,192.0,9.0,0.0,1.0,1.0,1.0,1.0,2024
Sorocaba,2,,,,,,,,,,,,,,,,2024
Sorocaba,2,33.0,759.0,0.0,502.0,0.0,0.0,0.0,468.0,285.0,6.0,0.0,0.0,1.0,1.0,1.0,2024
Sorocaba,2,37.0,874.0,0.0,466.0,0.0,0.0,1.0,433.0,428.0,12.0,0.0,0.0,1.0,1.0,1.0,2024
Sorocaba,2,70.0,1263.0,0.0,567.0,0.0,0.0,0.0,530.0,585.0,148.0,0.0,1.0,1.0,1.0,1.0,2024
Sorocaba,2,24.0,588.0,0.0,412.0,0.0,0.0,1.0,389.0,191.0,7.0,0.0,0.0,1.0,1.0,0.0,2024
Sorocaba,2,66.0,1350.0,0.0,463.0,0.0,0.0,0.0,437.0,774.0,139.0,0.0,1.0,1.0,1.0,1.0,2024
Sorocaba,2,23.0,338.0,302.0,36.0,0.0,0.0,299.0,39.0,0.0,0.0,0.0,1.0,1.0,1.0,1.0,2024
Sorocaba,2,51.0,974.0,0.0,386.0,0.0,0.0,1.0,360.0,571.0,42.0,0.0,1.0,1.0,1.0,1.0,2024
Sorocaba,2,18.0,296.0,0.0,165.0,0.0,0.0,2.0,153.0,130.0,11.0,0.0,1.0,1.0,1.0,1.0,2024
Sorocaba,2,55.0,1882.0,0.0,925.0,0.0,0.0,2.0,880.0,927.0,73.0,0.0,0.0,1.0,1.0,1.0,2024
Sorocaba,2,33.0,821.0,0.0,590.0,0.0,0.0,4.0,554.0,247.0,16.0,0.0,1.0,1.0,1.0,1.0,2024
Sorocaba,2,32.0,679.0,0.0,428.0,0.0,0.0,0.0,403.0,255.0,21.0,0.0,1.0,1.0,1.0,1.0,2024
Sorocaba,2,15.0,2482.0,0.0,0.0,0.0,0.0,0.0,0.0,0.0,2482.0,0.0,0.0,1.0,0.0,0.0,2024
Sorocaba,2,,,,,,,,,,,0.0,1.0,1.0,1.0,1.0,2024
Sud Mennucci,2,15.0,248.0,0.0,0.0,0.0,0.0,0.0,7.0,236.0,5.0,0.0,1.0,1.0,1.0,1.0,2024
Sumaré,2,15.0,232.0,0.0,232.0,0.0,0.0,3.0,218.0,11.0,0.0,0.0,1.0,1.0,1.0,1.0,2024
Sumaré,2,17.0,142.0,0.0,0.0,0.0,0.0,0.0,4.0,99.0,39.0,0.0,0.0,1.0,1.0,1.0,2024
Sumaré,2,15.0,262.0,0.0,0.0,0.0,0.0,0.0,7.0,247.0,8.0,0.0,1.0,1.0,1.0,1.0,2024
Sumaré,2,17.0,329.0,329.0,0.0,0.0,0.0,325.0,4.0,0.0,0.0,0.0,0.0,1.0,1.0,0.0,2024
Sumaré,2,30.0,526.0,0.0,293.0,0.0,0.0,5.0,282.0,224.0,15.0,0.0,1.0,1.0,1.0,0.0,2024
Sumaré,2,15.0,283.0,0.0,0.0,0.0,0.0,0.0,9.0,263.0,11.0,0.0,1.0,1.0,1.0,0.0,2024
Sumaré,2,39.0,869.0,0.0,527.0,0.0,0.0,9.0,506.0,342.0,12.0,0.0,1.0,1.0,1.0,0.0,2024
Sumaré,2,50.0,1114.0,328.0,340.0,0.0,0.0,322.0,322.0,418.0,52.0,0.0,1.0,1.0,1.0,0.0,2024
Sumaré,2,37.0,677.0,0.0,469.0,0.0,0.0,9.0,460.0,205.0,3.0,0.0,0.0,1.0,1.0,0.0,2024
Sumaré,2,46.0,1122.0,0.0,540.0,0.0,0.0,2.0,514.0,565.0,41.0,0.0,1.0,1.0,1.0,0.0,2024
Sumaré,2,8.0,40.0,0.0,0.0,0.0,0.0,0.0,0.0,0.0,40.0,0.0,0.0,0.0,0.0,0.0,2024
Sumaré,2,26.0,710.0,0.0,461.0,0.0,0.0,9.0,440.0,248.0,13.0,0.0,1.0,1.0,1.0,1.0,2024
Sumaré,2,28.0,439.0,58.0,247.0,0.0,0.0,53.0,231.0,145.0,10.0,0.0,1.0,1.0,1.0,0.0,2024
Sumaré,2,21.0,373.0,373.0,0.0,0.0,0.0,364.0,9.0,0.0,0.0,0.0,0.0,1.0,1.0,0.0,2024
Sumaré,2,22.0,413.0,413.0,0.0,0.0,0.0,401.0,12.0,0.0,0.0,0.0,1.0,1.0,1.0,0.0,2024
Sumaré,2,,,,,,,,,,,0.0,0.0,1.0,0.0,0.0,2024
Sumaré,2,71.0,1510.0,0.0,553.0,0.0,0.0,9.0,525.0,790.0,186.0,0.0,1.0,1.0,1.0,0.0,2024
Sumaré,2,40.0,862.0,0.0,464.0,0.0,0.0,9.0,419.0,423.0,11.0,0.0,1.0,1.0,1.0,0.0,2024
Sumaré,2,34.0,614.0,389.0,225.0,0.0,0.0,392.0,215.0,7.0,0.0,0.0,0.0,1.0,1.0,0.0,2024
Sumaré,2,52.0,1149.0,0.0,482.0,0.0,0.0,6.0,447.0,644.0,52.0,1.0,1.0,1.0,1.0,0.0,2024
Sumaré,2,11.0,163.0,0.0,0.0,0.0,0.0,0.0,7.0,153.0,3.0,0.0,1.0,1.0,1.0,0.0,2024
Sumaré,2,28.0,338.0,141.0,119.0,0.0,0.0,139.0,118.0,78.0,3.0,0.0,1.0,1.0,1.0,0.0,2024
Sumaré,2,21.0,364.0,161.0,203.0,0.0,0.0,160.0,202.0,2.0,0.0,0.0,1.0,1.0,1.0,0.0,2024
Sumaré,2,31.0,657.0,0.0,228.0,0.0,0.0,3.0,224.0,305.0,125.0,0.0,1.0,1.0,1.0,0.0,2024
Sumaré,2,71.0,1317.0,0.0,674.0,0.0,0.0,7.0,631.0,620.0,59.0,0.0,0.0,1.0,1.0,0.0,2024
Sumaré,2,52.0,1650.0,0.0,734.0,0.0,0.0,7.0,656.0,908.0,79.0,0.0,1.0,1.0,1.0,0.0,2024
Sumaré,2,44.0,1331.0,0.0,477.0,0.0,0.0,5.0,460.0,794.0,72.0,0.0,1.0,1.0,1.0,0.0,2024
Sumaré,2,35.0,794.0,0.0,439.0,0.0,0.0,5.0,427.0,353.0,9.0,0.0,0.0,1.0,1.0,1.0,2024
Sumaré,2,32.0,729.0,729.0,0.0,0.0,0.0,704.0,25.0,0.0,0.0,0.0,1.0,1.0,1.0,0.0,2024
Sumaré,2,16.0,304.0,304.0,0.0,0.0,0.0,297.0,7.0,0.0,0.0,0.0,1.0,1.0,1.0,1.0,2024
Sumaré,2,17.0,361.0,0.0,361.0,0.0,0.0,5.0,354.0,2.0,0.0,0.0,1.0,1.0,1.0,1.0,2024
Sumaré,2,19.0,322.0,322.0,0.0,0.0,0.0,317.0,5.0,0.0,0.0,0.0,1.0,1.0,0.0,1.0,2024
Sumaré,2,14.0,225.0,0.0,225.0,0.0,0.0,2.0,218.0,5.0,0.0,0.0,1.0,1.0,1.0,0.0,2024
Sumaré,2,42.0,922.0,460.0,462.0,0.0,0.0,454.0,442.0,26.0,0.0,0.0,1.0,1.0,1.0,0.0,2024
Sumaré,2,32.0,671.0,0.0,497.0,0.0,0.0,7.0,465.0,195.0,4.0,0.0,1.0,1.0,1.0,0.0,2024
Sumaré,2,22.0,444.0,0.0,313.0,0.0,0.0,6.0,295.0,137.0,6.0,0.0,1.0,1.0,1.0,0.0,2024
Sumaré,2,24.0,276.0,26.0,157.0,0.0,0.0,27.0,150.0,96.0,3.0,0.0,1.0,1.0,1.0,0.0,2024
Sumaré,2,14.0,285.0,0.0,285.0,0.0,0.0,4.0,268.0,13.0,0.0,0.0,1.0,1.0,1.0,0.0,2024
Sumaré,2,42.0,893.0,0.0,603.0,0.0,0.0,9.0,578.0,295.0,11.0,0.0,1.0,1.0,1.0,1.0,2024
Sumaré,2,29.0,666.0,0.0,425.0,0.0,0.0,7.0,414.0,238.0,7.0,0.0,1.0,1.0,1.0,1.0,2024
Suzano,2,36.0,833.0,833.0,0.0,0.0,0.0,800.0,33.0,0.0,0.0,0.0,1.0,1.0,1.0,0.0,2024
Suzano,2,24.0,417.0,417.0,0.0,0.0,0.0,388.0,29.0,0.0,0.0,0.0,0.0,1.0,1.0,0.0,2024
Suzano,2,56.0,1196.0,0.0,157.0,0.0,0.0,0.0,143.0,953.0,100.0,0.0,1.0,1.0,1.0,0.0,2024
Suzano,2,31.0,556.0,0.0,0.0,0.0,0.0,0.0,2.0,534.0,20.0,0.0,1.0,1.0,1.0,1.0,2024
Suzano,2,38.0,713.0,230.0,290.0,0.0,0.0,220.0,273.0,209.0,11.0,0.0,1.0,1.0,1.0,1.0,2024
Suzano,2,27.0,527.0,527.0,0.0,0.0,0.0,516.0,11.0,0.0,0.0,0.0,1.0,1.0,1.0,1.0,2024
Suzano,2,22.0,419.0,0.0,289.0,0.0,0.0,1.0,270.0,138.0,10.0,0.0,1.0,1.0,1.0,1.0,2024
Suzano,2,29.0,647.0,647.0,0.0,0.0,0.0,621.0,26.0,0.0,0.0,0.0,1.0,1.0,1.0,1.0,2024
Suzano,2,24.0,577.0,0.0,357.0,0.0,0.0,2.0,351.0,217.0,7.0,0.0,1.0,1.0,1.0,1.0,2024
Suzano,2,56.0,1010.0,0.0,420.0,0.0,0.0,0.0,397.0,575.0,38.0,0.0,1.0,1.0,1.0,1.0,2024
Suzano,2,62.0,1438.0,0.0,421.0,0.0,0.0,2.0,407.0,973.0,56.0,0.0,1.0,1.0,1.0,1.0,2024
Suzano,2,99.0,2204.0,0.0,574.0,0.0,0.0,1.0,531.0,1352.0,320.0,0.0,1.0,1.0,1.0,1.0,2024
Suzano,2,31.0,691.0,0.0,460.0,0.0,0.0,1.0,454.0,222.0,14.0,0.0,1.0,1.0,1.0,0.0,2024
Suzano,2,39.0,848.0,380.0,468.0,0.0,0.0,374.0,453.0,21.0,0.0,0.0,0.0,1.0,1.0,1.0,2024
Suzano,2,52.0,1269.0,0.0,504.0,0.0,0.0,1.0,466.0,711.0,91.0,0.0,1.0,1.0,1.0,0.0,2024
Suzano,2,31.0,680.0,680.0,0.0,0.0,0.0,645.0,35.0,0.0,0.0,0.0,1.0,1.0,0.0,1.0,2024
Suzano,2,36.0,820.0,386.0,434.0,0.0,0.0,381.0,400.0,39.0,0.0,0.0,1.0,1.0,1.0,0.0,2024
Suzano,2,31.0,668.0,0.0,453.0,0.0,0.0,0.0,430.0,233.0,5.0,0.0,1.0,1.0,1.0,1.0,2024
Suzano,2,49.0,845.0,0.0,414.0,0.0,0.0,4.0,386.0,426.0,29.0,0.0,1.0,1.0,1.0,0.0,2024
Suzano,2,56.0,1074.0,0.0,0.0,0.0,0.0,0.0,3.0,668.0,403.0,1.0,1.0,1.0,1.0,0.0,2024
Suzano,2,,,,,,,,,,,,,,,,2024
Suzano,2,,,,,,,,,,,,,,,,2024
Suzano,2,,,,,,,,,,,,,,,,2024
Suzano,2,17.0,301.0,0.0,203.0,0.0,0.0,0.0,190.0,102.0,9.0,0.0,1.0,1.0,1.0,1.0,2024
Suzano,2,52.0,1040.0,396.0,446.0,0.0,0.0,371.0,444.0,50.0,175.0,0.0,1.0,1.0,1.0,1.0,2024
Suzano,2,50.0,728.0,200.0,265.0,0.0,0.0,196.0,252.0,242.0,38.0,0.0,1.0,1.0,1.0,0.0,2024
Suzano,2,42.0,828.0,411.0,417.0,0.0,0.0,390.0,402.0,36.0,0.0,0.0,1.0,1.0,1.0,1.0,2024
Suzano,2,37.0,724.0,0.0,430.0,0.0,0.0,0.0,403.0,306.0,15.0,0.0,1.0,1.0,1.0,1.0,2024
Suzano,2,54.0,1071.0,190.0,475.0,0.0,0.0,176.0,456.0,408.0,31.0,0.0,1.0,1.0,1.0,0.0,2024
Suzano,2,41.0,906.0,430.0,476.0,0.0,0.0,424.0,460.0,22.0,0.0,0.0,1.0,1.0,1.0,1.0,2024
Suzano,2,50.0,1088.0,278.0,338.0,0.0,0.0,255.0,350.0,420.0,63.0,0.0,1.0,1.0,1.0,1.0,2024
Suzano,2,35.0,809.0,0.0,438.0,0.0,0.0,1.0,399.0,401.0,8.0,0.0,1.0,1.0,1.0,0.0,2024
Suzano,2,71.0,1642.0,0.0,748.0,0.0,0.0,2.0,696.0,848.0,96.0,0.0,1.0,1.0,1.0,0.0,2024
Suzano,2,53.0,1225.0,193.0,438.0,0.0,0.0,178.0,415.0,580.0,52.0,0.0,1.0,1.0,1.0,0.0,2024
Suzano,2,80.0,2431.0,0.0,848.0,0.0,0.0,1.0,788.0,1521.0,121.0,0.0,1.0,1.0,1.0,0.0,2024
Suzano,2,38.0,728.0,146.0,369.0,0.0,0.0,138.0,356.0,96.0,138.0,0.0,1.0,1.0,1.0,1.0,2024
Suzano,2,47.0,1011.0,0.0,301.0,0.0,0.0,0.0,279.0,642.0,90.0,0.0,1.0,1.0,1.0,1.0,2024
Suzano,2,50.0,1195.0,634.0,561.0,0.0,0.0,600.0,562.0,33.0,0.0,0.0,0.0,1.0,1.0,1.0,2024
Suzano,2,35.0,702.0,0.0,702.0,0.0,0.0,2.0,653.0,47.0,0.0,0.0,1.0,1.0,1.0,0.0,2024
Suzano,2,78.0,2199.0,392.0,615.0,0.0,0.0,352.0,602.0,968.0,277.0,0.0,1.0,1.0,1.0,1.0,2024
Suzano,2,53.0,1283.0,0.0,401.0,0.0,0.0,2.0,379.0,814.0,88.0,0.0,1.0,1.0,1.0,1.0,2024
Suzano,2,38.0,563.0,0.0,491.0,0.0,0.0,1.0,460.0,38.0,64.0,0.0,1.0,1.0,1.0,0.0,2024
Suzano,2,38.0,724.0,0.0,454.0,0.0,0.0,0.0,424.0,290.0,10.0,0.0,1.0,1.0,1.0,1.0,2024
Suzano,2,35.0,698.0,0.0,698.0,0.0,0.0,1.0,659.0,38.0,0.0,0.0,1.0,1.0,1.0,1.0,2024
Suzano,2,,,,,,,,,,,0.0,0.0,1.0,0.0,0.0,2024
Suzano,2,30.0,658.0,658.0,0.0,0.0,0.0,625.0,33.0,0.0,0.0,0.0,1.0,1.0,1.0,0.0,2024
Suzano,2,32.0,626.0,0.0,251.0,0.0,0.0,0.0,231.0,384.0,11.0,0.0,1.0,1.0,1.0,1.0,2024
Suzano,2,33.0,584.0,232.0,217.0,0.0,0.0,223.0,208.0,146.0,7.0,0.0,1.0,1.0,1.0,0.0,2024
Suzano,2,47.0,1160.0,0.0,421.0,0.0,0.0,1.0,384.0,702.0,73.0,0.0,1.0,1.0,1.0,0.0,2024
Suzano,2,27.0,367.0,198.0,169.0,0.0,1.0,192.0,163.0,11.0,0.0,0.0,1.0,1.0,1.0,1.0,2024
Suzanápolis,2,18.0,292.0,0.0,183.0,0.0,0.0,3.0,174.0,107.0,8.0,0.0,1.0,1.0,1.0,0.0,2024
Tabapuã,2,34.0,606.0,0.0,139.0,0.0,0.0,2.0,135.0,414.0,55.0,0.0,0.0,1.0,1.0,0.0,2024
Tabatinga,2,32.0,723.0,0.0,284.0,0.0,0.0,3.0,287.0,410.0,23.0,0.0,1.0,1.0,1.0,0.0,2024
Tabatinga,2,16.0,238.0,97.0,80.0,0.0,0.0,97.0,79.0,60.0,2.0,0.0,1.0,1.0,1.0,0.0,2024
Taboão da Serra,2,23.0,372.0,0.0,0.0,0.0,0.0,0.0,5.0,288.0,79.0,1.0,1.0,1.0,1.0,1.0,2024
Taboão da Serra,2,43.0,1064.0,0.0,438.0,0.0,0.0,4.0,424.0,580.0,56.0,0.0,0.0,1.0,1.0,0.0,2024
Taboão da Serra,2,14.0,242.0,0.0,242.0,0.0,0.0,2.0,224.0,16.0,0.0,0.0,1.0,1.0,1.0,0.0,2024
Taboão da Serra,2,58.0,1752.0,0.0,742.0,0.0,0.0,13.0,726.0,916.0,97.0,1.0,0.0,1.0,1.0,0.0,2024
Taboão da Serra,2,54.0,1244.0,0.0,337.0,0.0,0.0,5.0,315.0,754.0,170.0,1.0,1.0,1.0,1.0,1.0,2024
Taboão da Serra,2,42.0,744.0,0.0,317.0,0.0,0.0,9.0,295.0,377.0,63.0,0.0,1.0,1.0,1.0,1.0,2024
Taboão da Serra,2,29.0,598.0,92.0,315.0,0.0,0.0,89.0,305.0,188.0,16.0,0.0,1.0,1.0,1.0,1.0,2024
Taboão da Serra,2,41.0,754.0,172.0,340.0,0.0,0.0,176.0,318.0,247.0,13.0,1.0,1.0,1.0,1.0,1.0,2024
Taboão da Serra,2,64.0,1927.0,0.0,724.0,0.0,0.0,7.0,720.0,1074.0,126.0,0.0,1.0,1.0,1.0,1.0,2024
Taboão da Serra,2,36.0,1080.0,0.0,407.0,0.0,0.0,4.0,400.0,592.0,84.0,0.0,1.0,1.0,1.0,0.0,2024
Taboão da Serra,2,23.0,582.0,0.0,341.0,0.0,0.0,4.0,335.0,223.0,20.0,0.0,1.0,1.0,1.0,1.0,2024
Taboão da Serra,2,,,,,,,,,,,,,,,,2024
Taboão da Serra,2,24.0,673.0,0.0,379.0,0.0,0.0,8.0,372.0,276.0,17.0,0.0,0.0,1.0,1.0,0.0,2024
Taboão da Serra,2,27.0,477.0,0.0,326.0,0.0,0.0,3.0,310.0,157.0,7.0,0.0,1.0,1.0,1.0,1.0,2024
Taboão da Serra,2,24.0,517.0,0.0,326.0,0.0,0.0,5.0,313.0,186.0,13.0,0.0,1.0,1.0,1.0,0.0,2024
Taboão da Serra,2,59.0,1823.0,0.0,763.0,0.0,0.0,9.0,735.0,930.0,149.0,0.0,1.0,1.0,1.0,1.0,2024
Taboão da Serra,2,54.0,1514.0,0.0,754.0,0.0,0.0,7.0,735.0,671.0,101.0,0.0,1.0,1.0,0.0,1.0,2024
Taboão da Serra,2,24.0,484.0,0.0,291.0,0.0,0.0,4.0,267.0,194.0,19.0,0.0,0.0,1.0,1.0,1.0,2024
Taboão da Serra,2,39.0,1147.0,0.0,515.0,0.0,0.0,11.0,482.0,606.0,48.0,0.0,1.0,1.0,1.0,0.0,2024
Taboão da Serra,2,68.0,1615.0,0.0,736.0,0.0,0.0,22.0,711.0,782.0,100.0,1.0,1.0,1.0,1.0,0.0,2024
Taboão da Serra,2,67.0,1543.0,0.0,688.0,0.0,0.0,14.0,664.0,650.0,215.0,0.0,1.0,1.0,1.0,1.0,2024
Taboão da Serra,2,27.0,567.0,0.0,404.0,0.0,0.0,7.0,387.0,164.0,9.0,0.0,1.0,1.0,1.0,1.0,2024
Taboão da Serra,2,61.0,1891.0,0.0,877.0,0.0,0.0,15.0,852.0,934.0,90.0,0.0,1.0,1.0,1.0,0.0,2024
Taboão da Serra,2,21.0,337.0,0.0,236.0,0.0,0.0,5.0,228.0,101.0,3.0,1.0,0.0,1.0,1.0,1.0,2024
Taboão da Serra,2,30.0,658.0,0.0,417.0,0.0,0.0,8.0,401.0,232.0,17.0,1.0,1.0,1.0,1.0,1.0,2024
Taboão da Serra,2,73.0,1483.0,0.0,613.0,0.0,0.0,7.0,598.0,607.0,271.0,1.0,1.0,1.0,1.0,1.0,2024
Taboão da Serra,2,45.0,1329.0,0.0,602.0,0.0,0.0,11.0,592.0,643.0,83.0,0.0,1.0,1.0,1.0,1.0,2024
Taboão da Serra,2,21.0,282.0,105.0,126.0,0.0,0.0,105.0,122.0,55.0,0.0,0.0,1.0,1.0,1.0,1.0,2024
Taboão da Serra,2,31.0,650.0,0.0,341.0,0.0,0.0,5.0,329.0,285.0,31.0,0.0,1.0,1.0,1.0,1.0,2024
Taciba,2,30.0,462.0,0.0,311.0,0.0,0.0,0.0,283.0,171.0,8.0,0.0,1.0,1.0,1.0,0.0,2024
Taguaí,2,45.0,1295.0,0.0,668.0,0.0,0.0,2.0,631.0,637.0,25.0,0.0,1.0,1.0,1.0,1.0,2024
Taiaçu,2,22.0,349.0,0.0,219.0,0.0,0.0,3.0,208.0,128.0,10.0,0.0,1.0,1.0,1.0,1.0,2024
Taiúva,2,22.0,369.0,0.0,241.0,0.0,0.0,3.0,234.0,126.0,6.0,0.0,0.0,1.0,1.0,0.0,2024
Taiúva,2,9.0,139.0,0.0,0.0,0.0,0.0,0.0,0.0,0.0,139.0,0.0,0.0,0.0,0.0,0.0,2024
Tambaú,2,,,,,,,,,,,,,,,,2024
Tambaú,2,21.0,388.0,0.0,388.0,0.0,0.0,1.0,355.0,32.0,0.0,0.0,1.0,1.0,1.0,0.0,2024
Tambaú,2,33.0,717.0,0.0,248.0,0.0,0.0,0.0,229.0,410.0,78.0,0.0,1.0,1.0,1.0,0.0,2024
Tambaú,2,13.0,204.0,0.0,133.0,0.0,0.0,0.0,126.0,75.0,3.0,0.0,1.0,1.0,1.0,0.0,2024
Tambaú,2,,,,,,,,,,,0.0,0.0,1.0,0.0,0.0,2024
Tanabi,2,56.0,1455.0,0.0,483.0,0.0,0.0,16.0,460.0,924.0,55.0,0.0,1.0,1.0,1.0,1.0,2024
Tanabi,2,20.0,341.0,0.0,341.0,0.0,0.0,3.0,331.0,7.0,0.0,0.0,1.0,1.0,1.0,0.0,2024
Tapiraí,2,27.0,473.0,0.0,255.0,0.0,0.0,3.0,240.0,227.0,3.0,0.0,0.0,1.0,1.0,0.0,2024
Tapiraí,2,,,,,,,,,,,,,,,,2024
Tapiraí,2,18.0,286.0,0.0,193.0,0.0,0.0,3.0,179.0,99.0,5.0,0.0,0.0,1.0,1.0,1.0,2024
Tapiratiba,2,24.0,237.0,0.0,125.0,0.0,0.0,2.0,111.0,115.0,9.0,0.0,1.0,1.0,1.0,1.0,2024
Taquaral,2,17.0,205.0,0.0,123.0,0.0,0.0,1.0,117.0,77.0,10.0,0.0,1.0,1.0,1.0,1.0,2024
Taquaritinga,2,32.0,682.0,0.0,396.0,0.0,0.0,8.0,390.0,278.0,6.0,0.0,1.0,1.0,1.0,1.0,2024
Taquaritinga,2,16.0,282.0,0.0,282.0,0.0,0.0,4.0,273.0,5.0,0.0,0.0,1.0,1.0,1.0,1.0,2024
Taquaritinga,2,42.0,672.0,0.0,387.0,0.0,0.0,4.0,371.0,277.0,20.0,0.0,1.0,1.0,1.0,1.0,2024
Taquaritinga,2,50.0,766.0,0.0,230.0,0.0,0.0,2.0,218.0,403.0,143.0,0.0,0.0,1.0,1.0,0.0,2024
Taquaritinga,2,32.0,699.0,0.0,424.0,0.0,0.0,6.0,403.0,279.0,11.0,0.0,1.0,1.0,1.0,0.0,2024
Taquaritinga,2,,,,,,,,,,,,,,,,2024
Taquaritinga,2,81.0,1106.0,0.0,0.0,0.0,0.0,0.0,11.0,683.0,412.0,1.0,1.0,1.0,1.0,1.0,2024
Taquaritinga,2,,,,,,,,,,,0.0,1.0,1.0,1.0,1.0,2024
Taquaritinga,2,,,,,,,,,,,,,,,,2024
Taquarituba,2,28.0,534.0,0.0,287.0,0.0,0.0,0.0,275.0,252.0,7.0,0.0,1.0,1.0,1.0,1.0,2024
Taquarituba,2,12.0,91.0,0.0,66.0,0.0,0.0,0.0,60.0,30.0,1.0,0.0,0.0,1.0,1.0,0.0,2024
Taquarituba,2,27.0,381.0,0.0,0.0,0.0,0.0,0.0,3.0,289.0,89.0,0.0,1.0,1.0,0.0,0.0,2024
Taquarituba,2,11.0,141.0,0.0,0.0,0.0,0.0,0.0,0.0,0.0,141.0,0.0,0.0,1.0,0.0,0.0,2024
Taquarituba,2,20.0,422.0,0.0,287.0,0.0,0.0,0.0,268.0,146.0,8.0,0.0,0.0,1.0,1.0,1.0,2024
Taquarituba,2,27.0,569.0,0.0,224.0,0.0,0.0,0.0,205.0,310.0,54.0,0.0,1.0,1.0,1.0,0.0,2024
Taquarituba,2,14.0,186.0,0.0,186.0,0.0,0.0,0.0,172.0,14.0,0.0,0.0,0.0,1.0,1.0,1.0,2024
Taquarivaí,2,22.0,315.0,0.0,0.0,0.0,0.0,0.0,4.0,240.0,71.0,1.0,1.0,1.0,1.0,1.0,2024
Taquarivaí,2,21.0,257.0,0.0,0.0,0.0,0.0,0.0,6.0,221.0,30.0,0.0,1.0,1.0,1.0,1.0,2024
Tarabai,2,23.0,310.0,0.0,0.0,0.0,0.0,0.0,4.0,256.0,50.0,0.0,1.0,1.0,1.0,0.0,2024
Tarumã,2,38.0,603.0,0.0,213.0,0.0,0.0,1.0,209.0,256.0,137.0,0.0,1.0,1.0,1.0,1.0,2024
Tarumã,2,19.0,190.0,0.0,177.0,0.0,0.0,3.0,172.0,13.0,2.0,0.0,0.0,1.0,1.0,0.0,2024
Tarumã,2,36.0,709.0,0.0,474.0,0.0,0.0,8.0,451.0,242.0,8.0,0.0,1.0,1.0,1.0,1.0,2024
Tatuí,2,26.0,667.0,0.0,400.0,0.0,0.0,6.0,383.0,262.0,16.0,0.0,1.0,1.0,1.0,0.0,2024
Tatuí,2,22.0,495.0,0.0,304.0,0.0,0.0,9.0,301.0,180.0,5.0,0.0,1.0,1.0,1.0,0.0,2024
Tatuí,2,41.0,1168.0,0.0,402.0,0.0,0.0,16.0,384.0,684.0,84.0,0.0,0.0,1.0,1.0,1.0,2024
Tatuí,2,34.0,599.0,0.0,294.0,0.0,0.0,3.0,288.0,296.0,12.0,0.0,0.0,1.0,1.0,0.0,2024
Tatuí,2,88.0,1678.0,0.0,0.0,0.0,0.0,0.0,20.0,1078.0,580.0,1.0,1.0,1.0,1.0,0.0,2024
Tatuí,2,,,,,,,,,,,,,,,,2024
Tatuí,2,52.0,1206.0,0.0,530.0,0.0,0.0,9.0,507.0,588.0,102.0,0.0,1.0,1.0,1.0,0.0,2024
Tatuí,2,25.0,541.0,0.0,337.0,0.0,0.0,6.0,334.0,200.0,1.0,0.0,0.0,1.0,1.0,0.0,2024
Tatuí,2,32.0,737.0,0.0,480.0,0.0,0.0,11.0,457.0,259.0,10.0,0.0,0.0,1.0,1.0,0.0,2024
Tatuí,2,26.0,690.0,0.0,375.0,0.0,0.0,9.0,371.0,301.0,9.0,0.0,1.0,1.0,1.0,1.0,2024
Tatuí,2,48.0,1093.0,0.0,410.0,0.0,0.0,8.0,401.0,590.0,94.0,0.0,1.0,1.0,1.0,1.0,2024
Taubaté,2,38.0,604.0,0.0,0.0,0.0,0.0,0.0,8.0,532.0,64.0,0.0,1.0,1.0,1.0,0.0,2024
Taubaté,2,33.0,565.0,0.0,0.0,0.0,0.0,0.0,3.0,515.0,47.0,0.0,1.0,1.0,1.0,0.0,2024
Taubaté,2,,,,,,,,,,,,,,,,2024
Taubaté,2,,,,,,,,,,,,,,,,2024
Taubaté,2,47.0,999.0,0.0,0.0,0.0,0.0,0.0,17.0,882.0,100.0,0.0,1.0,1.0,1.0,0.0,2024
Taubaté,2,,,,,,,,,,,,,,,,2024
Taubaté,2,18.0,253.0,0.0,0.0,0.0,0.0,0.0,5.0,229.0,19.0,0.0,1.0,1.0,1.0,1.0,2024
Taubaté,2,,,,,,,,,,,,,,,,2024
Taubaté,2,41.0,802.0,0.0,0.0,0.0,0.0,0.0,19.0,739.0,44.0,0.0,1.0,1.0,1.0,0.0,2024
Taubaté,2,18.0,294.0,0.0,0.0,0.0,0.0,0.0,6.0,275.0,13.0,0.0,1.0,1.0,1.0,1.0,2024
Taubaté,2,22.0,423.0,0.0,0.0,0.0,0.0,0.0,11.0,387.0,25.0,0.0,1.0,1.0,1.0,0.0,2024
Taubaté,2,25.0,475.0,0.0,0.0,0.0,0.0,0.0,6.0,431.0,38.0,0.0,1.0,1.0,1.0,1.0,2024
Taubaté,2,24.0,428.0,0.0,0.0,0.0,0.0,0.0,11.0,404.0,13.0,0.0,1.0,1.0,1.0,0.0,2024
Taubaté,2,22.0,389.0,0.0,0.0,0.0,0.0,0.0,13.0,359.0,17.0,0.0,1.0,1.0,1.0,1.0,2024
Taubaté,2,25.0,386.0,0.0,0.0,0.0,0.0,0.0,4.0,348.0,34.0,0.0,1.0,1.0,1.0,0.0,2024
Taubaté,2,18.0,323.0,0.0,0.0,0.0,0.0,0.0,7.0,305.0,11.0,0.0,0.0,1.0,1.0,1.0,2024
Taubaté,2,24.0,419.0,0.0,0.0,0.0,0.0,0.0,11.0,389.0,19.0,0.0,1.0,1.0,1.0,0.0,2024
Taubaté,2,21.0,202.0,0.0,0.0,0.0,0.0,0.0,3.0,194.0,5.0,0.0,1.0,1.0,1.0,0.0,2024
Taubaté,2,15.0,224.0,0.0,0.0,0.0,0.0,0.0,5.0,201.0,18.0,0.0,1.0,1.0,1.0,1.0,2024
Taubaté,2,48.0,1022.0,0.0,0.0,0.0,0.0,0.0,31.0,837.0,154.0,1.0,0.0,1.0,1.0,1.0,2024
Taubaté,2,7.0,38.0,1.0,18.0,0.0,0.0,0.0,1.0,34.0,3.0,0.0,0.0,1.0,0.0,0.0,2024
Taubaté,2,,,,,,,,,,,,,,,,2024
Taubaté,2,7.0,31.0,0.0,0.0,0.0,0.0,0.0,0.0,0.0,31.0,0.0,0.0,1.0,0.0,1.0,2024
Taubaté,2,7.0,39.0,0.0,0.0,0.0,0.0,0.0,0.0,0.0,39.0,0.0,0.0,1.0,0.0,0.0,2024
Taubaté,2,,,,,,,,,,,,,,,,2024
Taubaté,2,,,,,,,,,,,,,,,,2024
Taubaté,2,29.0,406.0,0.0,0.0,0.0,0.0,0.0,13.0,363.0,30.0,0.0,0.0,1.0,1.0,0.0,2024
Taubaté,2,,,,,,,,,,,,,,,,2024
Taubaté,2,46.0,647.0,0.0,0.0,0.0,0.0,0.0,13.0,590.0,44.0,1.0,0.0,1.0,0.0,1.0,2024
Taubaté,2,38.0,807.0,0.0,0.0,0.0,0.0,0.0,11.0,749.0,47.0,0.0,1.0,1.0,1.0,0.0,2024
Taubaté,2,16.0,105.0,0.0,0.0,0.0,0.0,0.0,2.0,100.0,3.0,0.0,1.0,1.0,0.0,0.0,2024
Taubaté,2,14.0,2510.0,0.0,0.0,0.0,0.0,0.0,0.0,0.0,2510.0,0.0,0.0,1.0,1.0,0.0,2024
Taubaté,2,26.0,465.0,0.0,232.0,0.0,0.0,6.0,224.0,229.0,6.0,0.0,0.0,1.0,1.0,1.0,2024
Tejupá,2,14.0,134.0,0.0,84.0,0.0,0.0,0.0,81.0,53.0,0.0,0.0,1.0,1.0,1.0,1.0,2024
Tejupá,2,19.0,278.0,0.0,118.0,0.0,0.0,1.0,108.0,166.0,3.0,0.0,1.0,1.0,1.0,1.0,2024
Teodoro Sampaio,2,,,,,,,,,,,,,,,,2024
Teodoro Sampaio,2,45.0,763.0,0.0,403.0,0.0,0.0,0.0,376.0,323.0,64.0,0.0,1.0,1.0,1.0,1.0,2024
Teodoro Sampaio,2,23.0,418.0,0.0,311.0,0.0,0.0,0.0,292.0,121.0,5.0,0.0,1.0,1.0,1.0,1.0,2024
Teodoro Sampaio,2,24.0,127.0,40.0,23.0,0.0,0.0,39.0,23.0,41.0,24.0,0.0,1.0,1.0,1.0,0.0,2024
Teodoro Sampaio,2,37.0,516.0,0.0,0.0,0.0,0.0,0.0,0.0,316.0,200.0,1.0,1.0,1.0,1.0,1.0,2024
Teodoro Sampaio,2,,,,,,,,,,,,,,,,2024
Teodoro Sampaio,2,,,,,,,,,,,0.0,0.0,1.0,0.0,0.0,2024
Teodoro Sampaio,2,,,,,,,,,,,,,,,,2024
Teodoro Sampaio,2,,,,,,,,,,,,,,,,2024
Teodoro Sampaio,2,19.0,132.0,60.0,46.0,0.0,0.0,58.0,47.0,22.0,5.0,0.0,1.0,1.0,1.0,1.0,2024
Teodoro Sampaio,2,24.0,143.0,60.0,45.0,0.0,0.0,58.0,44.0,39.0,2.0,1.0,1.0,1.0,1.0,0.0,2024
Teodoro Sampaio,2,27.0,254.0,92.0,73.0,0.0,0.0,89.0,67.0,83.0,15.0,0.0,1.0,1.0,1.0,1.0,2024
Teodoro Sampaio,2,20.0,108.0,41.0,32.0,0.0,0.0,39.0,33.0,27.0,9.0,0.0,0.0,1.0,1.0,0.0,2024
Terra Roxa,2,17.0,277.0,0.0,0.0,0.0,0.0,0.0,0.0,238.0,39.0,0.0,1.0,1.0,1.0,1.0,2024
Tietê,2,33.0,748.0,0.0,0.0,0.0,0.0,0.0,1.0,676.0,71.0,0.0,1.0,1.0,1.0,1.0,2024
Tietê,2,,,,,,,,,,,,,,,,2024
Tietê,2,,,,,,,,,,,,,,,,2024
Tietê,2,,,,,,,,,,,,,,,,2024
Tietê,2,,,,,,,,,,,,,,,,2024
Tietê,2,25.0,411.0,0.0,0.0,0.0,0.0,0.0,0.0,317.0,94.0,1.0,1.0,1.0,1.0,1.0,2024
Tietê,2,,,,,,,,,,,,,,,,2024
Tietê,2,,,,,,,,,,,,,,,,2024
Timburi,2,14.0,193.0,0.0,121.0,0.0,0.0,0.0,115.0,76.0,2.0,0.0,0.0,1.0,1.0,1.0,2024
Torre de Pedra,2,16.0,245.0,0.0,140.0,0.0,0.0,1.0,130.0,100.0,14.0,0.0,1.0,1.0,1.0,0.0,2024
Torrinha,2,21.0,397.0,397.0,0.0,0.0,0.0,393.0,4.0,0.0,0.0,1.0,1.0,1.0,1.0,1.0,2024
Torrinha,2,33.0,676.0,0.0,280.0,0.0,0.0,6.0,266.0,383.0,21.0,0.0,1.0,1.0,1.0,1.0,2024
Trabiju,2,16.0,193.0,0.0,0.0,0.0,0.0,0.0,6.0,175.0,12.0,1.0,1.0,1.0,1.0,1.0,2024
Tremembé,2,31.0,829.0,0.0,0.0,0.0,0.0,0.0,11.0,695.0,123.0,0.0,0.0,1.0,1.0,0.0,2024
Tremembé,2,15.0,284.0,0.0,0.0,0.0,0.0,0.0,3.0,267.0,14.0,0.0,1.0,1.0,1.0,1.0,2024
Tremembé,2,21.0,239.0,0.0,0.0,0.0,0.0,0.0,7.0,217.0,15.0,0.0,1.0,1.0,1.0,0.0,2024
Tremembé,2,17.0,257.0,0.0,0.0,0.0,0.0,0.0,0.0,0.0,257.0,1.0,0.0,1.0,0.0,0.0,2024
Tremembé,2,8.0,74.0,0.0,0.0,0.0,0.0,0.0,0.0,0.0,74.0,0.0,0.0,1.0,0.0,0.0,2024
Tremembé,2,11.0,88.0,0.0,0.0,0.0,0.0,0.0,0.0,0.0,88.0,0.0,0.0,1.0,0.0,0.0,2024
Tremembé,2,6.0,27.0,0.0,0.0,0.0,0.0,0.0,0.0,0.0,27.0,0.0,0.0,1.0,0.0,0.0,2024
Tremembé,2,,,,,,,,,,,0.0,0.0,1.0,0.0,0.0,2024
Tremembé,2,16.0,99.0,0.0,0.0,0.0,0.0,0.0,0.0,0.0,99.0,0.0,0.0,1.0,0.0,0.0,2024
Três Fronteiras,2,,,,,,,,,,,,,,,,2024
Três Fronteiras,2,24.0,511.0,0.0,302.0,0.0,0.0,0.0,275.0,216.0,20.0,0.0,1.0,1.0,1.0,1.0,2024
Tuiuti,2,11.0,196.0,0.0,0.0,0.0,0.0,0.0,6.0,171.0,19.0,0.0,1.0,1.0,1.0,1.0,2024
Tupã,2,34.0,619.0,0.0,480.0,0.0,0.0,4.0,462.0,146.0,7.0,0.0,1.0,1.0,1.0,1.0,2024
Tupã,2,18.0,175.0,139.0,36.0,0.0,0.0,139.0,36.0,0.0,0.0,0.0,1.0,1.0,1.0,1.0,2024
Tupã,2,41.0,652.0,0.0,316.0,0.0,0.0,2.0,308.0,286.0,56.0,0.0,1.0,1.0,1.0,1.0,2024
Tupã,2,34.0,734.0,0.0,530.0,0.0,0.0,13.0,516.0,202.0,3.0,0.0,1.0,1.0,1.0,1.0,2024
Tupã,2,61.0,959.0,0.0,432.0,0.0,0.0,7.0,409.0,516.0,27.0,0.0,1.0,1.0,1.0,1.0,2024
Tupã,2,12.0,190.0,190.0,0.0,0.0,0.0,190.0,0.0,0.0,0.0,0.0,1.0,1.0,1.0,1.0,2024
Tupã,2,18.0,297.0,297.0,0.0,0.0,0.0,296.0,1.0,0.0,0.0,0.0,1.0,1.0,1.0,0.0,2024
Tupã,2,13.0,174.0,174.0,0.0,0.0,0.0,173.0,1.0,0.0,0.0,0.0,1.0,1.0,1.0,0.0,2024
Tupã,2,17.0,154.0,111.0,43.0,0.0,0.0,113.0,41.0,0.0,0.0,0.0,1.0,1.0,1.0,0.0,2024
Tupã,2,60.0,1016.0,0.0,0.0,0.0,0.0,0.0,14.0,564.0,438.0,1.0,1.0,1.0,1.0,1.0,2024
Tupã,2,44.0,753.0,0.0,364.0,0.0,0.0,6.0,358.0,328.0,61.0,0.0,1.0,1.0,1.0,1.0,2024
Tupã,2,,,,,,,,,,,0.0,0.0,1.0,0.0,1.0,2024
Tupã,2,12.0,140.0,55.0,85.0,0.0,0.0,58.0,82.0,0.0,0.0,0.0,1.0,1.0,1.0,0.0,2024
Tupi Paulista,2,24.0,318.0,0.0,0.0,0.0,0.0,0.0,0.0,285.0,33.0,0.0,1.0,1.0,1.0,0.0,2024
Tupi Paulista,2,11.0,112.0,0.0,0.0,0.0,0.0,0.0,0.0,0.0,112.0,0.0,0.0,1.0,0.0,0.0,2024
Tupi Paulista,2,11.0,114.0,0.0,0.0,0.0,0.0,0.0,0.0,0.0,114.0,0.0,0.0,1.0,0.0,0.0,2024
Turiúba,2,13.0,119.0,0.0,67.0,0.0,0.0,0.0,61.0,56.0,2.0,0.0,1.0,1.0,1.0,0.0,2024
Turmalina,2,14.0,100.0,0.0,62.0,0.0,0.0,0.0,62.0,35.0,3.0,0.0,1.0,1.0,1.0,0.0,2024
Ubarana,2,20.0,263.0,0.0,0.0,0.0,0.0,0.0,3.0,222.0,38.0,0.0,1.0,1.0,1.0,1.0,2024
Ubatuba,2,14.0,223.0,0.0,223.0,0.0,0.0,1.0,215.0,7.0,0.0,0.0,0.0,1.0,1.0,0.0,2024
Ubatuba,2,19.0,369.0,0.0,248.0,0.0,0.0,2.0,239.0,125.0,3.0,0.0,0.0,1.0,1.0,0.0,2024
Ubatuba,2,29.0,514.0,0.0,294.0,0.0,0.0,0.0,278.0,229.0,7.0,0.0,0.0,1.0,1.0,1.0,2024
Ubatuba,2,38.0,865.0,0.0,480.0,0.0,0.0,4.0,437.0,383.0,41.0,0.0,1.0,1.0,1.0,0.0,2024
Ubatuba,2,36.0,892.0,0.0,0.0,0.0,0.0,0.0,16.0,793.0,83.0,0.0,1.0,1.0,1.0,1.0,2024
Ubatuba,2,34.0,572.0,0.0,485.0,0.0,0.0,0.0,465.0,50.0,57.0,0.0,1.0,1.0,1.0,0.0,2024
Ubatuba,2,20.0,419.0,0.0,256.0,0.0,0.0,3.0,239.0,169.0,8.0,0.0,0.0,1.0,1.0,1.0,2024
Ubatuba,2,36.0,610.0,0.0,274.0,0.0,0.0,0.0,256.0,337.0,17.0,0.0,1.0,1.0,1.0,0.0,2024
Ubatuba,2,38.0,757.0,0.0,434.0,0.0,0.0,1.0,418.0,327.0,11.0,0.0,1.0,1.0,1.0,1.0,2024
Ubatuba,2,28.0,528.0,0.0,309.0,0.0,0.0,0.0,297.0,223.0,8.0,0.0,1.0,1.0,1.0,0.0,2024
Ubatuba,2,32.0,620.0,0.0,388.0,0.0,0.0,1.0,361.0,243.0,15.0,0.0,1.0,1.0,1.0,1.0,2024
Ubatuba,2,10.0,16.0,6.0,4.0,0.0,0.0,6.0,2.0,4.0,4.0,0.0,0.0,1.0,0.0,0.0,2024
Ubatuba,2,10.0,78.0,29.0,26.0,0.0,3.0,25.0,26.0,18.0,6.0,0.0,0.0,1.0,0.0,1.0,2024
Ubatuba,2,13.0,83.0,12.0,15.0,0.0,0.0,11.0,16.0,21.0,35.0,0.0,0.0,1.0,0.0,1.0,2024
Ubirajara,2,23.0,432.0,0.0,274.0,0.0,0.0,2.0,251.0,173.0,6.0,0.0,1.0,1.0,1.0,0.0,2024
Uchoa,2,15.0,247.0,0.0,0.0,0.0,0.0,0.0,2.0,210.0,35.0,0.0,1.0,1.0,1.0,0.0,2024
União Paulista,2,24.0,275.0,73.0,100.0,0.0,0.0,75.0,95.0,101.0,4.0,0.0,1.0,1.0,1.0,1.0,2024
Urânia,2,12.0,176.0,176.0,0.0,0.0,0.0,176.0,0.0,0.0,0.0,0.0,1.0,1.0,1.0,0.0,2024
Urânia,2,24.0,476.0,0.0,332.0,0.0,0.0,5.0,312.0,151.0,8.0,0.0,1.0,1.0,1.0,0.0,2024
Urânia,2,13.0,163.0,163.0,0.0,0.0,0.0,161.0,2.0,0.0,0.0,0.0,1.0,1.0,1.0,0.0,2024
Uru,2,13.0,155.0,0.0,104.0,0.0,0.0,0.0,102.0,52.0,1.0,0.0,1.0,1.0,1.0,0.0,2024
Urupês,2,16.0,431.0,0.0,0.0,0.0,0.0,0.0,4.0,402.0,25.0,0.0,1.0,1.0,1.0,1.0,2024
Urupês,2,,,,,,,,,,,,,,,,2024
Valentim Gentil,2,47.0,898.0,0.0,617.0,0.0,0.0,9.0,595.0,286.0,8.0,0.0,0.0,1.0,1.0,1.0,2024
Valinhos,2,57.0,1290.0,0.0,176.0,0.0,0.0,0.0,156.0,979.0,155.0,0.0,1.0,1.0,1.0,1.0,2024
Valinhos,2,,,,,,,,,,,,,,,,2024
Valinhos,2,32.0,559.0,0.0,0.0,0.0,0.0,0.0,10.0,361.0,188.0,0.0,1.0,1.0,1.0,0.0,2024
Valinhos,2,25.0,340.0,0.0,211.0,0.0,0.0,1.0,173.0,157.0,9.0,0.0,1.0,1.0,1.0,0.0,2024
Valinhos,2,17.0,228.0,0.0,179.0,0.0,0.0,0.0,176.0,50.0,2.0,0.0,1.0,1.0,1.0,1.0,2024
Valinhos,2,27.0,731.0,0.0,357.0,0.0,0.0,2.0,324.0,370.0,35.0,0.0,1.0,1.0,1.0,0.0,2024
Valinhos,2,39.0,1094.0,0.0,0.0,0.0,0.0,0.0,13.0,971.0,110.0,0.0,0.0,1.0,1.0,1.0,2024
Valinhos,2,37.0,745.0,0.0,264.0,0.0,0.0,0.0,245.0,445.0,55.0,0.0,0.0,1.0,1.0,0.0,2024
Valparaíso,2,40.0,701.0,0.0,351.0,0.0,0.0,0.0,323.0,370.0,8.0,0.0,1.0,1.0,1.0,0.0,2024
Valparaíso,2,41.0,876.0,0.0,378.0,0.0,0.0,0.0,356.0,403.0,117.0,0.0,1.0,1.0,1.0,1.0,2024
Valparaíso,2,9.0,101.0,0.0,0.0,0.0,0.0,0.0,0.0,0.0,101.0,0.0,0.0,0.0,0.0,0.0,2024
Valparaíso,2,10.0,125.0,0.0,0.0,0.0,0.0,0.0,0.0,0.0,125.0,0.0,0.0,0.0,0.0,0.0,2024
Valparaíso,2,14.0,229.0,0.0,229.0,0.0,0.0,0.0,211.0,18.0,0.0,0.0,1.0,1.0,1.0,1.0,2024
Vargem,2,23.0,436.0,0.0,0.0,0.0,0.0,0.0,8.0,383.0,45.0,0.0,1.0,1.0,1.0,1.0,2024
Vargem Grande do Sul,2,,,,,,,,,,,,,,,,2024
Vargem Grande do Sul,2,17.0,421.0,0.0,421.0,0.0,0.0,0.0,395.0,26.0,0.0,0.0,1.0,1.0,1.0,1.0,2024
Vargem Grande do Sul,2,20.0,352.0,0.0,246.0,0.0,0.0,1.0,231.0,111.0,9.0,0.0,0.0,1.0,1.0,0.0,2024
Vargem Grande do Sul,2,27.0,438.0,0.0,300.0,0.0,0.0,0.0,269.0,152.0,17.0,0.0,1.0,1.0,1.0,1.0,2024
Vargem Grande do Sul,2,35.0,544.0,0.0,0.0,0.0,0.0,0.0,5.0,373.0,166.0,1.0,1.0,1.0,1.0,0.0,2024
Vargem Grande do Sul,2,,,,,,,,,,,,,,,,2024
Vargem Grande do Sul,2,27.0,458.0,0.0,276.0,0.0,0.0,1.0,252.0,181.0,24.0,0.0,1.0,1.0,1.0,1.0,2024
Vargem Grande do Sul,2,41.0,917.0,0.0,367.0,0.0,0.0,0.0,335.0,392.0,190.0,0.0,1.0,1.0,1.0,0.0,2024
Vargem Grande Paulista,2,21.0,464.0,0.0,296.0,0.0,0.0,4.0,277.0,175.0,8.0,0.0,1.0,1.0,1.0,1.0,2024
Vargem Grande Paulista,2,24.0,521.0,0.0,344.0,0.0,0.0,5.0,320.0,186.0,10.0,0.0,1.0,1.0,1.0,0.0,2024
Vargem Grande Paulista,2,25.0,601.0,0.0,413.0,0.0,0.0,5.0,381.0,197.0,18.0,0.0,0.0,1.0,1.0,1.0,2024
Vargem Grande Paulista,2,39.0,1006.0,0.0,424.0,0.0,0.0,3.0,414.0,513.0,76.0,0.0,0.0,1.0,1.0,1.0,2024
Vargem Grande Paulista,2,20.0,412.0,0.0,255.0,0.0,0.0,4.0,244.0,158.0,6.0,0.0,0.0,1.0,1.0,0.0,2024
Vargem Grande Paulista,2,,,,,,,,,,,,,,,,2024
Vargem Grande Paulista,2,11.0,233.0,0.0,142.0,0.0,0.0,2.0,134.0,89.0,8.0,1.0,1.0,1.0,1.0,1.0,2024
Vargem Grande Paulista,2,26.0,611.0,0.0,429.0,0.0,0.0,9.0,402.0,187.0,13.0,0.0,0.0,1.0,1.0,1.0,2024
Vargem Grande Paulista,2,30.0,900.0,0.0,382.0,0.0,0.0,9.0,356.0,489.0,46.0,0.0,0.0,1.0,1.0,1.0,2024
Várzea Paulista,2,17.0,377.0,0.0,377.0,0.0,0.0,1.0,349.0,27.0,0.0,1.0,1.0,1.0,1.0,1.0,2024
Várzea Paulista,2,38.0,1056.0,0.0,498.0,0.0,0.0,2.0,465.0,551.0,38.0,0.0,1.0,1.0,1.0,0.0,2024
Várzea Paulista,2,20.0,453.0,0.0,285.0,0.0,0.0,1.0,259.0,188.0,5.0,0.0,1.0,1.0,1.0,0.0,2024
Várzea Paulista,2,41.0,950.0,0.0,371.0,0.0,0.0,0.0,348.0,551.0,51.0,0.0,1.0,1.0,1.0,0.0,2024
Várzea Paulista,2,53.0,1467.0,0.0,695.0,0.0,0.0,2.0,649.0,733.0,83.0,0.0,1.0,1.0,1.0,0.0,2024
Várzea Paulista,2,34.0,803.0,0.0,497.0,0.0,0.0,0.0,471.0,313.0,19.0,0.0,0.0,1.0,1.0,0.0,2024
Várzea Paulista,2,30.0,729.0,0.0,504.0,0.0,0.0,0.0,473.0,246.0,10.0,0.0,1.0,1.0,1.0,1.0,2024
Várzea Paulista,2,24.0,577.0,0.0,424.0,0.0,0.0,1.0,402.0,169.0,5.0,1.0,0.0,1.0,1.0,1.0,2024
Várzea Paulista,2,22.0,490.0,0.0,304.0,0.0,0.0,0.0,287.0,198.0,5.0,0.0,0.0,1.0,1.0,0.0,2024
Várzea Paulista,2,61.0,1523.0,0.0,632.0,0.0,0.0,3.0,579.0,890.0,51.0,0.0,1.0,1.0,1.0,1.0,2024
Várzea Paulista,2,31.0,629.0,0.0,439.0,0.0,0.0,4.0,406.0,210.0,9.0,0.0,0.0,1.0,1.0,1.0,2024
Vera Cruz,2,29.0,439.0,0.0,215.0,0.0,0.0,7.0,199.0,222.0,11.0,0.0,1.0,1.0,1.0,0.0,2024
Vera Cruz,2,14.0,207.0,0.0,0.0,0.0,0.0,0.0,4.0,198.0,5.0,1.0,1.0,1.0,1.0,1.0,2024
Vera Cruz,2,21.0,232.0,0.0,220.0,0.0,0.0,6.0,210.0,5.0,11.0,0.0,1.0,1.0,1.0,1.0,2024
Vinhedo,2,18.0,331.0,0.0,0.0,0.0,0.0,0.0,3.0,300.0,28.0,0.0,1.0,1.0,1.0,0.0,2024
Vinhedo,2,32.0,708.0,0.0,0.0,0.0,0.0,0.0,2.0,608.0,98.0,0.0,1.0,1.0,0.0,0.0,2024
Vinhedo,2,41.0,1273.0,0.0,0.0,0.0,0.0,0.0,4.0,1130.0,139.0,0.0,1.0,1.0,1.0,0.0,2024
Viradouro,2,30.0,658.0,0.0,217.0,0.0,0.0,1.0,217.0,403.0,37.0,0.0,1.0,1.0,1.0,0.0,2024
Vista Alegre do Alto,2,31.0,714.0,0.0,371.0,0.0,0.0,9.0,356.0,327.0,22.0,0.0,1.0,1.0,1.0,1.0,2024
Vitória Brasil,2,13.0,233.0,0.0,94.0,0.0,0.0,2.0,92.0,119.0,20.0,0.0,1.0,1.0,1.0,0.0,2024
Votorantim,2,16.0,227.0,0.0,171.0,0.0,0.0,2.0,160.0,63.0,2.0,0.0,0.0,1.0,1.0,1.0,2024
Votorantim,2,9.0,124.0,0.0,0.0,0.0,0.0,0.0,0.0,0.0,124.0,0.0,1.0,0.0,0.0,0.0,2024
Votorantim,2,32.0,800.0,0.0,399.0,0.0,0.0,7.0,375.0,400.0,18.0,0.0,1.0,1.0,1.0,0.0,2024
Votorantim,2,35.0,839.0,0.0,355.0,0.0,0.0,2.0,336.0,488.0,13.0,0.0,0.0,1.0,1.0,0.0,2024
Votorantim,2,17.0,263.0,0.0,232.0,0.0,0.0,6.0,213.0,44.0,0.0,0.0,1.0,1.0,1.0,1.0,2024
Votorantim,2,49.0,1201.0,0.0,592.0,0.0,0.0,7.0,569.0,594.0,31.0,0.0,1.0,1.0,1.0,1.0,2024
Votorantim,2,28.0,511.0,0.0,357.0,0.0,0.0,4.0,327.0,177.0,3.0,0.0,1.0,1.0,1.0,0.0,2024
Votorantim,2,32.0,651.0,0.0,459.0,0.0,0.0,4.0,432.0,209.0,6.0,0.0,1.0,1.0,1.0,0.0,2024
Votorantim,2,21.0,422.0,0.0,309.0,0.0,0.0,5.0,292.0,121.0,4.0,0.0,0.0,1.0,1.0,0.0,2024
Votorantim,2,26.0,579.0,0.0,0.0,0.0,0.0,0.0,5.0,500.0,74.0,1.0,1.0,1.0,1.0,1.0,2024
Votorantim,2,44.0,698.0,0.0,367.0,0.0,0.0,9.0,341.0,328.0,20.0,0.0,0.0,1.0,1.0,1.0,2024
Votorantim,2,,,,,,,,,,,0.0,0.0,1.0,0.0,0.0,2024
Votorantim,2,24.0,458.0,0.0,355.0,0.0,0.0,2.0,336.0,119.0,1.0,0.0,1.0,1.0,1.0,1.0,2024
Votorantim,2,22.0,542.0,0.0,340.0,0.0,0.0,7.0,312.0,217.0,6.0,0.0,0.0,1.0,1.0,0.0,2024
Votorantim,2,30.0,654.0,0.0,467.0,0.0,0.0,10.0,436.0,203.0,5.0,0.0,0.0,1.0,1.0,1.0,2024
Votorantim,2,26.0,633.0,0.0,457.0,0.0,0.0,7.0,430.0,196.0,0.0,0.0,0.0,1.0,1.0,0.0,2024
Votorantim,2,5.0,1823.0,0.0,0.0,0.0,0.0,0.0,0.0,0.0,1823.0,0.0,0.0,1.0,0.0,1.0,2024
Votuporanga,2,8.0,588.0,0.0,0.0,0.0,0.0,0.0,0.0,0.0,588.0,0.0,0.0,1.0,0.0,1.0,2024
Votuporanga,2,50.0,1273.0,0.0,374.0,0.0,0.0,2.0,360.0,866.0,45.0,0.0,0.0,1.0,1.0,1.0,2024
Votuporanga,2,22.0,496.0,0.0,496.0,0.0,0.0,9.0,480.0,7.0,0.0,0.0,0.0,1.0,1.0,1.0,2024
Votuporanga,2,20.0,612.0,0.0,0.0,0.0,0.0,0.0,14.0,531.0,67.0,1.0,0.0,1.0,0.0,1.0,2024
Votuporanga,2,41.0,809.0,0.0,356.0,0.0,0.0,7.0,345.0,446.0,11.0,0.0,1.0,1.0,1.0,0.0,2024
Votuporanga,2,24.0,564.0,0.0,411.0,0.0,0.0,10.0,386.0,165.0,3.0,0.0,0.0,1.0,1.0,1.0,2024
Votuporanga,2,32.0,653.0,0.0,456.0,0.0,0.0,5.0,444.0,199.0,5.0,0.0,1.0,1.0,1.0,1.0,2024
Votuporanga,2,49.0,980.0,0.0,312.0,0.0,0.0,4.0,302.0,642.0,32.0,0.0,1.0,1.0,1.0,1.0,2024
Votuporanga,2,22.0,468.0,0.0,388.0,0.0,0.0,5.0,373.0,87.0,3.0,0.0,0.0,1.0,1.0,1.0,2024
Votuporanga,2,24.0,522.0,0.0,406.0,0.0,0.0,6.0,392.0,118.0,6.0,0.0,0.0,1.0,1.0,1.0,2024
Votuporanga,2,18.0,330.0,0.0,258.0,0.0,0.0,8.0,247.0,74.0,1.0,0.0,1.0,1.0,1.0,1.0,2024
Votuporanga,2,,,,,,,,,,,0.0,0.0,1.0,0.0,0.0,2024
Votuporanga,2,,,,,,,,,,,,,,,,2024
Zacarias,2,16.0,226.0,0.0,143.0,0.0,0.0,3.0,131.0,86.0,6.0,0.0,1.0,1.0,1.0,0.0,2024
Chavantes,2,49.0,803.0,0.0,440.0,0.0,0.0,4.0,425.0,326.0,48.0,0.0,1.0,1.0,1.0,0.0,2024
Estiva Gerbi,2,26.0,491.0,0.0,0.0,0.0,0.0,0.0,9.0,423.0,59.0,0.0,1.0,1.0,1.0,1.0,2024
